event_id,focal_code,focal_name,event_date,specificity,specific_items,text_tokens,sample_question,sample_answer,specificity_z
NONAI00001_000001_20230103,000001,平安银行,2023-01-03,12.820512820512821,5,39,贵公司董秘您好！请问贵司什么时候发布2022年年报？,您好！我行拟于2023年3月披露2022年年度报告，届时请您关注我行相关公告，感谢您对我行的关注。,1.2603150849131284
NONAI00002_000002_20230119,000002,万科Ａ,2023-01-19,3.8461538461538463,2,52,董秘你好：中央经济工作会议提出：支持头部房地产出险企业，像贵司这样的央企国企，是否会响应中央经济会议政策，参与收购泛海控股这样已出险的小民营房地产公司？另经济会议指出；支持房地产企业并购。贵司有无收购泛海控股下的武汉中央商务区的意向！为国分忧，为行业楷模。贵司有无此担当？盼复！,感谢您的关注。公司会持续保持对投资机会的关注，同时保持高质量的投资要求。有关公司新增项目的信息，请以公司公告为准。,-0.24199629324838873
NONAI00003_000004_20230104,000004,ST国华,2023-01-04,18.75,6,32,请问到12月底，股东人数,"尊敬的投资者您好，截至2022年12月30日，公司股东人数为15,491户，感谢您的关注！",2.252913674055559
NONAI00004_000012_20230120,000012,南玻Ａ,2023-01-20,7.100591715976331,12,169,"从公司公告获悉：公司对部分不能满足项目需要的资产计提在建工程减值准备 17,468 万元。\n疑问：尚处于在建的工程就不能满足企业生产要求，需要减值而且数额巨大，给企业造成直接经济损失近2亿。\n请问董秘：公司是否启动追责行动，追究当初不合理、不负责的甚至存在贪腐的涉嫌违法的行为，以挽回公司的经济损失。","您好，“在建工程”不完全是指新建的工程，也包括技术改造项目，技改的项目会从固定资产转入在建工程，技改完成后再转入固定资产，在技改过程中，根据《企业会计准则》的要求对相关资产进行计提减值。根据公司于2022年4月25日披露的《关于计提资产减值准备的公告》显示，清远节能拟对一期电子玻璃生产线进行技改，公司对部分不能满足项目需要的资产计提在建工程减值准备17,468万元。感谢您对公司的关注。",0.30279794278820527
NONAI00005_000016_20230106,000016,深康佳Ａ,2023-01-06,2.3255813953488373,1,43,深康佳A公司子公司重庆光电研究院生产的LED屏幕啥时候能用到康佳的电视屏幕上，听说康佳电视屏幕现在还是采购其他公司的，谢谢董秘回复,你好，谢谢你的关注。目前本公司销售的Mini LED电视使用了重庆康佳光电技术研究院有限公司的产品和技术。,-0.49654074602658593
NONAI00006_000020_20241128,000020,深华发Ａ,2024-11-28,11.538461538461538,3,26,请问公司和华为有合作吗,公司目前没有跟华为公司开展业务合作，感谢您对公司的关注,1.0456991737471972
NONAI00007_000021_20230110,000021,深科技,2023-01-10,2.3255813953488373,1,43,董秘你好，请问网传中电鹏程智能装备有计划上科创板是不是真的，谢谢。,尊敬的投资者，您好！中电鹏程为公司参股子公司，该公司具体情况可参见其官网http://www.cecpie.com。感谢您的关注！,-0.49654074602658593
NONAI00008_000025_20230111,000025,特力Ａ,2023-01-11,10.606060606060606,7,66,您好，按贵司5月31披露的减持公告，此次减持时间结束了吧，不用公告吗，谢谢,尊敬的投资者，您好。公司已收到减持股东的相关函件，并进行了披露，详情可参见公司2022年12月27日披露于巨潮资讯网的有关公告（公告编号：2022-056）。感谢您的关注。,0.8896148747174292
NONAI00009_000027_20230106,000027,深圳能源,2023-01-06,24.0,6,25,您好！请问截至12月20日收盘公司股东人数是多少，谢谢！,"您好，截至2022年12月20日，公司股东人数为160,270。谢谢您的提问。",3.131765830280046
NONAI00010_000029_20230103,000029,深深房Ａ,2023-01-03,0.0,0,23,"请问贵公司现在主营物业管理,还是房地产开发与销售?",感谢您的关注！公司目前主营业务为房地产开发与销售。,-0.8858440267461817
NONAI00011_000030_20230201,000030,富奥股份,2023-02-01,11.764705882352942,6,51,请问什么时候发布2022年度业绩预报?,您好，公司严格执行深圳证券交易所关于业绩预告的相关规定。公司拟于2023年4月20日披露2022年度报告，请您届时关注，谢谢。,1.083572569835303
NONAI00012_000032_20230113,000032,深桑达Ａ,2023-01-13,1.5444015444015444,4,259,今日，两部发布《规划》提出以数字化、智能化技术为基础，开展智能建造与智慧运维基础共性技术和关键核心技术研发与转化应用，促进建筑业与信息产业等业态融合，显著提高建筑工业化、数字化、智能化水平，推进市政公用设施的物联网应用和智能化改造。请问，贵公司在建筑业和智慧城市方面的研发和市场应用怎样？谢谢！,您好，公司是全国领先的工业建筑及洁净室工程系统整体解决方案专业提供商，致力于为高科技产业领域企业提供洁净室工程一站式服务，已先后完成了众多领域的洁净室工程，洁净室净化工程级别最高已达到国际领先标准，在电子信息、生物医药、新能源、新基建等高科技行业的洁净室工程领域技术国内领先，并多次获得中国建设工程鲁班奖、国家优质工程奖等荣誉，是中国工程咨询协会成员单位及电子行业标准、规范的主要编写单位之一，先后参与几十项国家标准编制工作。在智慧城市领域，公司旗下中国系统入选IDC中国数字政府IT解决方案核心厂商、中国政务服务平台市场主要厂商，业务落地超130个城市，感谢关注！,-0.6273105739130911
NONAI00013_000034_20230103,000034,神州数码,2023-01-03,17.391304347826086,4,23,请问12月20日股东人数？,"您好，截止12月20日，公司股东户数为38,139。感谢您的关注",2.025467463852534
NONAI00014_000037_20230111,000037,深南电A,2023-01-11,6.963788300835654,25,359,请问贵公司电厂土地收储有何新进展没？,您好！感谢您对公司的关注。关于您提出的问题，现回复如下：\n公司于2022年8月再次从“深圳政府在线”网站上获悉《深圳市规划和自然资源局关于印发＜深圳市2022年度城市更新和土地整备计划＞的通知》（深规划资源〔2022〕332号），根据该通知内容，前海合作区2022年度土地整备项目中仍包括公司下属的南山热电厂土地收储及相关内容。具体内容详见公司于2022年8月4日在指定信息披露媒体上披露的《关于获悉深圳市规划和自然资源局印发＜深圳市2022年度城市更新和土地整备计划＞的公告》（公告编号：2022-032）。截至目前，公司暂无应披露未披露的工作进展等相关事项，公司将继续关注，及时向相关政府部门反映我司意见和诉求，并根据工作进展情况，在符合信息披露条件时履行必要的信息披露义务。\n公司指定的信息披露媒体为《证券时报》和巨潮资讯网站（http://www.cninfo.com.cn），公司将根据相关工作的进展情况依法依规地履行应尽的信息披露义务，敬请关注公司在指定媒体上披露的公告。,0.2798969949072038
NONAI00015_000039_20230106,000039,中集集团,2023-01-06,4.3478260869565215,2,46,自贵公司上年报首次披露核心人员持股计划至今已近1年。请问该计划是否仍然有效?是否开始实施?若未实施，请问是否存在实施的先决条件或具体时间表?,您好，该计划仍然有效。公司会按规定及时履行信息披露义务，相关信息请以公司公告为准。感谢您对公司的关注！,-0.15801615409650274
NONAI00016_000045_20230113,000045,深纺织Ａ,2023-01-13,2.8735632183908044,15,522,偏光片真正赚钱的是上游原材料，目前这个关键技术主要还是掌握在日本企业手里。更大的问题是偏光片并不是什么好资产了，未来可能是严重的负担，三星在oled已实现了无偏光片技术。为什么公司在这个时候要去接手这种残羹冷炙？民企心里很明白，为什么恒美光电IPO未成功，就急于在半路甩锅？有无存在利益输送腐败等问题？本着对国有资产保值增值的负责态度，强烈建议提请公司上级部门、董事会、纪检部门深入研究后，再做决定。,尊敬的投资者，您好！\n1、根据公司“偏光片+”发展战略，将积极开展与偏光片上游原材料厂商的联合技术攻关，并实施向上游原材料领域的投资布局。公开信息显示，标的公司恒美光电已成功量产2条PMMA膜产线，率先实现向上游关键原材料领域的布局。本次重组有利于公司加快推进产业链一体化发展进程，进一步提升偏光片业务盈利能力。\n2、随着5G、8K和大数据等技术的不断成熟，新型显示产业正迎来新一轮稳步发展阶段。作为显示面板最核心的原材料之一，偏光片产业正迎来国产替代的良好发展机遇，国内偏光片厂商拥有较大的发展空间。标的公司恒美光电在全国各地积极进行产业部署，展现了优越的成长性和创新性，其在产品平均良率、原材料供应链稳定性、核心团队经验以及产品平均成本上具有较大优势。本次重组有助于上市公司优化在偏光片行业的产业链布局、加深技术储备深度，进一步提升上市公司核心竞争力。\n3、无偏光片技术短期内实现替代难度较大，目前主要应用于OLED显示屏，预计大规模替代还需要解决大额新设备资本支出、良率、产量、原材料等多方面的问题，偏光片仍将是LCD和OLED等主流显示产品必不可少的核心材料。\n4、本次重组方案需经董事会、股东大会审议通过，且需国有资产监督管理部门以及证监会等监管机构审批通过。本次重组将秉持合法、合规、专业、审慎原则实施，维护国有资产保值增值与维护公司全体股东的利益高度一致。,-0.40480836378806057
NONAI00017_000048_20230111,000048,京基智农,2023-01-11,13.043478260869565,6,46,公司目前已建成产能多少万头？,您好，公司2022年度累计销售生猪126.44万头，截至2022年年底，公司已交付的育肥场栏位规模约为98.4万头。感谢关注。,1.297639591202855
NONAI00018_000049_20230115,000049,德赛电池,2023-01-15,0.0,0,28,请问贵公司拟生产的储能电芯是用于大储还是户储？,您好，公司拟生产的储能电芯产品既可用于大储，也可用于户储，谢谢！,-0.8858440267461817
NONAI00019_000050_20230120,000050,深天马Ａ,2023-01-20,8.176100628930818,13,159,董秘，请问2022年四季度和2023年1季度公司订单情况如何，公司2022年产能和销售目标是否圆满完成。,您好，感谢您对天马公司的关注。公司目前经营情况正常。截至2022年前三季度，公司在车载、工业品等专业显示领域营收同比增长近30%，呈现良好的增长态势；在电子消费品显示领域，公司直面挑战，OLED柔性手机、OLED刚性穿戴等业务保持了良好增长，LTPS智能手机显示业务保持了整体竞争优势，向IT和车载的多元化显示业务开拓顺利推进中。公司2022年年度报告将于2023年3月15日披露，欢迎关注。,0.4828385765384349
NONAI00020_000055_20230117,000055,方大集团,2023-01-17,2.5974025974025974,2,77,为什么公司在手订单和营业收入相差巨大？,公司凭借技术、品质和服务等综合实力，连续多年在手订单大幅增长，同时由于幕墙行业的订单转化为营业收入的周期通常为12-24个月，因此在手订单与当期营业收入会有差异。谢谢关注。,-0.4510377651632566
NONAI00021_000056_20230112,000056,皇庭国际,2023-01-12,5.555555555555555,4,72,尊敬的董秘，您好，请问贵公司在转型芯片领域有什么实质性的进展吗？公司的地产是否还会继续正常运营，走双主并行的发展方向,尊敬的投资者您好，感谢您的关注，公司于2022年12月19日完成了对意发功率的并表，在战略转型半导体领域取得了实质性进展。公司的商业运营和管理业务仍将正常运营。谢谢。,0.04415825497285255
NONAI00022_000058_20230322,000058,深赛格,2023-03-22,17.647058823529413,6,34,截止3月10日股东数？其中A股股东数？,"尊敬的投资者您好，截止2023年3月10日，公司A股股东户数为53,814户，感谢您的关注。",2.068280868126045
NONAI00023_000059_20230211,000059,华锦股份,2023-02-11,3.3333333333333335,3,90,浩业出事故对华锦有影响吗？,尊敬的投资者您好，该事故未对公司造成影响。多年来公司始终秉承着“安全第一，生命至上”的经营理念，具有完备的安全生产管理体系。公司将深刻吸取事故教训，做到防微杜渐，坚决筑牢企业安全生产防线。感谢您的关注！,-0.3278426577147611
NONAI00024_000060_20230104,000060,中金岭南,2023-01-04,12.048192771084338,40,332,公司重整二十家对公司是否产生风险？公司大部分收入都是来自哪些产品？动力煤 铜 镍 锌，铝 白银 黄金 焦炭 铅 这些哪些是原材料 哪些是公司产品 谢谢,尊敬的投资者：您好！\n中金岭南于7月成为方圆等20家公司重整投资人，战略投资参与山东东营方圆有色等20家公司破产重整项目，将有助于在巩固矿产资源的基础上，拓展公司铜冶炼规模，形成更为完善的产业链条，符合中金岭南 “十四五”战略的需要。中金岭南将整合矿山、管理、资金、技术、人才、营销等资源，对标世界一流企业，加强内控管理、优化生产工艺，实现新鲁方金属绿色低碳高质量可持续发展。\n截止2021年12月31日，中金岭南所属矿山保有金属资源储量锌776.45万吨，铅357.64万吨，银6100.04吨，铜147.35万吨，钴20807吨，金80099千克，镍9.24万吨。2021年公司共生产铅锌精矿金属量28.69万吨，同比提高2.25%；冶炼铅锌系列产品33.3万吨，同比提高7.63%；铝型材1.85万吨，同比提高12.12%；电池锌粉1.62万吨，同比提高2.53%；冲孔镀镍钢带1412吨，同比提高38.43%。实现营业收入444.49亿元，同比增长47.06%。\n感谢您的关注！\n中金岭南,1.131028391439676
NONAI00025_000061_20230228,000061,农产品,2023-02-28,18.75,6,32,请问公司截止2月25日股东户数是多少,"尊敬的投资者，您好！截止2023年2月20日，公司股东户数为56,970户，感谢您的关注！",2.252913674055559
NONAI00026_000062_20230104,000062,深圳华强,2023-01-04,5.128205128205129,2,39,请问公司所属华强电子网至2022年末会员数量多少？,尊敬的投资者您好！敬请关注华强电子网集团招股说明书中的相关内容，感谢您对公司的关注。,-0.027380382082457674
NONAI00027_000063_20230103,000063,中兴通讯,2023-01-03,16.417910447761194,11,67,董秘您好，请问截止12月30日收盘的股东人数，谢谢，祝新年快乐！,"您好，截至2022年12月30日，公司股东总数为395,802户，其中A股股东395,493户，H股股东309户（包括308户登记股东和代表非登记股东持股的香港中央结算代理人有限公司）。",1.862520925199621
NONAI00028_000065_20230317,000065,北方国际,2023-03-17,2.4390243902439024,2,82,您好，随着中国在国际舞台尤其在中东地区有大国担当影响力的增强，请问能否为给公司带来新的发展机遇，公司在中东地区有何布局？,感谢您对公司的关注。中国一直主张和平共处、互利共赢，中东地区的和平与稳定的发展可能会为海外工程公司营造更好的区域环境。同时，该地区政治环境复杂，军事冲突不断，美国对伊制裁仍在持续。,-0.47755034208904473
NONAI00029_000066_20230109,000066,中国长城,2023-01-09,6.451612903225806,2,31,截至12月30日，股东人数是多少？谢谢,尊敬的投资者，您好。2022年底的股东人数将在年度报告中披露，感谢您的关注。,0.19415862299205158
NONAI00030_000069_20230103,000069,华侨城Ａ,2023-01-03,5.084745762711864,3,59,同行首旅集团（首旅酒店+王府井+全聚德）、锦江酒店市值大幅度超越公司，对此希望公司做大做强文旅领域，回报股东。\n公司的没有集团的专属公众号，网站也是很早之前旧版，弄不清楚旗下哪些地方有游乐园，商场；以及一站式游乐、住宿会员体系、优惠福利等，希望改善该方面，发挥品牌优势。,尊敬的投资者您好，感谢您对公司的关注和建议。\n您的建议我们将转达给公司管理层及相关部门，欢迎您随时为公司发展提出宝贵意见，谢谢。,-0.03465549771520121
NONAI00031_000070_20230112,000070,特发信息,2023-01-12,0.0,0,33,请问电线光缆的市场涉及海外及非洲市场没有？,公司光缆产品在东亚、东南亚、美洲、欧洲以及非洲等海外市场均有销售。谢谢关注！,-0.8858440267461817
NONAI00032_000090_20230119,000090,天健集团,2023-01-19,0.0,0,35,请问控股股东特区建工集团董事长是否已更换？,尊敬的投资者，您好！请您以深圳市市场监督管理局网上公开信息为准。感谢您的关注！,-0.8858440267461817
NONAI00033_000100_20230118,000100,TCL科技,2023-01-18,10.344827586206897,3,29,请问截至2022年12月22日，公司股东人数多少？谢谢,您好！关于公司的股东人数，可参考公司发布的定期报告。感谢您的关注!,0.8458843599030546
NONAI00034_000156_20230109,000156,华数传媒,2023-01-09,8.536585365853659,7,82,华数传媒公司业务一直在进行数字化的推进和拓展，包括数字乡村，智慧城市等等，请问现在公司现在数字化业务在营收的占比是多少，和现在资本投入方面数字化业务占比是多少，以及未来五年公司战略规划中数字业务的占有比重？,投资者您好。公司积极开展政务、安防、教育等智慧城市领域的数字化业务，2021年实现智慧城市相关业务收入约26.3亿元、占比31%。根据公司战略发展规划，将持续加强数字化业务的竞争力。感谢您的关注！,0.5431838695537979
NONAI00035_000157_20230106,000157,中联重科,2023-01-06,24.0,6,25,尊敬的董秘，您好，请问截止2022年12月30日股东人数是多少？谢谢！,"您好，截止至2022年12月30日，公司股东总户数354,997户。谢谢关注！",3.131765830280046
NONAI00036_000158_20230103,000158,常山北明,2023-01-03,13.846153846153847,9,65,北明软件高管李锋，应华江等高管已经基本减持完公司的股份，并且都成立了自己的公司，他们成立的公司与常山北明有没有竞争关系，北明这些高管万一离职公司有没有应对措施？,"李锋先生和应华江先生本次拟减持股份数量不超过5,004,200股和5,023,700股，按照最高减持额度计算，他们本次减持完成后仍约分别持有公司股份总数的0.41%。",1.432007813845873
NONAI00037_000166_20230119,000166,申万宏源,2023-01-19,2.127659574468085,1,47,请问为何宏源恒利公司、申万智富公司各自的各种现货含权贸易业务简介至今未下发至申万宏源证券各营业部？\n为何宏源汇富公司、宏源汇智公司各自的业务简介（包括公司简介）至今未下发至申万宏源证券各营业部？,您好，公司坚持以客户为中心的发展理念，全面深化协同协作，持续为客户提供一站式综合金融服务。感谢您的关注。,-0.5296729401303814
NONAI00038_000301_20230104,000301,东方盛虹,2023-01-04,10.909090909090908,6,55,"东方盛虹2023年有没有发行债券计划,如果有什么时候发行。",您好！公司30亿绿色科技创新公司债券已于2022年10月获得中国证监会注册批复，公司将根据具体情况择机发行。感谢您对公司的关注！,0.9403422719021036
NONAI00039_000333_20230115,000333,美的集团,2023-01-15,9.876543209876543,8,81,请问公司在全国范围内有多少个家电生产基地?分别在哪些城市?谢谢,您好，截至目前，美的在全球拥有约200家子公司、35个研发中心和35个主要生产基地，员工超过16万人，业务覆盖200多个国家和地区。其中，在国内设有17个主要生产基地，位于佛山，合肥，无锡，芜湖等城市。,0.7674933629765458
NONAI00040_000338_20230101,000338,潍柴动力,2023-01-01,3.225806451612903,1,31,近期有回购股份的打算吗？,如有应披露事项，公司将根据监管要求及时予以披露。感谢您对公司的关注！,-0.34584270187706506
NONAI00041_000401_20230103,000401,冀东水泥,2023-01-03,25.0,7,28,你好，董秘，截止2022年12月30日，贵司最新的股东人数是多少呢,关于公司2022年年底的股东人数，敬请关注公司发布的2022年年度报告。,3.2991662409894724
NONAI00042_000409_20230314,000409,云鼎科技,2023-03-14,0.8,1,125,董秘你好，请问贵司和子公司有什么军民融合产品或项目？,您好！公司军民融合产品主要是基于北斗+无线自组网通信的系列产品，在部分应急、消防、森林救援演练等场景中进行了应用。该系列产品包括车载通信台、手持终端、调度系统、通信台、中继台等，可以提供灵活、方便、快速的通信网络，无需定期的基础设施支持，为数据、语音、视频等多媒体业务提供多跳数据传输。,-0.7519236981786408
NONAI00043_000423_20230106,000423,东阿阿胶,2023-01-06,13.793103448275861,12,87,请问12月30日股东数多少？年度业绩预报是什么时候？,"尊敬的投资者，感谢您对公司的关注！2022年12月30日，公司股东总数为61,070户；公司目前正在组织开展2022年度财务报表编制工作，如果符合年度业绩预告披露相关情形，公司将在2023年1月底之前披露业绩预告。谢谢！",1.4231271554527998
NONAI00044_000425_20230102,000425,徐工机械,2023-01-02,4.0,1,25,董秘你好：徐工机械是规模很大的跨国公司，在国内装备制造业也是头部企业，积极带动了产业链和供应链生态，也可以说是制造业的基石，那么请问您贵公司有能力进入上证50吗？,您好，徐工机械在深交所上市，现在是深证100成分股。感谢关注！,-0.21624238390847703
NONAI00045_000428_20230103,000428,华天酒店,2023-01-03,1.7543859649122806,1,57,请问贵司在海南都有什么具体的业务？经营情况如何？,尊敬的投资者您好，公司暂未在海南管理酒店项目。目前公司管理的酒店主要在北京、深圳、武汉、长春及湖南省内市州等区域。感谢您的关注！,-0.592159095677013
NONAI00046_000498_20230103,000498,山东路桥,2023-01-03,6.730769230769231,7,104,贵公司可转债已于2022-11-28已通过，但具体发售上市时间是否已明确了,尊敬的投资者您好，公司已于2022年11月29日披露了《关于公开发行可转换公司债券申请获中国证监会发行审核委员会审核通过的公告》。公司将在取得中国证监会正式核准文件后择机发行，相关信息请以公司在指定媒体披露的公告为准。感谢您的关注。,0.240889506874956
NONAI00047_000501_20230104,000501,武商集团,2023-01-04,4.593639575971731,13,283,公司在数字经济方面有哪些建树？,公司深化移动互联网技术应用，一是以“数字化赋能+线上线下联动+积极探索线上营销”，推进移动营销系统、会员系统等项目的优化升级，通过线上线下融合的营销矩阵，推动集团化营销活动再创佳绩；二是不断升级优化中台券、社群接龙、接力购、团购、闪购等小程序应用功能，打通线上线下一体化营销场景，为消费者提升线上线下全渠道服务体验；三是持续推动业态创新和转型升级，全面铺开直播活动，通过武商网、企业微信、视频号、抖音等进行多平台直播，不断提升“云逛武商”购物体验，公司在抖音平台开展了武商集团上市30周年直播活动，当场直播成交订单金额9200万元；四是武商梦时代是全国首家按信息安全等级保护2.0标准建设的商业体，为顾客提供随时随地、全方位的智能化引导。,-0.1168668750774396
NONAI00048_000503_20230113,000503,国新健康,2023-01-13,6.666666666666667,4,60,刘总您好，请问公司是否得到增发上会日期的通知？,您好，公司已于12月21日披露《关于非公开发行股票申请文件反馈意见回复的公告》等，后续进展情况公司会及时履行信息披露义务。感谢您的关注。,0.2301587113166595
NONAI00049_000505_20230103,000505,京粮控股,2023-01-03,17.857142857142858,5,28,请问董秘，截止到2023年1月3日公司的股东户数是多少？谢谢,投资者您好，经查询，截至2022年12月31日，公司A股股东户数为6.18万。,2.1034490216364286
NONAI00050_000513_20230105,000513,丽珠集团,2023-01-05,1.9801980198019802,8,404,董秘你好！随着疫情管控的全面放开，社会面感染人数呈现几何级增长，公共场所容易出现环境阳性，进而引发二次感染，请问公司研发的新冠疫苗的防护效果如何？阳了之后多久可以接种？谢谢。,尊敬的投资者，您好！感染+疫苗混合免疫至关重要，能更好预防不同变异株，目前，接种疫苗依然是预防二次感染的主要方式。国际权威机构对新冠病毒感染康复者（“阳康”）接种间隔推荐一般为3-6个月，也有国家直接推荐成人和高风险儿童感染康复者接种间隔为1个月。最新研究表明：每增加一针疫苗接种，感染后传播风险降低11%，但会随着免疫后间隔延长作用减弱。新冠疫情的常态化会可能带来新冠疫苗接种的常态化，接种疫苗依然是预防二次感染、降低死亡率、重症率和住院率的有效手段。丽珠生物重组新冠病毒融合蛋白（CHO细胞）疫苗作为国内首个具有奥密克戎保护力数据的新冠疫苗，免疫原性和安全性优势突出，对重点人群尤其适合60岁以上老年人群以及具有较严重基础性疾病的老年人群接种。目前，公司疫苗已在广东省、北京市、上海市、江苏省、安徽省、湖北省、浙江省、河南省、云南省、山东省、贵州省、陕西省、湖南省、海南省、宁夏回族自治区等全国多地开展序贯加强针接种工作，并基本在各省都已完成准入工作。您可以通过当地卫健委、疾控中心等app、公众号进行预约。谢谢！,-0.5543580649453378
NONAI00051_000516_20230105,000516,国际医学,2023-01-05,4.857142857142857,17,350,不到医院体会不到一床难求，感动白衣天使辛苦工作之余，更觉得医院资产的珍贵。建议国际医学在关键时刻，以换股方式按照净资产比例略微溢价吸收合并在寸土寸金的上海拥有西南骨科医院、康复医院、怡海门诊等5家医院的览海医疗。巩固西安、站稳上海，面向国际。此举不但是国医股东、海医股东之幸，也能更好的为全国人民服务。海医的好多股东都会支持公司的并购，希望公司抓住机遇，时不我待。,您好，感谢您对公司的关注及提出的宝贵建议。公司以大健康医疗服务和现代医学技术转化应用为主业，始终坚持高质量发展理念，为患者打造“家门口”的国际化医院。目前，公司正在运营的西安国际医学中心医院拥有床位5037张，西安高新医院拥有床位1500张，计划开诊的西安国际医学中心医院北院区规划床位3600张，未来公司拥有的总床位数将达到10137张。此外，公司积极拓展分级诊疗网点，全力打造新型医联体，一是由旗下医院先后自主设立了西安蓝博社区卫生服务中心、三星、比亚迪医务站等。二是与陕西省内的百余家基层医疗机构签署协议开展业务合作，并不断向中西部地区拓展基层合作医院网络，将优质医疗资源下沉到基层的同时，为更多的急危重症患者提供优质服务，加快构建立足西安，覆盖陕西，辐射中西部的医疗服务线下连锁网络。未来，公司将进一步切实做好经营管理，不断提升公司内在价值，以更好地回报股东对公司的支持。谢谢！,-0.07275631758611179
NONAI00052_000517_20230120,000517,荣安地产,2023-01-20,1.8181818181818181,2,110,2023年公司是计划继续做房地产吗？会考虑新能源汽车等行业转型吗？,您好，谢谢您对公司的关注，公司深耕长三角区域，主营业务为房地产开发与销售，产品定位上以商品住宅为主，在开发满足城市居民居住需要的中高端商品住宅的同时，适度持有城市核心商业区经营性商业地产，目前公司没有涉及新能源汽车等相关方面的业务，谢谢。,-0.5814796436381341
NONAI00053_000521_20230103,000521,长虹美菱,2023-01-03,2.857142857142857,1,35,公司日前推出“杀新冠冰箱”，公司是否会在其他电器上（比如空调）也应用这种技术？,答：尊敬的投资者您好，感谢您的关注。公司“杀新冠冰箱”的技术暂未应用在其他电器上。,-0.40755713900496404
NONAI00054_000523_20230104,000523,广州浪奇,2023-01-04,11.320754716981131,6,53,请问本次增发认购方是什么背景，认购比例为多少？,"尊敬的投资者，您好，公司控股股东广州轻工工贸集团有限公司将以6亿元认购公司本次非公开发行的全部股票（223,048,327股），谢谢。",1.0092549624171334
NONAI00055_000526_20230223,000526,学大教育,2023-02-23,1.8867924528301887,1,53,请问现在股东人数是多少？,投资者您好，公司将根据相关规定，在定期报告中披露相应时点的股东信息，敬请关注公司在指定媒体披露的信息。感谢您的关注！,-0.5699941952189626
NONAI00056_000528_20230104,000528,柳工,2023-01-04,1.7391304347826086,2,115,柳工有没有氢能源方面的研发？,您好！公司是工程机械行业最早进行新能源技术和产品研发的企业之一，目前电动化产品尤其是电动装载机销量市场占有率遥遥领先。为了更好更快地发展新能源技术和产品，公司先后成立了新能源研究院、投资成立了新能源公司，也进行了您所关心的氢能源技术的研究。谢谢！,-0.5947128776863102
NONAI00057_000532_20230324,000532,华金资本,2023-03-24,3.7037037037037037,1,27,优秀的董秘，您好，贵司的Ipv6路由器投资项目，是否考虑增加6G技术开发方向?创投方向是否与其他企业合作开发数据中心应用?,感谢对公司的关注。公司产品及业务不涉及您所提及的领域。谢谢！,-0.2658425056001588
NONAI00058_000533_20230116,000533,顺钠股份,2023-01-16,3.5714285714285716,1,28,您好，请问贵公司和比亚迪有没有业务往来或者合作关系，,您好，比亚迪是公司子公司顺特电气设备有限公司的客户。谢谢关注！,-0.28798541706965963
NONAI00059_000536_20230109,000536,华映科技,2023-01-09,4.761904761904762,2,42,请问华映科技公司董秘：在新的一年，公司对中央经济工作会议精神有什么计划打算？,尊敬的投资者，您好！公司将深入学习中央经济工作会议精神，积极推进公司发展。感谢您对公司的关注！,-0.08869921384415232
NONAI00060_000538_20230119,000538,云南白药,2023-01-19,0.0,0,40,公司应该专注主业，钱不可以乱花，把自己公司做大做好才是根本！,您好，感谢您的建议！希望您继续关注云南白药的变革与发展，欢迎您提出宝贵的意见和建议，谢谢！,-0.8858440267461817
NONAI00061_000541_20230104,000541,佛山照明,2023-01-04,27.272727272727273,12,44,请问，截至2022年十二月 30日公司的股东总数是多少？谢谢,"您好，截止2022年12月30日，公司有A股股东55,245名；截止2022年12月23日，公司有B股股东13,237名，感谢您的关注！",3.5991992847994347
NONAI00062_000547_20230105,000547,航天发展,2023-01-05,3.8095238095238093,4,105,公司总结说2022年充分发挥上市公司优势，加大内外部优质资产整合力度，以资本为纽带，快速实现内外部资源协同和创新要素聚集，实现“内生+外延”双轮驱动。请问公司具体做了些什么？,投资者您好！公司实施了国有股权无偿划转，通过调整优化科工集团电子信息技术等领域产业布局和资源配置；加强了与地方政府的合作，为后续公司产业业务落地奠定了基础；吸纳了外部业务团队，加强业务与技术路径探拓，充实了公司人才、技术储备等。,-0.24812817642455823
NONAI00063_000550_20230104,000550,江铃汽车,2023-01-04,2.857142857142857,1,35,请问董秘，公司的自动驾驶2023年可以投入应用吗？准备在哪些车型上使用，是在纯新能源车上配制吗？,公司面向量产的L4级别自动驾驶轻客首批产品预计于今年完成交付，感谢您的关注。,-0.40755713900496404
NONAI00064_000551_20230203,000551,创元科技,2023-02-03,2.0408163265306123,4,196,苏净集团是其旗下主要公司，目前全国有8000家左右药品生产企业，100级至30万级别的洁净车间比如药品生产企业都会使用到粒子计数器，浮游菌采样器，将近上万亿的市场份额，之前这一块的主要由美国PMS，美国TSI等公司垄断，随着中美贸易战的加剧，目前PMS已经停止了所有中国区域的PMS维护和维修，目前只保留中国区域的计量，苏净仪器自控作为自主替代国内龙头，公司后续会加市场推广和研发力度呢？,尊敬的投资者，您好！感谢您对公司的关心。公司全资子公司江苏苏净旗下苏州苏净仪器自控设备有限公司是从事洁净检测仪器及环境监测系统研发、制造、销售和服务的高新技术企业，主导产品有激光尘埃粒子计数器、浮游菌采样器、洁净度在线监测系统、大气环境检测仪、工业生产环境在线监测设备及系统等，主要应用于航空航天、生物制药、电子信息、汽车制造等行业领域。江苏苏净将持续加快科技创新速度，加大产品研发力度和市场推广强度，提高公司核心竞争能力，谢谢！,-0.5442105355024548
NONAI00065_000552_20230103,000552,靖远煤电,2023-01-03,4.895104895104895,7,143,本次配套募集不低于每股净资产，请问是收购前还是后的每股净资产，分别是多少？,本次发行股份募集配套资金采取询价发行的方式，根据《上市公司证券发行管理办法》等法律法规的相关规定，发行股份募集配套资金的定价基准日为本次非公开发行股票发行期首日，发行价格不低于发行期首日前 20 个交易日公司股票交易均价的 80%，且不低于定价基准日前公司最近一期末经审计的归属于母公司普通股股东的每股净资产值。,-0.06640145683989976
NONAI00066_000555_20230216,000555,神州信息,2023-02-16,4.516129032258065,7,155,尊敬的董秘，您好！作为以数字科技为核心技术的公司，前段时间又推出了NFT“神州侠”，请详细说下贵公司在web3.0的研究，以及未来的市场应用。谢谢！,尊敬的投资者，您好！子公司“神州方圆”推出的「方圆像素」数字藏品平台已在“2022TECH数字中国技术年会”首发。「方圆像素」平台，是为品牌IP、发行机构、普通用户、各类企业学校提供的数字作品、数字勋章、数字奖状等数字资产的全流程平台，满足用户的收藏、欣赏、分享需求，以及数字奖章、数字证书的发放需要，致力于价值与艺术、荣誉与艺术的融合，探索区块链的技术应用。感谢您对公司的关注！,-0.12984217192941827
NONAI00067_000557_20230113,000557,西部创业,2023-01-13,4.0,1,25,你好，公司现在做那些光伏产业，或产品？谢谢,感谢您对公司的关注！公司暂未布局光伏产业，亦无相关产品。,-0.21624238390847703
NONAI00068_000560_20230109,000560,我爱我家,2023-01-09,28.571428571428573,6,21,请问截止到2022年12月底，贵公司的股东人数是多少？谢谢！,"您好，截止2022年12月30日，公司股东总户数为39,829户。",3.5991992847994347
NONAI00069_000561_20230223,000561,烽火电子,2023-02-23,0.0,0,137,董秘你好，请问公司有毫米波雷达的生产能力吗？,投资者您好，公司是国家国防通信装备及电声器材科研生产骨干企业，是科技部认定高新技术企业，拥有相关行业资质。公司主导产品有：短波通信设备、超短波通信设备、航空搜救定位设备、车机内音频控制系统、电声器材等。公司产品为国防提供了优良的通信装备，还广泛应用于应急保障、抗震防汛、公安人防、海洋运输等领域。谢谢关注！,-0.8858440267461817
NONAI00070_000564_20230107,000564,ST大集,2023-01-07,6.25,2,32,请问贵公司是否有自营或入股的冷链物流公司？如有，分别是哪几家？,尊敬的投资者您好！公司无自营或入股的冷链物流公司。感谢您对公司的关注。,0.16040854018773187
NONAI00071_000572_20230106,000572,海马汽车,2023-01-06,31.25,5,16,您好，新年好，请问截止12月31日最新股东人数是多少，谢谢您,截至2022年12月30日，公司股东人数是83387。,3.5991992847994347
NONAI00072_000573_20230103,000573,粤宏远Ａ,2023-01-03,0.9803921568627451,1,102,想请问下，贵公司针对大湾区建设方面，地产业务这块有何战略布局呢？,你好，大湾区建设是项宏大的工程，包含方方面面的内容，社会参与者众多，参与方式也不同。公司身处湾区都市之东莞，地产业务扎根于东莞本土市场，也涉及湾区范围的惠州。未来公司将结合投资建设机会和各项业务的发展需要，适时拓展业务。谢谢。,-0.721725977031058
NONAI00073_000581_20230117,000581,威孚高科,2023-01-17,4.395604395604396,4,91,今天公司公众号，提到了轮毂电机应用在了东风车上。威孚在轮毂电机方面只是作为代工厂，还是拥有自主的核心技术？西方意识形态严重，以后如果真就封锁中国。威孚有没有拿的出手的核心技术？如有，请简述一下。,感谢您对威孚高科的关注。根据公司与英国Protean的合作协议，双方发挥各自战略优势，在产品的研发工程、应用工程、制造工程和市场开发等领域进行深度合作，合资公司主要聚焦中国市场进行产品的全面工业化和市场推广。,-0.15001804560584683
NONAI00074_000582_20230223,000582,北部湾港,2023-02-23,1.6129032258064515,1,62,公司有注入免税店业务吗,您好。根据公司目前发展实际，公司主营业务主要包括：港口装卸堆存业务、港口拖轮服务、外轮代理业务和理货业务等，未开展免税店业务。感谢您的关注！,-0.6158433643116233
NONAI00075_000584_20230417,000584,哈工智能,2023-04-17,3.6363636363636362,2,55,请问艾迪女士旗下联创永宣A轮投的鼎兴矿业跟兴锂科技是公司行为吗？,尊敬的投资者，您好！联创永宣与哈工智能均为独立的法人主体，联创永宣的对外投资情况可根据公开信息查询。感谢您对公司的关注!,-0.27711526053008656
NONAI00076_000590_20230103,000590,启迪药业,2023-01-03,3.3333333333333335,1,30,公司是不是目前国内市占率最高的免疫球蛋白和蒙脱石散销售企业？,尊敬的投资者您好。公司没有生产和销售上述产品。感谢您对公司的关注。,-0.3278426577147611
NONAI00077_000591_20230106,000591,太阳能,2023-01-06,3.3057851239669422,4,121,懂秘：您好！\n 请问贵司现在光伏组件、电池的产能是多少？公司对于新电池生产有计划切入吗？谢谢,您好，目前公司高效组件年产能3.5吉瓦，高效电池年产能为1.5吉瓦，公司从事太阳能电池、组件的研发、生产和销售业务，目前主要生产perc电池，同时与地方政府积极接洽，正在研究TOPCon、HJT、钙钛矿等电池技术，加强人才队伍建设，抓住电池行业技术升级换代发展机遇，择机布局新电池产能，感谢关注。,-0.33245423927700424
NONAI00078_000599_20230131,000599,青岛双星,2023-01-31,9.195402298850574,8,87,青岛国信减持期满。减持情况如何？,您好，公司大股东青岛国信及其一致行动人减持情况请您参阅公司于2023年1月10日在巨潮资讯网站等指定媒体披露的《关于持股5%以上的股东股份减持实施情况暨后续减持计划预披露的公告》，感谢您的关注。,0.653470094719806
NONAI00079_000607_20230110,000607,华媒控股,2023-01-10,4.0,3,75,您好！浙江省是数字经济大省，当前国家鼓励发展数字经济行业，华媒控股也经历了6年的产业调整，而至今公司的主营业务仍是广告及策划、报刊及印刷、教育。公司经营利润额和增长均不理想，请问这样产业调整是否不到位？公司花费4个亿买入的萧文置业算是什么行业业务？萧文置业股权是否是公司的主营业务？,您好！本公司持有杭州萧文商业管理有限公司55%股权，萧文商业的主要业务为园区运营，旗下的智谷二期（华媒智谷大厦）已实现整体出租，相关信息已在定期报告中披露。感谢您的关注！,-0.21624238390847703
NONAI00080_000617_20230110,000617,中油资本,2023-01-10,0.0,0,36,董秘你好，请问股东航天信息和海峡能源预计减持后的减持情况，请正面回答，不要一句我自己查披露公告打发我！,投资者朋友您好，公司按照相关法规履行信息披露义务，不存在应披露未披露事项。谢谢！,-0.8858440267461817
NONAI00081_000619_20230105,000619,海螺新材,2023-01-05,1.9230769230769231,1,52,宣城海螺建筑光伏公司二期项目投产仪式举行，请问海螺集团是否有用公司的光伏产品？在宣城有个异质结2GW异质结电池项目是否也采用了公司光伏产品？,感谢您对公司的关注。公司将按照市场原则积极参与宣城海螺建筑光伏项目，目前已有光伏产品应用到宣城异质结电池项目。,-0.5639201599972852
NONAI00082_000620_20230105,000620,新华联,2023-01-05,0.0,0,45,"你好,贵公司最近是否有收购等相关事项和计划",您好，公司目前暂无收购事项，公司未来如有收购计划，将根据相关规定及时履行信息披露义务。感谢您的关注！,-0.8858440267461817
NONAI00083_000625_20230104,000625,长安汽车,2023-01-04,8.695652173913043,2,23,公司2022年汽车电动汽车销量与比亚迪，广汽埃安，蔚小理相比如何？是否落后于第一阵营？建议公司进行混改，引入锂电等其他战投。,您好，关于公司产销情况，请关注公司产销快报。感谢关注。,0.5698117185531762
NONAI00084_000628_20230106,000628,高新发展,2023-01-06,3.5714285714285716,1,28,公司2个月前说要绑定森未管理人成立启宸基金，当初说会回购公司股份，2个月过去还没有成立，请问什么原因没有成立？,您好，感谢您对公司的关注。截止目前，启宸基金尚在注册过程中。谢谢！,-0.28798541706965963
NONAI00085_000632_20230104,000632,三木集团,2023-01-04,0.0,0,20,董秘你好，公司有烟花爆竹的原材料产品销售吗？,您好，我司没有烟花爆竹原材料产品的销售业务。,-0.8858440267461817
NONAI00086_000650_20230105,000650,仁和药业,2023-01-05,6.25,3,48,你好，董秘 .贵司是否有泡腾片产品,谢谢您对公司产品的关注与支持！公司在销产品中有维C泡腾片，具体购买请您直接联系公司400客服电话咨询，谢谢！,0.16040854018773187
NONAI00087_000651_20230113,000651,格力电器,2023-01-13,1.680672268907563,2,119,"你好,我想问一下你们企业的制度以及公司文化",企业使命：弘扬工业精神，掌握核心科技，追求完美质量，提供一流服务，让世界爱上中国造！企业愿景：缔造世界一流企业 成就格力百年品牌。核心价值观：少说空话、多干实事，质量第一、顾客满意，忠诚友善、勤奋进取、诚信经营、多方共赢，爱岗敬业、开拓创新，遵纪守法、廉洁奉公。\n感谢您对公司的关注！,-0.6044987986631125
NONAI00088_000655_20230118,000655,金岭矿业,2023-01-18,20.58823529411765,7,34,请问公司什么时候披露年报？,您好，公司2022年年度报告预约披露时间为2023年3月25日，感谢您对公司的关注，谢谢。,2.560635017271416
NONAI00089_000661_20230104,000661,长春高新,2023-01-04,6.0606060606060606,2,33,可以介绍下目前GS3-007口服液的审批进度吗？如获批成功，是否标志着成人生长激素领域的拓宽，在成人减肥、健身、调节新陈代谢、机体生长发育带来帮助。,GS3-007a口服液用于成人生长激素缺乏症的诊断相关适应症目前在I期临床阶段。,0.12870391694731023
NONAI00090_000665_20230309,000665,湖北广电,2023-03-09,4.545454545454546,2,44,目前官方形式直播带货特别火，比如TVB一晚上几千万的销售额，贵公司作为影视传媒头部企业，拥有很多可以利用的资源，是否考虑依靠这些资源也进行直播带货呢？,您好！感谢您对公司的关心。公司为湖北省内广电网络运营商，如有相关业务开展，将及时履行信息披露义务。,-0.12493306897606267
NONAI00091_000670_20230104,000670,盈方微,2023-01-04,1.9230769230769231,2,104,尊敬的董秘您好，请问公司的重组计划进展到什么程度了？由于上会未获通过，是否有修改重组计划的可能？,感谢您对公司的关注！公司正在根据中国证监会上市公司并购重组审核委员会的审核意见并结合公司实际情况，协调各方，进一步修改、补充和完善本次交易方案及相关申报材料，待相关工作完成后重新提交中国证监会审核，并及时履行信息披露义务。,-0.5639201599972852
NONAI00092_000676_20230106,000676,智度股份,2023-01-06,2.7237354085603114,14,514,你们已经布局区块链、数字货币场景应用多年，为什么这些新技术给你们公司创造的利润很微乎其微？在元宇宙方面也进行了尝试， .彼岸为何感觉没有生机与人气？大家盼望已久的元宇宙社交游戏又会在什么时候公布出来？,您好，公司持续加码以区块链为主的技术投入，不断推进应用项目落地。在区块链底层技术研发方面，公司已完成较为领先的区块链底层技术平台的搭建，并在供应链金融、溯源防伪、智慧政务、元宇宙等领域完成了区块链解决方案设计与应用建设。基于智链2.0搭建的“智链宝”供应链金融服务平台，为中小企业提供高质量、低成本的科技金融服务，助力中小企业融资。在区块链技术应用落地方面，公司参与广州区块链国际贸易平台“粤易通”，实现了区块链技术在现代贸易业务领域的应用落地；完成了蒙牛集团“智牛链”一期项目建设，积极开放共享智度区块链技术及产品服务价值，通过优势互补的合作模式，孵化培育智度区块链分支产业。未来，公司在区块链等核心技术领域将持续探索与投入，加快推动区块链技术和产业创新发展，以期为公司带来更多利润增长点。\n公司推出了全国首家元宇宙艺术社区“Meta 彼岸”，实现举办艺术展的功能，还面向用户提供丰富的元宇宙场景和社交互动服务、为企业提供场景搭建服务并为企业进行品牌营销、为各地政府搭建场馆展现各地文化同时实现政务服务功能，并发行基于区块链技术的数字藏品。未来公司将不断探索Meta彼岸的盈利模式，包括数字藏品发行服务收入、数字营销收入、建馆策展服务收入、会员权益服务收入等。公司将根据元宇宙发展情况，适时推进基于VR环境的社交游戏项目。感谢您的关注！,-0.42988960068937887
NONAI00093_000680_20230112,000680,山推股份,2023-01-12,3.508771929824561,2,57,您好，请问公司四季度的出口情况如何?能否告知具体的销售数据。,首先感谢您对公司的关注。四季度工程机械行业出口整体向好，公司出口订单饱满，具体数据详见巨潮资讯网相关定期报告，届时敬请关注。,-0.2984741646078443
NONAI00094_000681_20230306,000681,视觉中国,2023-03-06,6.382978723404255,6,94,请问元视觉何时开通二级交易功能？,您好，公司元视觉平台始终将合规经营放在首位，并积极探索不同价值体现的数字艺术发行模式。关于元视觉平台的具体运营情况请随时关注元视觉官方网站yuan.500px.com.cn、微信公众号“元视觉艺术”或“元视觉”APP。感谢您对公司的关注。,0.18266923310121938
NONAI00095_000682_20230214,000682,东方电子,2023-02-14,0.0,0,109,公司涉及储能吗,尊敬的投资者，您好！公司在储能EMS、PCS核心技术方面已经通过了第三方测试，具备产品化，目前正在进行储能BMS核心技术的研发。储能EMS已成熟应用于多个现场，并在一些业务领域进行批量供货。公司在市场拓展方面持续加大投入，已建或正在建设多个储能项目。谢谢。,-0.8858440267461817
NONAI00096_000686_20230111,000686,东北证券,2023-01-11,3.8461538461538463,2,52,请问贵公司是否存在ST的风险,公司目前生产经营情况正常，不存在《深圳证券交易所股票上市规则》中规定被实施退市风险警示的情形，感谢您对公司的关心。,-0.24199629324838873
NONAI00097_000701_20230103,000701,厦门信达,2023-01-03,1.9230769230769231,1,52,尊敬的董秘您好：贵司在AlGC和web3方面的技术储备，未来准备应用于哪方面的业务？,公司持续围绕汽车经销、供应链、信息科技三大核心主业探索各类新兴发展机会，详情请参阅已披露的定期报告，感谢您的关注。,-0.5639201599972852
NONAI00098_000703_20230106,000703,恒逸石化,2023-01-06,4.444444444444445,2,45,你好董秘，公司22年的业绩可以用惨不忍睹来形容，请问23年一季度公司目前订单情况如何,尊敬的投资者您好，公司各项生产经营工作均有序进行，具体业绩情况请关注公司公告。感谢您对公司的关注。,-0.14184220137095424
NONAI00099_000708_20230103,000708,中信特钢,2023-01-03,5.714285714285714,2,35,钢铁行业，其中7月亏损257.1亿、8月份亏损158.5亿、9月份亏损97.5亿，10月分亏损16.2亿、11月份亏损67.6亿、三季度，整合行业亏损大背景下，公司尚且取得相当不错的业绩，四季度行业亏损收窄，请问公司四季度业绩是否有所改善？谢谢,投资者您好！公司生产经营具体情况请关注公司后续发布的定期报告，感谢您的关注！,0.07072974873625358
NONAI00100_000709_20230106,000709,河钢股份,2023-01-06,2.7777777777777777,3,108,近日好多钢企开始探索在年报后举行线上视频交流会，方便中小股东了解上市公司，考虑到大股东、机构和上市公司之间沟通渠道畅通！小股东和上市公司高层沟通渠道基本上没有！公司是否考虑跟进，从2023年企，召开线上视频业绩说明会？如果时间不成熟，请问公司什么时候可以，盼答复？,您好，谢谢您的关注和建议！公司设有公开邮箱和咨询电话，可保证投资者与公司沟通渠道畅通，也曾在年度报告披露后组织召开业绩说明会，与投资者就公司生产经营情况进行交流。在召开业绩说明会前，公司会按照规定提前在指定媒体发布公告，敬请关注，谢谢！,-0.4208428858866646
NONAI00101_000710_20230116,000710,贝瑞基因,2023-01-16,5.319148936170213,5,94,公司目前为何处于亏损状态？近一年有什么战略目标？,投资者您好，2022年受区域性疫情及研究课题结题等影响，公司基础科研服务收入和利润下降。公司将继续聚焦临床业务市场，不断推出出生缺陷三级预防产品，完善公司医学产品及服务业务版图，做优做强公司主业。感谢您的关注。,0.0045836897933191935
NONAI00102_000717_20230104,000717,中南股份,2023-01-04,0.0,0,28,公司一方面加大存款力度，三年定期存款10几个亿，一方面又加大长期借款力度，这是什么操作？？难道存款利率比借款利率高吗？,尊敬的投资者，您好。公司目前存款利率比借款利率高，感谢您的关注！,-0.8858440267461817
NONAI00103_000719_20230103,000719,中原传媒,2023-01-03,23.076923076923077,6,26,请问，截至2022年十二月 20日公司的股东总数是多少？谢谢,"经查询，公司截至2022年12月20日登记在册的股东人数为18,865名。",2.977242374240576
NONAI00104_000723_20230118,000723,美锦能源,2023-01-18,5.405405405405405,2,37,寒潮来袭，公司天然气业务有没有提升？,您好！华盛化工LNG产能为15.5万吨/年。\n润锦化工LNG产能为1.34亿立方/年。\n感谢您的关注！,0.019023058169635416
NONAI00105_000725_20230105,000725,京东方Ａ,2023-01-05,2.0491803278688523,5,244,管理层好！请问贵司物联网创新业务的是否既有ODM，也有自主品牌产品，例如画屏等的销售？其中的智慧园区、智慧政务等业务的商业模式是一次性卖产品还是按年收服务费？此外，为何物联网创新业务的毛利率比显示屏业务还低很多？这块业务的周期性是否也很强？谢谢！,您好！根据公司的定期报告披露，物联网创新业务既包括智慧终端相关产品，也包括创新的物联网整体解决方案。不同业务根据其行业特性，其毛利水平也不相同；相同业务的不同发展阶段，其反应的毛利水平也不尽相同。\n近年来，公司积极推进“屏之物联”战略转型，在新业务领域洞察客户需求、提升产品与技术能力、把握市场机会、开拓业务模式并不断创造价值。您所述的智慧园区、智慧政务等为代表的整体解决方案相关业务的商务模式既包含本地部署一次性收费也包含后续服务收费等。\n随着“屏之物联”战略转型的持续落地，公司1+4+N事业的持续发展，公司将能够创造更大的价值。谢谢！,-0.5428103982432593
NONAI00106_000727_20230103,000727,冠捷科技,2023-01-03,25.49019607843137,13,51,请问截止到目前，公司的股东数为多少？2022年11月1日附近股东数为多少？,您好，截止2022年12月30日公司股东户数本别约为11.1万，2022年10月31日公司股东户数本别约为11.8万，感谢您对公司的关注！,3.381225265847034
NONAI00107_000728_20230103,000728,国元证券,2023-01-03,17.964071856287426,30,167,公司自公布股东增持计划后，，一直未公布增持情况，增持计划是否还在进行中？增持情况如何,"尊敬的投资者您好，公司2022年10月31日发布《国元证券股份有限公司关于第一大股东增持股份计划实施结果的公告》。2022年4月29日至2022年10月28日期间，国元金控集团通过深圳证券交易所交易系统集中竞价方式累计增持公司股份9,505,220股,占公司总股本的比例为0.22%，增持股份金额为5,724.76万元，本次增持计划实施完毕。本次增持完成后，国元金控集团持有公司股946,971,049股，占公司总股本比例为21.70%。",2.121348980009977
NONAI00108_000731_20230113,000731,四川美丰,2023-01-13,4.651162790697675,2,43,董秘你好:2022年四季度销售情况正常吗？,投资者您好！目前公司生产经营一切正常，具体经营数据请关注公司定期报告披露的相关内容。谢谢关注！,-0.10723746530699016
NONAI00109_000735_20230104,000735,罗牛山,2023-01-04,20.0,5,25,您好，请问，贵公司截止2022年12月30日股东人数是多少？谢谢！,您好，截止2022年12月30日，公司股东总户数约为10.89万户。谢谢！,2.4621641874423417
NONAI00110_000739_20230109,000739,普洛药业,2023-01-09,16.666666666666668,4,24,请问什么时候披露年报,您好，公司年报将于2023年3月10日对外披露，感谢您的关注！,1.9041628184109212
NONAI00111_000750_20230116,000750,国海证券,2023-01-16,8.695652173913043,34,391,国海业务能力弱，管理水平差，如何破局？加上这次增发，近几次融资已经接近200亿，而国海的市值才180亿，融资都再造一个国海了，这样合理吗？,尊敬的投资者，您好！证券业是资本密集型行业，资本规模在很大程度上决定了证券公司的竞争地位、盈利能力、抗风险能力与发展潜力，是决定证券公司未来发展的关键因素。近年来证券行业净资本补充工作也进一部提速，2019年以来约30多家同业券商通过IPO、再融资进行资本补充。在行业发展趋势下，公司需进一步补充资本实力，优化业务结构，扩大业务规模，提高持续盈利能力、市场竞争力和风险抵御能力，为实现公司战略目标奠定坚实基础。\n近年来，特别是“十三五”以来，公司经营业绩、综合实力快速成长，截至2021年末，公司总资产758.68亿元，较2014年末增长1.9倍；净资产192.19亿元，增长1.7倍；净资本140.57亿元，增长2.0倍；2021年实现合并营业收入51.70亿元、利润总额11.48亿元，较2014年增长103%和19%。2021年，公司总资产、净资产、合并营业收入均创历史新高。同时，公司高度重视股东回报，自2011年上市以来每年均进行现金分红，与股东共享公司发展成果，分红比例高于行业平均水平。股票二级市场价格受诸多因素影响，公司不便进行评论。感谢您对本公司的关注。,0.5698117185531762
NONAI00112_000755_20230210,000755,山西路桥,2023-02-10,17.741935483870968,11,62,董秘，你好，请问最新的股东人数是多少？请及时公布！,"投资者您好，公司于2022年10月26日在指定信息披露网站（巨潮资讯网）发布了公司2022年第三季度报告，本报告期末普通股股东总数为61,555。感谢您的关注！",2.08416326003396
NONAI00113_000757_20230313,000757,浩物股份,2023-03-13,4.545454545454546,1,22,咱们公司在硅谷银行没存款吧？,尊敬的投资者，您好。公司在硅谷银行无任何存款。谢谢。,-0.12493306897606267
NONAI00114_000759_20230104,000759,中百集团,2023-01-04,0.0,0,79,公司有无在海南岛拓展市场的计划,公司是以商业零售为主业的大型连锁企业，主要从事超市、便利店、百货、电器业态的商品销售业务，经营网点主要集中在湖北、湖南以及重庆地区。目前，公司暂无在海南拓展市场的计划。感谢关注。,-0.8858440267461817
NONAI00115_000768_20230103,000768,中航西飞,2023-01-03,23.333333333333332,7,30,您好，请问221230股东户数多少？元旦快乐！,"您好！谢谢您对公司的关注。截至2022年12月30日，公司的股东人数是170,983户。",3.020165556473762
NONAI00116_000776_20230106,000776,广发证券,2023-01-06,0.0,0,24,建议公司学习同行施行配股以巩固公司行业龙头地位！,尊敬的投资者，您好！\n感谢您的关注及建议，祝您投资愉快！,-0.8858440267461817
NONAI00117_000778_20230203,000778,新兴铸管,2023-02-03,1.7241379310344827,1,58,请问公司在铸管业务领域里的竞争对手公司主要有哪些？,尊敬的投资者您好！感谢您对公司的关心和支持。公司作为全球最大的离心球墨铸铁管生产制造商，主要竞争对手有久保田和圣戈班等企业。,-0.5972226289713091
NONAI00118_000779_20230103,000779,甘咨询,2023-01-03,0.0,0,36,请问定向增发进展如何？怎么没有消息？,公司已向中国证监会提交申请，将按照信息披露相关规定及时披露进展信息。谢谢关注,-0.8858440267461817
NONAI00119_000783_20230113,000783,长江证券,2023-01-13,0.0,0,21,请问公司的系统是荣联科技做的么，公司与荣联科技有无业务往来,公司无应披露而未披露的重大信息，感谢您的关注！,-0.8858440267461817
NONAI00120_000785_20230117,000785,居然之家,2023-01-17,6.363636363636363,7,110,清问公司2019年定增的股份何时解禁流通？谢谢,感谢投资者的关注。根据2019年11月29日公司披露公告《发行股份购买资产暨关联交易报告书》中相关股东对公司股份的限售承诺及业绩承诺，公司部分股票目前依旧处于锁定期，公司将严格按照深交所相关规则履行信息披露义务，具体情况请关注公司后续公告信息。,0.1794313141319848
NONAI00121_000786_20230103,000786,北新建材,2023-01-03,13.513513513513514,5,37,您好，请问，贵公司截止12月30日股东人数是多少？谢谢！,您好，感谢您对北新建材的关注。截至2022年12月30日，公司股东总户数为6.7万户左右。谢谢！,1.3763236855433614
NONAI00122_000790_20230130,000790,华神科技,2023-01-30,0.0,0,242,贵公司新冠治疗药物，退烧药物有哪些？今明年该类药物需求量会大幅增长吗？公司超能是否能供应上旺盛的需求？,"您好，公司治疗感冒类的药品有：治疗小儿外感风热，内郁化火,发烧头痛，咳嗽，咽喉肿痛的儿感退热宁口服液；治疗咽痛、咽干的余甘子喉片；治疗肌肉酸痛、关节四肢疼痛、脘腹冷痛的无烟灸条；治疗上呼吸道感染的罗红霉素分散片；治疗头痛身痛、发热恶寒口干的九味羌活颗粒；治疗发热、咽痛、咽干的复方金银花颗粒；治疗精神萎靡、乏力、失眠的活力苏口服液；治疗鼻塞、流鼻涕的鼻渊舒口服液；治疗身热烦躁、口干咽痛的一清颗粒。有关产品的产能问题，公司正根据生产安排、产品库存及原材料供需情况，整体统筹安排调动相关生产资源，尽最大努力满足广大用药患者的迫切需求。感谢您的关注。",-0.8858440267461817
NONAI00123_000791_20230103,000791,甘肃电投,2023-01-03,28.0,7,25,您好，请问，贵公司截止1月3日股东人数是多少？谢谢！,您好！截至2022年12月30日股东人数请关注公司2022年年度报告。,3.5991992847994347
NONAI00124_000793_20230309,000793,华闻集团,2023-03-09,3.0303030303030303,1,33,公司实际控制人是中国国际广播电台，请问公司是不是涉及央企改革或者国企改革的范畴？,感谢您对公司的关注！现就您关注的问题回复如下：\n公司不涉及该项改革。谢谢！,-0.37857005489943574
NONAI00125_000795_20230113,000795,英洛华,2023-01-13,4.545454545454546,1,22,尊敬的董秘您好，请问贵公司是否与贵州习酒有合作？有无习酒借壳的计划？,您好！公司未与贵州习酒有业务合作，无相关计划。谢谢！,-0.12493306897606267
NONAI00126_000796_20230207,000796,ST凯撒,2023-02-07,9.574468085106384,9,94,董秘你好，出境游已放开，公司出境游业务有否恢复？,感谢您的关注。2023年1月20日文化和旅游办公厅发布恢复旅行社经营中国公民赴有关国家出境团队旅游业务相关事项通知。从2023年2月6日起，试点恢复全国旅行社及在线旅游企业经营中国公民赴有关国家出境团队旅游和\,0.7169258630249201
NONAI00127_000800_20230105,000800,一汽解放,2023-01-05,15.625,5,32,截止到2022.12.31日股东人数是多少？谢谢董秘,尊敬的投资者，您好。截至2022年12月30日，公司股东总户数为88229户，感谢您的关注。,1.729787390588602
NONAI00128_000801_20230106,000801,四川九洲,2023-01-06,2.9411764705882355,2,68,剑南春是否考虑借壳四川九洲？,尊敬的投资者，您好。公司当前经营良好，多年来一直专注于智能终端、空管及微波射频三大主导产业的协调发展，并未涉足食品饮料等其他业务。感谢您对公司的关注！,-0.39348987760081056
NONAI00129_000802_20230106,000802,北京文化,2023-01-06,2.0408163265306123,1,49,董秘你好，2023年第一次临时股东大会上，能否针对近期嘉梦减持所带来的流动性不足的情况提出增持计划，以对冲二级市场的流通资金不足的情况。确确实实为全体各级股东着想。,感谢您对公司的关注。公司始终尊重并维护各级股东的利益，如有需公告事项，公司会按照相关规则要求进行对外披露。,-0.5442105355024548
NONAI00130_000810_20230303,000810,创维数字,2023-03-03,6.976744186046512,15,215,请问公司现有的F5G技术和6G区别是什么？,您好，F5G基于光纤通信技术，具有超大带宽、全光联接、低时延、安全稳定等特点，可支撑实现千兆家庭、万兆楼宇和T级园区，并赋能千行百业体验高品质网络，开启一个万物互联的智能世界。公司目前已经开始批量销售GPON、10GPON、Wi-Fi6智能网关、WiFi6组网路由器、5GCPE等产品，公司也已预研出XGS-PON、FTTR、WiFi7等产品，深度布局和发展F5G相关技术及产品。6G技术将会达到1000 Gbps，延迟将会缩小到微秒级，是地面无线与卫星通信集成的全连接，通信范围的扩大，6G网络应是可覆盖到全球各个角落，公司将关注6G新技术未来带来的市场机遇，感谢您的关注。,0.28206581541260556
NONAI00131_000811_20230105,000811,冰轮环境,2023-01-05,0.0,0,28,董秘您好，西安热工、东方电气、深圳百穰合作开发的液态CO2储能技术据称电-电效率可以达到60%+，这套系统使用空气大棚存储气态CO2，占地面积非常小无需依赖盐穴，设备成本也接近抽水蓄能，该技术有潜力填补抽蓄建设6-8年的空档期，呈现爆发式增长，请问公司是否有相关技术研究和储备？作为CO2压缩技术龙头，建议公司积极研究跟进开展合作。,收到您的建议，非常感谢，我去问问是否在储能技术研发组的目录里。,-0.8858440267461817
NONAI00132_000813_20230104,000813,德展健康,2023-01-04,5.084745762711864,6,118,"请问，贵公司2022年5月27日公告股份回购报告书，拟使用自有资金回购股票，回购资金总额不低于人民币1.78亿元且不超过人民币3.45亿元。截止2022年12月31日，公司回购股票支付的总金额为33,092,530元，占最低回购资金总额1.78亿元的18.59%。回购期已过半，回购金额却不到最低金额的20%，贵公司是缺钱？还是别的什么缘由？贵公司在接下来的6个月又准备如何进行股票回购？",尊敬的投资者您好，截至2022年三季度末，公司现金及现金等价物余额约为30亿元。公司将严格按照股东大会审议通过的有关议案落实回购相关工作，并在每个月的前三个交易日内披露截至上月末的回购进展情况，有关公司回购股份最新进展情况请见公司上述相关公告，感谢您的关注。,-0.03465549771520121
NONAI00133_000815_20230103,000815,美利云,2023-01-03,4.081632653061225,2,49,你好董秘，请问重组的业务中是否有动力电池，是否有生产动力电池,尊敬的投资者您好，本次重组后拟置入上市公司的天津聚元、苏州力神均主要聚焦消费电池领域。感谢您对公司的关注！,-0.20257704425872794
NONAI00134_000818_20230201,000818,航锦科技,2023-02-01,3.11284046692607,8,257,近期市场传闻武汉长江存储2023年将借壳上市航锦科技。请问是否属实？谢谢,作为国内集成电路产业的龙头企业，长江存储根植于湖北，立足于武汉，稳扎稳打、攻坚克难，逐步打造出了全球存储IC领域中研发、制造、品牌、销售一体化的中国名片。是包含我们在内的所有中国半导体企业的学习的样板。\n航锦科技作为武汉国资旗下的市值领先的科技平台型公司，深耕多年完成芯片产业转型，并将继续致力于依托规模型上市公司的独特地位，专注集成电路行业的星辰大海，做大做强上市公司的战略，以开放的心态，汇集各方资源打造中部地区半导体标杆企业。\n感谢您对公司的关心。公司指定信息披露媒体为《证券时报》《中国证券报》《上海证券报》和巨潮资讯网（www.cninfo.com.cn），请以公司公告为准。感谢您的关注。,-0.3647532541098356
NONAI00135_000823_20230118,000823,超声电子,2023-01-18,1.0309278350515463,1,97,董秘你好！公司的主营业务是印制线路板（PCB）、液晶显示器、超薄及特种覆铜板、超声电子仪器的研制、生产和销售。且而集成电路是芯片的集成，集成电路（IC）是焊接在PCB板上的，也就是说PCB板是集成电路（IC）的载体，严格来说公司产品也是整个半导体产业链上的一环，那为什么公司一直在互动平台极力否认公司与半导体产业的关系呢？,答：您好！PCB作为电子元器件电气相互连接的载体，能为集成电路等各种电子元器件提供固定、装配的机械支承，实现集成电路等各种电子元器件之间的布线和电气连接或电绝缘。但目前公司没有投资半导体产业或参与半导体研发设计。,-0.7132662837467733
NONAI00136_000828_20230103,000828,东莞控股,2023-01-03,26.666666666666668,4,15,您好！请问截至12月底公司股东人数是多少，谢谢！,"至12月30日，公司股东人数为30,968名。",3.578166925505183
NONAI00137_000829_20230331,000829,天音控股,2023-03-31,4.316546762589928,6,139,公司旗下opera浏览器和已上市的欧朋浏览器（OPRA）是同一家企业，还是说这是两个不同的概念，比如：公司只拥有其品牌代理权没有所有权。能详细讲解一下吗？,您好，感谢您的关注，我司旗下Opera浏览器是由天音与挪威Opera软件共同成立的合资公司研发运营的，取得授权使用Opera浏览器相关的技术和品牌，同时以此为基础，增加了适合中国用户的本地化产品和服务。\n公司与Opera共同成立的合资公司全称为北界创想（北京）软件有限公司，由天音控股旗下全资子公司天音通信控股，当前持股比例为70.91%。,-0.16325232584218388
NONAI00138_000837_20230110,000837,秦川机床,2023-01-10,2.0833333333333335,1,48,董秘，你好。贵公司生产的数控高效多头蜗杆砂轮磨齿机，主要针对汽车、工程机械、减速器等行业。与比亚迪的合作，意味着国产化替代进口，迈出了重要一步。新能源汽车市场，是前景广阔的消费市场。关于2023年的市场订单，贵公司怎么看？,您好，公司经营情况在定期报告中会详细披露，您也可以通过公司微信公众号了解公司日常运营情况，感谢您的关注。,-0.5370931711015439
NONAI00139_000839_20230120,000839,ST国安,2023-01-20,2.7777777777777777,3,108,董秘你好，贵公司海南国安海岸项目被当地政府处罚，公司是否已经缴纳罚款？项目是否有最新进展？,答：经公司与相关各方积极努力沟通协调，公司位于海南的国安海岸项目被处罚事项已处理完毕，目前该项目1-4号公寓楼和59栋别墅已经通过竣工联合验收，公司将积极推进后续工程的建设和验收工作，并对已验收部分尽快依法办理不动产登记等后续手续。,-0.4208428858866646
NONAI00140_000850_20230201,000850,华茂股份,2023-02-01,10.526315789473685,14,133,"显示该处矿产资源主要为铜多金属矿，其中含少量钴硫矿（伴生），评估利用资源储量铜矿石量920.36 万吨，铜金属量 63,421.4 吨；钴矿石量 166.56万吨，钴金属量574.6 吨；矿石量合计1,086.92 万吨；是否属实","您好！根据公司2012年7月3日刊登的《浏阳市鑫磊矿业开发有限公司井冲潭玲铜多金属矿采矿权评估报告书》显示该处矿产资源主要为铜多金属矿，其中含少量钴硫矿（伴生），评估利用资源储量铜矿石量 920.36 万吨，铜金属量 63,421.4 吨；钴矿石量 166.56 万吨，钴金属量 574.6 吨；矿石量合计1,086.92 万吨；可采储量矿石量 923.88 万吨。谢谢！",0.8762655596688308
NONAI00141_000851_20230316,000851,高鸿股份,2023-03-16,5.882352941176471,1,17,请问一下，公司上市至今募集了几次资金，一共募集了多少钱。,尊敬的投资者，您好，请详见公司定期报告。,0.09886427154456055
NONAI00142_000856_20230113,000856,冀东装备,2023-01-13,5.882352941176471,2,34,上市公司官网是投资者了解企业最为基本、最直观的平台，请问公司官网何时建成？公司是否担心官网维持会增加费用支出而不搭建官网平台？,感谢您对公司的关注。公司网站目前正在完善升级中。若条件成熟，将第一时间开放。,0.09886427154456055
NONAI00143_000862_20230104,000862,银星能源,2023-01-04,1.7241379310344827,2,116,三年国企改革任务已经结束，贵司这3年做了哪些工作呢，对自己的答卷是否满意呢？,感谢您对公司的关注。公司积极推动国企改革三年行动开展和效益落地，完善和健全中国特色现代企业制度和治理体系，推进公司布局优化和结构调整，落实董事会职权和授权机制，加强党的领导和党的建设，经营层实施任期制和契约化，公司治理能力和管理水平得到一定的提升。,-0.5972226289713091
NONAI00144_000863_20230113,000863,三湘印象,2023-01-13,4.761904761904762,11,231,网传贵公司有涉及光伏方面的项目，请问是否属实？,尊敬的投资者，您好。公司不断加强研发投入及技术创新，形成了“太阳能与建筑一体化”、“室内空气净化与建筑一体化”、“光伏发电与建筑一体化”、“AI智能家居集控系统”和“智能梯控管理系统”等五大核心技术，并拥有建筑节能、环保、雾霾防治、智能家居等多方面专利约20项。多年来公司已形成成熟的绿色建筑技术体系，其节能、舒适、健康、智能的效果在诸多项目中得到了验证。从2006年起，我们研发的“高层住宅太阳能建筑一体化”技术，是国内率先将太阳能集热器安装在阳台栏板处，实现了分体式太阳能与高层建筑的完美结合。具体信息请关注公司相关公告，谢谢您的关注。,-0.08869921384415232
NONAI00145_000868_20230109,000868,安凯客车,2023-01-09,0.0,0,84,请问公司生产新能源汽车吗？具体有什么车型，能告之吗？谢谢！,尊敬的投资者您好！公司一直将新能源客车产品作为重要业务领域，尤其是纯电动客车产品的开发及应用推广。目前，公司新能源客车主要产品包含新能源公交客车、新能源通勤客车、新能源专用车产品等。,-0.8858440267461817
NONAI00146_000876_20230109,000876,新希望,2023-01-09,7.142857142857143,2,28,截至12月底，公司能繁母猪多少头？存栏的商品猪多少头？,您好，公司目前能繁母猪大约90万头左右，商品猪存栏在850万头以上。,0.30987319260686247
NONAI00147_000885_20230104,000885,城发环境,2023-01-04,4.83271375464684,13,269,公司领导，贵公司是国企改革标的，而且公司从单一公路费转变成公路和环境保双主业，效益也一年比一年好，但股价一直横着，没有跟上企业的营收的增长而增长，请问公司什么原因？公司领导看好公司的发展前景吗？,感谢您的关注和认可。城发环境致力于成为全产业链国际环保产业集团。经过4年的大规模高强度投资和批量并购，公司总资产从2018年底的81.27亿元增长至2022年三季度的247.18亿元，增长204%。随着项目的集中投运，经营效益也显著增长。目前，公司已转变为以环保业务为主的业务结构，涉及固废处理、城市运营服务、生态水务、环保方案集成服务、高速公路运营等领域，构建了涵盖研发设计、投资建设、运营管理、咨询服务、装备制造等全产业链条，能够提供精准科学、系统协同的一站式环境综合治理服务。公司股价除了基本面，还受其他多种因素影响。公司经营层继续看好未来发展，后续将在做好经营业绩基础上，加强与各方面投资者的沟通，持续传达公司价值。,-0.07684575937720764
NONAI00148_000886_20230105,000886,海南高速,2023-01-05,18.75,3,16,请问截止2022年12月29日股东人数，谢谢！,您好！截止12月30日，公司股东户数67476户。,2.252913674055559
NONAI00149_000888_20230110,000888,峨眉山Ａ,2023-01-10,6.451612903225806,4,62,请问贵公司有布局预制菜业务吗？,尊敬的投资者，您好！公司旗下红珠山宾馆分公司通过与预包装食品厂积极开展合作，推出了红珠嘉礼系列产品（粽子、腊肉、月饼等）。感谢您对公司的关注,0.19415862299205158
NONAI00150_000889_20230112,000889,ST中嘉,2023-01-12,2.857142857142857,2,70,"请问有没有做好股份跌破1元后的救市准备工作,有没有具体的章程,谢谢",尊敬的投资者您好，股价波动受多方面因素影响，公司将一如既往做好主营业务，持续强化公司核心竞争力，力争以良好的经营业绩回馈广大投资者。感谢您对公司的关注！,-0.40755713900496404
NONAI00151_000892_20230103,000892,欢瑞世纪,2023-01-03,22.22222222222222,6,27,董秘您好，请问截止2023年1月3日收盘的股东人数，谢谢，祝工作顺利！,"尊敬的投资者您好，截至2022年12月30日的股东人数为46,211户，谢谢！",2.834165100129955
NONAI00152_000893_20230103,000893,亚钾国际,2023-01-03,10.106382978723405,19,188,请问公司第二个百万吨的最新进展情况？,尊敬的投资者您好。在2023年1月1日早上6:58，公司第二个百万吨钾肥项目启动开机试车。上午10点25分，随着第二个百万吨项目包装车间迎来了第一批雪白的钾肥产品，标志着该项目一次投料试车成功，公司力争在2023年3月底完成达产。该项目自2022年3月正式启动，在历经10个月的紧张建设后于12月31日投建完成，这是继第一个百万吨项目17个月建成投产创造亚钾速度后，再一次刷新了百万吨项目建设投产速度，创造了新的“亚钾奇迹”！感谢您的关注。,0.80596863467887
NONAI00153_000898_20230103,000898,鞍钢股份,2023-01-03,10.256410256410257,4,39,请问公司是否完成2022年净利润任务，如果没有完成，请问公司高层要不要承担责任？,感谢对公司的关注。公司会在年度报告中详细披露2022年度生产经营情况，请届时关注公司公告。,0.8310832625812664
NONAI00154_000900_20230118,000900,现代投资,2023-01-18,5.405405405405405,6,111,湖南轨道交通控股集团有限公司（以下简称湖南轨交）自2020年四季度以来至2022年四季度，已连续两年从二级市场买入贵公司股票，截止2022-12-21湖南轨交累计持有现代投资 1.6696亿股，持股已经占总股本的11%（已远远超出举牌5%）。\n请问：湖南轨交举牌贵公司是处于什么目的？是否有战略考虑？同样作为湖南国企，贵公司与湖南轨交是否就被举牌有过正式沟通？如有沟通，具体涉及什么事宜？,2020年四季度以来，湖南轨道就增持公司股份事项均及时与公司沟通，湖南轨道称根据自身的战略规划和看好公司未来发展前景增持公司股份。同时，湖南轨道不排除在未来有继续增持公司股份的的可能性。若未来发生相关权益变动事项，公司将及时履行信息披露义务。,0.019023058169635416
NONAI00155_000903_20230109,000903,云内动力,2023-01-09,1.8867924528301887,2,106,国家1月6日出台支持氢能源的发展多重利好，请问贵公司还进行混改吗？下一步有计划和国内或国际上拥有先进氢能源技术的公司或车企合作吗？,截至目前，尚未收到控股股东混改的相关信息；公司一直紧跟行业动向，并根据未来的市场趋势做相应的氢能源相关产品的技术储备，公司非常希望能够和先进的企业合作，未来如有重大经营、投资决策，公司将及时履行信息披露义务，感谢您对本公司的关注！,-0.5699941952189626
NONAI00156_000905_20230215,000905,厦门港务,2023-02-15,18.181818181818183,14,77,你好，问一下和去年进行比较今年你们 公司是增加员工， 还是减少员工了。,"尊敬的投资者，您好。\n 公司2021年度的员工总数为4,907人，2022年度跟2021年度员工人数变化较小。公司将于2023年3月25日披露的2022年度报告中披露具体相关信息，敬请届时查阅。多谢您的关注。",2.157799804334294
NONAI00157_000909_20230109,000909,数源科技,2023-01-09,1.6129032258064515,1,62,优秀的董秘，您好，疫情防控优化政策下，据了解亚运会数字货币钱包系统都搞好了，就有实力的企业设计个元宇宙场景了，请问贵公司作为元宇宙联合成员，是否考虑积极参与杭州亚运会开幕式等一系列活动中，比如通信设施搭建，赛事转播，周边文旅电子产品推广?,尊敬的投资者您好！关于您的提问，回复如下：\n公司目前未参与杭州亚运会开幕式活动，后续如有机会将会积极参与。感谢您对数源科技的支持和关注！,-0.6158433643116233
NONAI00158_000910_20230103,000910,大亚圣象,2023-01-03,1.5151515151515151,1,66,请问公司有五十多亿的未分配利润为什么不分给投资者？公司市值十余年来原地踏步，投资者无法得到分红也无法享受市值提升，请问这些未分配利润是否被大股东挪用？,尊敬的投资者，您好！公司实行持续、稳定的利润分配政策，公司利润分配重视对投资者的合理投资回报，并兼顾公司的可持续发展，不存在大股东挪用资金的情形。,-0.6322070408228088
NONAI00159_000913_20230112,000913,钱江摩托,2023-01-12,26.31578947368421,5,19,请问截止至2023年1月10日收盘，公司股东人数总数是多少？谢谢,您好，截至2023年1月10日，公司股东人数为17622人。,3.519429939291349
NONAI00160_000917_20230106,000917,电广传媒,2023-01-06,3.10077519379845,4,129,现在是低价收购布局文旅产品的最佳时机，建议公司加快速度，乘风破浪，兼并重组，迅速做大做强公司。,您好，谢谢您的宝贵建议。目前是文旅产业布局的重大机遇期，2022年以来，公司已陆续签订湘潭万楼、益阳茶马古道、汨罗屈子文化园等优质文旅项目，后续公司将充分发挥公司优势，继续积极寻找优质文旅标的，拓展方式包括带资托管、项目并购等多种方式，加快打造湖南省最大的文旅投资平台和文旅运营第一品牌。,-0.3667729857867207
NONAI00161_000921_20230118,000921,海信家电,2023-01-18,8.75,7,80,请问海信生产的冰箱，对有表面附着新型病毒xbb的冷藏食品能否有效杀灭，谢谢,投资者您好，2020年容声冰箱成功研制出“AI离子除菌技术”，并于2021年2月取得欧洲知名权威检测机构Texcell检测报告，认定这一技术模块对于新冠病毒Sars-Cov-2病毒有较高的去除率，感谢您的关注，谢谢！,0.5789095669612973
NONAI00162_000922_20230106,000922,佳电股份,2023-01-06,1.5151515151515151,1,66,控股股东关于解决同业竞争的承诺，长达10年未解决。请问，当时发行上市时做出承诺的依据是什么？决策机制是什么？从公开的原因来看，均系做出承诺时应当预计到难以解决同业竞争的相关不利因素，但控股股东“艺不高、胆却大”仍做出了相关承诺，请问控股股东是否存在为了符合上市发行条件做出不实承诺的情形？控股股东及上市公司是否存在欺诈发行行为？,尊敬的投资者您好！ \n 公司已积极并会继续督促控股股东推进解决同业竞争事项，如有达披露标准的事项，公司会及时履行信息披露义务，感谢您对公司的关注。,-0.6322070408228088
NONAI00163_000925_20230309,000925,众合科技,2023-03-09,2.0833333333333335,1,48,请问贵司有没有涉及 RFID 技术或移动支付领域？,尊敬的投资者，您好！公司的智能化货物信息管理系统应用了包括rfid、uwb等在内的各种定位和识别技术。感谢您的关注。,-0.5370931711015439
NONAI00164_000927_20230103,000927,中国铁物,2023-01-03,29.41176470588235,5,17,董秘，你好！截止12月30号，股东人数多少？,截止2022年12月30日，公司股东户数为65030户,3.5991992847994347
NONAI00165_000929_20230104,000929,兰州黄河,2023-01-04,3.225806451612903,1,31,年年亏损 不考虑如何提升业绩 还有闲钱拿出来证券投资 公司账面上还有多少流动资金，请问公司账面上流动资金或者存款有多少？,您好！关于您提出的问题，请参阅公司已披露的定期报告中的相关内容。谢谢！,-0.34584270187706506
NONAI00166_000932_20230105,000932,华菱钢铁,2023-01-05,1.0600706713780919,3,283,请问公司在追求降本增效，考虑到冶金煤和铁矿石在吨钢成本中占比，请问公司如何确保公司铁矿石、冶金煤行业最低，公司没有参与铁矿石企业股份，如何降低采购价格？,感谢您对公司的关注。公司采取一系列措施降低原燃料成本，包括由精料方针向经济炼铁方针转化，优化配煤配矿结构；优化物流运输路线降低原燃料内陆运输成本；加强省内生产基地间原燃料库存协同、进一步加快铁矿石煤焦等的周转、降低备库天数等。与此同时，公司也设立了市场化激励机制，制订了经济责任制和内部组织绩效管理办法，每月对标行业工序和采购成本，设立原燃料采购降本目标，对于降成本贡献较大的单位和团队等给予一定的激励，适当拉大收入差距，调动员工积极性。另外，中国矿产资源集团的成立，将有助于产业链利润向中游钢铁行业合理分配。公司将全力支持配合中矿集团落实铁矿石资源战略，助力提升我国钢铁行业对上游铁矿石的话语权和议价能力。,-0.708387760976472
NONAI00167_000935_20230207,000935,四川双马,2023-02-07,13.333333333333334,2,15,尊敬的董秘，按贵司最近一期修订的《公司章程》第32、33条，股东可以通过向公司提供持股证明等文件查询非报告期的股东数——请问将相关文件发去贵司哪个邮箱能够查到？,您好，请拨打028-63231548联系工作人员，谢谢。,1.3461614493795009
NONAI00168_000936_20230316,000936,华西股份,2023-03-16,0.0,0,44,董秘你好，请问索尔思光电包括哪些实体企业？,您好，索尔思光电在美国加州、中国台湾新竹、四川成都和江苏常州建有产品研发与生产基地。感谢您的关注。,-0.8858440267461817
NONAI00169_000938_20230104,000938,紫光股份,2023-01-04,28.571428571428573,6,21,截止至12月30日，股东人数多少？,"您好，截至2022年12月30日，公司股东总户数为124,555户。",3.5991992847994347
NONAI00170_000948_20230106,000948,南天信息,2023-01-06,2.2222222222222223,1,45,请问公司在数据确权上有相关布局吗？,您好！数据确权是由独立机构完成的，公司会积极关注数据确权涉及的技术问题，感谢您对公司的关注与支持。,-0.513843114058568
NONAI00171_000950_20230103,000950,重药控股,2023-01-03,25.806451612903224,8,31,请问2022年12月20日和12月30曰，公司股东户数分别是多少,截至2022年12月20日、12月30日，公司股东户数分别为47520户、46963户。感谢您的关注。,3.434166572206751
NONAI00172_000957_20230213,000957,中通客车,2023-02-13,3.225806451612903,1,31,公司新能源客车产销占总的公司产销比重为多少？,谢谢关注！公司车型按大中轻型分类，具体情况请您查阅公司定期报告。谢谢！,-0.34584270187706506
NONAI00173_000959_20230113,000959,首钢股份,2023-01-13,5.769230769230769,3,52,作为小股东，看到别的上市钢企，去国内优秀钢企对标学习，另外一方面探索和上市钢企业务合作，为什么首钢股份就不能去国内上市钢企拜访？,您好，公司在2020年启动了对标提升工作，逐步建立了分层分级的对标管理体系，后续公司将坚持常态化持续对标，感谢您的建议。,0.07992757350050773
NONAI00174_000960_20230103,000960,锡业股份,2023-01-03,14.583333333333334,7,48,请告，12月末股东人数是多少？谢谢,感谢投资者对公司的关注。根据中登公司下发的相关数据，截至2022年12月30日收市，公司登记在册的股东人数为105362户。,1.5554119627662835
NONAI00175_000961_20230106,000961,中南建设,2023-01-06,2.0833333333333335,1,48,董秘您好！请问贵司投资的重庆中南上悦城一期项目已到交付时间，项目大面积未完成，该项目何时可完成交付？,您好！感谢您对公司的关注。重庆中南上悦城一期的施工确有延后，公司将努力克服困难，推进项目尽快完成交付。谢谢！,-0.5370931711015439
NONAI00176_000962_20230106,000962,东方钽业,2023-01-06,33.333333333333336,5,15,目前股东数量多少，机构投资者又是多少,2022年12月30日，公司股东人数为42618人。,3.5991992847994347
NONAI00177_000963_20230105,000963,华东医药,2023-01-05,0.0,0,21,请问公司生产销售蒙脱石散吗，产量多大？,您好！公司目前未生产销售蒙脱石散。感谢您的关注！,-0.8858440267461817
NONAI00178_000967_20230105,000967,盈峰环境,2023-01-05,11.956521739130435,11,92,请问现在股东人数是多少？！用于激励的股票收购还有多少要回购？计划什么时候完成,您好， 公司员工持股计划已于 2022年 10 月 12 日完成购买，具体内容请详见公司于 2022 年 10月 13日在公司指定信息披露媒体披露的《关于第二期员工持股计划完成股票购买的公告》。有关股东人数敬请关注公司定期报告，感谢关注！,1.1156826230404358
NONAI00179_000971_20230106,000971,ST高升,2023-01-06,0.0,0,40,董秘，您好！请问贵司实际持有人张岱承诺的12.31号之前解决业绩补偿问题，是否已经失约吗？请问最新进展是什么？,投资者您好，相应股份尚未完成补偿。如有最新进展，公司将及时履行信息披露义务。感谢您的关注。,-0.8858440267461817
NONAI00180_000973_20230106,000973,佛塑科技,2023-01-06,4.761904761904762,1,21,董秘您好！请问贵公司是否生产poe膜？,您好！公司目前没有生产POE膜。感谢您对公司的关注。,-0.08869921384415232
NONAI00181_000977_20230421,000977,浪潮信息,2023-04-21,8.333333333333334,2,24,尊敬的董秘您好！请问截止4月20日的股东人数是多少？谢谢！,感谢您对公司的关注！公司最新的股东总户数为26万余户。,0.5091593958323698
NONAI00182_000978_20230103,000978,桂林旅游,2023-01-03,20.0,7,35,尊敬的高管，能否劳驾您查查本月最新的股东数？麻烦您了！,"尊敬的投资者您好！截止2022年12月30日，公司股东总户数52,876户。感谢您对公司的关注！",2.4621641874423417
NONAI00183_000980_20230103,000980,众泰汽车,2023-01-03,18.75,6,32,董秘你好，12月31号至公司股东人数多少。,您好，截至2022年12月30日，公司股东人数为13.7万人左右，感谢您对公司的关注！,2.252913674055559
NONAI00184_000985_20230120,000985,大庆华科,2023-01-20,5.714285714285714,4,70,您好，请问截止1月10日股东户数是多少，谢谢！,《中国证券报》和巨潮资讯网（http//www.cninfo.com.cn）为本公司指定的信息披露媒体，本公司所发布信息均以上述媒体刊登的为准，敬请注意投资风险。 感谢您对公司的关心和关注！谢谢！,0.07072974873625358
NONAI00185_000987_20230103,000987,越秀资本,2023-01-03,5.769230769230769,12,208,公司期货业务营业额已经占比已经超过50%，但是公司定位的是【不良资产融资租赁投资基金管理战略投资中信】以及期货业务。\r\n\r\n公司将来对期货业务的定位是什么，期货业务是否会拆分上市。,投资者您好！公司2020年上半年完成“两进一出一重组”的全面战略转型，形成“不良资产管理、融资租赁、投资管理+战略投资中信证券”的“3+1”核心产业结构，并控股期货、金融科技等业务单元。近年来，广州期货不断优化管理，发展迅速，评级由BB级到BBB级，2022年更获评A级。广州期货营业收入主要来自于风险管理子公司广期资本。广期资本围绕能化、有色等优势品种，开展基差贸易业务。未来，广州期货将继续发挥风险管理等业务优势，不断深入与上下游企业合作，探索更多服务模式，切实服务实体经济。感谢您的关注！,0.07992757350050773
NONAI00186_000988_20230206,000988,华工科技,2023-02-06,6.666666666666667,2,30,截止11月30日股东数多少？,投资者您好，公司股东人数请您关注公司定期报告，感谢您对公司的关注。,0.2301587113166595
NONAI00187_000990_20230105,000990,诚志股份,2023-01-05,0.0,0,95,帅气的董秘先生！请问公司的清洁能源产品都包括什么，其主要市场用途是什么？,您好，公司作为国内领先的清洁能源领域工业气体及基础化工原料综合运营商，主要产品包括氢气、一氧化碳及合成气等工业气体，联产甲醇、烯烃、丁辛醇等化工产品，主要供应至南京江北新区及周边企业，下游产品众多且用途广泛。,-0.8858440267461817
NONAI00188_000997_20230207,000997,新大陆,2023-02-07,0.5555555555555556,1,180,请问董秘，公司不断提升核心竞争力，推动海外数字化建设进程，提升海外技术专业化服务能力。请问是否有为核心客户推进数字人民币服务？,您好，公司持续关注数字人民币在跨境支付方面的进展及新机遇，并积极参与数字人民币场景建设工作，在数字人民币的落地推广和技术完善的进程中，公司作为数字人民币产业联盟理事长单位正协同产学研相关方积极探索更多数字人民币的应用场景和技术方案，公司是唯一的总行级数字人民币受理系统建设外包服务商，积极参与国有大型银行数字人民币跨境支付的前置系统搭建，为人民币的国际化贡献力量，感谢您的关注！,-0.7928437985742783
NONAI00189_000998_20230129,000998,隆平高科,2023-01-29,10.344827586206897,3,29,请问目前股东人数是多少,尊敬的投资者，您好。请参考公司发布的定期报告。感谢您对公司的关注！,0.8458843599030546
NONAI00190_000999_20230104,000999,华润三九,2023-01-04,8.823529411764707,3,34,尊敬的董秘，我们在英特集团的英特药谷电商平台上面有看见新冠药在售卖，请问公司有跟英特集团合作吗？是否大量供货给英特集团？,公司与浙江英特药业有限责任公司、浙江英特电子商务有限公司有经销业务合作。,0.5912184206899317
NONAI00191_001201_20230104,001201,东瑞股份,2023-01-04,0.9345794392523364,1,107,本月起，即将实施的内地与香港的全面通关，会对贵公司全年运费产生积极影响吗？,您好，即将实施的内地与香港全面通关政策，将会进一步活跃香港的旅游业，从而带动消费。因公司供港业务活大猪的运输，从深圳关口到香港拍卖地点的运输费用已包含在代理行的佣金费用中，故全面通关对公司全年运费没有影响。感谢您的关注与支持，谢谢。,-0.7293950447747555
NONAI00192_001203_20230103,001203,大中矿业,2023-01-03,0.5434782608695652,1,184,牛董，我们是大中的投资者，我们所提出的问题，请您仔细看看，不要机器人似的回签，看公告就不浪费感情了，请认真回复，谢谢,尊敬的投资者，您好！感谢您的建议，公司尊重每一位投资者，高度重视投资者关系管理，始终认真对待投资者提出的每一个问题。基于信息披露的公平性，且公司无法以互动易问题回复代替信息披露义务。所以在与您交流的过程中，需以已公开披露信息作为交流内容。在以后的工作中，公司将继续与投资者保持沟通、用心维护投资者关系。也欢迎大家对我们的工作及发展提出宝贵意见，我们将认真听取建议，努力做到更好。感谢您对公司的关注，谢谢！,-0.7948655426649718
NONAI00193_001209_20230109,001209,洪兴股份,2023-01-09,2.5641025641025643,1,39,尊敬的董秘你好！兔年马上到了，中国的传统就是过年喜欢穿新的当年红色生肖属相衣服，袜子内裤等产品，我们公司旗下品牌有没有和兔元素有关的产品，例如联名产品或者兔年生肖衣服袜子内裤等产品？谢谢！,公司有部分与兔子图案以及过年传统红色元素相关的产品，可以通过各大电商平台进行选购。,-0.4566122044143197
NONAI00194_001211_20230105,001211,双枪科技,2023-01-05,0.0,0,45,请问公司的抗病毒抗菌产品对预防新冠病毒有效吗？谢谢,尊敬的投资者您好！公司抗菌产品主要针对金黄色葡萄球菌和大肠杆菌具有显著的抗菌效果。感谢您的关注！,-0.8858440267461817
NONAI00195_001215_20230214,001215,千味央厨,2023-02-14,8.219178082191782,6,73,公司你好，请问2022年年报审计工作开始了吗？公司聘请的审计机构是哪家？,尊敬的投资人您好，公司按照相关规定组织年报审计工作，将于2023年4月19日披露2022年年报。公司聘请的审计机构是德勤华永会计师事务所（特殊普通合伙），即德勤会计师事务所。,0.4900497599066363
NONAI00196_001216_20230104,001216,华瓷股份,2023-01-04,5.405405405405405,2,37,公司亿嘉产品在抖音上跟小杨哥有合作是否属实,尊敬的投资者您好！公司子公司华联亿嘉在抖音上与小杨哥有过少量合作。谢谢您的关注。,0.019023058169635416
NONAI00197_001227_20230120,001227,兰州银行,2023-01-20,22.22222222222222,6,27,尊敬的董秘您好！请问1月10日公司股东人数多少？谢谢！,"尊敬的投资者您好！截至2023年1月10日，我行股东总户数为106,694户。",2.834165100129955
NONAI00198_001229_20230523,001229,魅视科技,2023-05-23,2.2123893805309733,5,226,董秘你好，公司在人工智能领域，有视觉图像识别及人机智能交互方面业务吗？文本图像识别、自然语言处理、智能视频分析、智能人机交互等公司有在这些方便发展与投入吗？,尊敬的投资者，您好。近年来，公司以视频显示、坐席协作为基础，在指挥调度场景下对人工智能技术应用、大数据可视化技术、AI数据采集以及云计算产品与音视频技术超融合技术方面进行了深入研究，已取得相关发明专利《基于人体姿态和手势姿态视觉识别的大屏幕交互控制方法》、《一种可视化数据采集方法及系统》等多项知识产权。公司自主研发的“AI体感控制调度技术”融合AI技术实现了通过手势控制大屏进行人机交互，将分布式系统人机交互的可视化图形交互升级到人机自然交互，实现了无接触式控制，相关产品已得到应用。感谢您的关注。,-0.5154891357961239
NONAI00199_001231_20230109,001231,农心科技,2023-01-09,2.4390243902439024,1,41,听说贵公司正在扩大市场需求准备收购化肥生产企业,尊敬的投资者\n您好！\n感谢您对公司的关注。\n公司尚无收购化肥生产企业的准备和计划。\n祝好！,-0.47755034208904473
NONAI00200_001236_20230317,001236,弘业期货,2023-03-17,3.141361256544503,6,191,请问贵司是否为全牌照的期货公司，现在及未来是否会申请其他金融牌照，谢谢。,您好，公司的主营业务包括商品期货经纪、金融期货经纪、期货投资咨询、资产管理、基金销售。全资子公司弘业国际金融控股有限公司从事境外证券及期货交易服务，全资子公司弘业资本管理有限公司从事基差贸易、做市业务、场外衍生品业务、合作套保及仓单服务等。公司及全资子公司目前已取得经营所应具备的全部资质。关于公司未来是否申请其他金融牌照，相关信息请以公司公告为准，公司将严格按照法律法规的要求履行信息披露义务。感谢您的关注，谢谢！,-0.35997886221395287
NONAI00201_001238_20230103,001238,浙江正特,2023-01-03,0.0,0,25,你好，投资者在百度百科上查阅公司介绍时看到上面写到2008年集团公司就成为中国人民解放军总后勤部军需装备研究所防弹及复合材料实验基地，并且公司也研发成功防弹帐篷。请问这个情况属实吗？谢谢,尊敬的投资者，您好！我司目前不生产防弹帐篷。感谢您的关注！,-0.8858440267461817
NONAI00202_001239_20231214,001239,永达股份,2023-12-14,0.0,0,43,公司设备有用于c919、航母、航天、盾构机等重器相关行业吗？,您好，我们生产的产品主要应用领域涵盖隧道掘进、工程起重、风力发电等领域，盾构机属于隧道掘进，谢谢。,-0.8858440267461817
NONAI00203_001255_20230105,001255,博菲电气,2023-01-05,2.5641025641025643,1,39,请问贵公司与晶科能源合作开发的光伏电池边框到哪个阶段了？,您好，公司相关产品开发进度请关注公司在法定信息披露媒体披露的相关公告。感谢您的提问！,-0.4566122044143197
NONAI00204_001266_20230323,001266,宏英智能,2023-03-23,1.3888888888888888,1,72,您好，请介绍一下贵公司产品自动导航系统数据平台情况，谢谢。,尊敬的投资者，您好！公司自动导航系统主要是采用RTK精准定位及电液自动控制技术，可实现实时导航精度达2.5cm以下，为农用及工程车辆操控提供了精准控制。感谢您的关注。,-0.6533434563164231
NONAI00205_001278_20230314,001278,一彬科技,2023-03-14,2.5,1,40,你好，公司的股票是全面注册制吗，上市首日不设涨停限制吗,尊敬的投资者，您好！我司不是注册制上市公司，公司股票上市首日设有涨跌幅限制。感谢您的关注！,-0.4673429999726163
NONAI00206_001283_20230103,001283,豪鹏科技,2023-01-03,3.076923076923077,2,65,董秘你好，公司在动力电池回收方面除了现有赣州豪鹏，是否还有其他同类型子公司已建成或者在建的？,您好！感谢您对公司的关注。公司目前仅有参股公司赣州豪鹏的主营业务为废旧新能源汽车动力电池回收及梯次利用、废旧电池无害化和资源循环利用。谢谢！,-0.3707658399479473
NONAI00207_001287_20230517,001287,中电港,2023-05-17,1.7857142857142858,1,56,尊敬的董秘，贵公司出售的GPU.CPU准备涨价吗？,您好，公司产品采购定价模式为公司通过询价等方式与上游供应商协商确定价格，供应商可能对产品价格进行调整，影响产品定价。谢谢。,-0.5869147219079207
NONAI00208_001288_20230103,001288,运机集团,2023-01-03,14.285714285714286,3,21,请问到12.30股东人数是多少？谢谢,您好投资者，截止12.30公司股东人数10607户。谢谢关注！,1.5055904119599068
NONAI00209_001289_20230103,001289,龙源电力,2023-01-03,3.8461538461538463,4,104,请问，公司公告乌克兰的11月发电量比10月发电量减少了50%，是俄乌战争开始对这方面的业务有个影响了吗？,"尊敬的投资者，您好！公司乌克兰尤日内风电项目总装机容量为76.5兆瓦，目前处于正常运行状态。项目所在区域11月份平均风速相比10月份有所下降,是导致发电量波动的主要原因。具体数据信息请以公司在深圳证券交易所网站披露的相关公告为准。",-0.24199629324838873
NONAI00210_001298_20230111,001298,好上好,2023-01-11,0.0,0,63,你好，公司基于星宸车载芯片开发车载电子后视镜方案，进展如何？有应用产品了吗？应用到哪些车型？,您好，公司基于星宸车载芯片研发的电子后视镜方案在正常推进中，如有应披露信息，公司将会严格按照相关法律法规履行信息披露义务，谢谢您的关注！,-0.8858440267461817
NONAI00211_001300_20230105,001300,三柏硕,2023-01-05,2.717391304347826,5,184,新修订的《体育法》将于2023年1月1日起正式实施，万亿产业开启新阶段，体育行业前景广阔，请问是否利好公司？,尊敬的投资者，您好！关于贯彻实施国家新修订的《中华人民共和国体育法》，对持续深入推进体育赛事活动“放管服”改革、防范化解体育赛事活动安全风险隐患、完善体育赛事活动监管机制、加快推进体育强国建设具有重要意义，也为公司业务拓展提供了广阔的空间，公司作为体育健康产业相关企业，将持续关注后续各级政府推出的产业政策，积极响应国家关于全民健康建设的号召，结合公司业务抓住市场机遇，为体育健康产业助力！感谢您的关注！,-0.4309516063401323
NONAI00212_001306_20231117,001306,夏厦精密,2023-11-17,1.8181818181818181,1,55,董秘你好!公司销往博世的电动工具齿轮占年营收多少比例？谢谢！,您好！根据最新的说明书，因受到电动工具行业整体业绩下滑影响，销往博世的电动工具齿轮占公司年营收的比例不高。感谢您的关注！,-0.5814796436381341
NONAI00213_001308_20230103,001308,康冠科技,2023-01-03,4.651162790697675,18,387,尊敬的董秘：您好！看到贵司旗下有多家软件公司，请问贵司对软件方面有哪些布局，未来有哪些展望？还有贵司的运动镜在日本获奖，近期销量如何？公司是以自主品牌为主，还是为一线大厂如华为打工？谢谢！,尊敬的投资者，您好！公司旗下全资子公司深圳市康冠智能科技有限公司、深圳市皓丽软件有限公司的主要业务为自有智能显示产品相关配套软件的研发及销售，深圳市商城众网软件有限公司为自有网络商城平台；\n公司生产的43 M11UDT智能运动镜荣获日本G-Mark设计奖，该产品采用先进的TOUCH及镀膜技术，使得镜面、触控、显示三种功能集合为一体，实现运动健身与智能显示互动的有机融合，广泛应用于家庭健身领域，目前产品销售情况良好；\n公司的业务模式以ODM业务为主，同时拓展自有品牌业务，其中智能电视、教育类智能交互平板、拼接屏、单屏显示器、医疗显示器、AR智能运动镜等产品主要以ODM业务模式为主，会议类智能交互平板、电竞显示器、AR智能美妆镜、移动随心屏等产品主要以自有品牌运营为主。公司旗下自有品牌有“KTC”主要经营电竞显示器、移动随心屏等产品；“皓丽Horion”主要经营智能会议平板类产品；“福比特FPD”主要经营美妆镜等智能家居类产品，目前自有品牌产品在各大线上购物平台均有销售，市场反馈良好。感谢您的关注，谢谢！,-0.10723746530699016
NONAI00214_001309_20230103,001309,德明利,2023-01-03,22.22222222222222,6,27,请问，截至2022年十二月 30日公司的股东总数是多少？谢谢,您好，截至2022年12月30日公司含信用账户合并名册股东数为11403户,2.834165100129955
NONAI00215_001313_20230104,001313,粤海饲料,2023-01-04,0.0,0,48,疫情期间，有没有什么补贴政策或者补助啥的？,尊敬的投资者您好！疫情期间，政府出台有相关的补贴和优惠政策，公司会严格履行相关信息披露义务。感谢您的关注！,-0.8858440267461817
NONAI00216_001314_20230320,001314,亿道信息,2023-03-20,2.027027027027027,3,148,尊敬的董秘您好！公司有虚拟人技术吗？,——尊敬的投资者您好，感谢您的关注。数字虚拟人技术是应用软件、内容的技术，目前公司还不涉及其具体的产品；子公司亿道数码已经在提供大屏产品给商业展示、健身、教育等领域，同时其子公司亿境虚拟主要专注在VR（虚拟现实）、AR（增强现实）及MR（混合现实）类的产品定义、研发、生产及销售，也是一种虚拟大屏的3D终端产品，都可以用于虚拟人技术的相关产品。谢谢。,-0.5465188699027502
NONAI00217_001322_20230203,001322,箭牌家居,2023-02-03,7.792207792207792,6,77,贵司最近中标好几个几千万的大项目怎么不公告呢？,尊敬的投资者，您好！非常感谢您对箭牌家居的关注！如有应披露的大额合同，公司将按照深交所相关规则要求进行信息披露。公司将于2023年4月12日披露2022年年度报告，请您届时关注。谢谢！,0.41857475800259364
NONAI00218_001323_20230203,001323,慕思股份,2023-02-03,0.0,0,51,董秘您好，目前国内居民床垫消费基本集中在新房装修入住上，旧的床垫更新率较低，很大原因是旧的床垫不好处置，请问贵司在这方面有什么好的解决办法没有？,您好，感谢您对慕思股份的关注。就您提出的旧床垫处置，可通过新购买床垫的经销商进行回收，交当地的环保部门统一处理。,-0.8858440267461817
NONAI00219_001328_20230615,001328,登康口腔,2023-06-15,0.0,0,174,公司是否正式介入口腔医美行业？,尊敬的投资者，您好。公司主要从事口腔护理用品的研发、生产与销售，目前产品涵盖牙膏、牙刷、漱口水等口腔清洁护理用品，电动牙刷、冲牙器等电动口腔护理用品，口腔抑菌膏、口腔抑菌护理液等口腔卫生用品，以及牙齿脱敏剂等口腔医疗器械用品。未来，公司在巩固口腔护理业务基础上，将积极稳妥推进企业向高端制造和口腔医疗、口腔美容服务产业战略延伸，致力于成为口腔健康与美丽产业的引领者。感谢您的关心关注。,-0.8858440267461817
NONAI00220_001330_20230104,001330,博纳影业,2023-01-04,5.0,1,20,你好：贵公司官宣的电影都能撤播，所谓的适时开播是指避开节假日高峰期吗？还是见不得观众。,尊敬的投资者，请关注公司披露的相关信息，谢谢。,-0.04884197319905085
NONAI00221_001332_20230103,001332,锡装股份,2023-01-03,1.0638297872340425,1,94,核能、氢能、太阳能领域的技术突破与应用，是公司未来的主要发展计划吗？,尊敬的投资者您好，公司坚持以金属压力容器相关产品为主业，重视产品研发及技术创新，努力拓展产品的应用范围和领域，以核能、氢能、太阳能为代表的清洁能源相关领域是公司产品和技术主要的拓展方向。感谢您的关心支持！,-0.7077584834382815
NONAI00222_001339_20230303,001339,智微智能,2023-03-03,3.8461538461538463,1,26,请问公司是否涉及6G通信技术,尊敬的投资者，您好！公司未涉及6G通信技术，感谢您的关注，谢谢！,-0.24199629324838873
NONAI00223_001356_20250310,001356,富岭股份,2025-03-10,2.112676056338028,3,142,市场传宣公司为肯德基中国市场供应刀、叉等产品，要知道，肯德基对产品卫生和规格标准有着近乎苛刻的要求，还必须通过FDA（美国食品药品监管局）认证， 满足严格的验厂标准，并按照其管理程序进行生产，请问是真的吗？,投资者您好！公司的各类餐饮具产品均严格按照消费国和进口国的质量标准。公司已通过 ISO9001 质量管理体系认证和 ISO14001 环境管理体系认证，并且通过了 HACCP、GMP、BRC 等食品安全管理认证和国际零售业安全技术标准体系认证，公司生物降解产品则通过 BPI、DIN 降解认证，是行业内较早通过相关认证的企业。公司的其他产品也通过了 FDA 等认证。感谢您的关注！,-0.532181187219225
NONAI00224_001360_20230522,001360,南矿集团,2023-05-22,6.198347107438017,15,242,最新股东人数多少，为什么同一天上市的公司都进行了2022年度分红，你们没有。而且你们2022年度财报也没有发布，是不发布了嘛，还请董秘回答，上市一个月，从第一天达到高点，一直下跌，成为了10只首板注册制跌幅最大的股。让股东很难看到公司价值。董秘不经常和股东互动。,尊敬的投资者您好：\n1、关于股东人数：公司依据有关规定，会在定期报告中披露截止报告期末的股东人数。\n2、关于2022年度财务报告：公司2022年度财务数据及《审计报告》详见公司《首次公开发行股票并在主板上市之上市公告书》。\n3、关于公司股价：公司上市后的股价走势受到众多因素影响，不仅有公司生产管理、经营效率、业绩等内在因素，也包含市场情绪、行业景气度、宏观经济环境等因素。公司对未来发展充满信心，将继续做好各项经营管理工作，兢兢业业，努力经营，提升公司业绩，树立资本市场良好形象，回报各位股东。\n感谢您对公司的关注，我们会吸取您的建议，持续做好公司信息披露工作！,0.151761824758526
NONAI00225_001373_20230602,001373,翔腾新材,2023-06-02,14.285714285714286,4,28,想知道大概啥时候上市啊！,感谢您的关注。公司已于2023年6月1日正式在深交所主板挂牌上市。,1.5055904119599068
NONAI00226_001389_20240601,001389,广合科技,2024-06-01,3.4482758620689653,1,29,请问公司是富士康的供应商吗？每年供应量大不大？,受商业政策限制，未经许可公司不再回应具体的客户、供应商信息。谢谢！,-0.30860123119643634
NONAI00227_001391_20250102,001391,国货航,2025-01-02,1.8867924528301887,1,53,请问公司属于央企汇改吗？,尊敬的投资者，您好！公司是中国航空集团有限公司所属二级子企业，是国家发展改革委第二批混改试点企业。感谢您的关注，谢谢！,-0.5699941952189626
NONAI00228_001395_20250313,001395,亚联机械,2025-03-13,4.3478260869565215,4,92,国常会要求快递材料绿色材料，减少塑料污染，这会导制木制薄板需求量大增！贵公司当审时度势，拓业务多销售制板生产线？谢谢。,感谢您的关注。\n超薄纤维板生产线属于公司的主要产品之一。\n公司曾向市场推出了全球最薄0.8毫米高密度纤维板生产线，并实现180米/分钟稳定运行。\n公司在超薄纤维板生产线领域，拥有领先于竞争对手的技术优势。,-0.15801615409650274
NONAI00229_001872_20230130,001872,招商港口,2023-01-30,10.619469026548673,12,113,请问贵公司董秘，截止1月20日股东人数有多少，谢谢，再祝你及家人春节愉快、阖家幸福、兔年大吉。,"您好！感谢您的关注！截至2023年1月20日，公司A股股东户数为20,280户，B股股东户数为11,146户。谢谢！ 本公司选定的信息披露媒体为《证券时报》《中国证券报》《上海证券报》《大公报》和巨潮资讯网（www.cninfo.com.cn），公司所有信息均以在上述指定媒体刊登的为准，敬请广大投资者注意投资风险。",0.8918594498140964
NONAI00230_001914_20230112,001914,招商积余,2023-01-12,4.724409448818897,12,254,董秘您好！招商积余这个名字谁取的？这个名字第一感觉就是价值非常高的意思，请问公司未来的发展有没有培育品牌观念，公司的名字给人一种正规和价值的好感，再加上招商局这个品牌，公司有没有更多优质质产做品牌这方面的规划？,您好，感谢您对公司的关注。\n“积余”品牌取自“积善之家必有余庆”，意为对存量资产的管理、运营及服务等。品牌始于1914年，源于中国民族工商业的先驱招商局实行航、产分业管理，成立“积余产业公司”。2019年，公司重组上市，更名为“招商积余”，百年品牌成功复牌。\n自重组上市以来，公司着力重塑品牌，重新梳理并发布了品牌口号（百年积余，忠您所托）及品牌使命（让城市和生活更美好），明确了“招商积余”为物业业务主品牌。品牌复牌三年来，公司物业综合实力百强榜上升至第四位；物业服务力排名跨越上升至第四位，并获得多个业内重要奖项；积余品牌知名度美誉度不断攀升。未来公司将重点发力品牌赋能，助力公司长远健康发展。,-0.09497594465440458
NONAI00231_001965_20230110,001965,招商公路,2023-01-10,8.771929824561404,5,57,贵司下属全资子公司华祺投资有限责任公司近期获批山西省长治市武乡县15万千瓦光伏项目（见山西省能源局于2022年12月30日公布《2022年风电光伏发电保障性并网年度建设计划》），并要求于2023年9月底前全容量并网发电。按市场数据推算，该项目总投资达6亿元以上，为重大项目。请问该项目的实施是否表明贵司有意愿向光伏等新能源方向转型？目前还有无新能源项目正在推进？该类新能源项目将对公司发展有何影响？,您好，感谢您对公司的关注与支持！我司下属子公司华祺投资于2013年开始涉足新能源业务，目前公司拥有江苏丰县23.8兆瓦运营光伏电站。,0.582580628599662
NONAI00232_001979_20230111,001979,招商蛇口,2023-01-11,0.0,0,17,截止目前，股东人数是多少……,您好，股东情况请关注定期报告披露，谢谢。,-0.8858440267461817
NONAI00233_002001_20230105,002001,新和成,2023-01-05,2.272727272727273,1,44,尊敬的董秘你好，近期有看到辉瑞特效药在京东有售，后续该药是否会放量，公司有生产该药的原料药，目前这块业务是否有逐步放量？,尊敬的投资者您好！目前公司卡龙酸酐和氮杂双环能满足客户的需求，与客户一直保持着良好的沟通，谢谢！,-0.5053885478611222
NONAI00234_002006_20230117,002006,精功科技,2023-01-17,2.9411764705882355,1,34,请问董秘，精功科技是否参加吉林化纤高性能碳纤维项目招投标？,尊敬的投资者，目前，公司不存在应披露而未披露的信息，感谢您对精功科技的关注！,-0.39348987760081056
NONAI00235_002008_20230103,002008,大族激光,2023-01-03,0.0,0,60,您好!请问公司光刻机项目研发人员有多少人?,尊敬的投资者，您好！公司自主研发的光刻机项目主要聚焦在分立器件、LED等领域的应用，公司将根据市场需求及业务发展情况制定研发计划，谢谢。,-0.8858440267461817
NONAI00236_002009_20230111,002009,天奇股份,2023-01-11,1.2987012987012987,3,231,碳酸锂持续下跌，公司电池回收业务利润是否持续受挫？,尊敬的投资者，您好！近期碳酸锂价格持续下跌，带动销售价格下跌，同时也促使贸易商加速出货，拉动采购系数下行，采购成本随之下降。此外，公司锂电池循环业务的盈利情况还会受到市场供需情况、商业模式、产能规模、技术工艺水平、产品品质等多种因素影响。 \n公司持续提升工厂端能力，持续开展技术研发并提升工艺水平，进一步提升回收率及实际产量，提高柔性化生产能力及产品品质，不断提升自身盈利水平。同时，公司联合6大渠道资源构建锂电池回收循环利用体系，共建锂电池循环利用生态圈，全面提升公司在锂电池回收行业的综合竞争力。谢谢关注！,-0.6684408959547191
NONAI00237_002010_20230401,002010,传化智联,2023-04-01,3.658536585365854,3,82,请问公司未来有考虑和达摩院合作ai 提升效率吗,您好，截止目前公司暂无与达摩院开展相关合作的计划。公司非常重视数字化技术对传化货运网服务效能的提升，同时也将积极关注人工智能技术的发展趋势以及对物流行业的影响。感谢您的关注。,-0.2734034997604762
NONAI00238_002015_20230110,002015,协鑫能科,2023-01-10,1.7543859649122806,1,57,请问董秘，昨天斯诺威重整计划债权人会议结束，怎么没有公告,投资者您好，关于斯诺威破产案相关信息请关注全国企业破产重整案件信息网。如涉及公司披露事项，公司将及时进行披露，感谢您的关注。,-0.592159095677013
NONAI00239_002017_20230106,002017,东信和平,2023-01-06,2.7777777777777777,3,108,公司在数字经济方面有哪些布局？,尊敬的投资者，您好！公司将紧跟国家政策，围绕《“十四五”数字经济发展规划》中提出的产业政策发展方向，聚焦公司数字安全产业主线，公司数字安全模块与平台产品可在产业数字化转型的工业物联、交通、能源、教育、政务等应用场景中发挥重要的作用。感谢您的关注。,-0.4208428858866646
NONAI00240_002019_20230111,002019,亿帆医药,2023-01-11,31.818181818181817,7,22,请问一下截止到2022年12月31日合并股东总数是多少？,"您好，截止2022年12月30日公司股东人数为47,932人。谢谢！",3.5991992847994347
NONAI00241_002023_20230321,002023,海特高新,2023-03-21,1.8518518518518519,1,54,请问，海威华芯现在生产正常吗？订单量怎么样？参股公司也是国内芯片为数不多的代工企业，有没有上市的打算？,您好，公司生产经营一切正常，订单逐步放量。海威华芯将根据国家政策规定和公司实际业务情况决定进入资本市场，谢谢您的关注。,-0.5758432661731703
NONAI00242_002024_20230106,002024,ST易购,2023-01-06,14.814814814814815,8,54,荣耀12.26日上了荣耀一批新款，为什么苏宁易购线上APP，苏宁天猫店铺都搜不到，公司高层，请努力一点吧,您好，感谢您的关注。苏宁易购线上主站及猫宁旗舰店同步上线荣耀80GT，主站链接为 http://product.suning.com/0000000000/12401047094.html#?safp=d488778a.13701.productWrap.10&safc=prd.0.0&safpn=10007&ch=cu。,1.5941620578379099
NONAI00243_002025_20230220,002025,航天电器,2023-02-20,14.583333333333334,7,48,公司制定的7667目标，2022年完成情况如何？,非常感谢您对公司业务发展的关心和支持！公司2022年度经营指标完成情况，详见后续披露的公司《2022年年度报告》。谢谢！,1.5554119627662835
NONAI00244_002027_20230106,002027,分众传媒,2023-01-06,0.0,0,24,分众回购情况怎么样呢？,您好，公司回购进展情况烦请关注相关公告，感谢您的关注。,-0.8858440267461817
NONAI00245_002030_20230104,002030,达安基因,2023-01-04,0.0,0,41,请问公司2022年业绩预报什么时候发布？今年业绩会预增去年的50%吗？谢谢,投资者您好！感谢您对达安基因的关注。公司严格按照相关法律法规的要求履行信息披露义务。谢谢！,-0.8858440267461817
NONAI00246_002036_20230102,002036,联创电子,2023-01-02,23.076923076923077,6,26,您好，截止12月30号收盘，公司股东人数为多少。,"截止2022年12月30日收市，公司股东户数为82,388户，感谢您的关注！",2.977242374240576
NONAI00247_002038_20230213,002038,双鹭药业,2023-02-13,2.1739130434782608,2,92,全国当前已有42个诊断试剂通过卫计委审批，公司子公司辽宁迈迪的新冠诊断试剂盒2020年2月就通过省级验收，成为东三省首家，如今近三年过去了，为什么还无法正式获批？,您好，辽宁迈迪生物的核酸检测试剂盒目前未在国内获批，这不是公司方面的原因。公司产品已通过欧盟CE认证并进入国家商务部白名单（出口必须），因价格原因目前未对外出口。其病毒采样管国内部分省市有采购。谢谢关注。,-0.5219300904213422
NONAI00248_002042_20230111,002042,华孚时尚,2023-01-11,1.9886363636363635,7,352,董秘你好！请问华孚在与同行竞争时，有何竞争优势？,答：尊敬的投资者，您好。首先，公司作为色纺纱产业的引领者及全球最大的色纺纱供应商和制造商之一，经过近30年的发展，积累了较高的品牌影响力，华孚牌”是国家驰名商标；同时，公司通过优化产能布局、信息化及智能化等手段，实现了集聚订单、柔性生产、快速交货、定制服务的供应链系统，能够较好地满足客户需求；其次，公司拥有较高的产品创新能力，公司通过加强产业合作及人才引进，建立了趋势、色彩、材质、纺纱、染整、设计、应用、可持续发展等专业研发团队，可根据技术及市场发展趋势，持续研发新产品以满足市场需求；另外，近两年公司积极推进数智化升级战略及绿色低碳战略，在数智工厂建设、产业贯通的数字化平台建设、技术革新、循环再生等方面具有较大优势，随着产业集中度的提升、产业协同效应的逐步显现及公司网链转型战略的实施，公司前端网链形成了一定的规模，后端网链袜业品类模式取得突破，整体竞争优势逐步提升。感谢您的关注。,-0.5529454827217547
NONAI00249_002044_20230105,002044,美年健康,2023-01-05,3.9215686274509802,6,153,近期出现肺部感染的人越来越多，医院里做胸部CT的人排起了长队，请问贵司是否有相关业务和体检套餐？销量如何？,尊敬的投资者，您好！CT专项检是公司针对井喷的客户需求推出的重点专项，销量持续增长，最新每日CT检查量已经接近5万人次，创历史新高，同时公司通过官网、美年甄选小程序以及天猫京东的官方旗舰店等，推出了“阳康安心检”相关套餐，针对新冠感染后对人体呼吸系统，心肺和肝肾功能，五官和免疫系统等进行深度筛查评估。目前销量仍在快速增长，感谢您的关注，谢谢！,-0.22937182788568694
NONAI00250_002045_20230323,002045,国光电器,2023-03-23,2.9411764705882355,1,34,听说百度和openAI准备入股公司，请问具体比例多少？,公司严格按照信息披露相关规则做好信息披露工作，请留意公司后续的信息披露。,-0.39348987760081056
NONAI00251_002047_20230120,002047,宝鹰股份,2023-01-20,3.6496350364963503,5,137,公司在横琴有没有什么项目，最近三个月有没有中标什么工程？,您好，公司在珠海横琴参与多项大型工程项目建设，其中珠海横琴星艺文创天地凯悦酒店、珠海横琴星艺文创天地文化娱乐综合体、珠海横琴星艺文创天地办公楼的精装修工程项目荣获中国建筑工程装饰奖。关于公司其他经营情况请详见公司在指定信息披露媒体披露的公告及《2022年年度报告》，感谢您对公司的关注，顺祝新年快乐！,-0.2748936226971811
NONAI00252_002049_20230104,002049,紫光国微,2023-01-04,1.2048192771084338,1,83,请问公司产能利用是否充分，有没有收到疫情影响？订单是否充足？,感谢您的关注。公司采取多种措施积极应对近期疫情的影响，在保障员工身体健康的同时，努力稳岗稳产，各项经营工作基本正常。目前公司主要业务下游需求旺盛，公司产能稳定，订单交付情况良好。谢谢！,-0.684156784927596
NONAI00253_002050_20230119,002050,三花智控,2023-01-19,3.389830508474576,2,59,尊敬的董秘您好，想请问贵公司对于机器人热管理的主要原理能介绍一下吗，以及投入如何？产出情况如何？,人工智能是未来发展的方向，我司已对机器人机电执行器方面展开持续研究和产品开发工作，热管理方面我司也在关注。感谢您对公司的关注！,-0.3183850073921947
NONAI00254_002055_20230104,002055,得润电子,2023-01-04,28.571428571428573,6,21,您好，请问截至2022年12月31日，公司股东户数是多少？谢谢！！！,您好！\n截至2022年12月30日公司股东数为48002。\n谢谢！,3.5991992847994347
NONAI00255_002056_20230105,002056,横店东磁,2023-01-05,0.0,0,42,吴副总经理，公司于去年新签订的年产20GW新资项目，并且已经完成子公司“四川东磁新能源科技有限公司”注册。请问：新增项目何时动工开建？新增项目的第一期投资资本是使用公司自有资金还是采用特定定增方式？,您好，投资项目正在有序推进中，我们会在控制适度资产负债率的情况下，统筹安排确定资金来源，谢谢。,-0.8858440267461817
NONAI00256_002059_20230203,002059,云南旅游,2023-02-03,0.0,0,55,新闻联播讲中国和老挝已在商议开行中老铁路国际列车，会对本公司业务有何促进！,您好，感谢您的关注。公司密切关注所处行业的相关政策动态以及市场变化，综合考虑市场机遇及发展战略等因素，积极拓展相关业务。,-0.8858440267461817
NONAI00257_002060_20230104,002060,粤水电,2023-01-04,0.0,0,31,请问今年签订的合同，有多少开工，有多少未开工的？,您好！公司承接的工程施工项目，按照监理发出的开工令进行开工建设。谢谢！,-0.8858440267461817
NONAI00258_002063_20230322,002063,远光软件,2023-03-22,2.8735632183908044,10,348,董秘，您好！任正非说：今年4月份我们的MetaERP将会宣誓，完全用自己的操作系统、数据库、编译器和语言……，做出了自己的管理系统MetaERP软件。对贵公司是否有影响？贵公司的管理系统市场竞争力如何？,尊敬的投资者，您好！公司专注大型企业管理信息化逾30年，长期为能源行业企业提供信息化管理产品与服务，对能源行业、特别是电力行业的产业特性、经营特点、管理模式、业务流程等有着长期、深入、全面的理解，有利于公司及时掌握客户的需求和信息化建设的方向。“远光DAP”是结合大数据、人工智能、移动互联和区块链等前沿技术自主研发的新一代企业数字核心系统，高度适应集团企业管理模式的差别和变化，充分满足集团企业“统分结合”的管控模式，能满足多行业、多场景应用。依靠自主研发，“远光DAP”实现从底层基础设施支撑到上层业务应用的全栈信息技术创新应用和适配，符合国家“安可替代”战略，同时具有高度开放和充分共享的特点。远光产品已成功应用于能源电力、航天航空、高端装备、冶金冶炼、制造、金融、医疗卫生等多个行业；未来，公司将继续坚持自主研发，立足企业数字化转型需要，服务国家“安可替代”战略，助力企业数字化转型。谢谢！,-0.40480836378806057
NONAI00259_002065_20230113,002065,东华软件,2023-01-13,0.0,0,34,最近公告提示员工持股存续问题。如不再存续，对于持股亏损，薛董事长是否承诺补偿？,您好，公司按照相关规定及时履行信息披露义务。感谢您对东华软件的关注与支持。,-0.8858440267461817
NONAI00260_002067_20230223,002067,景兴纸业,2023-02-23,0.0,0,68,23年了，请问董秘贵公司马来西亚项目到底进展如何，过去一年贵公司从来没有正面回应过项目的具体进程，意欲何为。,尊敬的投资者：\n 公司马来西亚项目部分设备已经开始进行单机调试。具体投产时间需要根据设备调试情况以及马来政府对项目的验收情况来决定。感谢您的关注。,-0.8858440267461817
NONAI00261_002073_20230308,002073,软控股份,2023-03-08,3.8461538461538463,2,52,董秘，您好。公司前十大流通股东中：第2，5，6，7，8，9，10大股东都是国家基金，合计持股达1亿股。是否为一至行动人，是否达到了举牌的相关规定。谢谢。,您好，公司未知前十大股东之间是否存在关联关系，也未知前十大股东是否属于《上市公司收购管理办法》中规定的一致行动人。,-0.24199629324838873
NONAI00262_002076_20230104,002076,*ST雪莱,2023-01-04,0.0,0,36,二级市场也是投资人之一，请问10转4.5股何时到账户？是券商显示的问题吗？,本次重整之资本公积转增的股票由债权人及投资人认购。请您关注有关公告内容。谢谢！,-0.8858440267461817
NONAI00263_002077_20230317,002077,大港股份,2023-03-17,3.2967032967032965,3,91,公司没有了科阳公司后，是不是就没有半导体业务了,苏州科阳出表后仍然为公司的参股子公司，财务核算上，公司按持股比例应享有的苏州科阳生产经营损益计入投资收益科目。集成电路依然是公司主业，公司会进一步聚焦全资子公司上海旻艾集成电路测试业务的发展。,-0.3339745408909306
NONAI00264_002079_20230103,002079,苏州固锝,2023-01-03,2.2222222222222223,1,45,公司参股的明皜传感 目前上市进展如何？麻烦介绍一下谢谢......,投资者您好：\n 关于明皜传感科技有限公司的相关事宜，建议登录明皜官网，或是联系对方咨询较为明确，谢谢。,-0.513843114058568
NONAI00265_002081_20230103,002081,金螳螂,2023-01-03,0.0,0,30,金螳螂对各大债主的诉讼无任何实质性进展是否会对2022年年报形成不利影响？,尊敬的投资者，公司的诉讼都在正常进行中，请您关注我们定期报告，谢谢,-0.8858440267461817
NONAI00266_002084_20230103,002084,海鸥住工,2023-01-03,21.73913043478261,5,23,您好，请问，贵公司截止12月30日股东人数是多少？谢谢！,"您好！截至12月30日公司股东数为45,424户。谢谢您的关注！",2.7532953365022133
NONAI00267_002089_20230201,002089,*ST新海,2023-02-01,1.7241379310344827,1,58,董秘，你好，公司现在被实施退市风险警示，请问公司是否属于告知书上的自循环还是有实际的业务，公司对于取消退市风险警示是否有信心,您好，感谢您的关注，公司在专网通信业务方面有自己的生产和研发，建立了实验室，申请了专利，赛安电子曾经被评为苏州园区瞪羚企业。谢谢！,-0.5972226289713091
NONAI00268_002090_20230309,002090,金智科技,2023-03-09,27.272727272727273,6,22,您好董秘！请问贵公司截至目前股东人数多少？,"您好，截止2023年2月28日，公司股东人数为70,228户。谢谢！",3.5991992847994347
NONAI00269_002093_20230105,002093,国脉科技,2023-01-05,0.0,0,37,公司跟阿里巴巴有业务合作吗,您好！公司主营业务为运营商、政府、教育、医疗等行业客户提供专业技术服务。谢谢您的关注！,-0.8858440267461817
NONAI00270_002095_20230103,002095,生意宝,2023-01-03,10.144927536231885,7,69,贵公司 有B2B交易平台吗？公司是抽佣还是只收每单 的流量费？,公司的商业模式：一个平台；3+1个服务：\n一个平台是指公司运营的：原材料交易平台\n3+1个服务是指：价格大数据服务、买卖撮合服务、供应链金融服务与在线交易服务。,0.8124210094364027
NONAI00271_002096_20230103,002096,南岭民爆,2023-01-03,13.043478260869565,6,46,"请问本次停牌大木既会停多长时间,谢谢",本次停牌时间为1天。经向深圳证券交易所申请，公司股票已于2022年12月29日开市起复牌。谢谢您对公司的关注。,1.297639591202855
NONAI00272_002100_20230106,002100,天康生物,2023-01-06,3.5714285714285716,1,28,请问目前贵公司销售的生猪是否还在盈利区间内？,尊敬的投资者，您好！相关业绩情况请关注公司披露的定期报告。谢谢！,-0.28798541706965963
NONAI00273_002102_20230103,002102,ST冠福,2023-01-03,11.805555555555555,17,144,"董秘新年好！\n贵司2022年12月30日《关于争取撤销风险警示所采取的措施及有关工作进展情况的公告》表述“上表中，已判决的诉讼标的金额为 226,405.74 万元，其中公司胜诉和已和解的诉讼标的金额为 224,905.74 万元，占总金额的 99.34%，即绝大部分诉讼已妥善解决，仅余 0.66%在推进和解工作 ”\n是不是余下的0.66%的工作完成后，公司基本就为申请摘帽扫清障碍了？",根据深圳证券交易所《股票上市规则（2018年修订）》第13.3.1条、第13.3.2条的规定，公司股票自2018年10月16日开市起被实行其他风险警示股票简称由“冠福股份”变更为“ST冠福”。根据深圳证券交易所股票上市规则（2022 年修订）第9.1.8 条规定，对于上市公司申请撤销风险警示的，需要经交易所就公司是否符合撤销风险警示条件的说明及提供有关证明材料。,1.090410821906766
NONAI00274_002104_20230208,002104,恒宝股份,2023-02-08,21.008403361344538,25,119,董秘您好！截止到今天下午有多少人报名参与公司的一卡易拍卖？,"您好，公司已于2022年12月13日、2022年12月28日和2022年12月31日在指定的信息披露媒体《证券时报》、《中国证券报》、《上海证券报》和网站巨潮资讯网（http://www.cninfo.com.cn）上披露了《关于以公开拍卖方式转让深圳一卡易科技股份有限公司51.102%股权的进展公告》（公告编号：2022-056/2022-057/2022-058）,敬请查阅。感谢您的关注！",2.630971324292183
NONAI00275_002106_20230108,002106,莱宝高科,2023-01-08,2.0,3,150,公司有打算学全聚德卖酒么？这工资翻倍的涨，股票五年不涨的话，也会不好意思的吧？,尊敬的投资者：您好！感谢包括您在内的广大投资者一直以来对莱宝高科的关注和支持！公司未来在积极优化发展主营业务的同时，采取自主开发或者合作开发等多种方式，持续开发新产品、新工艺、新技术，不断培育出新的业务和利润增长点，同时积极寻找适合公司未来发展的有利发展机会，致力于长远可持续发展。具体进展请您积极关注公司相关公告信息。谢谢！,-0.5510432053273293
NONAI00276_002110_20230106,002110,三钢闽光,2023-01-06,6.369426751592357,10,157,公司1月12日将选举新一届董事会管理层，请问现任的这一届董事会是何时选举的，在任期内企业业绩变成了亏损，企业市值、资产大幅下降，为什么还能得到提名？,公司第七届董事会任期将于2023年1月届满，按照《公司法》和《公司章程》的有关规定，公司对董事会进行换届选举。选举董事事项已经公司第七届董事会第三十次会议审议通过，董事候选人将提交到公司2023年第一次临时股东大会分别以累积投票制进行选举。经公司股东大会选举后当选为公司第八届董事会董事的，其任期为三年，自公司股东大会对董事会进行换届选举之日起计算。,0.18040062745398505
NONAI00277_002113_20230110,002113,ST天润,2023-01-10,7.142857142857143,3,42,董秘您好，请问目前小草车服交付了多少台车了？谢谢！请您及时回复,您好，公司及子公司旗下并未有小草车服，您可以登陆巨潮资讯网关注公司发布的公告，谢谢您的关注！,0.30987319260686247
NONAI00278_002115_20230202,002115,三维通信,2023-02-02,9.782608695652174,9,92,请问浙江组织的公司欧洲行有成果吗，\n年报预披露是几号啊,尊敬的投资者您好，公司近期在欧洲召开了2022年欧洲渠道大会，邀请了来自英国、法国、德国等地的50余家国际合作伙伴出席，共同聚焦欧洲市场，探索无线领域协同发展。年报预披露时间为2023年4月29日。感谢您对公司的关注！,0.751768686715596
NONAI00279_002116_20230214,002116,中国海诚,2023-02-14,7.246376811594203,5,69,今年是国企改革年，公司有没有进行重组或引入优质资产的预期？,公司正在推进非公开发行股票工作，拟通过非公开发行股票方式募集资金投入公司“数字化转型升级建设项目”和“‘双碳’科创中心项目”。目前暂无重组或引入资产的计划。,0.32720242766995
NONAI00280_002117_20230306,002117,东港股份,2023-03-06,3.125,2,64,公司做为一家高级印刷企业，数字水印技术应该会很快，很客易掌握和突破，请问公司在数字水印方面是否有投入和布局安排？,尊敬的投资者，您好!\n我公司关注数字水印技术的发展，但目前尚未涉及该项技术，未来将根据业务发展情况适时进行技术研究。\n感谢您对我公司的关注。,-0.3627177432792249
NONAI00281_002120_20230224,002120,韵达股份,2023-02-24,4.484304932735426,10,223,快递价格过低挤压利润空间，并且已经严重影响快递公司进一步提升服务品质，请问2023年韵达公司的快递价格是否能维持回升态势？,您好，尊敬的投资者，感谢您的关注。自2021年下半年以来，随着行业各类鼓励高质量发展措施的推进，我国快递产业发展环境迎来新局面，服务竞争成为新的行业发展重心。基于对行业发展环境变化的判断、广大消费者日益增长的多元化快递需求、电商平台出于提高客户粘性的考虑而推出的专项快递服务等综合因素考虑，快递公司将更加重视服务品质和服务时效的提升；同时，我们也预计2023年不太会出现比较大幅度的行业价格波动。自2022年8月份以来，公司披露的月度经营数据中单票快递收入连续多月保持增长，持续保持较高水平。谢谢！,-0.13516953925996575
NONAI00282_002121_20230111,002121,科陆电子,2023-01-11,2.857142857142857,2,70,公司目前有几个储能生产基地?分别生产什么储能产品?,您好，公司宜春储能生产基地主要生产箱式储能系统及配套储能设备，子公司四川科陆新能电气有限公司主要生产PCS储能变流器及中压成套设备。感谢您对公司的关注。,-0.40755713900496404
NONAI00283_002122_20230103,002122,ST天马,2023-01-03,20.833333333333332,5,24,你好！截止目前，贵司股东人数多少？,您好，截止2022年12月30日，公司的股东人数是37094人。感谢关注！,2.6016645297001966
NONAI00284_002123_20230324,002123,梦网科技,2023-03-24,1.7241379310344827,1,58,董秘您好！请问在chatbot应用中，消费者发问时，需要像发短信那样支付通信费用吗？商家会承担这部分费用吗？现在大部分商家的做法是怎样的？,尊敬的投资者您好！5G消息的Chatbot的大部分场景是基于企业为手机用户提供的行业消息服务，面向企业收费，面向个人是免费的。感谢您的关注！,-0.5972226289713091
NONAI00285_002124_20230105,002124,天邦食品,2023-01-05,22.22222222222222,6,27,请问，截止到2022年12月31日，公司股东人数有多少？,"您好，截止至2022年12月31日，公司股东总户数107,540户，谢谢您的关注。",2.834165100129955
NONAI00286_002127_20230308,002127,南极电商,2023-03-08,1.1695906432748537,2,171,董秘你好，最近政府大力支持数字经济发展，请问，公司业务发展是否属于数字经济类型？,尊敬的投资者，您好。公司通过数字化平台搭建研发体系，指导产业链条根据消费需求迅速反应，提升产品上新速率，提高授权经销商产品周转效率；授权经销商可以通过店铺诊断工具，对店铺进行持续、稳定的数据化追踪，洞察店铺潜在问题；同时，公司提供爆款运营策略，帮助经销商了解垂类赛道，提升店铺爆款打造效率，并通过对消费者评论的监控与分析，帮助授权经销商进行质量管理。感谢您对公司的关注与支持。,-0.6900540727000691
NONAI00287_002129_20230212,002129,TCL中环,2023-02-12,4.419889502762431,8,181,公司硅片产品是满产满销还是供不应求？硅片排单情况到明年几月？,您好，1、2021至2022年因供应紧缺，原材料价格攀升，装机与市场需求被严重抑制。随着供应压力缓解，近期产业链价格加速下跌，是回归平价上网的正常表现，2023年光伏行业需求有望进一步放量；2、公司根据下游订单需求合理制定排产计划，保障产品供应；同时，公司持续通过技术创新与工业4.0制造方式转型，进一步降低制造成本，持续提升核心竞争力，结合原材料价格下行周期，公司相对制造优势将进一步凸显，保持盈利能力。感谢您关注，谢谢！,-0.1459527086934693
NONAI00288_002130_20230415,002130,沃尔核材,2023-04-15,0.0,0,103,尊敬的董秘您好！请问贵公司有生产移动充电桩吗？,感谢您的关注！公司暂不生产移动充电桩。公司新能源汽车业务相关产品有电动汽车充电枪、车内高压线束、高压连接器、新能源电池用硅橡胶制品等，其中充电枪主要包括直流充电枪、交流充电枪和大功率液冷充电枪，部分产品可适配移动充电桩。谢谢！,-0.8858440267461817
NONAI00289_002131_20230411,002131,利欧股份,2023-04-11,3.5714285714285716,1,28,公司持有的理想汽车股票卖完了么？,您好，公司持有理想汽车股票情况可详见公司披露的定期报告。谢谢！,-0.28798541706965963
NONAI00290_002132_20230104,002132,恒星科技,2023-01-04,21.73913043478261,5,23,请问截止12月30日公司的股东人数是多少？谢谢！,您好，截止2022年12月30日，公司股东人数为7.42万户，谢谢！,2.7532953365022133
NONAI00291_002137_20230307,002137,实益达,2023-03-07,7.6923076923076925,3,39,请问贵公司或者子公司，有没有与6G相关的产品，应用，或者技术储备 和产品研发,您好，公司暂无6g业务。关于公司具体业务内容详见公司披露的定期报告。感谢您对公司的关注！,0.4018514402494043
NONAI00292_002138_20230103,002138,顺络电子,2023-01-03,1.1583011583011582,3,259,尊敬的领导您好，根据公司专业的角度，这里可否告知公司产品在汽车电子上的应用空间和以智能手机为代表的消费电子的市场空间是否有可比性，毕竟公司营收已经较大，如果没有足够的新的市场增量很难再取得长足的发展？谢谢,"尊敬的投资者，您好！通讯及消费类领域属于存量市场,公司多年在通讯及消费类领域投入资源,客户已经基本覆盖所有的手机及消费电子类供应链客户,未来增速会放缓。\n公司重点聚焦的新兴领域将为公司的增量市场业务, 汽车电子是公司提前布局的重要新兴业务领域之一，汽车电子行业的进入门槛较高,对产品的技术及工艺要求高,行业认证周期长,资本投入高。公司布局较早,拥有核心优势,随着近年来国内新能源汽车市场需求量快速增长以及未来自动驾驶及智能化应用,供应品类逐步增加,汽车电子对磁性器件的需求将越来越大,单车价值贡献不断在增加,将为汽车电子打开更大的市场空间。谢谢您的关注和支持！",-0.6919439371213638
NONAI00293_002139_20230331,002139,拓邦股份,2023-03-31,4.411764705882353,3,68,公司业务中涵盖了哪些算法，软件等数字经济相关部分？,您好。公司看好数字经济发展带来的新机会，公司以智能控制技术及算法，赋能终端产品，提供具备智能感知、交互、通信、云平台等功能创新型智能化产品。感谢您的关注。,-0.14731280302812502
NONAI00294_002140_20230110,002140,东华科技,2023-01-10,10.465116279069768,9,86,此前公司针对FTO和POE都有公告，内容如下：\n1.FTO中试项目——FTO技术所得烯烃几乎皆为α-烯烃，中试装置已实现机械竣工，正在进行试车准备。\n2.POE中试项目——POE即聚烯烃弹性体，中试装置正在建设之中，预计于2022年底前后可实现机械竣工，计划在2023年上半年试车。\n请问以上两个项目的最新进展如何？,首先感谢你对本公司的关注！\n2022年11月底，本公司在《东华科技投资者活动信息》（编号：2022-003）中具体介绍了FTO中试项目、POE中试项目等进展情况。目前，上述2个中试项目的进展情况与计划进度基本保持一致。\n谢谢！,0.8660207364919993
NONAI00295_002142_20230214,002142,宁波银行,2023-02-14,20.0,4,20,啥时候公布业绩快报。别的银行大部分都公布了。,感谢您的关注。2022年业绩快报已于2月11日披露。,2.4621641874423417
NONAI00296_002144_20230103,002144,宏达高科,2023-01-03,31.57894736842105,6,19,截止12月20日，股东人数多少,"您好，截至2022年12月20日，股东总户数为17,630户。",3.5991992847994347
NONAI00297_002148_20230321,002148,北纬科技,2023-03-21,4.166666666666667,4,96,我么好永辉创投持有的公司，有没有开展6G，卫星项目的研发，大约什么时间能上市？,您好，目前行业内6G技术研发仍处于探索阶段，公司所参股的公司尚未涉及该技术的研究与应用，也暂没有参股公司从事卫星项目研发。各参股公司会积极关注新技术发展态势，并根据行业及自身情况做出应用布局和规划。谢谢关注。,-0.18834231545690594
NONAI00298_002152_20230103,002152,广电运通,2023-01-03,1.098901098901099,1,91,请问数字人民币要试点到哪一年，才能正式发行？,数字人民币相关业务由中国人民银行主导，市场推广进度将遵照国家规划与主管部门部署逐渐展开。公司将紧跟国家政策导向，积极配合推进数字人民币试点进程，拓展多种场景应用，稳扎稳打推进数字人民币场景落地。,-0.701887531461098
NONAI00299_002153_20230103,002153,石基信息,2023-01-03,2.816901408450704,4,142,你好，领导！请问贵公司在国内有无竞争对手？国外的话竞争对手有哪些？请领导介绍下，谢谢！,公司在酒店信息系统业务领域国际上的主要竞争对手包括Oracle、Infor、Agilysys 等公司；公司作为新进入者在海外市场中面临和这些老牌公司的激烈竞争，公司主要靠技术和产品领先来赢得竞争。在国内有众多从事酒店信息系统业务的竞争者，但无论从产品、技术、服务能力和研发投入规模等都和公司有一定差距，处于不同发展阶段。感谢您对公司的关注。,-0.4142935740435728
NONAI00300_002154_20230114,002154,报喜鸟,2023-01-14,0.0,0,24,现在抗病毒面料概念异常火爆，且预计抗病毒面料服装需求会非常旺盛，毕竟健康第一位。报喜鸟的消费者收入都较高，对抗病毒面料服装价格接受力应较强，公司应立即行动起来，最好能自已生产面料比如与中广核技合作。,您好！感谢您的建议，我们会将您的建议向董事会转达。谢谢！,-0.8858440267461817
NONAI00301_002156_20230111,002156,通富微电,2023-01-11,20.689655172413794,12,58,请问贵公司四季度库存压力大不不，明年一季度可否回到正常水平？,尊敬的投资者，您好！公司2022年四季度及2023年一季度库存具体情况，请关注公司后续披露的2022年年度报告及2023年第一季度报告。感谢您的关注！,2.577612746552291
NONAI00302_002161_20230104,002161,远望谷,2023-01-04,0.0,0,86,请问公司是否属于数据确权概念板块,您好！公司主营聚焦铁路、图书、服饰零售三大业务，同时大力开拓电力、医疗、烟酒防伪、资产管理及其他新兴行业领域RFID物联网垂直应用领域市场，为客户提供高性能的RFID技术、产品和整体解决方案。感谢您的关注！,-0.8858440267461817
NONAI00303_002162_20230103,002162,悦心健康,2023-01-03,26.923076923076923,7,26,请问截止 2022年12月30日 股东数量及机构数是多少 谢谢,"您好，截止2022年12月30日，公司股东总户数76,828户，机构股东593户。",3.5991992847994347
NONAI00304_002166_20230102,002166,莱茵生物,2023-01-02,5.0,6,120,"广西中医药管理局发布预防茶饮方中有罗汉果配方,公司作为全国植提龙头企业,罗汉果占公司营收不小份额,请问这对公司有何影响,订单量是否有所增长？",您好，12月9日广西壮族自治区中医药管理局发布《广西壮族自治区新型冠状病毒肺炎中医药防治方案（试行第四版）》，其中【预防方案】版块提到“罗汉果可作为预防茶饮方”。上述方案发布后，公司终端产品冻干罗汉果日订单量加速提升，投资者可通过小程序--Ulife优植生活进一步了解产品信息。谢谢。,-0.04884197319905085
NONAI00305_002168_20230120,002168,惠程科技,2023-01-20,2.6315789473684212,1,38,请问公司被立案调查，影响公司的收购和重组吗？,您好，目前立案调查尚未完结，公司目前尚无须披露的收购或重组计划。感谢您对公司的关注！,-0.4453166301424286
NONAI00306_002171_20230104,002171,楚江新材,2023-01-04,1.5384615384615385,1,65,董秘你好，2022年12月30日公司公告的：华泰证券关于可转债募投项目实施主体变更核查意见中，披露募投项目投资进度截止2022年11月30日进度，仅比公司2022年半年报多投了百分之几，进度大大低于预期，公司半年报说预计2022年12月31日投产，为何会如此延缓？后续大约什么时候才能投产？,尊敬的投资者，您好！由于受疫情及市场结构变化的影响，项目建设初期进度有所延缓，目前相关项目正有序推进中，具体进展情况详见公司公告。感谢您的关注！,-0.6283049333470645
NONAI00307_002173_20230104,002173,创新医疗,2023-01-04,1.8867924528301887,1,53,新年新气象，是否能提前预披露一下2022年的业绩。应该能扭亏为盈吧？？,尊敬的投资者您好！关于业绩情况，公司将按照相关法律法规的规定及时履行信息披露义务，请关注公司后期公告，感谢您的关注！,-0.5699941952189626
NONAI00308_002174_20230120,002174,游族网络,2023-01-20,5.555555555555555,1,18,你好，请问三体宇宙公司与游族网络上市公司是否有股份关联,您好，上市公司未持有其股权，感谢您的关注！,0.04415825497285255
NONAI00309_002177_20230116,002177,*ST御银,2023-01-16,3.260869565217391,3,92,请问截止到2022年12月30日，公司的股东人数是多少？谢谢！,尊敬的投资者您好！为保护全体股东权益，确保所有投资者平等获悉公司信息，根据信息披露相关规则，公司将在各期定期报告中披露对应时点的股东总数等信息。敬请关注公司年度报告披露相关内容，感谢您对公司的关注！,-0.33997312225892246
NONAI00310_002179_20230105,002179,中航光电,2023-01-05,10.614525139664805,19,179,王总好！请问大股东河南投资转融通借出证券何时到期收回？是否存在以转融通方式实质性减持的情况？,您好，公司于2022年9月17日披露《关于持股5%以上股东参与转融通证券出借业务的预披露公告》，二股东河南投资集团本次拟参与转融通证券出借业务的参与期间为该公告披露之日起15个交易日后的6个月内，证券出借交易实行固定期限，分为3天、7天、14天、28天和182天共五个档次。”该业务为“出借”性质，因此河南投资集团参与出借的股份所有权不发生转移，如有相关问题可通过投资者热钱0379-63011079与工作人员联系，感谢您的关注，谢谢！,0.8910318411192358
NONAI00311_002180_20230201,002180,纳思达,2023-02-01,12.121212121212121,4,33,"尊敬的董秘,能简单说明下公司2022年4季度归母利润同比下降的原因吗?",尊敬的投资人您好，请参考2022年度业绩预告的内容（公告编号：2023-006），感谢您的关注！,1.1432518606408022
NONAI00312_002181_20230316,002181,粤传媒,2023-03-16,7.407407407407407,2,27,都是大湾区，会不会和TVB有合作意向？,尊敬的投资者，您好！公司暂无相关合作意向。感谢您对公司的关注。,0.35415901554586404
NONAI00313_002183_20230417,002183,怡亚通,2023-04-17,4.0,1,25,请问一下，贵公司在人工智能这块上有业务或者合作吗？,投资者您好，公司目前暂无人工智能相关业务。感谢您的关注。,-0.21624238390847703
NONAI00314_002184_20230105,002184,海得控制,2023-01-05,1.0683760683760684,5,468,您好，可否介绍一下公司工控领域有关数据确权的相关技术和产品？谢谢！,投资者你好！公司主营业务中的工业信息化业务主要是围绕“数据”，为客户提供从数据采集、数据连接、数据融合、数据优化及智能化的产品、解决方案和服务。通过帮助用户建立数字基座，挖掘各个层级应用端的数据价值，形成以数字驱动为特征的运营管理模式。同时，围绕工业用户的行业应用需求，开展以控制技术和工业信息化相融合为主要特征的软硬件产品、成套系统与工程的研发、生产和销售。\n 公司相关产品包括具备冗余功能的中型PLC、SCADA软件、可形成统一拓扑的综合网络管理软件、可实现采集、控制、传输、存储、计算、web发布功能于一体的边缘控制产品及Indus Cloud工业私有云一体机等。上述产品或系统以工业数据管控为核心，属于工业大数据领域。我们通过为客户提供工业数据基座的方式，为工业企业大数据及数据确权提供了更深度、更实时、更广泛的基础。\n 工控行业涉及的产品及技术、结合工艺的应用场景复杂繁多，加之工控行业关键应用所需的产品依然为国外厂商占据主导地位，从产品技术角度来看，国内企业依然任重而道远，从市场环境角度来看，自主可控与国产替代的前景虽然广阔，但依然需要通过相当长的时间逐步实现。\n 希望投资者理性对待工控行业发展的机会与风险，理性对待公司所处行业的概念与现实。谢谢。,-0.7069974341079059
NONAI00315_002185_20230113,002185,华天科技,2023-01-13,2.6315789473684212,1,38,请问贵公司Chiplet封装技术是否已经量产？ 另外公司增持情况如何？ 感谢回复,已经量产；公司控股股东天水华天电子集团股份有限公司按其增持计划增持公司股份。谢谢！,-0.4453166301424286
NONAI00316_002186_20230104,002186,全聚德,2023-01-04,3.9603960396039604,4,101,全聚德作为创建于1864年中华老字号品牌销售的酱酒最高才800块是对品牌的伤害，茅台1951年才成立，建议贵公司一千元以下的酱酒使用丰泽园商标，1499以上才使用全聚德商标，而且千元以下酒品也非报销场景用酒的目标饮品,您好：为给消费者提供更多选择，公司采取委托加工方式推出两款全聚德定制酱香型白 酒，2022年底在全聚德天猫旗舰店等线上平台及京内京外各家门店上市销售，公司将坚持守正创新，继续做好餐饮及餐饮产品食品化业务，谢谢您的关注和建议。,-0.2228721031444939
NONAI00317_002194_20230104,002194,武汉凡谷,2023-01-04,3.125,5,160,"董秘你好,公司有数字经济概念吗",您好！数字经济概念较宽泛，根据相关研究报告，数字经济在技术层面包括大数据、云计算、5G、物联网、人工智能、下一代移动通信技术等。公司的主要业务是从事射频器件和射频子系统的研发、生产、销售和服务，主要产品为滤波器、双工器、射频子系统等，应用于4G、5G等通信网络。公司交付的产品经过设备集成商（华为、诺基亚、爱立信等）的集成后最终安装于移动运营商投资建设的移动基站中。谢谢！,-0.3627177432792249
NONAI00318_002195_20230404,002195,二三四五,2023-04-04,1.680672268907563,2,119,请问公司和数字经济有关吗,您好，感谢对公司的关注。\n数字经济是一种互联网经济，是以现代信息网络为主要载体、以信息通信技术融合应用等为重要推动力的新经济形态，是继农业经济、工业经济之后的主要经济形态。公司作为国内领先的互联网企业，将继续发挥产品、推广等优势，为数字经济发展贡献力量。\n谢谢。,-0.6044987986631125
NONAI00319_002197_20230310,002197,证通电子,2023-03-10,2.1739130434782608,1,46,贵公司在数据方面是否具有时空数据？,尊敬的投资者您好！公司在开展智慧城市、智慧枢纽等相关业务中有使用时空数据。感谢您对公司的关注与支持！,-0.5219300904213422
NONAI00320_002198_20230106,002198,嘉应制药,2023-01-06,1.8018018018018018,2,111,为抵御新冠疫情，目前公司产能是否已经达到满产，是否有开设三班倒生产？另外看到海南信唐那边已经没有冯彪的股份了，这种情况，董事长朱总后续如果对公司有动作，是不是不会再受冯彪这个身份的影响了？,尊敬的投资者，您好！面对新冠疫情新的发展，公司从管理层到各部门员工积极应对，调整应对方案，集中力量抓紧生产，保质保量完成生产任务。此外，感谢您对公司的关注，如有新的进展，公司将依法依规及时准确完整履行信息披露义务，希望您继续关注和支持公司的发展。,-0.584221665107576
NONAI00321_002203_20230216,002203,海亮股份,2023-02-16,7.079646017699115,8,113,尊敬的董秘您好，请问一吨锂电铜箔大约能应用到多少俩新能源车？,您好！一辆新能源车按照配置60-65千瓦的电池计算，大概需要40-50公斤铜箔。按上述数据计算，1吨铜箔可以应用到20-25辆新能源车上。如果该新能源车使用的磷酸铁锂电池，铜箔的用量会相对的多些；如果是使用三元锂电池，铜箔的用量会相对少点。非常感谢您对公司的支持。,0.29929162429400363
NONAI00322_002204_20230206,002204,大连重工,2023-02-06,7.894736842105263,6,76,请问今年分红是什么时候,尊敬的投资者您好：\n公司年度利润分配预案将在2023年4月经年度董事会审议通过后对外披露，并在股东大会审议通过2个月内实施。请您关注公司后续公告。\n感谢您对公司的关注！,0.4357381630650775
NONAI00323_002205_20230128,002205,国统股份,2023-01-28,12.0,6,50,请问贵司截止2022年12月31日的股东人数是多少，谢谢。,您好！因前期结算公司UKEY到期更新替换中，未能及时回复深表歉意。截至2022年12月30日，公司股东人数为28163人（合并），谢谢关注！,1.1229609017669324
NONAI00324_002209_20230113,002209,达意隆,2023-01-13,14.583333333333334,7,48,年报预告什么时候披露,尊敬的投资者，您好！根据有关规定，公司将于2023年1月31日前披露2022年度业绩预告，敬请留意公司公告，感谢您的关注！,1.5554119627662835
NONAI00325_002210_20230209,002210,飞马国际,2023-02-09,1.9230769230769231,1,52,董秘您好，新希望入主兴源环境4年后退出，请问公司实际控制人刘永好先生是否有退出飞马国际的计划？,您好，感谢您的关注与支持。公司控股股东、实际控制人积极支持公司各项业务稳健发展，公司未获悉其存在相关退出计划。谢谢。,-0.5639201599972852
NONAI00326_002212_20230104,002212,天融信,2023-01-04,4.3624161073825505,13,298,彭总：新年好！\n前些天，工业和信息化部印发了：工业和信息化领域数据安全管理办法（试行），公司也入选了：工信部商用密码应用推进标准工作组成员单位，公司以数据为中心的安全建设体系是否可以得到重用？\n另外，工业和信息化部要求加快制造业数字化转型，全力保障重点医疗物资生产供应，作为2022年最佳科技进步上市公司，请问公司有几类支持数字化转型的产品？\n谢谢！,尊敬的投资者：您好！\n 1、公司作为国内最早发布“以数据为中心的安全建设体系”建设思路的厂商，创新提出涵盖数据安全治理评估、数据安全组织结构建设、数据安全管理制度建设、数据安全技术保护体系建设、数据安全运营管控建设及数据安全监管建设的“六步走”数据安全保障体系建设思路，并已在政府、运营商、能源、金融、教育等10余个行业大型客户中规模化实践落地。随着相关政策、法规的进一步落实，数据安全也将迎来更大的机遇。\n 2、公司作为网络安全头部企业，致力于数字化场景下新技术、新产品研发。同时，持续探索完善最佳实践，现已发布100+类产品、1000+款产品型号，覆盖基础网络安全、数据安全、国产化、云计算、工业互联网、车联网、物联网等领域，可为各行业客户数字化转型提供坚实的安全保障。\n 感谢您对公司的关注！,-0.15557377868492656
NONAI00327_002213_20230105,002213,大为股份,2023-01-05,8.653846153846153,9,104,请问公司220个亿投资是不是搞错了数据？？怎么可能有220个亿不会是胡说八道的吧？？？,尊敬的投资者，您好！2022年12月28日，公司与桂阳县人民政府签署了《投资合作协议》，本项目将由公司联合新能源全产业链企业共同投资完成，该投资包括但不限于公司的投资以及公司引进上下游企业在桂阳县进行的投资、开发、建设、运营等。感谢您的关注。,0.5628133736238524
NONAI00328_002217_20230104,002217,合力泰,2023-01-04,5.882352941176471,1,17,请问贵公司目前对子公司或者其他公司所有的担保占到公司净资产的多少比例,您好，相关数据请关注公司定期报告，谢谢。,0.09886427154456055
NONAI00329_002218_20230331,002218,拓日新能,2023-03-31,0.0,0,43,请问一下，贵公司生产光伏玻璃包含TCO玻璃吗？谢谢！,您好，公司具备研发和生产TCO导电玻璃的技术能力，但目前生产的光伏玻璃未包含TCO玻璃。感谢你的关注！,-0.8858440267461817
NONAI00330_002219_20230113,002219,新里程,2023-01-13,17.857142857142858,5,28,请问目前股东人数是多少？,您好，截至2023年1月10日，公司股东人数3.8万户左右，感谢您的关注！,2.1034490216364286
NONAI00331_002222_20230111,002222,福晶科技,2023-01-11,16.216216216216218,6,37,您好，请问，贵公司截止12月30日股东人数是多少？谢谢！,"您好！截至2022年12月30日，公司合并普通账户和融资融券信用账户的股东数为42,068户，谢谢！",1.8287572280012698
NONAI00332_002224_20230310,002224,三力士,2023-03-10,2.5,1,40,1 公司增发太盲目。上次无人潜水器增发成功，结果？因为厂房建设测试的深坑挖不好工程延期，工程延期的结果导致无人潜水器市场发生巨大变化，项目下马？目前凤凰创新园闲置出租。几个亿的项目太儿戏。\n 2本次增发，请问是三角带市场规模扩大了？还是公司市场占有率提升了？销售额大幅提高？产品供不应求？生产不能满足？实际情况是业绩几年不增长，毛利率下滑，利润下滑。又一个盲目投资的项目。,投资者你好，非常感谢您对公司的关注，公司相关信息请在中国证监会指定的披露媒体进行查询。,-0.4673429999726163
NONAI00333_002226_20230316,002226,江南化工,2023-03-16,1.5325670498084292,4,261,董秘你好！据中国爆破器材行业协会发布的“2022年民爆行业运行情况”，2022年，民爆行业总体运行情况稳中向好，主要经济指标保持稳步增长态势，产品结构调整继续优化，产业集中度持续增加。请问从公司自身发展情况来看，结合宏观经济形势和行业趋势，2023年行业发展和江南化工发展能否延续这一良好势头？,尊敬的投资者，公司的民爆产业主要包含民爆产品生产销售、工程施工服务、矿山经营管理三大业务板块。民爆物品主要用于矿山开采、油田开发、工程爆破、资源勘探及资源深加工等领域，被称为“基础工业的基础，能源工业的能源”。在工程服务领域，服务于矿山开采等领域，同时也服务于铁路、公路、水利水电等基础设施建设。市场需求与基础工业、基础设施建设等行业的关联性较强。因此，相关产业政策和运行情况的变化直接影响民爆行业的运行态势。近年来，公司的工业炸药安全许可产能释放率均领先全国民爆行业平均水平，保持较高的盈利能力，2023年公司争取以更好的产品和服务回馈于社会，以更佳的业绩回馈于投资者。感谢关注。,-0.6292916731685171
NONAI00334_002229_20230308,002229,鸿博股份,2023-03-08,7.894736842105263,6,76,您好董秘，公司机器人的产业有啥具体的事项？谢谢,尊敬的投资者，您好。公司目前主营业务涵盖：彩票产业、安全印务、包装产业等领域。2022年8月公司在北京成立AI创新赋能中心，助推公司进入人工智能相关业务板块，感谢您对公司的关注。,0.4357381630650775
NONAI00335_002230_20230207,002230,科大讯飞,2023-02-07,0.0,0,22,您好！请问贵司的智能宠物狗何时能够商业化批量生产？目前是否有B端的应用订单？作为一名普通消费者，如何能够体验、应用到？to C的价位大概会在多少？顺祝商祺！兔飞猛进！大展宏兔！,您好，公司目前没有应披露的相关信息，感谢您的关注。,-0.8858440267461817
NONAI00336_002231_20230104,002231,奥维通信,2023-01-04,2.127659574468085,1,47,请问收购哈船导航进行到哪一步了，谢谢,尊敬的投资者，您好！公司会及时关注项目进展情况并按照相关法律法规进行披露，请关注公司公告。感谢您的关注！,-0.5296729401303814
NONAI00337_002232_20230322,002232,启明信息,2023-03-22,5.882352941176471,2,34,公司MLOps平台是否能加速AI应用的开发，公司和华为在数字企业领域有没有合作,感谢您的关注。公司尚未在该领域与其他机构开展合作。请持续关注公司公告。谢谢。,0.09886427154456055
NONAI00338_002235_20230106,002235,安妮股份,2023-01-06,0.0,0,20,请问贵公司有没有与暴雪娱乐有合作关系,您好，公司经营情况请您关注定期报告披露内容。,-0.8858440267461817
NONAI00339_002236_20230104,002236,大华股份,2023-01-04,2.484472049689441,4,161,明年数字经济，汽车，新能源，例如：光伏，风电，公司项目有针对性开发新产品吗？目前有应用吗？,尊敬的投资者，您好！公司围绕客户在安全、生产、经营等各业务环节，通过采用物联网、大数据分析、人工智能等新技术，提供安全作业、生产提效、信息化集成等多种先进产品和应用，助力新能源产业发展。另外，公司汽车电子子公司华锐捷，聚焦智能车载产品及自动驾驶领域，具备智能驾驶传感器与控制器软硬件全栈开发能力，在摄像头、毫米波雷达以及域控制器产品领域均有布局。感谢您的关注！,-0.46994238523207943
NONAI00340_002237_20230105,002237,恒邦股份,2023-01-05,15.625,5,32,您好！请问截至12月底公司股东人数是多少，谢谢！,尊敬的投资者，您好，截至2022年12月30日，公司的股东人数为55098户。感谢您的关注！,1.729787390588602
NONAI00341_002238_20230109,002238,天威视讯,2023-01-09,3.5714285714285716,1,28,请问董秘，深圳广播电影电视集团和深圳市国资委是什么关系，贵公司的实际控制人是谁？,您好，公司的控股股东和实际控制人是深圳广播电影电视集团。谢谢！,-0.28798541706965963
NONAI00342_002241_20230103,002241,歌尔股份,2023-01-03,1.8867924528301887,1,53,适时给出相关业绩预告，是公司近年来信息披露工作中的惯例做法，也有利于保护投资者。请问：按惯例，季报出来之后会与市场有沟通，为何三季报出来之后，没见公司披露调研纪要,投资者你好，公司会根据相关工作安排，适时安排投资者交流或调研活动，并在相关活动后进行信息披露，具体请以公司公告为准。,-0.5699941952189626
NONAI00343_002243_20230103,002243,力合科创,2023-01-03,4.166666666666667,2,48,公司投资的力合厚浦是否投产？何时投产？现状如何？,尊敬的投资者，您好！力合厚浦为公司参股企业，目前生产经营一切正常，详情请关注该企业官网。感谢您对公司的关注。,-0.18834231545690594
NONAI00344_002249_20230119,002249,大洋电机,2023-01-19,0.0,0,72,请问贵公司有没有轮边电机相关技术，另外，贵公司的电机客户是否包含比亚迪？,您好！公司持续关注新能源汽车领域各类技术路线，对于轮边电机相关技术有一定的技术储备，但目前还没有相应的成品电机。此外，公司目前与比亚迪暂无产品供货。感谢关注！,-0.8858440267461817
NONAI00345_002250_20230109,002250,联化科技,2023-01-09,2.4691358024691357,2,81,董秘，您好！德州新闻网1月2号报道，德州联化年产2万吨六氟磷酸锂生产线已投入生产，年产1万吨双氟磺酰亚胺锂生产线正在安装，是否属实？另外，公司该产品是否已经有意向客户？,您好！德州联化的电池化学品项目正在按计划进行安装、调试生产工作。基于商业秘密保密原则，具体客户信息不便透露，敬请谅解。后续项目进展情况，请以公司披露的信息为准。感谢您对公司的关注！,-0.4725096793154998
NONAI00346_002253_20230404,002253,川大智胜,2023-04-04,0.0,0,31,请问公司最新突破的三维摄像技术未来如何应用在数字人这些领域？,谢谢您的关注！公司的三维识别产品主要运用在公共安全、国家安全等领域。,-0.8858440267461817
NONAI00347_002256_20230106,002256,兆新股份,2023-01-06,20.689655172413794,6,29,请问截止日内还有多少股东人数，谢谢。,"尊敬的投资者，您好，截止至2022-12-30，公司总户数为144,777户。感谢您的关注！",2.577612746552291
NONAI00348_002261_20230306,002261,拓维信息,2023-03-06,7.407407407407407,2,27,董秘您好，请问人工智能目前备受关注，也有传统公司在招聘人工智能人才，公司有没有对相关业务的扩张有所准备，最近收到的咨询和订单有没有增加?谢谢。,您好，感谢对公司的关注，具体业务销售情况请参见公司定期报告。,0.35415901554586404
NONAI00349_002262_20230110,002262,恩华药业,2023-01-10,2.272727272727273,1,44,董秘，您好！公司帐上有资金约26亿，能谈谈一月6号大股东质押融资动机？累计质押比占总股本31%左右！谢谢！,答：大股东质押股票融资是基于其自身资金需要。根据有关监管规定，大股东不能占用上市公司的资金。谢谢！,-0.5053885478611222
NONAI00350_002264_20230105,002264,新华都,2023-01-05,4.838709677419355,3,62,有发布业绩预告计划吗？,您好，公司严格遵守《深圳证券交易所股票上市规则（2022年修订）》及相关法律法规的规定，如符合业绩预告披露情形的，公司会及时进行披露，感谢您的关注。,-0.07584203944250666
NONAI00351_002268_20230104,002268,卫士通,2023-01-04,6.481481481481482,7,108,请问贵司近期的解禁减持计划是否已经执行完毕？,尊敬的投资者，您好。公司第七届董事会第三十四次会议于2022年12月30日召开，审议通过《关于限制性股票长期激励计划2020年首期授予限制性股票第一个解锁期解锁条件成就的议案》，后续解锁程序尚在办理中，详情请关注公司公告。感谢您对卫士通的关注和支持。,0.19915863525935837
NONAI00352_002269_20230220,002269,美邦服饰,2023-02-20,2.4193548387096775,3,124,请问董秘，公司2022年继续亏损，请问展望2023年有什么好的方案扭亏为盈吗？,你好，经历过去的持续亏损，公司始终坚持持续做经营策略的改进，不断适应新市场环境的竞争，23年度始终如一的做不断完善经营策略，应该在经历过去3年疫情反复经验教训下，以及新策略不断被市场检验适应下，再结合市场全面恢复正常情况下，公司业绩有可能向好的转变。感谢你对公司的关注。,-0.4808430330943442
NONAI00353_002272_20230104,002272,川润股份,2023-01-04,26.923076923076923,7,26,请问截止 2022年12月30日 股东数量及机构数是多少 谢谢,"您好，截至2022年12月30日公司股东户数为59,473户，感谢您的关注！",3.5991992847994347
NONAI00354_002273_20230110,002273,水晶光电,2023-01-10,0.0,0,17,公司有没有参加2023CES展会推广下AR眼镜，AR-HUD座舱,您好：公司有组织团队参加上述展会。谢谢！,-0.8858440267461817
NONAI00355_002279_20230306,002279,久其软件,2023-03-06,6.0606060606060606,4,66,贵公司在6g方面有什么建设嘛,您好，公司女娲平台是面向新一代开发技术的技术平台底座，目前依托女娲平台有面向政企客户的基于5G的移动端应用。公司会对如6G等新技术持续关注。谢谢！,0.12870391694731023
NONAI00356_002280_20230109,002280,联络互动,2023-01-09,2.73224043715847,5,183,请问董秘，除中国银行浙江分行外，公司拖欠其它银行的贷款，是否已确定还款方案？什么时间公布2022年业绩预报或快报？！,尊敬的投资者您好，公司已和最大债权人中国银行浙江省分行达成和解方案，烦请查阅相关公告。针对目前其他银行的贷款，公司也在积极沟通还款方案，目前公司正在加紧处置可供出售的资产筹措资金，同时也在与资产管理公司讨论一揽子解决公司债务方案，并向地方政府相关部门上报相关情况，争取早日解决债务问题；公司将根据年度业绩预测情况，按照深交所相关及时披露业绩预告，请关注后续披露的定期报告。感谢您对公司的关注。,-0.42846585540895177
NONAI00357_002281_20230113,002281,光迅科技,2023-01-13,3.5714285714285716,1,28,公司近期取得了车规体系IATF16949，这么重要的信息，为什么没有发公告？,投资者您好！\n该认证未达到信息披露的标准。感谢您对公司的关注！,-0.28798541706965963
NONAI00358_002282_20230104,002282,博深股份,2023-01-04,8.860759493670885,7,79,你好！请介绍一下目前刹车片的认证 ，装车考核情况，谢谢！,我公司目前已获正式认证的刹车片产品有CRH380B/BL/CL/3C、CRH5A/5E/5J，目前取得试用证的适配和谐号的CRH380A产品、适配复兴号的CR400AF产品均在目标配属局正常装车考核中。截至目前，考核运行情况良好。谢谢！,0.5974507516917716
NONAI00359_002283_20230109,002283,天润工业,2023-01-09,3.125,1,32,您好 董秘\n比亚迪新款车型 仰望 有用到天润公司的零配件吗？,您好，公司乘用车空气悬架相关产品目前处于开发过程中，谢您对公司的关注！,-0.3627177432792249
NONAI00360_002285_20230120,002285,世联行,2023-01-20,1.4705882352941178,2,136,请问公司最新的股东数是多少？,感谢您的关注。为保证所有投资者平等获悉公司信息，根据信息披露公平原则，关于股东人数公司已按照相关规定在定期报告中披露了公司的股东总人数、前十大股东情况等信息，敬请您查阅。若您需要查询其他时间段的股东人数，请将身份证、联系方式、股东账号卡及最近的持股明细发送至邮箱yejc@worldｕｎｉｏｎ.com.cn，公司核实后会予以提供。,-0.6396669521734961
NONAI00361_002286_20230103,002286,保龄宝,2023-01-03,25.0,6,24,您好，请问，贵公司截止12月30日股东人数是多少？谢谢！,您好，截止2022年12月30日公司股东总户数为40108户，谢谢关注！,3.2991662409894724
NONAI00362_002290_20230109,002290,禾盛新材,2023-01-09,13.333333333333334,6,45,请问到12月30日的公司股东人数是多少人,投资者您好，截至12月30日的股东人数将在公司2022年年度报告中披露，请关注公司公告，感谢您的关注和支持！,1.3461614493795009
NONAI00363_002291_20230306,002291,遥望科技,2023-03-06,0.0,0,22,请问乔司商城原先预计三月开业，如今工期还顺利吗,目前项目正在建设中，具体开业时间视政府验收情况。,-0.8858440267461817
NONAI00364_002292_20230326,002292,奥飞娱乐,2023-03-26,1.3888888888888888,1,72,贵公司这么多IP怎么没有直播带货,您好，公司已在抖音、天猫等主要平台开设奥迪双钻官方旗舰店，通过直播带货进一步提升品牌影响力和综合竞争力，具体直播时间可前往相关官方号订阅查看。感谢您的关注！,-0.6533434563164231
NONAI00365_002296_20230112,002296,辉煌科技,2023-01-12,3.5398230088495577,4,113,请问公司储能项目建设到什么程度，何时能供货,您好，公司2021年底前启动了建设智能微电网及储能技术研发中心项目，目前研发团队正在稳步推进综合研发环境的规划建设和相关研发工作，会根据现场试点项目进度适时安排有关供货工作，后续若相关进展事项达到信披标准，公司将及时进行披露，感谢您对公司的关注。,-0.29327620122608905
NONAI00366_002298_20230304,002298,中电兴发,2023-03-04,2.358490566037736,5,212,人工智能的核心是算力，公司有没有云宇宙相关的业务，公司的智慧时空大数据业务开展如何,尊敬的投资者，您好！感谢您对公司的关注。元宇宙是整合多种新技术而产生的新型虚实相融的互联网应用和社会形态，构建元宇宙最重要的数据基础设施是算力和存储，算力和存储的载体就是数据中心，公司在数据中心方面拥有二十余年的业务积淀，并且研发了超融合云存储节点以及AI异构计算服务器等数据中心相关的超低能耗产品，已成功应用到了公司多个智慧城市相关的项目中，也可以应用到元宇宙相关的业务场景中。公司智慧时空业务是时空大数据的开发和应用业务，目前业务正常开展中。谢谢！,-0.4910317373371577
NONAI00367_002301_20230110,002301,齐心集团,2023-01-10,1.2345679012345678,1,81,请问贵司截止2022年12月31日的股东人数是多少，谢谢。,尊敬的投资者您好，公司在遵守深交所信息披露相关规定的情况下，与各位投资者朋友进行合规、适度的信息交流，欢迎各位投资者通过邮件、电话等多种指定方式与我公司详询沟通。感谢您的关注！,-0.6791768530308407
NONAI00368_002302_20230117,002302,西部建设,2023-01-17,4.477611940298507,3,67,董秘您好，请问公司非公开发行股票经过修订后，是否要重新向证监会申请受理？请问非公开发行的股票大概何时能上市？,您好，感谢对公司的关注。中国证监会对公司非公开发行股票项目已进行受理，后续公司将根据中国证监会对该事项的审核进展情况及时履行信息披露义务。谢谢！,-0.13628994894278101
NONAI00369_002303_20230104,002303,美盈森,2023-01-04,3.0927835051546393,3,97,贵公司“五年计划”，是否为百亿目标前进,尊敬的投资者朋友，感谢您对公司的关注及支持，公司正持续发展相关包装业务，并积极推动大健康产业的发展，践行实业报国，并力争以更好的业绩回馈广大投资者一直以来的支持与厚爱。有关公司发展战略，请您以公司公告为准。谢谢！,-0.3681107977479564
NONAI00370_002312_20230112,002312,川发龙蟒,2023-01-12,5.38243626062323,38,706,看到四川五部门联合发文关于促进钒钛产业的高质量发展的实施意见，联系到公司前期刚刚完成重庆钢铁矿业的入股，该矿业公司下属的太和矿有大量的钒钛资源，公司是否已经联合大股东制定了详细发展规划，是否有项目在筹划，推进中？是否可以做一些披露？公司能否从该实施意见中得到政策的实际支持和助力？谢谢,您好！公司参与竞拍重庆渝富控股集团有限公司持有的重庆钢铁集团矿业有限公司（以下简称“重钢矿业”）49%股权，间接获得其控股子公司重钢西昌矿业有限公司旗下太和铁矿钒钛磁铁矿资源权益。2022年11月，重钢矿业告知公司其已在重庆市市场监督管理局完成过户工商登记手续并取得了新换发的《营业执照》。\n重钢矿业核心资产为重钢西昌旗下的太和铁矿，重钢西昌主要从事钒钛资源综合开发与利用。太和铁矿位于四川省凉山州西昌市太和镇是国内铁矿山中地理位置最优越的矿区之一，目前正在开采的太和钒钛磁铁矿是凉山州的优势矿种，该矿体单一、资源集中且规模巨大，开发、开采条件较优。太和钒钛磁铁矿自1988年开采以来采用露天开采，其生产规模从建成时采选70万吨/年逐年扩大，目前开采规模已达300万吨/年，选矿规模达800万吨/年，其现有钒钛磁铁矿储量1亿吨且该矿深部及周边矿权储量丰富。太和铁矿2019年至2021年矿产品产量：铁精矿分别为205.38万吨、164.77万吨、177.68万吨；钛精矿分别为44.77万吨、35.27万吨、46.01万吨。\n公司于2021年成为国资控股的混合所有制企业，坚持“稀缺资源+技术创新+产业链整合+先进机制”发展战略，按照“纵向成链、横向循环”思路，深耕“硫-磷-钛-铁-锂-钙”多资源绿色低碳产业链。控股股东充分尊重和支持上市公司市场化经营，全力支持公司产业项目落地，在合法合规的前提下为公司争取优惠政策、产业配套、矿产资源、信用资源等方面的支持。参股重钢矿业后，公司将充分发挥混合所有制优势，通过扩大产能规模、强化综合利用等方式提质增效，进一步增强其盈利能力、抗风险能力；同时，公司将持续关注《关于促进钒钛产业高质量发展的实施意见》，贯彻落实意见精神，结合产业实际，努力实现产品价值最大化，如未来涉及应披露事项公司将依法履行信息披露义务，公司指定信息披露媒体为《中国证券报》、《上海证券报》、《证券时报》、《证券日报》以及巨潮资讯网（www.cninfo.com.cn）。感谢您的关注！,0.015178013899454985
NONAI00371_002313_20230317,002313,*ST日海,2023-03-17,3.076923076923077,2,65,请问日海智能珠海智能设备基地主要生产哪些产品？总投资多少？占地面积多少？现在是否全部投入使用？,投资者您好，通信设备板块主营产品包括配线设备、光器件和网络机柜、微站电源等通信配套设备产品。珠海工厂租赁的建筑面积合计近5万平方米。谢谢支持。,-0.3707658399479473
NONAI00372_002315_20230302,002315,焦点科技,2023-03-02,1.4492753623188406,3,207,请问贵司是否有探索其他经营模式？中国制造网成立了那么多年，一直未能打造出扬名海外的品牌地位，建议管理层多引进优秀人才，多参考Temu、SHEIN、Aliexpress等成功网站，打造更加有声量的品牌网站，请参考我的意见，谢谢。,您好！感谢您的建议和期待。近年来，中国制造网（Made-in-China.com）不断完善全链路外贸服务生态，整合外贸产品线路资源。在此基础上，公司也创新发展了诸多新业态：如推出了从事ｄｒｏｐshipping业务的Doba.com；在美国设立了InQbrands Inc.，聚焦“全渠道销售”服务，有针对性的为中国出口企业提供面向数字化转型中的北美市场的产品市场多渠道进入与销售服务；孵化了从事线上线下融合的保险代理业务的新一站。未来公司将坚持创新，重视人才队伍建设，善用跨境出口生态，不断提升自身竞争能力，为外贸出口贡献自己的一份力量。谢谢！,-0.6432347358629553
NONAI00373_002316_20230106,002316,*ST亚联,2023-01-06,10.126582278481013,8,79,董秘你好，请问公司收到政府补贴款多少元？,您好！感谢您对公司的关心和关注！请您关注公司后续在指定信息披露媒体巨潮资讯网（网址为：http://www.cninfo.com.cn）披露的《2022年年度报告》相关内容。如还有其它问题，欢迎致电公司投资者专线：0755-26551650。谢谢！,0.8093500057543366
NONAI00374_002321_20230104,002321,ST华英,2023-01-04,18.75,9,48,请问到12月底股东人数，谢谢,"您好，根据中国登记结算公司主动下发的数据，截止2022年12月30日公司股东户数为32,528户。感谢您对公司的积极关注。",2.252913674055559
NONAI00375_002322_20230311,002322,理工能科,2023-03-11,1.639344262295082,3,183,请问周董贵公司在人工智能、大数据和工业互联领域有何布局？谢谢,您好，公司已开展云计算、大数据、人工智能、移动互联、物联网等新技术的研究和应用，在软件和信息化板块，公司着力构建集产品中台、项目生产中台、物联中台和低代码平台开发为一体的产品研发和信息化项目生产体系，同时将AI技术应用于物联智慧感知领域，在信息化项目中应用文本识别、图像识别技术实现文档去污、信息提取等功能；在智能仪器业务板块公司致力于打造具有大数据采集、大数据分析、大数据应用的行业监测系统。感谢关注。,-0.6114171239438437
NONAI00376_002329_20230101,002329,皇氏集团,2023-01-01,3.3333333333333335,1,30,请问截止 2022年12月30日 股东数量及机构数是多少 谢谢,尊敬的投资者，您好！股东人数情况敬请查阅公司定期报告。感谢您的关注!,-0.3278426577147611
NONAI00377_002331_20230117,002331,皖通科技,2023-01-17,3.1802120141342756,9,283,董秘你好，公司公告银谷从去年10月份开始要减持公司股份，现在都一月份了了，根据证监会规定，要定期披露减持情况，为什么公司一直没有公告？这样是不是信批违规？还有，今年业绩大幅下降已经是板上钉钉了，那今年根据规定会不会被st？公司有哪些措施改进公司业绩？有没有并购重组的打算？请正面回答,您好，公司日常工作中会督促相关股东严格按照证监会及深交所相关规定对减持进展进行披露，截至目前，公司尚未收到南方银谷减持股份相关进展情况告知；根据《深圳证券交易所股票上市规则》有关规定，目前公司不存在被实施退市风险警示的情形；公司积极应对市场变化，调整业务架构，集中公司资源实力，围绕“三大业务中心”，夯实主营业务发展，同时依托北京业务总部，审慎外延，开拓外部多元化市场，不断加快省外市场拓展，走出安徽、辐射全国；积极利用资本市场寻求相关领域优质合作伙伴，整合行业资源，助力企业持续快速发展是公司董事会制定的长期发展战略；公司严格按照相关制度要求及时、准确地向投资者披露重大信息，敬请关注公司在指定媒体发布的相关公告。谢谢！,-0.35347522943705256
NONAI00378_002334_20230308,002334,英威腾,2023-03-08,3.5714285714285716,2,56,请为贵司有没有生产光伏微型逆变器的能力或技术储备？谢谢。,尊敬的投资者，您好！公司光储业务目前主要聚焦分布式光储逆变器。公司针对户用市场1-40kW可以实现功率段的完全覆盖。感谢您的关注。,-0.28798541706965963
NONAI00379_002335_20230105,002335,科华数据,2023-01-05,4.451038575667655,15,337,请问公司的数据业务发展还好么,尊敬的投资者您好！公司依托丰富的行业经验、优质的客户资源、全面的产品方案稳健发展IDC业务。公司推出了数据中心智能运维管理系统综合解决方案，满足了大型数据中心、中小型数据中心、分布式数据中心设施监控等不同场景的需求，为用户提供高品质的IDC基础服务及多样化的增值服务。工业和信息化部近日印发《国家工业和信息化领域节能技术装备推荐目录（2022年版）》，其中包含数据中心产业多项节能技术及产品解决方案。科华数据多项数据中心智能化低碳节能技术与产品连续六年入选该目录，充分体现科华数据在数据中心领域的绿色创新能力以及相关实践成就得到业内高度认可。未来，科华数据将光伏、储能、微网及能源管理系统等绿色能源解决方案与数据中心的规划建设相融合，促进新型数据中心产业发展和技术创新，推进数据中心行业的低碳优化建设，充分发挥绿色科技产业动能优势。谢谢！,-0.1407383410959169
NONAI00380_002337_20230104,002337,赛象科技,2023-01-04,3.508771929824561,2,57,您好，董秘，人民币贬值，公司今年业绩会大增吗？什么时候发业绩预告？谢谢,您好：人民币涨跌幅对公司汇兑损益带来一定的波动，但对公司整体业绩影响不大。公司业绩情况请您关注后续公告，感谢您的关注与支持。,-0.2984741646078443
NONAI00381_002339_20230107,002339,积成电子,2023-01-07,1.3333333333333333,1,75,请问公司有数字货币相关业务吗？,尊敬的投资者您好，感谢您对公司的关注。公司主营业务为电力自动化设备和系统、公用事业自动化设备和系统的研发、生产和销售以及信息安全服务，不从事数字货币相关业务。谢谢！,-0.6626434791336135
NONAI00382_002343_20230103,002343,慈文传媒,2023-01-03,20.689655172413794,6,29,你好，截止2022年12月30日股东人数是多少，谢谢。,"您好！截至2022年12月30日（星期五），公司股东总数为25,192户。感谢您的关注！",2.577612746552291
NONAI00383_002347_20230106,002347,泰尔股份,2023-01-06,25.0,6,24,请问到11月30日的公司股东人数是多少人,"您好，截至2022年11月30日，公司股东人数为43,414户，谢谢关注。",3.2991662409894724
NONAI00384_002348_20230317,002348,高乐股份,2023-03-17,4.9079754601226995,8,163,贵公司的收购股份过户什么时候完成呢？一直也没有后续结果？是收购存在分歧吗？贵司投资的固态电池是否是以华统集团为主要参与人？,您好，目前公司原实际控制人的股份协议转让正在办理交割手续，尚未完成全部过户登记手续，后续如果完成全部过户登记手续，公司将根据相关规定及时履行信息披露义务。目前公司拟投资的固态电池生产项目尚未正式签订投资协议，公司也尚未履行项目投资的审议程序，项目具体的有关信息请您查看公司2023年1月12日在巨潮资讯网披露的《关于回复深圳证券交易所关注函的公告》，谢谢！,-0.06424691896985692
NONAI00385_002350_20230109,002350,北京科锐,2023-01-09,0.40816326530612246,1,245,公司在光伏风电氢新能源相关业务目前是否只存在于概念阶段？\n经营占比极少，是否有扩大此方面业务的计划\n今后的投入规划如何,尊敬的投资者：您好！公司坚持制造业与服务业双轮驱动、互为支撑、协同发展的发展战略，夯实扩大制造业，快速发展服务业。公司从配电设备研发制造和配电网故障检测技术起步，目前已经形成了配电设备研发与制造、新能源投资与建设、智慧能源管理三大业务体系。公司近年来在巩固配电设备产品领域优势的同时，积极布局IGBT、光储充氢技术，并联合业内头部企业，积极探索发展新能源业务和综合能源服务业务，努力为全行业合作伙伴提供从新能源发电、储能、充电、氢能运用、综合能源管理等一体化解决方案。目前新能源投资与建设、智慧能源管理相关业务的营业收入占比较小。感谢您的关注。,-0.8175173284974363
NONAI00386_002351_20230103,002351,漫步者,2023-01-03,1.5384615384615385,1,65,董秘您好！请问公司或者旗下子公司有空气净化器或者空气杀毒设备生产和销售吗？谢谢,您好，公司的合资公司东莞市利发爱尔空气净化系统有限公司生产空气净化器及空气消毒机，具体产品情况您可登录LIFAair线上旗舰店进行查询。感谢您的关注。,-0.6283049333470645
NONAI00387_002352_20230111,002352,顺丰控股,2023-01-11,1.9230769230769231,2,104,尊敬的董秘，您好，请问截止到2022年12月30日收盘，有多少家机构持有公司股票？机构持仓数占流通比例是多少?谢谢。,尊敬的投资者，您好！根据公司章程，股东提出查阅股东名册有关信息，应当向公司提供证明其持有公司股份的种类以及持股数量的书面文件，公司经核实股东身份后按照股东的要求予以提供。具体可将您的股东信息发送至邮箱：sfir@sf-express.com，感谢您的关注！,-0.5639201599972852
NONAI00388_002354_20230205,002354,天娱数科,2023-02-05,2.7777777777777777,1,36,\n宁波梅山保税港区天神乾坤问道股权投资合伙企业，是天娱数科的基金子公司吗？,尊敬的投资者您好，宁波梅山保税港区天神乾坤问道股权投资合伙企业是公司子公司。,-0.4208428858866646
NONAI00389_002355_20230626,002355,兴民智通,2023-06-26,0.0,0,26,"环境与社会责任是投资者重点关注的问题。我在贵公司的年报中也了解到了贵公司在环境方面的投入和努力。贵公司的下属公司咸宁兴民钢圈有限公司于2023年3月出现1次污染物（包括总磷）排放超标。请您关注留意，及时核查改正，并说明原因,以及为减少污染物和控制排放超标方面所采取的措施，包括方案计划，投资金额等。同时也希望贵公司可以在未来的定期报告中增加这些的详细披露。",投资者您好，感谢您提出的意见建议，公司这边会及时核查留意。,-0.8858440267461817
NONAI00390_002362_20230330,002362,汉王科技,2023-03-30,1.1013215859030836,5,454,董秘您好，请问公司有没有涉及时空大数据，或者说智慧交通领域?谢谢。,您好，在大数据业务方面，公司目前可提供文本信息识别、理解、分析、利用的数字化、智能化全链服务，相关业务为文本大数据业务。该业务以OCR、NLP 为支撑，已经形成较为完整的产品体系，并在人文、档案、司法、金融、政务等垂直专业领域得到应用并形成较为优质的客户群。在数字经济时代，公司以AI技术驱动相关行业、产品向数字化、智能化转型升级，符合国家关于建设数字中国、数字经济的政策方向，公司会抓住市场机会，努力进行业务拓展。\n在智慧交通方面，公司早在2003年就通过车牌识别技术进入智慧交通领域；近几年，公司又将人脸识别、身份核验等技术应用在车站、机场的人员通行管理，目前已有成熟案例。另外，在道路管理方面，研发了集车辆识别、车型识别、视频结构化技术的违章事件检测等交管场景应用解决方案。 除以上产品外，公司为满足车辆管理所工作人员、社会公众对机动车和驾驶人档案资料的信息化需求，开发了公安交管车驾管业务的交警档案影像化系统，该系统通过对机动车和驾驶人的档案进行电子化、规范化、流程化的管理，方便了业务人员快速查找定位所需业务资料，实现了“异地通办”、“网上转籍”、“便捷快办”的数字化互通共享目标。目前已在湖南、广东等多个地区落地应用。谢谢关注。,-0.7014823409428489
NONAI00391_002364_20230104,002364,中恒电气,2023-01-04,6.779661016949152,4,59,公司经营正常吗？,投资者您好，2022年12月下旬以来随着疫情防控措施调整短期内公司生产等环节因较多员工感染受到一定影响，目前已基本恢复正常，感谢关注。,0.2490740119617923
NONAI00392_002367_20230406,002367,康力电梯,2023-04-06,1.8867924528301887,1,53,请问贵公司控股子公司北京康力优蓝机器人科技有限公司主要从事哪方面工作？,尊敬的投资者您好。北京康力优蓝机器人科技有限公司为我司参股公司，其在经营团队的带领下独立自主经营服务机器人业务。,-0.5699941952189626
NONAI00393_002368_20230103,002368,太极股份,2023-01-03,20.833333333333332,5,24,尊敬的董秘您好，2023年马上就到了，祝您在新的一年里，事业再上新台阶！感谢您百忙之中给投资者回答问题！烦请您帮忙查询一下最新的股东人数吧！多谢啦！！！,截止2022年12月30日，公司的股东户数为28296户，感谢您的关注。,2.6016645297001966
NONAI00394_002369_20230106,002369,卓翼科技,2023-01-06,3.125,2,64,请问公司后面还会重新进行股权转让吗,您好，截至目前公司除已公开披露的信息外，不存在其他应披露而未披露的重大事项，具体请以公司在指定信息披露媒体上刊登的公告为准，感谢您的关注。,-0.3627177432792249
NONAI00395_002370_20230106,002370,亚太药业,2023-01-06,4.25531914893617,2,47,股东人数还不公布？,您好，感谢您对公司的关注！股东人数公司将按照相关规定在定期报告中披露相应时点的股东信息，敬请关注，谢谢！,-0.173501853514581
NONAI00396_002371_20230103,002371,北方华创,2023-01-03,26.08695652173913,6,23,请问截止2022年12月20日，公司股东人数多少,"您好，截至2022年12月20日，公司投资者共92,706户。感谢关注！",3.481123209151892
NONAI00397_002373_20230104,002373,千方科技,2023-01-04,20.833333333333332,5,24,1月份股东人数是多少？,您好，感谢您的关注，截止22年12月30日公司股东人数是80703.,2.6016645297001966
NONAI00398_002375_20230327,002375,亚厦股份,2023-03-27,2.5641025641025643,5,195,董秘您好:公司和子公司有人工智能方面的业务布局吗？,尊敬的投资者，您好！公司控股子公司厦门万智能有限公司自主研发的产品如雾宇泛智慧建筑综合管理中台（VIBASE），一款集数据、管理、运维、决策为一体的平台+移动端的智能化综合服务平台产品。VIBASE基于公司自主研发的IoT物联网平台-雾天（IAdapter），实现设备物联和系统快速接入，以开放生态集成AI的能力，利用视频解析、语音解析、大数据分析等技术为传统的IBMS智能平台进行AI赋能，为智慧建筑领域多样化应用场景提供支持。二级市场有不确定性，敬请您注意投资风险。感谢您的关注！,-0.4566122044143197
NONAI00399_002376_20230107,002376,新北洋,2023-01-07,1.2195121951219512,1,82,你们的无人售货机在以开展数字货币的试点区域中使用数字货币交易的比例有多少,"您好！数字人民币仍在试点和内测阶段，我们也将继续关注试点应用进展，并持续推进相关解决方案的研究开发工作,最终应用场景和方式等取决于监管政策规范要求以及市场和客户应用需求。谢谢！",-0.6816971844176132
NONAI00400_002377_20230802,002377,国创高新,2023-08-02,2.5316455696202533,2,79,董秘你好，请问 贵司 与 武汉拓材科技有限公司是什么关系？与湖北国创高投新兴产业投资基金合伙企业是什么关系？谢谢,您好，湖北国创高投新兴产业投资基金合伙企业（有限合伙）是武汉拓材科技有限公司的股东之一。湖北国创高投新兴产业投资基金合伙企业（有限合伙）是公司实控人控制的公司。感谢您的关注！,-0.46204551862105214
NONAI00401_002380_20230109,002380,科远智慧,2023-01-09,18.181818181818183,6,33,您好，请问，贵公司截止12月30日股东人数是多少？谢谢！,"尊敬的投资者，您好！截至2022年12月30日，公司股东总人数为30,407人，感谢您的关注。",2.157799804334294
NONAI00402_002383_20230227,002383,合众思壮,2023-02-27,0.8438818565400844,2,237,董秘你好，大股东40亿到底是什么意思，给你们今后投资的，还是没什么任何意思？公司目前的具体业务有哪些，一堆的概念完全看不出公司重磅产品，卫星导航是主打产品吗？？深度绑定农机？？？,您好，公司坚持以北斗高精度卫星定位导航与时空信息应用为主营业务方向，围绕北斗高精度定位技术形成了从芯片、算法、模块、终端到行业应用全产业链布局。在测量测绘、GIS采集、形变监测、精准农业、机械控制、智能终端等行业构建了完整的产品体系和核心竞争力，形成了从国内到海外，从渠道到前装的全市场覆盖。同时，公司围绕北斗高精度时空技术，构建了面向智慧城市、智慧交通、公共安全等领域的系统集成解决方案，广泛应用于城市智能交通、机场管理、城市运营等领域。此外，出资事项，系间接控股股东河南航空港投资集团有限公司的股东向其实缴出资，感谢您的关注！,-0.7445778573711385
NONAI00403_002385_20230104,002385,大北农,2023-01-04,27.77777777777778,5,18,请问，截至2022年十二月 30日公司的股东总数是多少？谢谢,您好，2022年12月30日的股东人数为16.41万人。,3.5991992847994347
NONAI00404_002386_20230113,002386,天原股份,2023-01-13,3.6363636363636362,8,220,定增价格什么时候确定？,你好，公司本次非公开发行股票的定价基准日为本次非公开发行股票发行期的首日，本次非公开发行股票的发行价格不低于定价基准日前二十个交易日公司股票均价的80%（定价基准日前20个交易日股票交易均价=定价基准日前20个交易日股票交易总额/定价基准日前20个交易日股票交易总量），且不低于发行前最近一期末经审计的归属于母公司普通股股东的每股净资产值。本次非公开发行股票的最终发行价格将在公司取得中国证监会关于本次发行的核准批文后，根据发行对象申购报价的情况，遵照价格优先等原则确定。,-0.27711526053008656
NONAI00405_002387_20230106,002387,维信诺,2023-01-06,3.468208092485549,6,173,请问董秘，《维信诺：发行股份及支付现金购买资产并募集配套资金暨关联交易预案》增发价格5.49，大幅低于市场价及每股净资产，实现了“精准抄底”，这个价格已经直接严重破坏了市场中小投资者的利益，董事会怎么解释？,感谢关注。为顺利推进本次重大资产重组，增加上市公司优质资产，进一步提升上市公司核心竞争力，同时，充分考虑上市公司的历史股价走势、市场环境等因素且兼顾上市公司、交易对方和中小投资者的合法权益，结合相关交易规则，经各方协商谈判，本次交易选择以定价基准日前60个交易日股票交易均价为本次发行股份购买资产的市场参考价。公司将继续勤奋务实兢兢业业地做好各项工作，努力提升公司价值。谢谢！,-0.30526456763834525
NONAI00406_002389_20230103,002389,航天彩虹,2023-01-03,18.75,6,32,尊敬的董秘，你好！请问截止2022年12月31日，公司股东数量是多少？谢谢！,"您好，截止2022年12月31日，公司股东总户数为75,432户。敬请关注并注意投资风险!",2.252913674055559
NONAI00407_002392_20230202,002392,北京利尔,2023-02-02,3.8461538461538463,1,26,贵公司的钼类产品产能是多吨？,您好，公司钼合金产能为2万吨/年。感谢您的关注，祝您投资顺利。,-0.24199629324838873
NONAI00408_002396_20230324,002396,星网锐捷,2023-03-24,0.0,0,39,尊敬的董事会（长）秘书，你好啊，反辐射导弹作为「超视距作战」的不二之选，基于各自机载雷达自适应线性预测滤波的攻防手段愈发成熟、激烈，贵司是否有意愿开拓新的业务？,您好！公司会关注行业的发展情况并根据自身的实际情况制定相应的发展战略。谢谢您的关注！,-0.8858440267461817
NONAI00409_002398_20230104,002398,垒知集团,2023-01-04,1.3513513513513513,1,74,"公司增加了三个概念（新冠相关）,又否认了三个。概念是上市公司自己增加?增加的流程和程序?",您好！公司持续致力于深耕外加剂新材料和综合技术服务两大主营业务，聚焦绿色建筑、建筑节能以及新能源的科技研发与成果转化，探索新能源在建筑场景的应用技术。谢谢关注！,-0.6596272555172275
NONAI00410_002400_20230109,002400,省广集团,2023-01-09,2.7027027027027026,1,37,董秘你好，国家大力发展数字贸易，对贵公司有影响吗？谢谢,公司密切关注国家发展动向及行业发展趋势，积极把握发展良机，促进公司健康持续发展。,-0.43341048428827317
NONAI00411_002401_20230504,002401,中远海科,2023-05-04,26.31578947368421,5,19,董秘你好，截止到2023年4月24日，股东户数是多少？,"您好，截至3月21日公司股东的总户数是43,656。",3.519429939291349
NONAI00412_002402_20230105,002402,和而泰,2023-01-05,0.0,0,27,董秘，您好！今天业绩不好，可以提早预告一下吗（比如一月十五前）。提早靴子落地，期待来年业绩能够如预期发展，克服疫情影响，谢谢！,您好，公司将严格按照信息披露相关规定履行信息披露义务。谢谢！,-0.8858440267461817
NONAI00413_002403_20230117,002403,爱仕达,2023-01-17,3.5714285714285716,2,56,现在有多少股东,您好，感谢对本公司的关注，您可以将相关股东证明文件扫描发送至公司邮箱（IR@asd.com.cn），待公司确认无误后提供股东人数以供查阅，谢谢！,-0.28798541706965963
NONAI00414_002405_20230105,002405,四维图新,2023-01-05,0.0,0,24,你好，请问贵公司2022年度是否会有业绩预告呢,您好，公司严格按照相关法律法规进行信息披露，感谢关注。,-0.8858440267461817
NONAI00415_002409_20230203,002409,雅克科技,2023-02-03,10.256410256410257,4,39,沈总张总新年好，全球半导体需求走弱，公司的订单是逆势增长还是同样受到影响？国内订单增长情况如何？2022年能否转送股回报长期投资者，也做大做强公司股本。谢谢,您好！目前公司订单情况正常。2022年度利润分配情况请您持续关注公司相关公告。感谢您的关注！,0.8310832625812664
NONAI00416_002410_20230406,002410,广联达,2023-04-06,1.639344262295082,1,61,请问公司到3月底的股东人数是多少户？,您好，按照之前惯例，我们披露非季度末月份的月末股东总数，一般会在月末结束的下一交易日从中国证券登记结算有限责任公司获得该数据。谢谢！,-0.6114171239438437
NONAI00417_002411_20230112,002411,*ST必康,2023-01-12,10.038610038610038,26,259,必康股民很关注九州星际的出售，今天看到转让股份百分之50，是全部出售还是，还是只出售百分之50,尊敬的投资者您好，公司于2022年11月24日、12月17日在巨潮资讯网披露了《关于出售九州星际科技有限公司股权的公告》、《关于出售九州星际科技有限公司股权的进展公告》（公告编号：2022-130、2022-156），公司控股子公司江苏九九久科技有限公司向南京九州星际新材料有限公司出售其持有的九州星际科技有限公司100%股权，九州星际已于2022年12月15日在如东县行政审批局完成了股东变更登记手续，取得了工商变更登记通知书并换领了新的营业执照。本次股权出售事项完成后，九州星际的股东由江苏九九久科技有限公司变更为南京九州星际新材料有限公司。南京九州星际新材料有限公司目前持有九州星际100%股权。感谢您的关注！,0.7946234166689072
NONAI00418_002413_20230109,002413,雷科防务,2023-01-09,7.407407407407407,2,27,你好，请问，2022年12月29日央视新闻联播播报的位于重庆两江新区的超大分布孔径雷达高分辨率深空域主动观测设施，即中国复眼成功开机观测，此项目是否由贵公司理工雷科团队牵头参与建设的，谢谢回答！,您好，公司子公司理工雷科尚未参与该项目，感谢您对公司的关注！,0.35415901554586404
NONAI00419_002414_20230111,002414,高德红外,2023-01-11,0.0,0,21,董秘您好，几次武器展，公司展位GAM-100便携式反坦克DD系统是中国的“标枪”公司自主知识产权？谢谢。,您好，您的问题因涉密原因无法予以回答。谢谢关注！,-0.8858440267461817
NONAI00420_002415_20230113,002415,海康威视,2023-01-13,7.291666666666667,7,96,请问董秘，公司在AR/VR方面有哪些技术和应用。,您好，感谢您对公司的关注。针对面积较广、点位较多的场景，公司提供包括AR高点视频联网平台、AR实景地图应用平台、AR 实景指挥平台、VR全景应用平台、融合通信应用平台、移动执法综合等管理平台的可视化指挥类通用软件平台，谢谢。,0.33478396801005084
NONAI00421_002416_20230109,002416,爱施德,2023-01-09,0.6172839506172839,1,162,子公司有开发纳电池的新专利，公司是否有打算做纳电池的准备？,尊敬的投资者，您好。子公司山木新能源主要从事锂离子电池的研发、生产和销售，产品包含圆柱铁锂电池、软包（聚合物）电池、大型电池组装及电子动力管理系统（PACK）等，广泛应用于家庭储能类、基站储能类和电子烟等特殊锂电池领域。未来公司将充分发挥资金、管理、品牌、企业文化优势赋能山木新能源的发展，并借助国内外强大的渠道能力，进一步提升市场竞争力，共同构筑高质量发展新优势。谢谢。,-0.7825104398885112
NONAI00422_002419_20230105,002419,天虹股份,2023-01-05,3.125,5,160,贵司业务持续衰落下行，如何改善？集团有无优质业务和资产注入的计划？,您好！公司将持续深入推进“数字化”、“体验式”、“供应链”三大业务战略。线上业务持续升级优化，发展全国商品全国卖的商品分销模式，大力发展第二增长曲线；线下门店提质增效，推进业态结构优化、调整门店内容；以基地订单种植、全球产地寻源、品牌联合开发等多种方式实现供应链突破，整合全国供应链。关于集团业务和资产注入计划，公司未收到相关消息，目前没有应披露而未披露的信息。谢谢！,-0.3627177432792249
NONAI00423_002421_20230330,002421,达实智能,2023-03-30,2.3195876288659796,9,388,请问公司在工业互联网软硬件方面是否有布局？公司物联网技术是否可以用于工业企业的数字化、信息化建设？,尊敬的投资者您好，感谢您的提问。物联网和工业互联网都与企业数字化、信息化建设密切相关。物联网是工业互联网的底层技术基础。公司自1995年成立以来，一直从事于物联网技术研发及应用推广。公司基于自主研发的AIoT智能物联网管控平台，聚合模块化的空间场景应用，为用户提供全生命周期的智慧服务。公司自主研发了一系列为工业互联网服务的相关软硬件产品，例如AIoT智能物联网管控平台、C3-IoT物联网身份识别与管控平台、物联网空间场景控制系统、EMC007中央空调节能控制系统、精益手术室智慧管理系统、空间场景交互屏、AI人脸识别智能终端、物联网门禁控制器等。目前公司物联网产品及解决方案已广泛应用于建筑楼宇及园区、医院、轨道交通、数据中心等领域。基于物联网技术，公司正在为宁德时代、欣旺达、亿纬锂能等新能源电池企业提供中央空调高效节能服务。公司将持续加大研发投入，增强产品竞争力，利用物联网技术，加强对数据的采集，对终端的控制，形成数据流，服务于企业数字化转型和工业互联网应用，感谢您的关注！,-0.4975441049975127
NONAI00424_002422_20230209,002422,科伦药业,2023-02-09,8.0,4,50,据说公司于2月7号下午在研究院有投资人交流会，请问何时能公示会议记录？,您好，2月7日调研信息已披露，具体内容详见公司在巨潮资讯网（www.cninfo.com.cn）发布的投资者关系活动记录表。感谢您的关注。,0.4533592589292277
NONAI00425_002423_20230330,002423,中粮资本,2023-03-30,2.2900763358778624,3,131,请问公司的期货主要交易什么？,您好，公司控股子公司中粮期货成立于1996年，取得商品期货经纪、金融期货经纪、投资咨询业务、资产管理等业务资格，拥有上海、大连、郑州三家期货交易所全权会员资格，中国金融期货交易所全面结算会员资格。中粮期货深耕期货及衍生品市场30年，以农产品领域为基础，覆盖黑色、工业品和金融等领域业务，感谢您的关注。,-0.5024843075642897
NONAI00426_002425_20230104,002425,凯撒文化,2023-01-04,12.195121951219512,5,41,董秘您好，请问截止到12月30日贵公司股东人数为多少？,您好，截止到2022年12月30日公司股东人数请您查阅公司后续披露的定期报告。感谢您的关注与支持。,1.1556243965395034
NONAI00427_002426_20230106,002426,胜利精密,2023-01-06,12.0,3,25,请问截至2022年12月30日，贵公司股东人数是多少？,您好，截至12月30日，公司股东人数约为10.99万，感谢您的关注！,1.1229609017669324
NONAI00428_002429_20230107,002429,兆驰股份,2023-01-07,2.4691358024691357,4,162,公司有没有LED紫外线杀菌灯具。,您好，公司LED应用方面产品覆盖照明、背光、显示三大主流应用领域。照明应用领域，公司通过“兆驰照明”品牌及ODM业务推出照明成品灯具、灯饰等产品；背光应用领域，公司可提供涵盖市场主流尺寸的液晶电视或显示器等产品；显示应用领域，公司积极布局Mini /Micro LED新型显示，采用未来显示技术发展趋势的COB封装技术，已推出100μm以下的Mini RGB显示产品，并为国内知名显示品牌客户批量供货。感谢您的关注！,-0.4725096793154998
NONAI00429_002432_20230110,002432,九安医疗,2023-01-10,3.3989266547406083,19,559,刘董你好！关于九安股价和优秀的业绩背离，其实大股东减持不是问题，关键是公司的信批不肯把真实的经营预期披露出来！你一直说大股东对公司的长期发展充满信心，这我相信，但是你应该举些具体的数据来佐证啊，因为仅靠糖尿病OO，爆款产品两大核心很难提振投资者的信心，因这有比较长的过程，所以还是要提前预告今年业绩，明年抗原销售趋势，美国市场预期，外加新投资项目选择方向及投入情况，理财预期。提振投资者的信心。谢谢,您好，公司是按照深交所信息披露的相关规定履行信息披露义务，公司披露的数据都是真实、准确、完整的。二级市场股价通常受宏观经济政策、行业发展政策、金融政策、市场预期、市场传闻、投资者情绪、市场上买卖双方的供求关系等多重复杂因素影响，希望投资者能够客观对待市场波动，注意防范投资风险。目前公司的糖尿病诊疗照护“O+O”新模式已在全国约50个城市、约250家医院落地。在美国，公司的美国子公司已通过“O+O”新模式，在慢病管理领域与五十多家诊所进行合作，在医生和患者中形成良好的口碑，带动了更多的医生加入。此外，血糖智能硬件是糖尿病诊疗照护“O+O”新模式的硬件基础，随着这一核心战略的推进，血糖类产品销量也会进一步提升。爆款产品战略方面，公司在疫情期间，2020年保障了额温计在国内外公共卫生防疫需求、2021年推出iHealth试剂盒逐渐成为在美防疫的主要产品之一。连续两年的成功实践正是对爆款产品这一战略的集中体现，爆款产品战略成效彰显。按照深交所规定，年度业绩如有达到预告标准公司会及时履行信息披露义务。公司2022年营业收入主要是试剂盒产品在美国的销售带来的，由于试剂盒产品的销售情况受当地疫情发展变化、当地防疫政策和市场竞争环境等因素影响，而疫情发展很难预测具有较强的不确定性，目前无法估计未来的销售情况。公司会密切关注市场动态，积极快速的响应市场需求。其他对外投资事项公司会结合自身发展需求，评估投资标的情况，审慎选择投资标的、作出投资决策。感谢您的关注。,-0.31686230877138793
NONAI00430_002436_20230103,002436,兴森科技,2023-01-03,16.216216216216218,6,37,最新股东人数是多少,尊敬的投资者，您好！截至2022年12月30日，公司股东总户数为8万余户。感谢您对公司的关注。,1.8287572280012698
NONAI00431_002439_20230118,002439,启明星辰,2023-01-18,2.4,3,125,公司即将变身国企背景，国家已发生提升国企类上市公司的质量，在行业内公司勉强算个小龙头，但还不够大不够强，希望公司借助中国移动的资源进行做大做强的并购扩张,您好，在2023年，我们将会继续发挥在安全领域的技术积累、运营经验和行业知识，持续加大研发投入，同时充分借助中国移动作为数字新基建领军企业带给我们的产业宽度，结合启明星辰在安全领域的专业深度，配合投资布局的生态合作，为数字中国的建设和数字经济的发展提供安全保障。感谢您的关注！,-0.4840830410435589
NONAI00432_002441_20230307,002441,众业达,2023-03-07,2.4096385542168677,2,83,请问公司有没打算进入6G业务打算？,投资者朋友您好！公司主要业务是工业电气元器件分销，工业电气产品可以应用于任何有输配电需求和工业控制需求的地方。6G业务建设过程中涉及上述需求的，都属于公司业务的布局范围。感谢关注！,-0.4824695431090102
NONAI00433_002442_20230103,002442,龙星化工,2023-01-03,4.878048780487805,2,41,贵公司订单情况怎么样？,您好，公司生产经营正常，经营业绩请您关注公司后续披露的定期报告，谢谢您对公司的关心和支持。,-0.06925665743190772
NONAI00434_002443_20230102,002443,金洲管道,2023-01-02,3.409090909090909,3,88,1.疫情全国放开后，我们工厂那边有没有制定具体的应对措施？以减少接下来短期感染人数增多对生产经营活动的影响？\n2.今年前三季度业绩有下滑，四季度行将结束，目前看是否有企稳好转？\n3.公司高层对2023年新形态环境下的发展是否有信心？重新回到稳健增长的态势？,投资者，您好！感谢您对公司的关注，近期疫情暴发，公司病例增多，造成开工不足，再加上市场需求弱，价格竞争剧烈等原因对生产经营有影响。2023年的企稳好转、回到稳健发展形态，是我们每一个中国人共同的信心。谢谢。,-0.31516080841859245
NONAI00435_002444_20230216,002444,巨星科技,2023-02-16,6.25,2,32,董秘你好！请问：贵公司2023年1月20日股东户数是多少？,尊敬的投资者您好，关于最新的股东人数请您关注后续披露的2022年年度报告。,0.16040854018773187
NONAI00436_002445_20230411,002445,中南文化,2023-04-11,2.380952380952381,1,42,董秘：您好，贵司在游戏产业方面，有哪些布局？是否旗下培育出专精特新企业？,您好，公司现有业务不涉及游戏业务，子公司江阴中南重工有限公司正在积极申报市级专精特新企业。,-0.487271620295167
NONAI00437_002446_20230111,002446,盛路通信,2023-01-11,3.7037037037037037,2,54,请问，当前股东数是多少？\n前十大流通股股东股份占比是多少？,答：尊敬的投资者，您好！如需查询最新的股东情况，您可携带持有本公司股份的证明、身份证到公司现场查阅股东名册。感谢您的关注！,-0.2658425056001588
NONAI00438_002449_20230223,002449,国星光电,2023-02-23,33.333333333333336,7,21,你好，截止目前股东人数是多少？,"您好，截至2023年2月20日公司股东户数50,002户，谢谢！",3.5991992847994347
NONAI00439_002456_20230105,002456,欧菲光,2023-01-05,1.092896174863388,2,183,公司激光雷达产品研发进度怎么样了？,您好，公司纯固态的激光雷达方案内部不包含任何旋转结构，在提供较高的探测距离和角分辨率的同时，还能提供车规级产品的可靠性和稳定性。公司激光雷达采用半导体技术，以每秒1000次的速度逐个激活VCSEL发射激光进行扫描，每个VCSEL会照射到特定的SPAD阵列像素上。此激光雷达可以灵活配置，根据不同的造型需求组合激光组件，轻松匹配各种安装位置要求。另外，通过调节透镜的位置，还可以实现不同FOV、角分辨率的设计。感谢您对公司的关注！,-0.7028927582112897
NONAI00440_002463_20230313,002463,沪电股份,2023-03-13,0.9523809523809523,2,210,公司生产了许多用于5G通讯的PCB产品，未来如果发展下一代6G通讯技术，公司会提前研发做好技术储备吗？抢先竞争对手同行一步，获取市场竞争技术优势吗？,公司始终坚持以市场为导向，挖掘产品的市场潜力，致力扩大绿色环保型、替代进口型等高技术含量PCB产品所占比重。同时随着客户终端产品的技术创新、新工艺流程、新材料以及新产品的不断开发，PCB行业也需要进行相应的技术升级，提升制程能力，为了保持在市场上的技术领先优势，公司持续投入研发，不断提升自主创新能力，不断开发前沿技术产品，不断开发生产适销对路的产品，与国内外客户之间形成持续合作开发的良好态势，逐步形成可持续发展的产品开发体系，保持了研发水平的领先性和前瞻性。,-0.7264150641657758
NONAI00441_002465_20230103,002465,海格通信,2023-01-03,4.166666666666667,1,24,请问董秘：兄弟公司广电运通拆分的子公司中科江南已上市一段时间了，公司计划拆分的驰达飞机运作这么久了，为何还没获批上市，进度偏慢，到底什么原因？,驰达飞机上市事项正在推进中，如有进展公司将及时披露。,-0.18834231545690594
NONAI00442_002467_20230303,002467,二六三,2023-03-03,3.125,2,64,贵公司是否有对6G有研发,您好，目前6G技术尚处于早期研究和探索阶段，公司暂无相关技术与产品。公司将积极关注行业前沿技术，结合公司主营业务及战略方向探索发展机会。谢谢！,-0.3627177432792249
NONAI00443_002468_20230313,002468,申通快递,2023-03-13,4.0,2,50,极兔都对接京东了，为什么申通还不能对接京东，哪怕一天一单也好，主要是意义重大。,尊敬的投资者，您好！感谢您对申通快递的关注和支持。目前项目还在测试阶段，具体进展以公司或相关官方发布信息为准。,-0.21624238390847703
NONAI00444_002474_20230317,002474,榕基软件,2023-03-17,8.474576271186441,10,118,"国家组建国家数据局.榕基软件是否有参与,或者贡献呢?",您好！感谢您对公司的关注。服务“数字福建”建设是公司的重要经营战略，“数字福建”是公司服务“数字中国”建设的起点 ，公司是“数字福建”建设的最早参与者之一， 重要合作伙伴，领先服务商之一；公司承建浙江、河南等省一系列重要项目，是“数字浙江”、“数字中原”建设重要合作伙伴，领先服务商之一。,0.532803521638786
NONAI00445_002475_20230201,002475,立讯精密,2023-02-01,22.22222222222222,6,27,您好！请问截止12月20日收盘公司股东人数是多少，谢谢！,"您好！截止至2023年1月31日，公司股东户数为285,932户，感谢您的关注！",2.834165100129955
NONAI00446_002476_20230105,002476,宝莫股份,2023-01-05,16.666666666666668,6,36,您好，请问，贵公司截止2022年12月30日股东人数是多少？谢谢！,尊敬的投资者您好，截止2022年12月30日，公司股东总数为43575，感谢您对公司的关注与支持！,1.9041628184109212
NONAI00447_002479_20230119,002479,富春环保,2023-01-19,2.272727272727273,2,88,"董秘你好,公司最近在研发上加大了投入,请问主要投在哪些方面?",尊敬的投资者，您好！公司主要在热电联产、节能减排、循环经济、环境监测等领域加大了研发投入。另外公司还会在年度报告中详细披露研发投入的相关信息，敬请关注公司年度报告有关研发投入段落。感谢您的关注！,-0.5053885478611222
NONAI00448_002488_20230306,002488,金固股份,2023-03-06,0.9090909090909091,1,110,公司阿凡达低碳车轮2022年销量占比是多少?销售毛利率是多少?,您好，感谢您的提问。公司阿凡达低碳车轮在车轮领域具有独创性，是创新型产品，市场还在开拓中。公司目前阿凡达产线产能为200万只/年，公司产品已进入商用车领域和乘用车领域，新能源汽车领域也已经获得了零跑、奇瑞、长安的项目定点，其他项目也正在推进中。谢谢！,-0.7336618351921579
NONAI00449_002489_20230103,002489,浙江永强,2023-01-03,0.0,0,27,你好，请问贵公司是否有生产或者考虑布局生产织布机呢？,感谢您的关注。\n公司目前无该项业务，也暂未考虑开展该类业务。,-0.8858440267461817
NONAI00450_002494_20230321,002494,华斯股份,2023-03-21,21.73913043478261,5,23,请问截止2023年3月20日，公司股东人数多少？,您好，截至2023年3月20日的股东人数约为3.41万名。谢谢,2.7532953365022133
NONAI00451_002500_20230104,002500,山西证券,2023-01-04,23.076923076923077,6,26,您好，请问截止1月31日收盘的股东人数，谢谢，祝工作顺利！,"感谢您的提问。截止2022年12月30日，公司股东人数为127,287人，谢谢！",2.977242374240576
NONAI00452_002502_20230103,002502,鼎龙文化,2023-01-03,2.127659574468085,1,47,公司为什么不考一虑更名？矿产资源公司是主业的了,您好，感谢您对公司的关注！公司未来如满足更名相关的条件或有更名相关的计划，将及时履行信息披露义务，谢谢！,-0.5296729401303814
NONAI00453_002508_20230131,002508,老板电器,2023-01-31,2.127659574468085,1,47,请问2010年报第三十页中的“内部抵消”具体是什么意思？该项目是基于什么原因而产生的？这种情况在2011年报也出现了。望解答谢谢！,尊敬的投资者您好，公司财务数据及其注释详见公司于巨潮资讯网（www.cninfo.com.cn）披露的定期报告。感谢您的关注，谢谢！,-0.5296729401303814
NONAI00454_002512_20230217,002512,达华智能,2023-02-17,6.349206349206349,4,63,贵公司的发展方向能祥细的介绍一下吗？不要总是给提问的投资者发“谢谢关注＂！,您好，感谢您对公司的关注，本公司以“海联网”和“数字屏”为核心业务发展战略，打造“一网一屏”产业云生态，致力于成为全球领先的综合信息服务提供商。谢谢。,0.17701572378985742
NONAI00455_002513_20230106,002513,蓝丰生化,2023-01-06,19.35483870967742,6,31,请问截止2022年12月30日股东户数多少？谢谢,尊敬的投资者，您好！截止到2022年12月30日公司股东户数为20155，感谢您的关注。,2.3541639224685182
NONAI00456_002514_20230109,002514,宝馨科技,2023-01-09,3.8095238095238093,4,105,连云港项目当前进展是否顺利? 是否已有订单或意向订单?,尊敬的投资者，您好！连云港宝馨光电科技有限公司是公司专门从事光伏组件生产及销售的控股子公司，目前计划产能为500MW/年，预计将在1月底实现投产，已具备相关订单及意向订单，业务具体情况请您查阅公司在指定媒体披露的定期报告，感谢您的关注！,-0.24812817642455823
NONAI00457_002515_20230110,002515,金字火腿,2023-01-10,5.555555555555555,3,54,请问金子火腿是否参股浙江网商银行？持股比例是多少？,您好，公司于2017年剥离了与主营业务不相关的财务性股权投资资产，其中包括浙江网商银行的股权，具体请查看公司公告。谢谢关注！,0.04415825497285255
NONAI00458_002517_20230523,002517,恺英网络,2023-05-23,19.51219512195122,8,41,3月20日股东数，谢谢,"您好，根据从中登公司查询的持有人名册，截至2023年3月20日公司股东总户数44,921户，感谢您的关注！",2.3805054505109142
NONAI00459_002518_20230106,002518,科士达,2023-01-06,0.0,0,39,公司如何看待明年全球储能业务的发展空间,您好，储能市场刚打开，未来还有很大的发展空间，公司会紧抓发展机遇，大力拓展储能业务。谢谢！,-0.8858440267461817
NONAI00460_002519_20230104,002519,银河电子,2023-01-04,4.761904761904762,1,21,请问董秘，截止2022年12月30日，公司股东人数多少？,您好，请关注公司定期报告中披露的股东信息，谢谢。,-0.08869921384415232
NONAI00461_002524_20230116,002524,光正眼科,2023-01-16,0.0,0,50,董秘你好，公司与爱尔眼科是否同类公司？是否存在竞争关系？谢谢,尊敬的投资者：\n 您好！公司与爱尔眼科的主营业务均为眼科医疗服务，在部分区域市场存在一定竞争关系。感谢您的关注！,-0.8858440267461817
NONAI00462_002526_20230218,002526,山东矿机,2023-02-18,0.0,0,20,请问公司与科大汛飞合作项目何时可以公告？,您好，如有需公告内容，公司会依规公告，谢谢关注。,-0.8858440267461817
NONAI00463_002527_20230306,002527,新时达,2023-03-06,12.068965517241379,7,58,请问公司是否有能力建设人工智能化现代工厂？,您好，公司子公司上海新时达机器人有限公司2020年入选上海市首批20家智能工厂，2021年入选工业和信息化部智能制造试点示范工厂。谢谢您！,1.1345057576779272
NONAI00464_002528_20230306,002528,英飞拓,2023-03-06,1.2820512820512822,1,78,董秘你好，3月3日，国务院国资委召开会议，对国有企业对标开展世界一流企业价值创造行动进行动员部署。请问你公司作为深圳国资委旗下，国内为数不多的高端安防产品供应商之一，在推动数字经济赋能高质量发展的同时，如何牢牢把握做强做优做大国有资本和国有企业这一根本目标，提示核心竞争力和增强核心功能，为服务构建新发展格局、全面推进中国式现代化提供坚实基础和战略支撑？,您好！公司密切关注国务院国资委启动的国有企业对标开展世界一流企业价值创造行动。公司将不断优化业务布局，提升核心技术竞争力，重视价值创造，推动公司高质量发展。感谢您的关注！,-0.6712281155802508
NONAI00465_002530_20230105,002530,金财互联,2023-01-05,7.8125,5,64,请问贵公司是否\n中标“国家税务总局电子发票服务平台（二期）项目”，\n贵公司在金税四期的核心业务系统建设的电子税务、财税云服务领域有哪些优势？,您好！公司全资子公司方欣科技有限公司通过联合体合作中标了“国家税务总局电子发票服务平台（二期）项目”，公司子公司正积极参与建设开发中。谢谢关注！,0.42197168192121026
NONAI00466_002531_20230103,002531,天顺风能,2023-01-03,7.6923076923076925,2,26,关于21年的半年报中，营收仅仅增长了1%左右，但是其中提到21年上半年新增装机量大幅增长71.5%，虽然公司净利润大幅增长，但是为什么营收却几乎没有增长，感觉是完全被行业抛弃了一样。能否一定的解释？,投资者你好：\n21年是海上风电抢装年，公司在21年尚无海上产能。,0.4018514402494043
NONAI00467_002533_20230110,002533,金杯电工,2023-01-10,4.651162790697675,2,43,董秘您好，贵公司的扁线电磁线新的生产线开始生产了吗？,投资者，您好！公司新能源汽车电机专用电磁线扩能建设项目二期已有部分产能在2022年底投产。感谢关注！,-0.10723746530699016
NONAI00468_002534_20230309,002534,西子洁能,2023-03-09,1.7241379310344827,1,58,你好，请问公司智慧储能电站项目被列入浙江省新型储能示范项目师范属实?,近日，浙江省发展改革委 、省能源局公布《浙江省 “十四五”新型储能示范项目计划 （调整）》评定名单，西子洁能崇贤基地智慧储能电站项目名列其中。,-0.5972226289713091
NONAI00469_002537_20230104,002537,海联金汇,2023-01-04,16.666666666666668,5,30,2023年金融业务业绩会有改善吗？还会拖累业绩吗？,您好，公司2022年度经营业绩敬请关注公司后期披露的2022年年度报告。谢谢。,1.9041628184109212
NONAI00470_002538_20230207,002538,司尔特,2023-02-07,2.0408163265306123,1,49,请问公司互联网销售平台能帮助农民直播卖货吗？,您好！公司主要通过经销商网络满足目前的销售需求，农资电商行业也正处在多样化的探索阶段。感谢您的建议和关注！,-0.5442105355024548
NONAI00471_002542_20230106,002542,中化岩土,2023-01-06,6.666666666666667,5,75,董秘您好，为什么董事会成员中兴城投资的人员占那么少？,您好！目前公司第四届董事会由9名董事组成，其中6名董事由公司控股股东成都兴城投资集团有限公司提名，并经公司董事会提名委员会审查、董事会审议、股东大会选举产生。谢谢！,0.2301587113166595
NONAI00472_002543_20230221,002543,万和电气,2023-02-21,1.9230769230769231,1,52,公司要挖掘潜能和培育新的利润增长点,您好！感谢您的关注！\n非常感谢您的建议和意见，我们会及时把您的建议和意见反馈至公司董事会和管理层的。\n祝工作顺利！,-0.5639201599972852
NONAI00473_002544_20230209,002544,普天科技,2023-02-09,0.5555555555555556,1,180,请问董秘，据悉近日有媒体报，华为2023年5G通信设备时钟元件招标采购中，旗下远东凭借过硬的产品质量强大的供货能力再次以最大份额中标恒温晶振产品占比60%迎接兔年开门红，请问以上消息属实吗？,您好！消息属实。远东公司时频产品种类包括晶体谐振器、恒温晶振、压控温补晶振等，拥有从晶棒切割到晶振组装和测试全产业链自主生产能力，产品自主研发，设备自主配套，品质稳定可靠、交期可控，在通信基站用恒温晶振方面已成为全球供货数量最大的供应商。后续计划加快恒温晶振小型化步伐，并拓展产品结构，开发低噪、抗辐照、抗振等特种晶振产品，同时纵深开发守时授时、时间同步等设备级产品，向产业链下游扩展。感谢您的关注！,-0.7928437985742783
NONAI00474_002546_20230104,002546,新联电子,2023-01-04,23.80952380952381,5,21,请问董秘，截止到2023年1月3日公司的股东户数是多少？谢谢！,您好！截至2022年12月30日，公司股东总数为4.37万户。,3.099880037763965
NONAI00475_002547_20230106,002547,春兴精工,2023-01-06,0.0,0,25,贵司智能制造上，有哪些“减速器”方面的涉及？,您好，公司有为理想汽车配套生产减速器后壳，目前占比较少。,-0.8858440267461817
NONAI00476_002549_20230104,002549,凯美特气,2023-01-04,2.4390243902439024,1,41,管理层好！观察到近期市场上氪氖氙等稀有气体价格在持续下行，请问公司判断这主要是因为下游需求不景气导致的，还是因为行业大量新产能投产导致的供过于求？公司对明年稀有气体的价格趋势如何判断？谢谢！,您好，未来公司实现氪氖氙氦原料气自有后，能够控制混配气的基础原料气成本，感谢您的关注，谢谢！,-0.47755034208904473
NONAI00477_002553_20230619,002553,南方精工,2023-06-19,2.2099447513812156,4,181,董秘您好，看到公司目前给国产主要减速机厂商进行RV减速机产品配套，那公司在人形机器人产业有没有产品配套？是否进入特斯拉产业链？,您好，感谢您对公司的关注。公司在国内RV减速机配套轴承等组件供应领域占据绝对的市场份额，双环，中大力德，秦川，恒丰泰，南通振康，北京智同，珠海飞马等均是公司的主要客户。\n在人形机器人领域，目前公司和国内头部两家减速机厂商合作开发新型减速机；相关样品已送至美国特斯拉，试验结果良好，获得较高认可。\n除此之外，公司正在开发的柔性轴承，行星滚柱丝杠等产品几乎属于国内空白，且在人形机器人领域有大量的需求。谢谢。,-0.5158983677198256
NONAI00478_002554_20230106,002554,惠博普,2023-01-06,0.0,0,50,请问贵集团现在有氢能源项目吗,感谢您的关注！公司十分重视氢能利用和相关技术的开发和积累，也在持续推动相关项目落地，目前尚无在运行项目，谢谢！,-0.8858440267461817
NONAI00479_002555_20230113,002555,三七互娱,2023-01-13,4.3478260869565215,3,69,请问 营业中旧时光商店街 是公司出的游戏吗？现在是什么进展？,投资者您好，该产品由公司负责发行和运营，目前已在中国港澳台地区及新加坡、马来西亚等地上线，具体信息请您关注公司官方发布的新闻及相关公告，感谢您的关注。,-0.15801615409650274
NONAI00480_002558_20230324,002558,巨人网络,2023-03-24,3.8461538461538463,1,26,你好！龙与世界的尽头台服已经正式上线。下载数量和商业流水表现怎么样？,您好，感谢关注。游戏运营数据请关注公司定期报告和官方新闻。,-0.24199629324838873
NONAI00481_002559_20230331,002559,亚威股份,2023-03-31,8.333333333333334,2,24,公司持有威迈芯材多少股份？,尊敬的投资者您好，公司目前直接持有威迈芯材10.84%股份。,0.5091593958323698
NONAI00482_002560_20230328,002560,通达股份,2023-03-28,5.392156862745098,11,204,请问公司目前股东人数是多少，公司何时开始进行回购股份,您好，非常感谢您对公司的关注。公司在定期报告中已披露截止报告期末的股东人数，敬请查阅。股东亦可持相关身份证明文件至公司证券部查阅最新股东名册。\n公司于2023年3月15日在巨潮资讯网上披露了《关于回购公司股份方案的公告》，回购股份期限为董事会审议通过之日起12个月内。公司将在首次回购股份事实发生的次日予以披露相关公告，并在每个月的前三个交易日内披露截至上月末的回购进展情况，敬请关注公司在巨潮资讯网披露的相关公告。再次感谢您对公司的关注。谢谢！,0.016805246686998697
NONAI00483_002561_20230106,002561,徐家汇,2023-01-06,0.0,0,34,董秘您好，请问贵公司的上海六百改造项目何时开始呢谢谢,您好，公司正积极推进上海六百城市更新项目，做好前期调研与各项筹备工作。谢谢！,-0.8858440267461817
NONAI00484_002562_20230104,002562,兄弟科技,2023-01-04,0.0,0,29,董秘你好，贵公司原料药主营产品有哪些？,投资者您好，公司原料药主要产品为碘造影剂系列产品，感谢您的关注。,-0.8858440267461817
NONAI00485_002563_20230111,002563,森马服饰,2023-01-11,4.8,6,125,黑猫投诉，有很多对公司的投诉，公司没有及时去处理，请问公司是否有重视消费者的声音？公司对消费者的投诉或者反馈是否有跟进和及时处理？,感谢投资者对公司的关注。\n公司历来重视消费者对公司产品、服务的建议和投诉，设立了消费者投诉及产品售后服务电话，有专人负责处理客户投诉及产品售后服务。 公司售后服务及投诉电话号码为：400-8877-588。针对三方平台的投诉信息，公司在核实到消费者信息情况下会及时予以处理，后期会重点关注。,-0.0823220553409361
NONAI00486_002565_20230106,002565,顺灏股份,2023-01-06,2.5641025641025643,1,39,董秘您好，想请问下贵公司钠电池合资公司进度如何了，会在过年前成立么？,尊敬的投资者您好！该合资公司目前正在办理工商登记以及项目前期相关工作，感谢您的关注！,-0.4566122044143197
NONAI00487_002567_20230103,002567,唐人神,2023-01-03,33.333333333333336,6,18,请问，截止到2022年12月31日，公司股东人数有多少？,"您好，截至2022年12月31日，公司股东数为93,391",3.5991992847994347
NONAI00488_002570_20230109,002570,贝因美,2023-01-09,0.0,0,20,董秘你好：在疫情的影响下，贵司目前应该加强抗免疫类的产品销售和宣传。乳铁蛋白益生菌营养粉、乳白蛋白益生菌营养粉等（成人营养品）“免疫特种兵”产品，在斗音、淘宝上面均没有销售，仅微信贝因美商城有售，这让很多人根本就错失了。,尊敬的投资者，感谢您的宝贵意见！祝您身体健康！,-0.8858440267461817
NONAI00489_002575_20230106,002575,群兴玩具,2023-01-06,1.7543859649122806,1,57,关于传闻的郎酒借壳或者是九方借壳请问贵公司有何最新进展？,您好！截止目前，公司未存在筹划重大资产重组等事项。公司披露信息媒体为上海证券报、证券时报及巨潮资讯网，敬请您留意公司有关公告。,-0.592159095677013
NONAI00490_002577_20230331,002577,雷柏科技,2023-03-31,7.142857142857143,2,28,公司有没有开展ai智能制造方面的业务?,感谢您对雷柏科技的关注，公司目前暂未开展AI智能制造方面业务。,0.30987319260686247
NONAI00491_002579_20230323,002579,中京电子,2023-03-23,1.3888888888888888,1,72,贵公司在算力方面有哪些技术储备,尊敬的投资者，您好！公司珠海工厂主要定位于高端3S类产品（服务器、存储器、交换机、光模块等）及通信全产业链应用类等产品，目前处于产能提升和目标客户加快导入阶段。谢谢！,-0.6533434563164231
NONAI00492_002583_20230102,002583,海能达,2023-01-02,0.9615384615384616,1,104,从前几年情况来看，公司每年四季度收入能达到35%或更高，今年四季度收入占比如何？,您好，从行业来看存在一定季节性因素，历史上看公司下半年较上半年相比收入及利润上普遍更多。中长期来看，因公司在营销策略上做了调整，从以大项目为主转向渠道发力，未来随着渠道业务的拓展及占收比的提升，预计季节性影响将有所弱化。谢谢。,-0.7248820933717335
NONAI00493_002585_20230103,002585,双星新材,2023-01-03,0.0,0,29,以前公司原材料采购都是以销售锁定价格，这次为何会造成这么大失误？公司大股东有没有进行期货交易？,您好，公司根据实际生产计划、生产情况制定原料的标杆采购计划，谢谢！,-0.8858440267461817
NONAI00494_002587_20230313,002587,奥拓电子,2023-03-13,2.7027027027027026,4,148,董秘您好，请问贵司有没有AI视频的技术及应用，谢谢,您好，感谢您对公司的关注！公司控股子公司创想数维主要布局数字内容、虚拟数字人、XR虚拟直播间等领域业务，研发的基于云渲染的沉浸式数字人会场平台，主要是利用AI、虚拟拍摄及云端渲染等技术生成虚拟展会、虚拟发布会、虚拟课堂、虚拟讲座等场景，允许参会人员以虚拟人方式参会并与会场的其他参会虚拟人进行交互，实现参会人的沉浸式会场体验。,-0.43341048428827317
NONAI00495_002591_20230104,002591,恒大高新,2023-01-04,5.454545454545454,3,55,请问是否有布局web3.0相关业务?,投资者您好！感谢您对公司的关注。公司业务目前还没有web3.0相关技术的应用场景，公司将会持续关注web3.0技术的发展，感谢您的关注！,0.027249122577960982
NONAI00496_002594_20230103,002594,比亚迪,2023-01-03,3.225806451612903,1,31,公司心态开发 管理能力提出。目前3万吨锂盐合作方盐湖股份股权分散，股价偏低，大股东控制力不足下，急需战略持股方，公司能否配置一些该公司股票，一方面配置优质上游产业链公司可以优化公司投资，另一方面，也可以体现合作诚意，改善双方关系，增加在合作方话语权。谢谢！,您好！公司将综合考虑各方面因素进行相关资源布局。感谢您对公司的建议！,-0.34584270187706506
NONAI00497_002598_20230119,002598,山东章鼓,2023-01-19,2.0833333333333335,1,48,公司要一直以鼓风机为主吗？没有想过转型新的产业吗？钠离子现在很好的机会，希望公司把握住这个风口，,您好，截至目前，公司继续以“智能制造、环保水处理、新材料开发应用”三大产业板块的发展战略，做大做强。感谢您的关注！,-0.5370931711015439
NONAI00498_002599_20230103,002599,盛通股份,2023-01-03,0.0,0,22,董秘您好，请问贵公司有没有互联网医疗相关业务布局，谢谢！,尊敬的投资者，您好，公司暂无相关布局，感谢您的关注。,-0.8858440267461817
NONAI00499_002600_20230104,002600,领益智造,2023-01-04,0.0,0,55,公司作为代工厂是否遭到苹果砍单？公司作为智造企业，因何无缘2022年度智能制造示范工厂？公司股价遭受恶意打压，是否对GDR产生影响？,尊敬的投资者您好！公司业绩情况敬请参阅定期报告。公司正在积极推进伦交所GDR相关工作，具体进展请详见后续公告。感谢您的关注！,-0.8858440267461817
NONAI00500_002602_20230103,002602,世纪华通,2023-01-03,2.9411764705882355,1,34,贵公司5年盈利百亿，一实现利润就进行大额收购，但是收购了这么多年却始终没有效益，资产负债率连年上升，这些大额的收购的可行性如果股东想要查询，如何查询？,您好！公司一直致力于提升经营业绩，为股东创造价值，请关注公司披露的公告。谢谢！,-0.39348987760081056
NONAI00501_002605_20230104,002605,姚记科技,2023-01-04,0.0,0,69,前段时间羊了个羊依托微信小程序爆火引发市场关注，公司是否有计划依托微信小程序开发类似的休闲游戏,尊敬的投资者，您好！公司专注主营业务，密切关注政策、市场和技术的变化和发展，努力为玩家提供深度的游戏产品体验，为广告主提供有价值的营销服务，感谢您的关注。,-0.8858440267461817
NONAI00502_002607_20230104,002607,中公教育,2023-01-04,0.0,0,31,请公司明示：教育培训诉讼为啥最近井喷式出现，是否与现金流短缺有问题,您好，公司一直重视学员服务，财务相关情况请关注定期报告。谢谢您的关注。,-0.8858440267461817
NONAI00503_002609_20230105,002609,捷顺科技,2023-01-05,3.5714285714285716,2,56,您好！请问截至22年12月31号，公司股东人数是多少？谢谢！,尊敬的投资者，您好。根据相关法律法规，公司会在定期报告中披露股东人数信息，请您关注公司相关定期报告。感谢您对公司的关注，谢谢。,-0.28798541706965963
NONAI00504_002611_20230113,002611,东方精工,2023-01-13,2.0833333333333335,1,48,中小股东有什么合法渠道对董事会进行改组,尊敬的投资者，您好！公司将按照法律法规的要求进行董事会换届工作，有关公司信息请以公司的信息披露公告为准。,-0.5370931711015439
NONAI00505_002612_20230103,002612,朗姿股份,2023-01-03,2.9411764705882355,1,34,1月3日中午，中华医学会医学美学与美容学分会消息，日前分会发布《新冠疫情时期整形美容医疗风险管控指导意见》称，近期国内医美行业陆续出现新冠感染后的患者在进行常规医美治疗时出现恶性事故的案例。分会提出，新冠阳性以及正在康复中的患者禁止实施任何医美项目；康复早期（4周内）患者，慎重实施中小医美项目，原则上禁止开展全麻手术项目。\n请问疫情政策调整后，朗姿股份及旗下公司出现过恶性医疗事故吗？,您好，谢谢您的关注。疫情政策调整后，朗姿股份及旗下公司未出现过恶性医疗事故。,-0.39348987760081056
NONAI00506_002614_20230103,002614,奥佳华,2023-01-03,3.3333333333333335,1,30,请董秘介绍一下公司关于血氧仪相关的业务 谢谢,您好，公司旗下品牌medisana的血氧仪等产品在京东、天猫等电商平台零售。谢谢！,-0.3278426577147611
NONAI00507_002622_20230109,002622,皓宸医疗,2023-01-09,2.5,2,80,公司的定增现在是个什么进度？,尊敬的投资者您好，目前公司非公开发行股票事宜仍在推进过程中，公司将根据进展情况按照深交所相关规定及时履行相应信息披露义务，请关注公司后续在巨潮资讯网披露的相关公告，谢谢。,-0.4673429999726163
NONAI00508_002624_20230310,002624,完美世界,2023-03-10,5.042016806722689,6,119,你公司的存货主要是啥东西？,您好，公司的存货主要为：1、影视业务中储备的剧本、拍摄中或者完成制作的影视剧等； 2、游戏业务的合同履约成本，即支付给IP合作方或游戏授权方的游戏分成款，按照相应的游戏收入相同的基础，摊销计入当期损益。具体可参见公司2022年半年度报告财务报表存货相关附注。感谢您的关注。,-0.04180834249697414
NONAI00509_002625_20230208,002625,光启技术,2023-02-08,3.225806451612903,1,31,你好董秘，请问二期说年底开工，而到现在也没有消息，是因为疫情耽误延期了吗？,尊敬的投资者您好，公司将及时披露709基地二期的最新进展，感谢您的关注。,-0.34584270187706506
NONAI00510_002629_20230106,002629,仁智股份,2023-01-06,4.3478260869565215,1,23,截止到2023年1月5日惠博普最新股东数量多少？,您好！惠博普公司的最新股东数请您向该公司咨询。谢谢！,-0.15801615409650274
NONAI00511_002631_20230209,002631,德尔未来,2023-02-09,2.112676056338028,3,142,公司的木地板销售价格比市面上其它竞争对手的要贵，是为什么？,答：投资者您好，感谢您的关注！公司根据上游原材料价格波动情况、品牌投入、生产成本等多因素动态综合制定定价策略，德尔地板以“立志成为中国地面材料用户（客户）交付第一品牌”为愿景，坚持以“用匠心铸造美好人居，让客户放心、省心、悦心”为使命，注重品质，倡导环保，坚持“科技环保打造居家健康”的理念，相信能给消费者带来不同的消费体验。谢谢！,-0.532181187219225
NONAI00512_002634_20230114,002634,棒杰股份,2023-01-14,3.125,1,32,光伏项目动工了没,尊敬的投资者，您好。公司光伏项目建设正在有序开展中。感谢您对公司的关注。,-0.3627177432792249
NONAI00513_002635_20230311,002635,安洁科技,2023-03-11,5.1020408163265305,5,98,尊敬的董秘您好，公司最新公告购买位于墨西哥新莱昂州北美华富山工业园的地块（Hofusan Real Estate）从google地图上看距离特斯拉墨西哥超级工厂的所在地“蒙特雷市圣卡塔琳娜（santa catarina）”只有区区十几公里的路程，请问贵司投资的新厂是否完全用于配套Tesla墨西哥超级工厂呢？请问这是公司继配套Tesla德州工厂后的第二个海外工厂吗？公司有没有在德国开设新厂的计划呢？,感谢您对公司的关注，1、公司设立墨西哥子公司为了进一步巩固、提升与北美地区新能源汽车、消费电子、储能、通讯等行业客户的合作关系。2、由于国际客户自身经营规划和全球市场战略布局的调整，公司目前没有在德国开设新厂的计划。,-0.03176029863686452
NONAI00514_002639_20230117,002639,雪人股份,2023-01-17,2.484472049689441,4,161,12月23日消息福建省发改委近日印发《福建省氢能产业发展行动计划（2022—2025年）》，提出福建省氢能产业发展目标：到2025年，培育20家具有全国影响力的知名企业，覆盖氢能制备、存储、运输、加注、燃料电池和应用等领域。公司作为福建本土企业，对公司的成长及规划是否有积极的影响？,投资者您好，《福建省氢能产业发展行动计划（2022—2025年）》明确了福建省氢能产业发展目标与发展路径，制定了重点任务与保障措施，为福建省内企业发展氢能产业提供指引与支持。公司持续积极参与福建省氢能产业发展行动计划，公司已牵头联合福州市氢能相关企业成立福州市氢能源及燃料电池产业发展创新联盟，致力于推动福州乃至福建氢能及燃料电池产业高质量发展。感谢您的关注！,-0.46994238523207943
NONAI00515_002640_20230320,002640,跨境通,2023-03-20,0.0,0,25,公司是否有直播业务,您好，公司跨境电商进出口均涉及到直播业务。感谢您的关注。,-0.8858440267461817
NONAI00516_002641_20230102,002641,公元股份,2023-01-02,0.0,0,76,您好！\n “公元”牌塑料管道凭借卓越的性能和优质的服务，已广泛应用于国家重点工程和国际援建项目，其中有没有包括2023年杭州亚运会的场馆？ 请多举几个例子。,您好！公元管道产品已广泛应用于港珠澳大桥、北京大兴国际机场、雄安新区等众多国家重点工程项目和国际援建项目，杭州亚运会的一些基建项目，本公司管道产品也有应用其中。谢谢！,-0.8858440267461817
NONAI00517_002642_20230316,002642,荣联科技,2023-03-16,2.0833333333333335,3,144,董秘你好，听说贵公司入选高质量数字化转型产品及服务全景图，这对公司有什么影响呢？,您好，感谢您的关注。《高质量数字化转型产品及服务全景图（2022）》是中国信通院以图谱为载体对数字化各细分市场中优秀企业的统一汇总和展示，以业界权威视角盘点国内数字化转型领域具有突出市场表现和商业价值的企业典型。公司能够入选是业界对公司云服务能力和行业数字化转型实力的认可，公司愿以专业能力助力行业用户数字化转型。,-0.5370931711015439
NONAI00518_002644_20230118,002644,佛慈制药,2023-01-18,1.4814814814814814,2,135,董秘你好：公司混改还在恰淡吗？一周岁了！！！！！,您好，感谢您对公司的关注。公司控股股东兰州佛慈医药产业发展集团有限公司自收到兰州市国资委批准以来，按照兰州市委市政府的指示和要求，其积极与潜在战略投资者进行了对接和沟通，截止目前洽谈仍在进行中。公司将持续跟进该事项的进展情况，严格按照有关法律法规及规范性文件的要求，及时履行信息披露义务。,-0.6378434182877726
NONAI00519_002646_20230104,002646,天佑德酒,2023-01-04,0.0,0,17,请问毛铺酱酒的产品包括草本系列是不是采购西藏那曲？谢谢,您好，您说的产品未从西藏纳曲采购，谢谢。,-0.8858440267461817
NONAI00520_002647_20230327,002647,仁东控股,2023-03-27,2.247191011235955,2,89,请问截止2023年3月27日，公司的股东人数是多少？,尊敬的投资者您好，公司按照规定在定期报告中披露报告期末的股东人数，关于中国证券登记结算有限责任公司定期派发的其他时点的股东人数，您可以携带身份证及持股证明到公司董事会办公室现场查询。谢谢!,-0.5096633285227521
NONAI00521_002648_20230105,002648,卫星化学,2023-01-05,2.4096385542168677,2,83,"董秘，你好。近期不少上市公司规划上马较大规模的α-烯烃项目，卫星化学连云港石化年产 1,000 吨α-烯烃工业试验装置项目之前预计在年底完成建设并进行调试和试生产，请问此部分是否已经如期建成并在调试与试生产？","尊敬的投资者，您好！感谢您的提问。公司自主研发α-烯烃，为公司发展下游高端聚烯烃及POE提供原料保障，连云港石化年产1,000吨α-烯烃工业试验装置项目建设接近收尾，公司将尽快进行调试和试生产。谢谢！",-0.4824695431090102
NONAI00522_002649_20230317,002649,博彦科技,2023-03-17,0.0,0,56,你好懂秘 鉴于国家发布的数字经济政策以及相关行业的发展趋势 贵公司在数字经济领域有布局或规划吗,尊敬的投资者，您好！IT服务是数字经济的重要组成部分，公司致力于通过自身全面的综合服务能力，助力行业客户实现数字化转型。谢谢！,-0.8858440267461817
NONAI00523_002650_20230103,002650,加加食品,2023-01-03,2.1739130434782608,1,46,公司股权激励方案中的第二期，2022年营业达到20亿或净利润达到2亿。请问公司有信心完成今年的目标吗？,尊敬的投资者，您好！公司全体员工一直在为经营目标而努力，具体请以公司披露的定期报告为准，感谢您的关注！,-0.5219300904213422
NONAI00524_002654_20230307,002654,万润科技,2023-03-07,3.409090909090909,3,88,贵公司现阶段对投资存储产业是如何规划的，除了长江万润是否还有其他存储方面的产业区,尊敬的投资者，您好！ 我司旗下控股子公司湖北长江万润半导体技术有限公司正按照“研发、销售先行，制造逐步完善”的思路，加快推进各项经营管理工作，包括团队建设、产品研发、市场开拓等工作。感谢您对公司的关注！,-0.31516080841859245
NONAI00525_002655_20230105,002655,共达电声,2023-01-05,2.484472049689441,4,161,您好，请问一下贵公司2022年12月31日股东总户数是多少？,您好，为保证所有投资者平等获悉公司信息，根据信息披露相关规则，公司会在定期报告中披露法定要求的股东数量信息，敬请关注公司在法定披露渠道的内容。如确需查询其他时点的股东人数，根据公司章程的规定，请将您的联系方式、身份证、股东账户卡等能证明您持有公司股份的种类以及数量的书面文件发送至公司邮箱gettop@gettopacoustic.com，经核实股东身份后予以提供，感谢您的理解与支持，谢谢！,-0.46994238523207943
NONAI00526_002657_20230329,002657,中科金财,2023-03-29,2.255639097744361,3,133,尊敬的董秘，您好，请问贵公司对于Transformer算法有没有深入研究？,您好，感谢您对中科金财的关注！中科金财自研的智能客服解决方案，是基于「智能数字人大脑」技术研发的智能客服方案，该方案是基于Transformer前馈神经网络模型，采用Self-Attention和Feedforward多层高维向量训练模型，打破传统NLP单一数据维度（语义）的理解局限，首创实现了多元数据维度（语义、推荐、规则、安全、指令、交易、客户行为轨迹）的理解力。谢谢。,-0.5082491153715362
NONAI00527_002658_20230203,002658,雪迪龙,2023-02-03,0.0,0,92,请问公司存货中的发出产品是什么？同时存货中原材料、在产品都不记跌价准备，请问是什么原因？,您好！公司存货中的发出商品是发往客户现场但尚未完成调试并验收的商品。公司通过以销定产的方式进行采购和生产，同时定期会对存货中的原材料和在产品进行减值测试，不存在减值迹象，故不计提存货跌价准备。谢谢！,-0.8858440267461817
NONAI00528_002659_20230203,002659,凯文教育,2023-02-03,4.166666666666667,1,24,你好董秘，公司所涉及业务范围，是否有包括托育相关服务业务？,尊敬的投资者您好，请以公司公开信息为准。谢谢您的关注。,-0.18834231545690594
NONAI00529_002662_20230113,002662,京威股份,2023-01-13,1.5151515151515151,1,66,请问，锂电池项目大约什么时候能实现量产？今年公司对盘活五洲龙的资产有什么打算？,您好，因为疫情原因锂电池项目受到一定影响，但是项目还在有序推进中，后续进展如需披露公司将依规履行披露义务；五洲龙事项目前没有可披露的信息，谢谢！,-0.6322070408228088
NONAI00530_002667_20230118,002667,鞍重股份,2023-01-18,7.526881720430108,7,93,请问公司是否已签署投资储能电芯的合作协议？,目前公司正积极与国内知名电池制造企业对接，进行产业合作规划。将通过产业协同、原材料供应等方式加强和下游企业的合作。后续公司将根据签署具体的投资储能电芯的合作协议签署实际情况公司将及时履行信息披露。,0.37415906461509063
NONAI00531_002668_20230214,002668,奥马电器,2023-02-14,1.4423076923076923,3,208,公司去年5月完成工商登记并换发营业执照增加“空调”这一经营类目后，是否有推出新产品的进展？此外，公司是否有进军智慧家电领域的计划，谢谢,尊敬的投资者，您好！公司将聚焦冰箱主业，持续保持并不断增强公司在冰箱冰柜业务领域的竞争能力。一方面，公司将顺应行业发展趋势，在保持出口优势的基础上，辅以自主品牌的持续深耕，不断优化产品结构，提升中高端产品市场份额，使公司的发展从规模数量化成长，进入规模与质效增长并举的可持续发展新阶段。另一方面，公司将在现有经营管理基础上，进一步加快信息化、智能化、数字化转型升级建设，籍此将公司发展成为最具成长性、最有竞争力的全球专业化制冷设备供应商之一。感谢您的关注！,-0.6444011266845093
NONAI00532_002670_20230103,002670,国盛金控,2023-01-03,18.75,6,32,董秘，你好！截止12月30号，股东人数多少？,"尊敬的投资者，您好！截至2022年12月30日，公司股东人数为45,878户。感谢您的关注。",2.252913674055559
NONAI00533_002673_20230223,002673,西部证券,2023-02-23,16.071428571428573,9,56,您好，截止到目前股东户数是多少,感谢您的提问。公司股东信息请参阅公司于2022年10月26日公布的《2022年三季度报告》。公司不存在应披露而未披露信息，再次感谢您的关注。,1.8045197167981677
NONAI00534_002677_20230210,002677,浙江美大,2023-02-10,6.896551724137931,6,87,董秘你好 贵公司什么时候公布业绩快报？\n上次理财产品到期后，这笔钱如何再利用？22年产能利用率是多少？,投资者您好，公司严格按照相关监管要求和规定进行信息披露，公司将于2023年4月21日披露2022年度报告；理财产品资金如有新的投资计划，公司会按规定进行公告；公司产能与产量较为匹配，感谢您的关注和支持！,0.26864156435330905
NONAI00535_002678_20230110,002678,珠江钢琴,2023-01-10,1.5873015873015872,2,126,你好，23年贵公司有什么展望吗？国企改革完成任务了吗？,尊敬的投资者，您好。公司积极贯彻落实国企改革三年行动方案，扎实推进各项工作，如期完成三年行动的各项任务。未来，公司将继续以产业融合创新为抓手，聚焦三大主业，充分发挥珠江钢琴的品牌优势，深化艺术教育领域布局，深入推进制造业、服务业的融合发展，提升公司核心竞争力。感谢您对公司的关注！,-0.620129089112172
NONAI00536_002681_20230106,002681,奋达科技,2023-01-06,0.0,0,26,董秘您好！请问控股股东肖奋及其一致行动人什么时候减持结束？,尊敬的投资者，您好！如达到信息披露标准，公司将及时公告，谢谢。,-0.8858440267461817
NONAI00537_002682_20230104,002682,龙洲股份,2023-01-04,4.0,1,25,贵司物流产业有没有和供销社有展开合作？,您好，感谢您的关注。公司物流产业与供销社无合作业务。谢谢！,-0.21624238390847703
NONAI00538_002683_20230104,002683,广东宏大,2023-01-04,6.896551724137931,2,29,您好，请问，贵公司截止12月30日股东人数是多少？谢谢！,您好，请您届时留意公司定期报告中的相关数据。感谢您对公司的关注！,0.26864156435330905
NONAI00539_002685_20230328,002685,华东重机,2023-03-28,6.122448979591836,3,49,转型后原有的业务会不会剥离？,谢谢关注，上市公司的原有业务将根据公司产业转型升级的整体战略安排做相关部署，具体情况请关注公司后续公告。,0.1390564469849989
NONAI00540_002689_20230110,002689,远大智能,2023-01-10,0.0,0,21,请问贵司是否有参与比亚迪汽车项目？,您好，公司没有参与比亚迪汽车项目，感谢您的关注。,-0.8858440267461817
NONAI00541_002690_20230103,002690,美亚光电,2023-01-03,2.0833333333333335,2,96,在大势所趋的数字化口腔医疗方面，可否介绍一下公司现有的进展和未来的规划布局？谢谢！,谢谢提问。公司目前正在打造基于工程化口腔CBCT等产品以及“美亚美牙”口腔健康数字化云平台的数字化口腔诊疗整体解决方案，致力于解决行业数字化的痛点，帮助口腔机构开源节流，帮助牙医提升工作效率，帮助患者提升就诊体验。,-0.5370931711015439
NONAI00542_002698_20230104,002698,博实股份,2023-01-04,12.068965517241379,7,58,您好！请问截至12月底公司股东人数是多少，谢谢！,"您好，感谢您关注博实股份。公司收到的2022年12月30日“合并普通账户和融资融券信用账户前N名明细数据表”中，股东户数（已合并）为18,925。谢谢！",1.1345057576779272
NONAI00543_002707_20230321,002707,众信旅游,2023-03-21,4.166666666666667,1,24,您好！据传公司正在与飞猪旅行商谈合并重组一事，请问是否有此计划？,您好，感谢您对公司的关注。如有相关事项，公司将予以公告。,-0.18834231545690594
NONAI00544_002712_20230102,002712,思美传媒,2023-01-02,7.547169811320755,4,53,公司占玄机科技多少股份？玄机科技ipo已到哪一步？,投资者您好，公司通过浙江成长文化产业基金间接持有玄机科技的股份不到1%，玄机科技的上市进度请关注市场公开信息，谢谢。,0.3775552993626951
NONAI00545_002713_20230103,002713,东易日盛,2023-01-03,0.0,0,80,你好，国家大力发展养老服务，公司是否有为老年人提供的适老化改造服务？,您好，公司主要从事面对个人客户的整体家装设计、工程施工、主材代理、自产的木作产品配套、软装设计及精装后的家居产品等家居综合服务，未涉及养老改造相关项目。感谢您对东易日盛的关注！,-0.8858440267461817
NONAI00546_002714_20230107,002714,牧原股份,2023-01-07,1.2820512820512822,2,156,董秘您好，牧原在产业链建设上是怎么考虑合作与自建的？为什么考虑独立做生物合成公司、新能源公司，疫苗兽药选择合作，新风系统智能化工具等却选择自己做？,您好，公司成立生物合成公司，将探索对于部分自身用量较大的氨基酸实现合成量产，有利于降低自身成本，强化供应链管理与稳定性。公司响应双碳政策成立新能源公司，充分利用当前生猪养殖与屠宰业务的大量猪舍、屋顶面积，拓展与普及屋顶光伏等新能源项目，降低自身能耗，同时开展对于生猪养殖过程中产生的废弃物的资源化利用，推进清洁生产、绿色生产。感谢您的关注！,-0.6712281155802508
NONAI00547_002717_20230303,002717,岭南股份,2023-03-03,2.9411764705882355,4,136,请问公司是否有时空大数据相关的内容或者业务？,尊敬的投资者，您好。时空大数据是结合时间、空间、属性三类信息而成的特殊数据，属于数字经济中的一种数据资源。公司积极关注数字经济领域的发展趋势，已与全国文化大数据交易中心建立长期合作，进行数字资产的确权与交易业务；并与腾讯在数字经济领域开展长期战略合作，在更多的赛道上进行布局。感谢您对公司的关注。,-0.39348987760081056
NONAI00548_002718_20230103,002718,友邦吊顶,2023-01-03,2.5641025641025643,1,39,"董秘您好,你们的售后服务热线没人接电话,请说明原因",您好，目前公司售后电话正常接听，如电话存在占线情况，请您分时段多拨打几次，感谢您的关注！,-0.4566122044143197
NONAI00549_002721_20230111,002721,金一文化,2023-01-11,9.25925925925926,15,162,请问公司有互联网金融、消费金融供应链金融属性吗？\n\n\n卡尼小贷和深圳市珠宝贷互联网金融股份有限公司 股权还有吗？,投资者您好！公司主营业务为为贵金属工艺品、黄金珠宝首饰的研发设计、生产加工及销售。公司目前不涉及互联网金融、消费金融供应链金融业务。公司已转让持有的深圳市珠宝贷、卡尼小贷股权，两家公司于2017年8月、2020年4月完成工商变更登记，详见公司在指定信息披露媒体披露的《关于转让参股公司股权的进展公告》（公告编号：2017-155）、《关于控股子公司股权转让完成的公告》（2020-054）。感谢您的关注。,0.6641597761188754
NONAI00550_002722_20230103,002722,物产金轮,2023-01-03,1.5267175572519085,2,131,公司是否会改名及新控股股东是否会将优质资产注入上市公司,您好，公司目前没有更名计划。公司已在《详式权益变动报告书》中披露了大股东相关主体承诺以现金或发行股份的对价方式将元通不锈钢按照公允价格注入公司。据悉，公司控股股东正在进行相关准备工作，以便尽快解决不锈钢业务的同业竞争问题。后期若有触及披露标准的事项，公司会及时进行披露。感谢您的关注！,-0.6302708806249204
NONAI00551_002726_20230201,002726,龙大美食,2023-02-01,3.7037037037037037,8,216,新的一年，公司的预制菜区域布局，发展战略是什么？相比较去年，有哪些新的亮点？,尊敬的投资者，您好！2022年，公司依托“三位一体”研发体系，提升产品品类，满足不同渠道和客户的实际需求，不断丰富预制菜产品矩阵。同时，加快开拓预制菜专业销售渠道，围绕西南、华南、华北、华中、华东等重点市场进行网络布局，带动预制菜业务快速增长。新的一年，公司也将在“一体两翼”发展战略的指引下，坚持将食品作为公司重要的业务板块，重点发展预制菜业务，在研发、生产和营销维度上共同发力，为中国人健康饮食提供高品质系统解决方案，提高食品业务板块的规模和占比，提升公司的综合盈利能力。感谢您对公司的关注！,-0.2658425056001588
NONAI00552_002727_20230106,002727,一心堂,2023-01-06,21.428571428571427,9,42,请问公司截至12.30日最新股东数是多少？谢谢董秘！,"您好，感谢您对公司的关注。截至2022年12月30日收盘，公司股东总户数22,668户，其中机构户数4,016户，谢谢。",2.7013076313129503
NONAI00553_002729_20230307,002729,好利科技,2023-03-07,1.1627906976744187,1,86,您好，请问子公司曲速科技有合肥市国资委的支持么？请问曲速的GPU是基于RISC-V开源架构，能否解决现在算力芯片卡脖子问题？,尊敬的投资者您好，感谢您对公司的关注！合肥曲速主要聚焦GPU芯片及ADAS车载视觉处理芯片等领域的研发销售工作，目前相关芯片正处于研发阶段。公司将严格按照相关法律法规及时履行信息披露义务。谢谢！,-0.6911923863863838
NONAI00554_002730_20230328,002730,电光科技,2023-03-28,4.166666666666667,5,120,请问贵公司的智能矿山业务进展如何？是否已产生营业收入？是否融合人工智能？,您好，感谢对公司的关注，公司智能矿山业务开展顺利，目前已经有多款产品生产销售中，具体可查阅公司定期报告中智能装备及系统业务情况。公司目前有的产品，包括部分智能开关、驱动设备、智能装备及系统已融合人工智能，部分AI产品已取得防爆安标证书并在市场推广中受到欢迎。谢谢。,-0.18834231545690594
NONAI00555_002733_20230116,002733,雄韬股份,2023-01-16,2.242152466367713,5,223,请问，子公司雄韬氢瑞登上《Nature》了？,您好！感谢您的关注。公司的全资子公司深圳市氢瑞燃料电池科技有限公司凭借全产业链布局，深厚的技术积累，与专业的研发人才团队，率先打破燃料电池电堆的价格屏障，引领行业降本增效，为推动氢燃料电池走向主流作出重大贡献。近日登上《Nature》，“推动氢燃料电池走向主流”（Driving hydrogen fuel cells into the mainstream）一文发布后，获得业内高度关注。文中提到雄韬氢瑞研发的纸电堆极板（PAPER STACK）将为公司的第二代燃料电池电堆提供更强大的性能优势。这种创新的纸电堆极板具备强度高、厚度薄、寿命长、重量轻、成本低等多种优势，未来纸电堆将成为高功率电堆市场的有力竞争者。谢谢！,-0.5105067830030737
NONAI00556_002735_20230214,002735,王子新材,2023-02-14,3.4482758620689653,1,29,请问贵公司是否与华为有合作？具体有那些业务往来？,您好，公司目前与华为没有正式业务往来。感谢您对公司的关注与支持！,-0.30860123119643634
NONAI00557_002736_20230120,002736,国信证券,2023-01-20,4.705882352941177,4,85,您好，尊敬的董秘。国信证券的网点在华东地区覆盖过少。华东与华南是证券个人投资者最多的地区，建议适当增开网点，服务更多的个人投资者，非常感谢。,您好！感谢您对公司关注。近年来，公司持续优化营业网点布局，其中华东、华南地区近两年共新设4家分公司、5家营业部。未来，公司将继续根据客户需求和业务发展需要，适时增加营业网点，服务好广大投资者。,-0.09807738811358793
NONAI00558_002739_20230106,002739,万达电影,2023-01-06,0.0,0,21,消失的她 公司有投资吗,您好，感谢您的关注，公司目前未参与投资上述电影。,-0.8858440267461817
NONAI00559_002745_20230207,002745,木林森,2023-02-07,1.5873015873015872,1,63,您好，请问公司有半导体及芯片等涉及信息技术应用创新产业的业务吗？谢谢。,尊敬的投资者，您好。公司主营业务包括朗德万斯品牌、木林森品牌和智能制造，同时也在积极布局植物照明，UVLED和光伏储能等新兴业务赛道。感谢您的关注。,-0.620129089112172
NONAI00560_002747_20230103,002747,埃斯顿,2023-01-03,4.074074074074074,11,270,尊敬的董秘，您好！根据相关行业统计，预计2022年全年机器人整机全国销量突破30万台，请问贵司市场份额多少？美的收购库卡后，贵司如何看，库卡会不会在国内出现大的扩产？另外，贵司上半年工业机器人及 智能制造系统板块毛利率出现下降，这是什么原因，贵司自产部件占整个机器人部件的比重是不是下降了？,您好，感谢您对公司的关注！公司2022年度的机器人销售目标是1.6-1.8万台，实际完成情况请查阅相关行业统计。目前国际品牌产品在中国机器人市场销售占比仍占据主要地位。随着人口老龄化和智能化的提升，工业机器人产业将会保持长期增长，包括库卡等国内外众多品牌厂商都在中国扩大产能，以满足未来市场发展的需求。2022年上半年公司工业机器人及智能制造板块的毛利率略低于去年同期（下降0.5个百分点），主要是海外Cloos由于受到欧洲通货膨胀的影响毛利率有所下降。目前，公司自产的核心零部件基本满足公司机器人产品的生产制造需求，除了减速机、部件中的芯片等元器件外，其他重要零部件均实现自供，并拥有完整的核心自主技术。,-0.20384235348555652
NONAI00561_002751_20230104,002751,*ST易尚,2023-01-04,8.064516129032258,5,62,"中科融合有三维背部测量系统产品上市并获得奖补,请问这个产品与贵公司产品是否是一个产品,或者是否为共同开发?另外12月底股东人数是多少?谢谢!",感谢您对公司的关注！根据中国证券登记结算有限责任公司深圳分公司下发的定期持有人名册显示，截至12月底公司的股东人数约为2.1万户。谢谢！,0.46415928542661
NONAI00562_002757_20230104,002757,南兴股份,2023-01-04,2.5210084033613445,3,119,围绕国家关于数据要素和数字经济的的各种新政策，唯一网络可以参与其中哪些环节？,尊敬的投资者，您好。公司子公司唯一网络定位于领先的数字经济基础设施服务提供商，围绕国家数字经济发展战略规划，结合公司在数据中心、云计算、云联网领域的多年沉淀与核心优势，为客户打造适应数字经济发展需要的“算力、传输、架构”的坚实基础，助力企业高质量发展。谢谢您的关注。,-0.46382618462157793
NONAI00563_002758_20230104,002758,浙农股份,2023-01-04,2.4390243902439024,1,41,董秘同志你好!请问国家降低减肥进口关税，对贵公司有什么积极影响吗？,尊敬的投资者，你好！国家降低化肥进口关税，有利于公司降低钾肥进口成本，加强资源供给能力。谢谢！,-0.47755034208904473
NONAI00564_002762_20230102,002762,金发拉比,2023-01-02,1.2195121951219512,1,82,董秘你好！公司有没有针对疫情病毒相关的消毒产品？,尊敬的投资者，您好！公司旗下贝比拉比（BABY LABI）品牌以提供“安全、健康、适合体质”的母婴全方位护理产品为主，锁定中高端母婴消费群体，覆盖洗涤、洗护和皮肤护理等产品，包括消毒灭菌类产品。谢谢您的关注！,-0.6816971844176132
NONAI00565_002766_20230111,002766,索菱股份,2023-01-11,0.0,0,27,尊敬的董秘你好！汽车电子后视镜CMS新国标GB15084-2022正式发布。新法规的颁布，意味着2023年7月1日起搭载CMS的汽车可以合法上路，请问我公司是否有汽车电子后视镜及相关其产品，谢谢！,尊敬的投资者您好，公司目前暂无汽车电子后视镜相关产品，谢谢！,-0.8858440267461817
NONAI00566_002767_20230103,002767,先锋电子,2023-01-03,24.242424242424242,8,33,公司领导您好！请问截止2022.12.30我们公司股东人数是多少？谢谢！,"您好！截止2022年12月30日，我公司股东总数为12,294户，其中机构户数为1,586户，谢谢！",3.1723477480277857
NONAI00567_002768_20230119,002768,国恩股份,2023-01-19,19.565217391304348,9,46,"您好,请问截止到2022年12月30日收盘,有多少家机构持有贵公司股票？机构持仓数占流通比例是多少?谢谢",投资者您好，截至2022年12月30日公司股东情况，请关注公司《2022年年度报告》中关于股东情况的内容。感谢您的关注！,2.3893814001773737
NONAI00568_002771_20230302,002771,真视通,2023-03-02,4.359673024523161,16,367,董秘您好!《数字中国建设整体布局规划》明确提出夯实数字基础设施和数据资源体系“两大基础”，请问公司作为多媒体视讯领域的龙头企业，是否参与数字中国建设?公司是否与华为云阿里云等平台有数字信息相关业务合作?,您好，感谢您对公司的关注。公司作为国内领先的信息技术和多媒体视讯综合服务与解决方案提供商。是拥有音视频集成一级、安防工程设计施工一级、电子与智能化等多项资质的国家级高新技术企业。经过多年积淀，公司成功地为数以百计的重要客户提供了多媒体视讯综合解决方案，尤其是在能源、政府、金融等重点领域积累了丰富的客户资源。在近期发布的北京企业100强名单中，公司凭借综合实力，荣登两项百强榜单——“2022北京数字经济企业100强”、 “2022北京高精尖企业100强”。公司主营业务包括多媒体视讯系统建设与服务业务和数据中心系统建设与服务业务。公司控股子公司博数智源继续坚持技术创新，提升研发体系，进一步加大在工业互联网方面的技术及市场投入，持续打造工业相关领域具有竞争力的行业解决方案。\n公司与华为保持了多年的合作关系，公司是华为的金牌经销商。公司全资子公司真视通军融科技发展（苏州）有限公司还与华为在电信业务的话音能力方面有合作。,-0.15603297188219833
NONAI00569_002777_20230320,002777,久远银海,2023-03-20,2.9411764705882355,3,102,公司是如何践行＂一带一路”方针的？,公司定位智慧民生服务商，聚焦医疗医保、数字政务、 智慧城市三大业务领域。目前，公司也为国内“一带一路”经济带上的城市及地区提供智慧民生服务。公司将进一步做好国内“一带一路”经济带智慧民生的信息化服务，助力“一带一路”的发展和建设！谢谢！,-0.39348987760081056
NONAI00570_002779_20230118,002779,中坚科技,2023-01-18,0.0,0,21,董秘你好，贵司旗下有没有移动便携储能电源产品？,投资者，您好！公司目前没有您所说的产品。谢谢关注！,-0.8858440267461817
NONAI00571_002780_20230106,002780,三夫户外,2023-01-06,1.3513513513513513,3,222,董秘请问公司有没有自己的服装生产基地或者在建的项目？,您好，公司自有品牌（X-BIONIC中外层、SANFO PLUS等）服装采用公司研发、原材料直采、委外加工的方式进行，X-BIONIC贴身层产品均由意大利工厂生产，公司目前没有服装生产基地，谢谢关注。\n【三夫户外以研发销售专业优质户外运动用品、运营X-BIONIC瑞士黑科技运动奢侈品牌、组织户外活动赛事团建、设计建设运营“松鼠部落亲子户外乐园+鹰极安全教育基地+三夫小勇士+Sanfo Hood野奢营地”亲子青少年综合素质教育项目为主营业务，通过各业务板块融合为消费者提供全方位产品和服务，鼓励和帮助人们走向户外，运动健康，并全力践行人与自然和谐相处的生活理念。】,-0.6596272555172275
NONAI00572_002785_20230201,002785,万里石,2023-02-01,1.7543859649122806,1,57,您好！据悉，全球首个地热水提锂产业化项目协议今日签署。签署方厦门万锂资源据查是 公司的参股公司，技术也是公司参股公司新疆泰利信提供的。该技术可以实现低浓度 含锂溶液直接提锂（地热水锂含量仅17mg/L），请问在17mg/L这样低浓度溶液里提锂 是否已经是国内最高水平的技术，该浓度水平下提锂对改善我国锂资源的战略安全水 平有何作用？请公司详细解答一下，同时该项目对公司有何积极影响？,您好！该项目为地热水综合处理生产电池级碳酸锂项目，该项目的实施对于拓宽锂盐原材料来源具有重大意义。感谢您对公司的关注，谢谢！,-0.592159095677013
NONAI00573_002789_20230324,002789,建艺集团,2023-03-24,4.901960784313726,5,102,公司是否参与国家一带一路相关项目？,您好！作为地方国企的成员单位，公司有责任有义务坚定贯彻国家的指导政策，积极参与国家的各项重大任务，请关注公司在指定的信息披露媒体《证券时报》《中国证券报》《上海证券报》《证券日报》和巨潮资讯网（http://www.cninfo.com.cn）披露的相关公告。感谢您的关注！,-0.06525377817056316
NONAI00574_002792_20230306,002792,通宇通讯,2023-03-06,5.555555555555555,1,18,媒体合作方面，凤凰卫视金融事件负面消息不断，请问是否与凤凰卫视、凤凰网、吴小莉等合作？,您好，公司未有相关媒体合作，感谢您的关注。,0.04415825497285255
NONAI00575_002793_20230105,002793,罗欣药业,2023-01-05,0.0,0,118,尊敬的董秘，您好！新毒株XBB1.5有个明显的特征，容易引起腹泻拉肚子等肠胃问题。请问贵公司在这方面有哪些产品？请介绍一下，谢谢！,答：尊敬的投资者您好！公司生产和销售用于治疗腹泻的药品包括：蒙脱石散和腹痛水两个产品。其中蒙脱石散具有吸附、修复、保护三效合一的功能，迅速缓解成人及儿童急、慢性腹泻；腹痛水具有温中止痛，解毒辟秽，和胃止泻的功效，是胃痛、腹痛、恶心腹胀、呕吐腹泻的必备产品。感谢您的关注。,-0.8858440267461817
NONAI00576_002797_20230202,002797,第一创业,2023-02-02,8.0,6,75,第一大股东首创集团以非公开协议转让的方式向北京国管转让4.64亿股，占公司总股本的11.05%。目前已经一年了。为什么还没有动作，是为的首创上市应付证监会审核吗？？,您好！相关事宜进展请详见公司于2022年12月21日披露的《关于变更主要股东行政许可申请获得中国证监会受理的公告》，本次变更主要股东事项尚需取得中国证监会核准，请知悉，谢谢。,0.4533592589292277
NONAI00577_002798_20230114,002798,帝欧家居,2023-01-14,2.5316455696202533,2,79,公司是否有计划考虑下修转股价，公司股价目前已经企稳，提前下修促进转股，减少利息支出，是多赢局面。解决了这个转债，还可以继续发行转债。,您好，感谢您的关注与建议。可转债转股价格如有向下修正安排，公司将严格按照相关法律法规及《帝欧家居集团股份有限公司公开发行可转换公司债券募集说明书》的规定，履行信息披露义务。,-0.46204551862105214
NONAI00578_002799_20230105,002799,环球印务,2023-01-05,1.6666666666666667,1,60,董秘您好，请问咱有没有和君实生物或者旺山旺水公司有合作关系？？,您好，感谢您的关注！公司暂未与您所提及的企业有合作关系，后期随着西安、天津两地募投项目的陆续投产，公司将积极开发更多的优质客户，谢谢。,-0.6068433422304713
NONAI00579_002803_20230304,002803,吉宏股份,2023-03-04,1.9607843137254901,3,153,近期数字中国已提上日程，请问公司对中国数字经济有何布局贡献?,您好，公司跨境电商业务属于数字经济范畴，是数字经济中的一种重要产业形态。公司的跨境电商业务主要通过 AI 算法分析海外市场，描绘用户画像，精准定位客户群体，并在国外社交网络平台上推送独立站广告进行精准B2C销售。目前公司已经成为东南亚跨境社交电商龙头企业，在精准营销、供应链管理、数字化运营、营收规模与覆盖市场等多方面均已具备行业竞争优势。,-0.5576079273159343
NONAI00580_002808_20230308,002808,恒久科技,2023-03-08,1.6129032258064515,1,62,贵公司2021年总营牧2.5亿都不到，2022年可能不超3亿。贵公司主营为打印复印机的周边耗材，信息安全与网络安全业务营收不过1千万。市场热捧贵公司，是不是公司有资产注入或者可能被借壳？,您好，公司所有信息均以在上述指定媒体刊登的信息为准，公司指定的信息披露媒体为《证券时报》和巨潮资讯网等中国证监会指定信息披露网站。谢谢！,-0.6158433643116233
NONAI00581_002811_20230103,002811,郑中设计,2023-01-03,21.875,7,32,董秘，您好，请问截止12月30日收盘，公司股东人数的多少？谢谢！,"尊敬的投资者您好，截至2022年12月30日公司股东人数为13,147户，感谢您的关注！",2.776039957522516
NONAI00582_002815_20230104,002815,崇达技术,2023-01-04,11.764705882352942,2,17,现阶段珠海一期产能利用率是多少？,公司目前整体产能利用率在80%左右。谢谢！,1.083572569835303
NONAI00583_002818_20230314,002818,富森美,2023-03-14,1.408450704225352,1,71,公司一季报会提前预报吗？一季度到商场里的人流量如何啊？,尊敬的投资者您好，根据深交所相关规定，上市公司半年度和年度经营业绩和财务状况出现规定情形时需披露业绩预告。公司目前经营正常，客流量有序恢复，感谢您的关注！,-0.6500688003948772
NONAI00584_002819_20230109,002819,东方中科,2023-01-09,1.436265709156194,8,557,董秘您好，公司子公司万里红主营业务虹膜识别，是否可应用于新一代身份证认证及元宇宙领域？公司的虹膜识别技术在全球处于什么地位？谢谢,尊敬的投资者，您好！虹膜识别是除DNA之外最精准的生物特征识别技术，相较于其他生物识别技术，虹膜识别技术具备多方面的性能力优势：精确度高，误识率远高于主流的人脸识别和指纹识别；安全性较高，无法通过图片、视频和非活体虹膜替代；非接触识别，高效、健康。因此可以应用于身份认证系统和元宇宙领域。出于高保密、高准确性和高稳定性要求，目前国际上已有多个国家将虹膜识别技术应用于国民身份识别系统，采集虹膜数据超过10亿规模，但国内的身份证认证尚未应用虹膜识别技术。在元宇宙场景下，用户通常佩戴头显设备（如：VR、AR、MR头盔或眼镜）进入虚拟世界，进行娱乐和社交活动，受限于头显设备对使用者关键面部特征的遮挡，人脸识别技术无法应用，而双眼则完全处于传感器采集范围之内，通过虹膜识别确认用户身份成为较为理想的选择。 \n在虹膜生物特征识别领域，北京万里红科技有限公司是国内最早一批进行虹膜生物特征识别领域产品和技术研究的企业之一，具有软硬件全产业链的自主开发能力，参与了多项国家标准的制定和修订，已拥有多项虹膜识别领域专利及软件著作权。万里红具备国内最大规模实际应用虹膜库的建设经验，实现了虹膜识别技术与云平台、大数据等多种智能高端平台的整合。近日，万里红正式成为全国信息技术标准化技术委员会生物特征识别分技术委员会（SAC/TC28/SC37）新一届虹膜识别工作组组长单位，参与虹膜识别标准体系制定工作。\n具体内容请参阅公司相关公告，感谢您对公司的关注！,-0.6454125571455697
NONAI00585_002829_20230104,002829,星网宇达,2023-01-04,10.344827586206897,3,29,请问公司12月底股东人数，多谢，祝您新年快乐。,您好，公司截至12月31日的最新股东人数为最新为13184人。感谢您的关注！,0.8458843599030546
NONAI00586_002833_20230106,002833,弘亚数控,2023-01-06,2.857142857142857,2,70,请问懂秘，公司各个高层自18年到21年纷纷大笔减持公司股份，是不是对公司未来有什么担忧？,尊敬的投资者，您好！公司高管既有减持也有增持。减持是出于个人资金需求并严格遵守相关法律法规，公司管理层认可公司长期价值，也对公司未来的发展充满信心。谢谢！,-0.40755713900496404
NONAI00587_002835_20230314,002835,同为股份,2023-03-14,1.1049723756906078,2,181,尊敬的董秘你好，请问贵司有AI视频方面的业务产品或者技术吗？,尊敬的投资者您好，安防产品AI化是视频监控行业一个重要发展趋势。随着AI技术的发展，公司紧跟行业发展和技术趋势，积极部署AI的基础能力，AI产品快速迭代，陆续发布了可靠、可用的系列AI产品，包括全系列人脸抓拍、比对摄像机，视频结构化摄像机，车牌识别摄像机，智能应用服务器。同时，公司积极部署AI人力资源，全面发展在大数据处理、算法研发、模型训练以及嵌入式跨平台优化布署等全流程全栈式AI产品开发能力。感谢您的关注！,-0.7008711972330036
NONAI00588_002841_20230104,002841,视源股份,2023-01-04,18.6046511627907,8,43,董秘您好！请问截止12月30日前股东人数及机构情况，谢谢！,"尊敬的投资者：您好，截至2022年12月30日，公司股东总户数为19,612户，机构户数为2,571户，感谢您的持续关注！",2.228582219010584
NONAI00589_002845_20230111,002845,同兴达,2023-01-11,0.0,0,27,你好，请谈谈公司在储能光伏领域里的布局，谢谢,您好，感谢对我司的关注。我司目前尚未在储能光伏领域布局，谢谢！,-0.8858440267461817
NONAI00590_002846_20230103,002846,英联股份,2023-01-03,19.35483870967742,6,31,请问12/30的股东人数？ 祝新年顺意！,"尊敬的投资者您好，截至2022年12月30日，公司股东人数为18,049,感谢您的关注。",2.3541639224685182
NONAI00591_002848_20230119,002848,高斯贝尔,2023-01-19,2.4691358024691357,4,162,尊敬的领导您好，请问公司终止重组后，将怎么加强主业的经营？是否考虑注入其他优质资产增强上市公司主体业绩？另外，公司截止2023.1.8日股东人数是多少？谢谢！,尊敬的投资者您好，感谢您对公司的关注。公司将积极把握行业发展机会，持续强化核心竞争力，夯实发展基础，为股东创造更多价值，以期更好地回报投资者。公司股东名册托管在中登公司，公司无法实时掌握股东人数情况，需要根据中登公司定期下发的股东名册获知。如需股东人数查阅，请您将相关时点持股证明和身份证明扫描发到公司ir@gospell.com邮箱，公司将在确认您的股东身份后给您回复。,-0.4725096793154998
NONAI00592_002851_20230104,002851,麦格米特,2023-01-04,1.0416666666666667,1,96,公司近年来新能源汽车相关产品毛利率不高甚至有下滑的趋势，新能源汽车国补退出在即，整车厂商生产成本上升，是否会进一步冲击公司毛利率，公司有哪些控本措施。另外新能源车补贴退坡还会对公司哪些方面造成影响？,您好，公司今年毛利率承压的主要原因为上游原材料价格波动带来的成本上涨，新能源车补贴退坡对公司的直接影响尚不明确，公司在新能源汽车领域依然持续稳定投入，之后会继续跟踪技术方向，不断完善布局，持续拓展业务，谢谢。,-0.7114685989238627
NONAI00593_002852_20230118,002852,道道全,2023-01-18,5.970149253731344,4,67,贵公司连续亏损，目前有触及st退市风险吗？,尊敬的投资者您好，根据《深圳证券交易所股票上市规则（2022 年修订）第九章“退市与风险警示”条例规定，公司未触及被实施退市风险警示的规定，感谢您对公司的关注！,0.11356141032501939
NONAI00594_002855_20230206,002855,捷荣技术,2023-02-06,6.363636363636363,7,110,您好，董秘，2021年贵司在VR/AR方面的业务收入占比已经从1.8%提升到6.1%，请问公司是否涉及到MR或XR业务？,尊敬的投资者，您好！公司的主营业务为精密模具、精密结构件及高外观需求的硬件组件的设计、研发、制造和销售。目前公司正在编制2022年度报告中，有关公司信息以公司在指定信息披露媒体发布的公告为准，请关注公司在指定信息披露媒体发布的公告。感谢您的关注！,0.1794313141319848
NONAI00595_002856_20230407,002856,美芝股份,2023-04-07,3.875968992248062,5,129,请问贵司，现任大股东与前任大股东关于股权转让时的净利润对赌及新增中标合同金额对赌承诺是如何约定的，原大股东有没有完成2021年对赌承诺及2022年对赌承诺如何处理。,尊敬的投资者：您好。公司不存在应披露而未披露的事项。公司一直按照《中华人民共和国公司法》、《中华人民共和国证券法》、《中华人民共和国民法典》、《深圳证券交易所股票上市规则》等法律法规的相关规定持续合规经营，对于签订的各类协议均遵循合同的基本原则及精神、交易背景等因素履行相关约定。感谢您的关注。,-0.2370052255468555
NONAI00596_002858_20230306,002858,力盛体育,2023-03-06,8.333333333333334,4,48,公司财报显示持有一个多亿的交易性金融资产，请问是什么？,尊敬的投资者，您好：公司2022年三季度财报中，交易性金融资产主要是公司购买的银行理财产品等。感谢您的关注，谢谢。,0.5091593958323698
NONAI00597_002861_20230104,002861,瀛通通讯,2023-01-04,6.349206349206349,4,63,请问董秘:公司如果2021和2022年连续两年亏损，按照交易所最新规定，会被st吗？谢谢如实回答,尊敬的投资者，您好！ 根据《深圳证券交易所股票上市规则（2022年修订）》有关规定，目前公司不存在被实施退市风险警示及其他风险警示的情形。感谢您的关注！,0.17701572378985742
NONAI00598_002862_20230120,002862,实丰文化,2023-01-20,1.4184397163120568,2,141,请问贵公司有机器人系列产品吗？,您好，感谢您的关注！公司目前主要产品有宝可梦正版授权场景过家家玩具、兔年生肖玩具飞飞兔、飞狗MOCO正版授权场景模型-DIY小屋、萌龙学园系列产品。公司持续强化对旗下知名IP运营、潮流玩具推广，不断完善其潮流玩具全产业链，根据外部市场环境及客户的需求生产或为其定制相应产品，努力为公司创造营收，促进公司健康稳定发展，谢谢。,-0.6483966356689814
NONAI00599_002866_20230103,002866,传艺科技,2023-01-03,2.4390243902439024,1,41,为什么一问电池的参数指标就感谢关注，电池投产当天你们不还发了个公告吗？还说了比容量，为啥现在要电压、适用温度、重量、额定容量这些指标就感谢关注？你们的电池有问题吗？为啥开个发布会连图片和技术参数都看不到,尊敬的投资者，您好！公司钠电池具体性能参数请关注公司定期报告及后续相关公告，感谢您的关注。,-0.47755034208904473
NONAI00600_002867_20230320,002867,周大生,2023-03-20,2.4390243902439024,1,41,请问，公司每年都会提前出上一年的业绩快报，今年为什么到现在还没出，是没做好还是可以不出，谢谢！,尊敬的投资者您好！公司将根据深圳证券交易所相关业务规则进行信息披露，感谢您对公司的关注！,-0.47755034208904473
NONAI00601_002870_20230306,002870,香山股份,2023-03-06,2.2988505747126435,2,87,公司在墨西哥的充电桩工厂就是为了美国市场而建的，现在美国出了本土禁令，要求充电桩本土制造，那么请问公司的墨西哥工厂是否白建了，今年是否准备计提大幅资产减值？ 预计亏损多少？,公司的墨西哥生产基地早在2015年就已开始为北美各主机厂配套生产汽车零部件等产品。随着公司北美客户的不断拓展，墨西哥生产基地将发挥更为重要的作用，不存在计提大额资产减值的情形。感谢您的关注！,-0.5010154963796848
NONAI00602_002877_20230317,002877,智能自控,2023-03-17,2.2900763358778624,3,131,你这个公司的产品是不是属于智能产品,尊敬的投资者：您好！公司目前生产的智能控制阀带有微处理器，能够实现智能化控制功能。智能控制阀通过DCS控制系统接收生产过程中介质的温度、流量、压力、液位等反馈控制信号，由控制单元按照要求自动实现远程调节控制。公司正积极开发更多应用于工业过程自动化领域“物联网+”的智能化产品。感谢您的关注，谢谢！,-0.5024843075642897
NONAI00603_002878_20230313,002878,元隆雅图,2023-03-13,0.0,0,35,贵公司最近是否接到亚运会的订单呢,您好，公司是杭州亚运会特许零售商，目前正在开展杭州亚运会相关特许产品的销售。,-0.8858440267461817
NONAI00604_002881_20230413,002881,美格智能,2023-04-13,7.2,9,125,近期国家大力发展6G产业，很多公司都表示有6G技术储备，辛苦董秘能不能问一下贵公司技术人员，有没有6G相关专利，或者技术人才储备？,尊敬的投资者您好，6G技术尚处于早期研究阶段，距离搭载6G技术的产品落地仍需时日。公司在4G、5G毫米波及Sub-6GHz产品上已有大量出货，公司研发团队在4G/5G无线通信技术及应用领域有深厚积累，并已投入5G Advanced-ready产品的前期研发，相关方面的持续投入为下一代6G技术的开发奠定良好基础。感谢您的关注。,0.31943893036168675
NONAI00605_002888_20230105,002888,惠威科技,2023-01-05,1.5384615384615385,1,65,请问公司的产品有没有用到特斯拉、蔚来、小鹏汽车、理想、比亚迪等新能源汽车上呢？刚刚发布的家电下乡，以旧换新的政策公司参与吗？,尊敬的投资者您好，公司暂时没有与上述汽车厂家合作，公司汽车音响主要进入汽车后装市场。公司密切关注相关政策信息动向，积极进行相关业务布局，谢谢。,-0.6283049333470645
NONAI00606_002889_20230306,002889,东方嘉盛,2023-03-06,2.797202797202797,4,143,请问公司准备何时套现徐工机械、华大智造、中谷物流等投资？,公司坚持实施“一体化供应链服务纵深发展”和“战略投资孵化”双轮驱动战略发展， 近年来在主业相关行业进行战略布局，加深对行业客户理解、促进业务协同，投资标的均为行业龙头企业，公司十分看好标的公司潜在发展，也会均衡考虑投资财务回报，适当时机投资决策退出。具体重大投资决策公司将严格按照信息披露要求履行披露义务，敬请关注。,-0.4175911296568777
NONAI00607_002897_20230201,002897,意华股份,2023-02-01,20.0,5,25,尊敬的董秘，请问本月中登公司下发的最新股东数是多少？方便时麻烦查下,投资者您好，截至2023年1月31日，公司股东人数为15646，感谢关注！,2.4621641874423417
NONAI00608_002899_20230104,002899,英派斯,2023-01-04,0.0,0,79,董秘您好，疫情复苏的情况下公司有无扩大国内市场份额的想法？,投资者您好，随着疫情复苏，公司正在全力推进业务发展。在国内市场方面，公司结合线上线下细分市场领域的器材需求，加大市场的开拓力度，争取更多的市场机会，增加市场份额。感谢您的关注！,-0.8858440267461817
NONAI00609_002902_20230306,002902,铭普光磁,2023-03-06,0.0,0,82,董秘好，既然工信部将全面推进6G技术研发，而且多家上市公司已经表示开始布局6G！贵公司作为5G相关产品的引领者之一，是否也已经开始布局6G领域？目前公司哪些产品可用于6G相关业务？多谢明确一些回复以上2个问题！,您好！感谢您的关注！公司立足通信行业，产品可以广泛应用于通信基础设施、融合基础设施、创新基础设施等方面，公司持续聚焦主业发展，同时紧密关注国家相关政策变化，积极开展新技术的研发。谢谢！,-0.8858440267461817
NONAI00610_002903_20230109,002903,宇环数控,2023-01-09,5.0,1,20,"您好,请问截止到2023年1月6日收盘,有多少家机构持有公司股票？机构持仓数占流通比例是多少?谢谢",投资者您好，公司股东信息请关注公司定期报告。,-0.04884197319905085
NONAI00611_002906_20230103,002906,华阳集团,2023-01-03,3.4482758620689653,1,29,领导你好，贵公司第二大客户长安下属新能源品牌长安深蓝第二款车S7即将亮相，请问贵公司为此款车型除了原本的仪表和蓝牙钥匙以外，是否供货座舱域控制器和HUD？感谢领导回复,您好！公司目前已获得长安深蓝S7大功率无线充电产品定点项目。谢谢！,-0.30860123119643634
NONAI00612_002907_20230103,002907,华森制药,2023-01-03,1.8518518518518519,2,108,公司有治疗腹泻的肠胃药物吗,尊敬的投资者，您好。公司生产的痛泻宁颗粒用于治疗肝气犯脾所致的腹痛、腹泻、腹胀、腹部不适症，肠易激综合征等。该产品为公司独家中成药，已被列入部分省市、专家协会推荐用药，以及《新冠肺炎感染者居家中医药健康管理专家共识》推荐用药目录。感谢您的关注。,-0.5758432661731703
NONAI00613_002908_20230104,002908,德生科技,2023-01-04,0.0,0,28,董秘你好，能否公布一下贵司2022年业绩预告，预祝公司来年大展宏图,您好，公司将根据有关法律法规的要求披露相关公告。感谢您的关注！,-0.8858440267461817
NONAI00614_002912_20230103,002912,中新赛克,2023-01-03,30.0,6,20,尊敬的高管，感谢您不厌其烦的回答投资者提问！能否劳驾您查查本月最新的股东数？,"您好，公司2022年12月30日股东人数为20,247人。谢谢！",3.5991992847994347
NONAI00615_002913_20230330,002913,奥士康,2023-03-30,16.666666666666668,7,42,您好，请问截止3月20号股东人数多少？谢谢！,"尊敬的投资者，您好！\n截至2023年3月20日，公司在册股东的总户数为20,806户。\n感谢您对本公司的关注！",1.9041628184109212
NONAI00616_002916_20230129,002916,深南电路,2023-01-29,8.928571428571429,25,280,你公司1月16日减持百分之0.27股票为何1月31日和笫一次公布减持数额一致形成重复减持呢？是不是搞错了\n.,"尊敬的投资者，您好。公司于2022年12月28日召开第三届董事会第二十次会议，审议通过了《关于 A 股限制性股票激励计划（第一期）第三个解锁期解锁条件成就的议案》。根据公司2019年第一次临时股东大会的授权，董事会为符合解锁条件的激励对象办理解锁相关事宜，本次可解锁的限制性股票数量1,469,013股，占公司总股本的0.29%，相关股份拟定于2023年1月31日上市流通。根据交易所要求，公司应在设定的“拟定上市日期”前3个交易日内披露股权激励获得股份解除限售公告，公司已于2023年1月19日披露《关于 A 股限制性股票激励计划（第一期）第三个解锁期解锁股份上市流通提示性公告》。股份解除限售不等同于减持，关于公司股份变动情况，敬请以公司公告信息为准。谢谢您的关注。",0.6088024974451235
NONAI00617_002917_20230215,002917,金奥博,2023-02-15,2.158273381294964,3,139,我国现在有5亿多农村人口，根据国家政策继续解放这部分人口的生产力和效率，请问贵司是否有关注振兴乡村相关政策，公司的产品是否应用于各大乡村区域？,尊敬的投资者，您好！公司主营业务分为“民爆一体化、精细化工、智能制造、金奥博智慧云”四大业务板块，包括民用爆破行业智能装备、软件系统、工艺技术、关键化工原辅材料、工业炸药、起爆器材、爆破一体化服务，以及各类六轴、并联和柔性协作工业机器人的应用及其解决方案。公司相关产品目前暂未应用到乡村振兴领域。感谢您对公司的关注！,-0.5245481762941828
NONAI00618_002919_20230131,002919,名臣健康,2023-01-31,2.272727272727273,1,44,名臣健康何时发布业绩预告？,投资者您好！感谢您对公司的关注！若有相关信息，公司会按照信披及相关规定第一时间予以公告披露。谢谢！,-0.5053885478611222
NONAI00619_002920_20230113,002920,德赛西威,2023-01-13,4.761904761904762,1,21,您好！请问截止12月20日收盘公司股东人数是多少，谢谢！,您好，请留意公司定期报告中股东人数的披露，谢谢！,-0.08869921384415232
NONAI00620_002921_20230103,002921,联诚精密,2023-01-03,1.6260162601626016,2,123,董秘您好！请问公司截止12月31日的股东户数是多少？谢谢！,尊敬的投资者，您好！根据信息披露公平原则，公司会在定期报告中披露对应时点的股东信息，如需查询其他时间点的股东人数，您可以携带有效身份证件及证明持有公司股份以及持股数量的书面文件来公司董事会办公室查阅，公司经核实股东身份并现场签署保密协议后按照规定予以提供。谢谢！,-0.613648236974757
NONAI00621_002923_20230104,002923,润都股份,2023-01-04,6.4935064935064934,5,77,你好，贵公司一直说布洛芬原料药在注册中，可是查询药审中心数据发现，根本没有布洛芬原料药注册申请？请问是不是贵公司在有意误导投资者？,您好！公司布洛芬原料药已通过国家药品监督管理局上市申请审批，详见公司于巨潮资讯网（http://www.cninfo.com.cn）披露的《关于原料药通过国家药品监督管理局审批的公告》（编号：2022-066）。感谢您的关注！,0.2011716272111311
NONAI00622_002925_20230306,002925,盈趣科技,2023-03-06,0.0,0,38,公司有生产基于第一代骁龙AR2平台的轻量级AR智能眼镜吗或其他AR产业。,您好。公司暂未生产上述产品，但是对于AR领域相关产品和技术，公司一直保持密切关注。谢谢。,-0.8858440267461817
NONAI00623_002926_20230105,002926,华西证券,2023-01-05,4.3478260869565215,2,46,董秘，在山西证券的调研中显示，华西基金人员和场地均已就绪，请问人员总数是多少人，场地有多少平方。,华西基金人员和场地准备均已符合公司开设验收条件，目前正在持续进行优化推进中。\n感谢您对公司的关注。,-0.15801615409650274
NONAI00624_002929_20230104,002929,润建股份,2023-01-04,2.506265664160401,10,399,请问公司在数字乡村方面有什么进展？谢谢！,数字乡村是乡村振兴的战略方向，润建股份在全国各地涌现出了一批可复制、可推广的数字乡村应用场景和典型案例。\n\n例如：\n1、公司推出了润建RunVillage数字乡村综合解决方案，发挥全国服务网络覆盖优势，先后在河南省南阳、开封，山东省菏泽鄄城县、定陶区、东明县、单县等全国多地建设高标准农田及数字农田智慧管理系统，助力各地高标准农田建设和有效监管，推进粮田的高产高质高速发展，为国家粮食安全保障夯实根基。\n2、公司整合资源建设陈皮产业大数据服务平台，以5G融媒+生态+高新技术为保障，联合钦州新闻传媒中心移动端“钦州此刻APP”及全媒体矩阵，形成陈皮“宣+产+销”一体化服务平台，共同发力推动陈皮产业数字化，通过陈皮全产业链带动农民就业致富，以数字化全力助推陈皮产业做大做强。\n\n未来，润建股份将继续发挥信息通信技术优势，以产业兴旺、生态宜居、乡风文明、治理有效、生活富裕为方向，拓展数字乡村数据更多应用场景，推动乡村数字经济加速发展，让数字技术为乡村带来更多新变革新机遇，让数字红利更广泛惠及乡村亿万农民。\n谢谢！,-0.4662941252187978
NONAI00625_002930_20230106,002930,宏川智慧,2023-01-06,16.27906976744186,7,43,董秘：您好。请问公司哪天出2022年度业绩预告？,您好！公司2022年年度报告将于2023年4月28日予以公告，是否披露业绩预告，还请以公司后续公告为准，谢谢！,1.8392789382909884
NONAI00626_002932_20230103,002932,明德生物,2023-01-03,1.6666666666666667,1,60,跌势不减呀，董秘，公司目前经营情况咋样，新项目年初可以完全竣工投产吗,尊敬的投资者您好，公司生产经营一切正常；公司科技产业园截至目前正在有序建设中，其中，生产、研发大楼以及配套宿舍皆已封顶。感谢您的关注！,-0.6068433422304713
NONAI00627_002933_20230106,002933,新兴装备,2023-01-06,2.6315789473684212,1,38,请问董秘，贵公司有没有转型投资的计划？机器人技术主要应用到哪些方面？,尊敬的投资者您好，有关公司的信息请以公司在巨潮资讯网披露的公告为准。感谢您的关注。,-0.4453166301424286
NONAI00628_002936_20230220,002936,郑州银行,2023-02-20,0.0,0,66,董秘：你好！别的银行年度净利润和每股收益较1-9月都是增长的，而郑州银行则不同，近五年每股收益对比，2018年1-9月0.65元，年度0.47元；2019年1-9月0.61元，年度0.47元；2020年1-9月0.51元，年度0.36元；2021年1-9月0.44元，年度0.33元；2022年1-9月0.41元，年度？元。为何年度净利润和每股收益较1-9月年年下降？谢谢！,感谢您的关注！近年来，我行按照审慎经营的原则，定期评估客户信用风险情况并计提拨备，因持续加大不良资产处置和拨备计提力度，对利润产生了一定的影响。,-0.8858440267461817
NONAI00629_002938_20230105,002938,鹏鼎控股,2023-01-05,2.1390374331550803,4,187,请问贵公司是否存在大客户减单情况，贵公司将来的路怎么走，成长价值在哪？,"公司目前经营正常。随着5G应用的逐步拓展，IOT、元宇宙及其他电子产品的新的应用空间也将打开，未来在通讯领域及消费电子领域，需求的增长将会带动公司的可持续发展；此外，公司在汽车电子及其他领域的布局也将给公司带来新的发展动能。公司作为全球最大的PCB生产厂商之一,与全球知名的各终端厂商都拥有良好的合作关系,能够紧跟潮流与趋势布局新技术、新产品，不断夯实核心竞争力，未来也将依托自身的优势不断获取新的发展动能。谢谢！",-0.5277682819131845
NONAI00630_002939_20230103,002939,长城证券,2023-01-03,3.252032520325203,4,123,控股股东华能资本除控股公司，参股华西证券，是否还有其他证券资产？谢谢！,尊敬的投资者，您好。公司控股股东华能资本是中国华能集团旗下金融服务平台，主要控股长城证券股份有限公司、永诚财产保险股份有限公司、华能贵诚信托有限公司等金融或类金融企业，业务主要涵盖证券、保险、信托、租赁等传统金融领域以及碳资产、私募股权管理等新兴金融领域。感谢您的关注。,-0.3414524472033324
NONAI00631_002941_20230110,002941,新疆交建,2023-01-10,23.076923076923077,6,26,董秘，你好。请问一下截止到现在，贵司股东人数是多少？,"尊敬的投资者，截至2022年12月30日，公司股东户数为45,601户，谢谢。",2.977242374240576
NONAI00632_002945_20230106,002945,华林证券,2023-01-06,11.538461538461538,6,52,董秘，你好！截止12月30号，股东人数多少？,尊敬的投资者您好，根据中国证券登记结算有限公司主动下发的数据，截至2022年12月30日，公司股东人数为57255户，感谢您的关注。,1.0456991737471972
NONAI00633_002947_20230103,002947,恒铭达,2023-01-03,23.076923076923077,6,26,请问，截止12月30日股东总户数？,尊敬的投资者您好，截至2022年12月30日公司股东总户数为12990户。,2.977242374240576
NONAI00634_002948_20230109,002948,青岛银行,2023-01-09,3.225806451612903,5,155,请问决策管理层是否有考虑过更改名称的想法？青岛范围太小了，有没有更大更长远的扩展业务规划？谢谢！,尊敬的投资者，您好，感谢您的关注和建议。我行以青岛为大本营，持续深耕山东省内市场，致力于为全省客户提供优质的银行服务。经过多年的发展，我行已在省内16个城市设有分行，营业网点达到180家，其中青岛地区以外网点占比超40%。在有力支持省市地方经济的同时，自身业务发展也取得了长足的进步。我行将持续提升经营质效，努力以更加优异的业绩回报广大投资者。谢谢！,-0.34584270187706506
NONAI00635_002949_20230104,002949,华阳国际,2023-01-04,16.666666666666668,3,18,2022年公司新签合同款与2021年增长多少?,您好，具体数据请关注公司2022年度报告，谢谢。,1.9041628184109212
NONAI00636_002952_20230113,002952,亚世光电,2023-01-13,4.878048780487805,2,41,清越科技昨晚公告称拟向元太科技采购电子纸膜及其专用保护膜，并签订预计总金额约为7190万美元的采购合同，贵公司无元太科技是否有供应关系？是否会受益于此？,尊敬的投资者，您好！元太科技是我们公司电子纸产品的上游供应商和战略合作伙伴，感谢您的关注！,-0.06925665743190772
NONAI00637_002955_20230104,002955,鸿合科技,2023-01-04,19.444444444444443,7,36,请问截止2022年底公司的股东人数是多少？谢谢,"尊敬的投资者，您好。截至2022年12月30日，公司股东总户数为16,445户。感谢您对公司的关注。",2.369163959270438
NONAI00638_002957_20230321,002957,科瑞技术,2023-03-21,22.22222222222222,6,27,您好，请问，贵公司截止3月20日股东人数是多少？谢谢！,"您好！截至2023年3月20日，公司股东总户数为23,476户。感谢您的关注！",2.834165100129955
NONAI00639_002958_20230428,002958,青农商行,2023-04-28,0.0,0,44,尊敬的董事长您好，您现在代行董秘职责，请问公司聘请专职董秘的事项有进展吗？谢谢！,感谢您对本行的关注。目前本行仍由董事长代为履行董事会秘书职责，如有相关进展请关注本行公告。谢谢。,-0.8858440267461817
NONAI00640_002959_20230105,002959,小熊电器,2023-01-05,25.0,6,24,您好！请问截至12月底公司股东人数是多少，谢谢！,"您好。截止至2022年12月30日，公司股东总户数为22,139户，谢谢！",3.2991662409894724
NONAI00641_002960_20230103,002960,青鸟消防,2023-01-03,20.0,6,30,请问：12月30日的股东人数？,"投资者您好，公司截至2022年12月底股东人数为13,161。感谢您对公司的关注！",2.4621641874423417
NONAI00642_002961_20230109,002961,瑞达期货,2023-01-09,21.428571428571427,6,28,您好！请问截至12月底公司股东人数是多少，谢谢！,"您好，截至股权登记日2022年12月30日，公司股东总户数为16,591户。谢谢！",2.7013076313129503
NONAI00643_002963_20230208,002963,豪尔赛,2023-02-08,4.455445544554456,9,202,尊敬的公司领导您好，公司旗下新成立豪能汇有限公司，是准备切入新能源赛道吗？,尊敬的投资者您好，豪尔赛下属子公司北京豪能汇新能源科技有限公司（以下简称“豪能汇”）聚焦于绿电交通智慧能源解决方案，基于由换电重卡运营、电池银行、光储充一体化、锂电池梯次利用与回收及HAO生态大数据平台组成的综合管理服务体系，构建智慧能源产业链闭环式生态圈，助力中国新能源产业高质量发展。豪能汇的成立是公司发展模式的进一步探索创新，有利于加快公司发展步伐，推动公司长期发展战略，提高公司综合实力，对公司长远发展产生积极影响。感谢您对公司的关注。,-0.14000061269428285
NONAI00644_002965_20230117,002965,祥鑫科技,2023-01-17,1.3333333333333333,1,75,请问非公开发行进展情况,尊敬的投资者，您好！公司本次非公开发行项目尚需取得中国证券监督管理委员会的核准方可实施。公司非公开发行事项正在稳步推进中，后续进展请留意公司的公告。感谢您的关注！,-0.6626434791336135
NONAI00645_002966_20230103,002966,苏州银行,2023-01-03,17.142857142857142,6,35,董秘你好！请问截止到12月30日的股东人数是多少?谢谢,"尊敬的投资者，您好。截至2022年12月30日，本行股东人数为58,561户。感谢您对本行的关注。",1.9838772997011238
NONAI00646_002967_20230118,002967,广电计量,2023-01-18,1.9230769230769231,1,52,董秘您好，国资委发文，正在围绕提升企业核心竞争力和增强核心功能 谋划新一轮的深化国资国企改革方案。贵公司有没有什么计划？,公司将积极配合，认真落实深化国企改革方案，围绕提升企业核心竞争力和增强核心功能的主题开展公司经营管理工作。谢谢！,-0.5639201599972852
NONAI00647_002970_20230328,002970,锐明技术,2023-03-28,2.816901408450704,2,71,尊敬的董秘和公司领导！今年1月9日，公司与华为签署OpenHarmony生态使能合作协议，共同推动OpenHarmony生态 交通行业的繁荣与发展，请问董秘，能否具体介绍一下如何推动，具体在哪些方面推动？请正面回答问题。与华为在其他领域是否还有深入合作？谢谢！,您好，目前公司与华为的合作正积极有序推进中。暂无需要公开披露的重大信息，后续如达到信息披露标准，公司将会根据相关法律法规的规定及时履行信息披露义务。谢谢！,-0.4142935740435728
NONAI00648_002972_20230120,002972,科安达,2023-01-20,0.9174311926605505,1,109,公司有没有机器人相关的业务,尊敬的投资者，您好！科安达主营业务为轨道交通领域相关产品，主要有数字化计轴系统、智能监测防雷柜、智能道岔融雪、智慧运维系统等一系列产品。公司产品广泛应用于国内城市轨道交通和大铁等领域，目前海外市场也在推进应用中。感谢您对公司的关注和支持！,-0.7322656682971669
NONAI00649_002973_20230112,002973,侨银股份,2023-01-12,6.410256410256411,5,78,请问，2022年你们新增订单多少亿？截止2022年12月31日在手订单多少？,尊敬的投资者，您好，感谢您对公司的关注！根据第三方环卫研院公开数据统计，公司2022年度新签订单已超94亿。公司新签订单情况将严格按照相关规定及时披露，敬请关注公司相关公告。谢谢。,0.1872355290834733
NONAI00650_002975_20230319,002975,博杰股份,2023-03-19,4.918032786885246,3,61,最近国外电子比如印度墨西哥的半导体产业发展迅猛，贵公司在印度墨西哥有无布局？未来规划如何？,您好，感谢您的关注。公司在墨西哥设有控股公司已于2022年建成并投入使用，印度分支机构的建立正在规划与落地的推进过程中。祝您投资顺利，谢谢。,-0.06256331833916773
NONAI00651_002976_20230210,002976,瑞玛精密,2023-02-10,2.1739130434782608,1,46,请问公司何时开董事会和股东大会？,您好，公司将根据法律法规、《公司章程》等相关规定及实际经营情况的需要，适时召开董事会和股东大会，谢谢关注！,-0.5219300904213422
NONAI00652_002979_20230228,002979,雷赛智能,2023-02-28,6.666666666666667,3,45,董秘您好，请问公司最近经营情况如何？,您好，目前公司经营情况良好，具体经营情况数据可关注公司在指定信息披露媒体发布的定期报告。谢谢关注！,0.2301587113166595
NONAI00653_002980_20230105,002980,华盛昌,2023-01-05,2.898550724637681,2,69,请问公司下属公司多多药业是否有蒙脱石散？公司呼吸机、血氧仪认证工作进展顺利吗？,尊敬的投资者，您好！感谢您对公司的关注。公司没有下属公司多多药业，也没有销售蒙脱石散；公司正在积极推进呼吸机、血氧仪产品的国内医疗注册认证相关事宜，谢谢！,-0.400625444979729
NONAI00654_002981_20230106,002981,朝阳科技,2023-01-06,15.151515151515152,5,33,董秘，你好！截止2022/12/31日，股东人数多少？请不要回避！,尊敬的投资者，您好。截至2022年12月30日，公司股东人数大约为9076户，感谢您的关注。,1.6505258324875483
NONAI00655_002983_20230105,002983,芯瑞达,2023-01-05,0.0,0,24,亲爱的董秘，公司的股价几年以来业绩不错，但走势死水一潭，管理层是否能送股加分红股来改善一下流动性？谢谢！,感谢您对芯瑞达的关注。感谢您的建议，我们将转呈管理层。,-0.8858440267461817
NONAI00656_002984_20230105,002984,森麒麟,2023-01-05,3.5714285714285716,5,140,领导好，作为小股东已关注公司定增方案，请教公司 考虑股权融资方案将带来超20%的股权稀释成本（定增前股本6.5e/定增后股本8.5e=76%），公司能否在缩减定增股本的基础上提升资产负债率（公司目前资产负债率30%，远低于行业龙头50-60%水平），采用债源融资补充融资，降低股权稀释水平，维护原股东利益，谢谢！,尊敬的投资者您好！感谢您对公司提出的宝贵建议，您的建议已及时转达公司董事会，公司董事会将充分考量及尊重投资者们的建议，如有相关规划，公司将及时履行程序并对外公告。公司管理层将继续坚持稳健经营，持续提升公司核心竞争力，未来，伴随公司新建产能的逐渐释放，必将为股东创造更大价值。非常感谢您对公司的关注与建议！,-0.28798541706965963
NONAI00657_002987_20230103,002987,京北方,2023-01-03,10.76923076923077,7,65,尊敬的高管，能否劳驾您查查本月最新的股东数？麻烦您了！,"尊敬的投资者您好，感谢关注京北方。根据中国证券登记结算有限责任公司提供的数据表，截至2022年12月30日，公司股东人数为35,743户（含信用账户合并数）。谢谢！",0.9169296270476387
NONAI00658_002989_20230117,002989,中天精装,2023-01-17,2.898550724637681,2,69,您好。目前元宇宙技术正在飞速发展，其中涉及到很多场景设计，与贵公司的工程设计相重合，建议贵公司未来考虑向这方面进行拓展研究，以便丰富公司的产品服务体系，获得更多高附加值利润，以回报投资者。,尊敬的投资者您好！术业有专攻，赚自己认知范围内的钱，这是公司的一贯作风。我们目前不具备元宇宙场景设计的核心能力，未参与其设计。感谢您对公司的支持与关注！,-0.400625444979729
NONAI00659_002990_20230313,002990,盛视科技,2023-03-13,2.272727272727273,1,44,董秘您好，请问截止3月10日收盘的股东人数，谢谢，祝工作顺利！,您好！如需查询股东人数，您可以发送本人有效证件及持股证明扫描件至公司邮箱investor@maxvision.com.cn进行查询。谢谢！,-0.5053885478611222
NONAI00660_002992_20230105,002992,宝明科技,2023-01-05,4.166666666666667,2,48,你好，贵司的pet铜箔目前有送样了吗，是否已经通过客户的验证，是否已有在手订单,尊敬的投资者，您好！公司PET复合铜箔产品已经送样多家客户，与各大电池厂商积极合作中。感谢您对公司的关注，谢谢！,-0.18834231545690594
NONAI00661_002993_20230103,002993,奥海科技,2023-01-03,18.51851851851852,5,27,请告，12月末股东人数是多少？谢谢,"您好！截止12月30日，公司股东总户数为22,226。感谢您对公司的关注！",2.2141635789839325
NONAI00662_002995_20230322,002995,天地在线,2023-03-22,2.6666666666666665,2,75,请问贵公司与阿里巴巴，腾讯，360，网易，微软等大公司有合作吗？,投资者您好！公司分别与腾讯、360、爱奇艺、今日头条、小红书等知名企业、集团建立了良好的合作关系，构建了多元化的互联网媒体资源与产品服务体系。感谢您对天地在线的支持与关注！,-0.4394429315210453
NONAI00663_002997_20230202,002997,瑞鹄模具,2023-02-02,2.7027027027027026,1,37,请问贵司轻量化零部件业务进展如何？是否已实现部分投产？,您好！公司零部件业务已按公司计划进行投产，部分零部件已实现批量生产供货。感谢关注！,-0.43341048428827317
NONAI00664_002999_20230327,002999,天禾股份,2023-03-27,1.8181818181818181,1,55,贵公司与俄罗斯钾肥等化工产品的贸易往来吗,您好！公司目前暂未与俄罗斯钾肥有直接的化工产品贸易往来，公司会根据实际情况把握发展机遇。感谢您对公司的关注和建议，谢谢！,-0.5814796436381341
NONAI00665_003001_20230105,003001,中岩大地,2023-01-05,0.0,0,26,董秘你好，贵司有没有布局信创或数字经济？,尊敬的投资者您好，公司目前尚未涉及该类业务，感谢您的关注！,-0.8858440267461817
NONAI00666_003004_20230103,003004,声迅股份,2023-01-03,10.909090909090908,6,55,你好 最新股东人数是多少 谢谢,"尊敬的投资者您好！根据中国结算下发的最新股东数据，截止到2022年12月30日，公司股东持有人数（已合并）为14,177人，感谢您的关注，谢谢。",0.9403422719021036
NONAI00667_003005_20230106,003005,竞业达,2023-01-06,8.0,2,25,公司在沙特阿拉伯有分公司吗？,您好，感谢您对公司的关注。公司未在沙特阿拉伯设立分公司。,0.4533592589292277
NONAI00668_003007_20230328,003007,直真科技,2023-03-28,2.9411764705882355,7,238,你好，贵公司\n叠加5G、数字经济、东数西算、人工智能、智慧政务是否属实？,尊敬的投资者您好！近年来电信运营商持续推进以 5G、大数据、云计算、人工智能和物联网等为代表的新型数字化基础设施建设；积极落实国家“东数西算”工程部署，引领算力网络从概念原型进入产业实践。公司致力于为国内电信运营商和大型企业客户的信息网络和 IT 基础设施提供运营支撑系统（OSS）全面解决方案，持续推进云网管产品、传输网络 SDN 控制器、传输运维工作台、IP 运维工作台等产品的研发和应用，为电信运营商在算力网络基础设施建设和运维中的需求提供支撑。更多业务详情您可参见定期报告披露的信息。敬请广大投资者理性投资，注意投资风险，感谢您的关注。,-0.39348987760081056
NONAI00669_003010_20230103,003010,若羽臣,2023-01-03,1.5384615384615385,1,65,您好！请问截至22年12月31号，公司股东人数是多少？谢谢！,尊敬的投资者，您好。如您需要查阅最新一期股东人数，请您向公司公开邮箱（ryczjsw@gzruoyuchen.com）发送本人股东证明（持股情况）等信息，公司经核实股东身份后予以提供，谢谢！,-0.6283049333470645
NONAI00670_003012_20230104,003012,东鹏控股,2023-01-04,1.0869565217391304,1,92,黄董您好，新年伊始，首先恭祝公司及全体员工新年快乐，阖家欢乐！请问东鹏在新的一年对利润增长有什么规划吗？是否有投资其他行业的打算？公司股价上市连年下跌，屡遭大股东减持，是否有回购或增持的计划？谢谢,各位投资者，新年快乐！投资顺利！按照法规要求，公司在与投资者进行互动交流时，不得泄露公司业绩目标、投资计划等未经披露的重大信息，请您谅解，公司重大事项信息请以法定信息披露媒体披露的公告为准。谢谢您的关注！,-0.703887058583762
NONAI00671_003013_20230102,003013,地铁设计,2023-01-02,15.789473684210526,6,38,30日股东数,"您好，感谢您的关注。截至2022年12月30日，公司股东总户数（未合并融资融券信用账户）为12,511户。",1.7573203528763368
NONAI00672_003016_20230110,003016,欣贺股份,2023-01-10,9.565217391304348,11,115,请问贵司截止2022年12月31日的股东人数是多少，谢谢。,尊敬的投资者，您好！根据信息披露谨慎公平原则，为保证所有投资者平等获悉公司信息，公司仅在定期报告中公开披露对应时点的股东人数。公司最新股东情况请详见公司于2022年10月27日发布于巨潮资讯网（www.cninfo.com.cn）的《2022年第三季度报告》中相关内容。感谢您对欣贺股份的关注！,0.715377293083112
NONAI00673_003019_20230105,003019,宸展光电,2023-01-05,2.5316455696202533,2,79,您好，请问贵司在教育信息化中是否有相关人机互动产品及应用？,您好，教育信息化领域是公司产品的应用领域之一，除此之外，公司产品还广泛应用于智能零售、工业自动化、智慧金融、智慧医疗、游戏博弈、远端会议、智慧物流、智能健身、智能座舱等多个应用领域。,-0.46204551862105214
NONAI00674_003027_20230103,003027,同兴环保,2023-01-03,20.0,4,20,请问截止12月30日公司的股东人数是多少？谢谢！,"您好！截至2022.12.30，公司股东户数21,837户。感谢关注。",2.4621641874423417
NONAI00675_003028_20230325,003028,振邦智能,2023-03-25,0.0,0,42,请问公司有没有半导体或者软件相关的产品,您好！公司关注半导体相关前沿技术的发展和应用，向上游供应商购买半导体相关产品。感谢您的关注！,-0.8858440267461817
NONAI00676_003029_20230320,003029,吉大正元,2023-03-20,2.985074626865672,2,67,您好!定向增发啥时结束?,您好，公司向特定对象发行股票申请已获得深交所受理，目前尚在审核中，后续进展情况敬请关注公司在巨潮资讯网（http://www.cninfo.com.cn）披露的公告。感谢您对公司的关注！,-0.3861413082105812
NONAI00677_003032_20230310,003032,传智教育,2023-03-10,1.2195121951219512,2,164,请问公司是否有人工智能AI的职业培训？是否为国内龙头企业谢谢,尊敬的投资者，您好。公司目前开设有人工智能领域的数字化专业人才课程，课程目标为培养人工智能AI开发人才，课程内容覆盖计算机视觉、自然语言处理、推荐系统、机器学习、深度学习、数据挖掘、数据分析、知识图谱等。课程理论和实践相结合，培养学员AI算法的举一反三能力和企业业务流的实战能力；通过AI企业级项目全面提升学员的技术综合运用能力和典型行业问题解决能力，感谢您的关注。,-0.6816971844176132
NONAI00678_003035_20230103,003035,南网能源,2023-01-03,12.76595744680851,6,47,请问公司12月末股东人数是多少，谢谢,"尊敬的投资者您好，截至2022年12月30日，公司合并普通账户和融资融券信用账户的持有人数为159,242。感谢您的关注。",1.2511824929486204
NONAI00679_003040_20230106,003040,楚天龙,2023-01-06,0.0,0,210,董秘，你好，请问公司有参与数字货币APP相关的业务吗？,您好！公司已构建了数字人民币用户侧、发行侧、受理侧、系统侧产品矩阵，并建立了完善的数字人民币技术支持和服务体系。其中，用户侧、系统侧、受理侧的部分产品已开始商用。我公司受理侧产品支持数字人民币APP正反扫码支付、碰一碰支付。\n公司协助多家运营机构设计、制作并发行的形态多样、功能丰富的数字人民币硬钱包都取得了试点测试的成功。同时，在考虑大众便捷支付的情况下，具有硬件安全载体支撑的软钱包与硬钱包的有机结合方案，是公司以及产业各方积极探索的重要方向之一。\n感谢关注！,-0.8858440267461817
NONAI00680_300001_20230204,300001,特锐德,2023-02-04,4.761904761904762,1,21,请问贵司是否有意向开展充电桩/换电站融资租赁相关业务？国网融资租赁自2011年成立起至今发展迅速，资产总额和业务规模均突破1600亿，能源电力行业融资租赁机构中排名第一。现对换电站市场进行调研，如有合作意向请致电19910601520，谢谢！,您好，您的信息已收到，感谢您对公司的关注与支持！,-0.08869921384415232
NONAI00681_300002_20230328,300002,神州泰岳,2023-03-28,6.896551724137931,2,29,请问公司海外收入占比是多少呢？,尊敬的投资者，您好！根据已披露的定期报告，我司海外收入占比约为65%。,0.26864156435330905
NONAI00682_300005_20230106,300005,探路者,2023-01-06,4.232804232804233,8,189,请问公司有芯片板块，是否有计划尽快将智能芯片应用于户外活动的服装和用品中，可以监测心率等指标，并用于登山航海等的定位追踪救险等，将高科技尽快与户外活动相结合，并尽快发布业务拓展公告？,您好，公司已推出了北斗版防寒服，增加了北斗卫星导航定位模块，可以通过自带的移动通信模块同步位置信息，绑定紧急联系人，既实现了“中国北斗卫星导航系统”在户外服装领域的实际应用，亦为中国户外服装实现智能化提供了有益的探索；2022年8月，公司与中国电信卫星通信分公司联合发布了两款卫星通信产品，两款产品均具备天通语音、短信能力，可应用于户外探险、越野自驾等多种场景，为用户提供全时空、全天候、安全可靠的通信服务。感谢您的关注。,-0.17727085972215562
NONAI00683_300006_20230111,300006,莱美药业,2023-01-11,3.8461538461538463,3,78,"12月疫情放开以来,公司有销量大增的产品吗?有哪种?公司有研究过国外疫情前后与公司主要产品的相类似产品国外销量变化吗?是变大还是变小还是没研究过?",尊敬的投资者，目前公司产销情况正常，国内优化完善疫情防控措施发布以来部分相关产品市场需求有所增加。公司将积极关注市场变化采取相应的经营措施。感谢您对公司的关心和支持！,-0.24199629324838873
NONAI00684_300007_20230131,300007,汉威科技,2023-01-31,0.0,0,29,公司产品有涉及电子后视镜吗？,尊敬的投资者，您好！公司目前暂未涉及电子后视镜业务。感谢您的关注!,-0.8858440267461817
NONAI00685_300008_20230117,300008,天海防务,2023-01-17,4.545454545454546,1,22,你好，公司定增股票什么时候能完成？,您好，项目正在推进中，敬请关注公司后续的公告，谢谢！,-0.12493306897606267
NONAI00686_300009_20230113,300009,安科生物,2023-01-13,4.395604395604396,4,91,董秘您好，贵公司干扰素销售情况怎么样？在这次的疫情全民皆阳中，同事在医院打了贵公司的干扰素，真的没有变阳，这是否跟贵公司的干扰素有关系？能否简单介绍一下，谢谢！,您好，目前公司干扰素类产品销售情况较好。目前公司加班加点，全力保障市场供应。干扰素α2b具有广谱抗病毒和免疫增强作用，具有预防和治疗病毒感染作用，提前注射干扰素α2b对新冠病毒感染具有一定的预防作用，谢谢。,-0.15001804560584683
NONAI00687_300010_20230111,300010,豆神教育,2023-01-11,5.714285714285714,2,35,你好董秘：咱们这里有没有抖音直播业务，谢谢！,尊敬的投资者，您好，抖音为公司的直播销售通道之一。详细业务请参阅公司定期报告。,0.07072974873625358
NONAI00688_300011_20230314,300011,鼎汉技术,2023-03-14,1.5873015873015872,1,63,请问截止2023年3月10日股东人数，谢谢！,您好，感谢您对公司的关注！根据信息披露公平性原则要求，公司会按照相关规定在证监会规定信息披露媒体公告的定期报告中披露相应股东人数。谢谢。,-0.620129089112172
NONAI00689_300012_20230105,300012,华测检测,2023-01-05,5.714285714285714,2,35,新冠相关的业务占多少?如果恢复正常后把这部分业务拿掉会对公司业绩增长有影响吗,您好！新冠相关的业务在集团层面占比不高，不会对公司的业绩造成较大的影响。谢谢！,0.07072974873625358
NONAI00690_300013_20230105,300013,新宁物流,2023-01-05,0.6172839506172839,1,162,公司12月5日公告关于环球佳酿不是已经和解了吗？怎么还会被证监会立案调查？按照相关规定，创业板股票是否36个月内不得定增？公司的定增计划是否收到影响？另外，皖新供应链13%的股权是否已过户给大河？公司官网介绍为G公司西安工厂提供RDC管理服务，面积86133平方米，G公司是指吉利西安物流基地吗？,您好，公司因未及时披露与环球佳酿的股权纠纷诉讼事项收到河南证监局警示函。证监会立案事项如有进展，公司将及时履行信息披露义务。皖新供应链股权转让事宜按照合同约定履行。G公司为一家集汽车整车、动力总成和关键零部件设计、研发、生产、销售和服务于一体的企业。公司指定信息披露媒体为《证券时报》和巨潮资讯网（www.cninfo.com.cn），公司所有信息均以在上述指定媒体披露的为准，谢谢！,-0.7825104398885112
NONAI00691_300015_20230106,300015,爱尔眼科,2023-01-06,2.127659574468085,2,94,公司2022年6月财报披露：\,谢谢您对公司的关注。根据会计准则规定，企业因购买少数股权取得的长期股权投资与按照新增持股比例计算应享有子公司净资产份额之间的差额，应当调整资本公积（资本溢价或股本溢价），资本公积不足冲减的，调整留存收益。,-0.5296729401303814
NONAI00692_300016_20230213,300016,北陆药业,2023-02-13,1.4705882352941178,1,68,贵司参与股权激励的44人，竟然已有17人辞职，贵司有分析过原因么？,感谢您的关注。公司股权激励对象流动的频率在正常范围内，未来公司将通过人才培养机制、完善的薪酬管理体系、科学的职业发展通道进一步吸引和留住优秀人才。,-0.6396669521734961
NONAI00693_300017_20230110,300017,网宿科技,2023-01-10,1.4880952380952381,5,336,董秘你好！贵公司业务有未涉及web3.0技术？,投资者，您好。Web1.0时代，互联网用户利用Web浏览器通过门户网站，单向获取内容，主要进行浏览、搜索等操作。Web2.0对应的是移动互联网，用户不再只是内容接收方，可以在线阅读、点评、制造内容，成为内容的提供方，还可以与其他用户进行交流沟通。 随着互联网时代的发展及技术的进步，互联网应用蓬勃发展，从娱乐、消费、出行、办公方式等多个方面改变了我们的生活，以互联网视频为例，从标清到超清、高清，并向4K发展，从点播到直播，发展了电商直播、短视频等多种应用。未来，互联网基础设施能力的提升及技术进步将为行业发展注入新的动力。 网宿成立20多年来，始终致力于助力互联网客户、政府及企业客户获得快速、稳定、安全的IT能力和用户体验，关注技术的进步及应用的发展，紧密跟踪客户业务创新，从而提供及时、可靠的服务支持。公司也会积极关注Web3.0相关领域技术发展趋势，为满足客户需求做好技术储备。谢谢！,-0.6367362727142976
NONAI00694_300018_20230102,300018,中元股份,2023-01-02,5.714285714285714,2,35,尊敬的董秘您好请问贵公司子公司世轩科技是否有血氧仪？,您好！谢谢您对公司的关注！世轩科技主要从事医疗信息化业务，并不生产血氧仪。谢谢！,0.07072974873625358
NONAI00695_300020_20230106,300020,银江技术,2023-01-06,7.216494845360825,7,97,贵司与百度合作多年，百度接下来自动驾驶领域的产品落地，贵司是否能够深度参与？,感谢您的关注。2020年5月13日，公司与百度通过云签约正式签订百度Apollo智能交通生态合作框架协议，双方将通过资源共享、技术互补，共同在各自优势城市开展基于车路协同、智能信控及交付的合作，加速城市交通大脑场景多点多地落地。,0.3222001742496773
NONAI00696_300021_20230119,300021,大禹节水,2023-01-19,2.0833333333333335,4,192,请问公司跟供销社有什么关联业务吗？如有，请说明，谢谢！,投资者您好。供销社是为农服务的综合性合作经济组织，其主要职责为宣传贯彻党中央、国务院“三农”工作方针政策；研究提出促进农村经济社会和行业发展的政策法规建议；对重要农业生产资料、农副产品经营进行组织、协调和管理。在服务“三农”业务方面，供销社职责与公司业务发展有诸多契合点，如：高标准农田建设、水肥一体化、土地托管、农业农技服务等。公司陆续与甘肃、河北等地供销社进行深入交流，积极开展相关业务，共同服务农业农村经济发展。感谢您的关注。,-0.5370931711015439
NONAI00697_300024_20230106,300024,机器人,2023-01-06,10.0,3,30,请问贵公司持有000715中兴商业卖了没有？该股票近期涨幅很大，公司投资应该回本了吧！,您好，公司目前仍持有中兴商业股票，具体情况请关注公司2022年年度报告。,0.78816008034808
NONAI00698_300025_20230221,300025,华星创业,2023-02-21,0.0,0,28,公司在chatgtp方面是否有规划及投入？,感谢您的关注，公司积极关注市场动态，目前暂无这方面的具体规划。,-0.8858440267461817
NONAI00699_300026_20230105,300026,红日药业,2023-01-05,0.0,0,45,贵公司公众号介绍超思电子智能工厂是国家战略保供基地，可否详细解释下？另外该工厂血氧仪最大产能多少？,您好，北京超思以指夹式血氧仪产品入选国家重点医疗物资保供企业名单，公司正加紧生产以满足市场需要。,-0.8858440267461817
NONAI00700_300027_20230215,300027,华谊兄弟,2023-02-15,0.0,0,28,请问公司流浪地球2的投资占多少权重？能告诉详细分账比例更好？谢谢,尊敬的投资者您好，按照相关规则，投资比例豁免披露。感谢您的关注！,-0.8858440267461817
NONAI00701_300030_20230110,300030,阳普医疗,2023-01-10,3.8461538461538463,5,130,根据广东省科学技术厅关于公示2022年广东省重点实验室考核评估结果的通知，贵公司的重点实验室评选为不合格等级，根据通知内容“评定为不合格等级的省重点实验室予以撤销，不再纳入省重点实验室序列”，请问一下董秘，目前公司是否已经不属于重点实验室的范畴内了？后续公司的研发是否会受到相关的阻碍？,尊敬的投资者，您好。公司广东省医用材料血液相容性研究企业重点实验室暂不再纳入广东省重点实验室序列。目前公司相关研发项目正有序推进中，以上变动不会对公司的研发产生重大不利影响，后续公司将持续进行研发投入，通过组建高素质研发团队，共同推动公司项目研究与产品的更新迭代。感谢您的关注！,-0.24199629324838873
NONAI00702_300031_20230104,300031,宝通科技,2023-01-04,8.16326530612245,4,49,请问截止12月三十日，贵公司股东户数是多少？,尊敬的投资者，你好。具体可致电公司电话0510-83709871，公司核实股东身份后可进行详细解答，感谢您对宝通科技的关注和支持！,0.48068993822872585
NONAI00703_300032_20230602,300032,金龙机电,2023-06-02,9.090909090909092,2,22,贵公司参股贵州航瑞科技公司是否有产品供货成飞集团？,公司未参股贵州航瑞科技公司。感谢您对公司的关注。,0.6359778887940564
NONAI00704_300033_20230202,300033,同花顺,2023-02-02,3.5714285714285716,1,28,公司概念里有彩票业务，本次世界杯对公司业务是否有积极影响？,尊敬的投资者，您好！公司并没有彩票业务。感谢您对公司的关注，谢谢！,-0.28798541706965963
NONAI00705_300035_20230221,300035,中科电气,2023-02-21,5.555555555555555,7,126,请问22全年业绩预告当中第四季度中扣除的非经常性损益的具体项目内容是什么？,公司2022年度业绩预告中提及的2022年非经常性损益主要为深创投制造业转型升级新材料基金增资公司子公司中科星城控股的增资款计提了相关财务费用，此外，公司子公司中科星城科技作为基石投资者参与中创新航在香港交易所的首次公开发行，报告期末因中创新航港股股价波动带来的损益。谢谢！,0.04415825497285255
NONAI00706_300036_20230306,300036,超图软件,2023-03-06,11.235955056179776,10,89,近期因《数字中国建设整体布局规划》的发布公司股票大涨，请大概谈谈《​数字中国建设整体布局规划》 ​对公司发展的影响力。,投资者，您好：\n 对于公司而言，《规划》的诸多内容均与公司业务相关，公司将面临很大的市场机遇，公司于2023年3月3日披露了《投资者关系活动记录表》，对《规划》政策进行了详细解读，您可在巨潮资讯网查阅公司相关公告。,0.9950594643709665
NONAI00707_300040_20230228,300040,九洲集团,2023-02-28,10.526315789473685,2,19,请问，贵公司还有充电桩业务和收入吗？,您好。有充电桩产品，2022年没有充电桩产品收入。,0.8762655596688308
NONAI00708_300042_20230202,300042,朗科科技,2023-02-02,2.7586206896551726,4,145,请问：1、截止报告期末公司购买的理财产品未到期余额是多少？2、公司规划从哪些业务上、怎样具体介入“东数西算”？,感谢您的关注。请您查阅公司披露的相关公告。韶关城投成为朗科科技控股股东之后，公司将围绕存储主业，通过持续增强自身品牌建设与逐步提升产能等方面的战略规划，发挥朗科科技自身专利储备、品牌以及产业链资源优势，围绕国产替代这一主线，在国家“东数西算”战略工程机遇下，积极参与韶关大数据产业，打造成为湾区数据算力领域优质企业。,-0.42404979030638534
NONAI00709_300043_20230309,300043,星辉娱乐,2023-03-09,3.7383177570093458,4,107,公司已经两年亏损了，难道不会st吗？,您好，感谢您的关注！根据《深圳证券交易所创业板股票上市规则（2023年修订）》的规定，不存在单一利润指标触发的退市情形。目前公司各项经营活动平稳有序，三大主营业务方向清晰，具备持续的经营能力，公司将集中精力并按进度实施经营策略，逐步实现修复。谢谢！,-0.2600480988604764
NONAI00710_300044_20230331,300044,赛为智能,2023-03-31,0.591715976331361,1,169,你好董秘，公司无人机是否可应用于油气设施巡检？,您好！目前，公司研发生产的无人机产品已有系留多旋翼无人机、共轴双旋翼无人机、大载荷油电混动多旋翼无人机、大载荷无人直升机等多款无人机产品，其中共轴双翼无人机可广泛应用于军事侦查、对地打击、情报运营、公共安全、航空摄影、环境监测等方向；大载荷油电混动多旋翼无人机可广泛用于军事 、运输、农业、安防和科研教育等领域。另外，公司的巡检机器人也已成功应用于冶金场景。感谢您对公司的关注！,-0.7867905292849827
NONAI00711_300045_20230313,300045,华力创通,2023-03-13,3.125,1,32,董秘您好，请问在上市公司中还有哪些公司能够为军工厂军工院校做仿真模拟！,您好，上述信息请从相关公开渠道获取相关信息。感谢您对公司的关注和支持。,-0.3627177432792249
NONAI00712_300047_20230317,300047,天源迪科,2023-03-17,20.0,6,30,请问截止3月10日公司的股东户数是多少？谢谢！,"尊敬的各位投资者您好，截止至2023年3月10日，公司股东总户数为53,702户。",2.4621641874423417
NONAI00713_300048_20230106,300048,合康新能,2023-01-06,25.0,4,16,截至12月30日股东人数,"回复：您好，截止12月30日股东人数32,046。",3.2991662409894724
NONAI00714_300049_20230103,300049,福瑞股份,2023-01-03,2.830188679245283,3,106,根据公司法国爱科森公司官网信息，海外NASH新药90%以上在临床实验过程中都是用公司的FIBROSCAN来评估疗效，请问NASH新药上市对FIBROSCAN的销售影响有多大,您好！未来，随着NASH药物进展的催化将持续提升公司FibroScan的诊断需求，尚无法预计其对公司业绩的具体影响程度。公司将持续关注该事项进程，推动FibroScan成为全球NAFLD/NASH检测领域的重要标准之一，进一步推动FibroScan用于普通人群的常规筛查和诊断。谢谢您对公司的关注！,-0.41206927945535293
NONAI00715_300050_20230113,300050,世纪鼎利,2023-01-13,1.9607843137254901,1,51,请问公司董事会和控股股东，定增项目公告发出来差不多有近2年了，定增项目计划文书迟迟不提交股东大会审核决议的真实原因是什么？请具体解释一下！谢谢！,您好，公司积极保持与控股股东沟通关于公司向特定对象发行A股的事项，如有进一步进展，公司将及时披露。感谢您的关注。,-0.5576079273159343
NONAI00716_300052_20230105,300052,中青宝,2023-01-05,6.25,2,32,百度副总裁马杰表示，百度即将在1月10日的ｃｒｅａｔｅ开发者大会上，发布全球首个独立元宇宙解决方案——希壤元宇宙底座MetaStack。据介绍，基于一系列元宇宙组件化基础设施和一站式开发平台，原本需要6个月到一年的元宇宙开发，如今最快40天即可完成。请问贵公司是否与百度合作开发,投资者您好，公司暂无相关计划，业务合作情况以公司公告为准。感谢您的关注！,0.16040854018773187
NONAI00717_300053_20230106,300053,欧比特,2023-01-06,1.1235955056179776,1,89,请问公司转让铂亚信息后，如果涉及到李小明的诉讼败诉，公司还需要承担连带责任吗？,您好，公司一直通过法律武器及其他合法途径持续积极应对您提及的上述事项，全力以赴维护全体股东及公司的合法权益；公司及代理律师将密切跟进有关事项，同时，按法规要求披露达到披露标准的信息（如有），谢谢。,-0.6977536776344669
NONAI00718_300054_20230117,300054,鼎龙股份,2023-01-17,20.0,6,30,您好！请问截至12月底公司股东人数是多少，谢谢！,感谢您的关注。截至2022年12月30日，公司股东总数（含合并）为1万9千余户。,2.4621641874423417
NONAI00719_300056_20230307,300056,中创环保,2023-03-07,7.5,9,120,请问董秘，截止3月6日收盘，现股东人数分别是多少，谢谢,您好，公司股东人数请查阅公司于2022年10月26日披露的《第三季度报告》；如需要其他指定日期的股东人数，您可以携带本人的身份证原件及证券公司出具的您当日持有公司股票的证明原件、书面查询申请原件到公司董事会办公室。工作人员核对您股东身份后，将及时向您反馈。感谢您的关注！,0.36965905357451456
NONAI00720_300057_20230103,300057,万顺新材,2023-01-03,20.0,6,30,请问公司2022年12月31日股东户数是多少？,"您好，截至2022年12月30日，公司含信用账户合并名册总户数为37,829户。谢谢。",2.4621641874423417
NONAI00721_300058_20230313,300058,蓝色光标,2023-03-13,0.0,0,84,请问董秘，日前工信部提倡各级政府在元宇宙上要先行先试，近一年蓝色光标也与通州政府、眉州政府、鹤壁政府、上海临港集团、漕河泾开发区在元宇宙上达成了战略合作协议，公司的营销对象已由产品、公司营销扩展到城市营销。公司看重员工，也善于管理员工，公司未来是否也会外包一些元宇宙政务服务，在元宇宙政务上配置相当数量的员工呢？,您好，公司已积极参与政府元宇宙项目的投标，帮助政府构建适合的元宇宙场景，并配有专门的元宇宙政府服务团队。未来，公司也会持续关注政府元宇宙项目，以及政府文旅行业在元宇宙领域的应用。谢谢！,-0.8858440267461817
NONAI00722_300059_20230105,300059,东方财富,2023-01-05,0.0,0,61,地铁设计与新筑交科联合组建振宁公司 发力轨道交通减振降噪市场。请将地铁设计加入噪音防治板块,尊敬的投资者：您好，感谢关注。您的建议已转达相关部门。您也可以通过APP-个股-盘口-参与维护个股板块，或通过APP-行情-板块-成分股页面下端进行反馈。,-0.8858440267461817
NONAI00723_300061_20230109,300061,旗天科技,2023-01-09,4.968944099378882,8,161,董秘您好，近日央行2023年工作重点提到有序推进数字人民币试点， 对公司业务有什么利好吗？,尊敬的投资者：\n您好！公司基于平台化优势和机构客户集群化优势，构建数字人民币应用场景平台，打造数字人民币和数字政务第二增长曲线。目前公司已在银行合作、场景建设等方面布局数字人民币业务，抢占先发优势。未来，公司将打造领先的数字人民币场景营销平台，结合公司聚合支付资质，形成“场景+支付”闭环，进一步夯实公司在数字人民币营销推广及后续支付应用领域的优势地位。,-0.05404074371797719
NONAI00724_300063_20230117,300063,天龙集团,2023-01-17,0.0,0,63,你好 能分析一下贵公司的净利润为什么这么低吗 应收账款高 没利润这个问题是否有解决的方案,尊敬的投资者，您好！公司业务包括互联网营销和精细化工行业两大板块，具备各自的行业特性。公司将积极把握市场机遇，增强核心竞争力。感谢您的关注！,-0.8858440267461817
NONAI00725_300065_20230115,300065,海兰信,2023-01-15,1.36986301369863,1,73,您好。公司低价增发是否损害投资者利益？,尊敬的投资人您好，公司去年发行的小额快速定增是由市场公开竞价出来的，参与者有公募、保险、私募、国资投资平台、个人投资者等多种结构，不存在损害投资者利益的情况，谢谢。,-0.6565283956373787
NONAI00726_300066_20230102,300066,三川智慧,2023-01-02,18.181818181818183,4,22,请问截止12月30日股东人数？,"截至12月30日，公司股东总数是29,327户。感谢您的关注！",2.157799804334294
NONAI00727_300067_20230104,300067,安诺其,2023-01-04,8.064516129032258,10,124,贵公司近期发布公告拟投资4.21亿元建设5万吨染料中间体项目，请问贵公司之前的几次融资中涉及染料中间体的几个项目是否都已经投产，如已投资那销售情况如何？如未投产，那目前情况是怎么样的，请详细介绍一下。,您好，公司目前在建募投项目分别为：1、30000吨染料中间体项目已建成一期1.62万吨，二期正在建设中；2、22750染料及中间体项目已建成活性染料14750吨、中间体2000吨，剩余中间体6000吨正在建设中；3、最新公告的5万吨中间体项目目前筹建中。中间体产品品种较多，公司将根据需求推进各品种的产线建设，谢谢！,0.46415928542661
NONAI00728_300068_20230117,300068,南都电源,2023-01-17,20.0,7,35,本公司什么时候发布2022年年报，春节之前能不能发出来，时间应该准备充足吧。,尊敬的投资者您好，公司计划预计于2023年4月22日发布2022年年度报告，感谢您的关注！,2.4621641874423417
NONAI00729_300071_20230307,300071,福石控股,2023-03-07,3.7037037037037037,2,54,请问公司是否和雷军先生的小米公司有合作？是否和小米造车有合作？,尊敬的投资者您好，公司目前和您提及的各方没有合作，请从公司指定的信息披露渠道获取信息，感谢您的关注，祝您工作生活愉快！,-0.2658425056001588
NONAI00730_300074_20230106,300074,华平股份,2023-01-06,1.25,1,80,董秘您好，公司控股子公司郑州新益华医学公司是互联网医疗服务网络公司、对医院、药店、医疗机构、医保就医等项目服务，最近国家卫健委防护指南摘要已经明确，互联网医疗要协助政府和医院，请问贵公司近期有哪些举措?,尊敬的投资者，您好，公司控股子公司郑州新益华医学科技有限公司以医疗、医保信息化业务为基础，提供互联网+医保、互联网+慢病管理、数字化医院、智慧社区等多个模块的业务应用，感谢您的关注。,-0.676593513359399
NONAI00731_300075_20230313,300075,数字政通,2023-03-13,0.0,0,43,国家级组建数字局，对公司有什么影响吗？公司是数字方面的龙头，有参与国家数字局吗？,您好，组建国家数据局，有利于推进数字中国、数字经济、数字社会规划和建设，对公司未来发展有积极影响。,-0.8858440267461817
NONAI00732_300076_20230317,300076,GQY视讯,2023-03-17,4.25531914893617,2,47,注意到贵公司在2021年变更营业执照的主营业务增加了：云计算设备制造；云计算设备销售；大数据服务；互联网数据服务；智能控制系统集成；人工智能应用软件开发；；现在2023年能否简单介绍一下2年来这几个方面的情况与发展？占主营业务收入的比例？,尊敬的投资者您好，具体经营情况以公司后续公告为准，详细情况可查阅公司已经披露的定期报告。感谢您的关注！,-0.173501853514581
NONAI00733_300077_20230324,300077,国民技术,2023-03-24,1.7391304347826086,2,115,董秘您好：贵司是否具备AI芯片研发的技术储备?谢谢，望回复！,尊敬的投资者您好，感谢您的关注。AI是未来重要的技术发展方向，公司持续关注AI技术以及市场领域，但公司目前并未直接研发设计专用的AI芯片。人工智能领域涵义较广，上下游所涉及的技术、产品及应用场景众多。目前，公司芯片产品可用于智能家居、智慧城市、智能制造等领域。,-0.5947128776863102
NONAI00734_300078_20230331,300078,思创医惠,2023-03-31,16.0,12,75,公司马上解禁的6000多万股份是云海链的吗？是否会解禁后就抛售？,"您好，感谢您对公司的关注。公司第一大股东云海链控股股份有限公司（以下简称“云海链”）持有的60,858,803股公司股票将于2023年4月21日解除限售。目前，云海链没有减持公司股票的计划。",1.792562544604637
NONAI00735_300079_20230314,300079,数码视讯,2023-03-14,3.8461538461538463,1,26,请问公司的海外子公司和硅谷银行有业务往来吗,您好，公司未在硅谷银行开立帐户，与其没有业务来往。感谢关注。,-0.24199629324838873
NONAI00736_300081_20230206,300081,恒信东方,2023-02-06,4.878048780487805,2,41,董秘您好，公司当前是否正在开发支持去中心化创作及数字资产生成的各种创作者支持工具以及创作者社区平台？预计什么时候进行测试？谢谢。,尊敬的投资者您好，公司相关研发工作在持续推进，预计下半年陆续开展内测。感谢您对公司的关注。,-0.06925665743190772
NONAI00737_300082_20230203,300082,奥克股份,2023-02-03,2.0689655172413794,3,145,国际油价已经大幅回落，请问贵司主营产品的原材料价格回到一年前了没有？盈利能力恢复到去年一季度的水平了吗？,尊敬的投资者，您好！公司主要原材料为乙烯和环氧乙烷，乙烯、环氧乙烷价格与原油价格呈正相关关系，但除此之外还受到下游需求、市场供给等多方面因素影响。公司将继续根据公司十四五规划要求，聚焦于环氧精深加工产业，做大做强主业，进一步提升业绩和增强盈利能力，为股东创造价值，公司业绩情况敬请关注公司后续发布的定期报告。感谢关注！,-0.5394983494163345
NONAI00738_300083_20230103,300083,创世纪,2023-01-03,5.2631578947368425,8,152,夏总您好，请问国家制造业转型大基金对于30083创世纪的定增投资协议中有没有设置对赌条款，或设置盈利预期，或者其他股转债条款，谢谢。\n\n另，看到之前的互动都差不多时隔一到两个月回复，这不利于公司与投资者关系，希望可以及时回复,尊敬的投资者，您好！有关公司发行股份购买资产并募集配套资金相关问题，请参考公司于2022年9月23日披露的《关于对深圳证券交易所＜关于公司申请发行股份购买资产并募集配套资金的首轮审核问询函＞的回复（修订稿）》《关于对深圳证券交易所＜关于公司申请发行股份购买资产并募集配套资金的第二轮审核问询函＞的回复（修订稿）》。感谢您的宝贵建议，我们将努力改进。,-0.004789233538675474
NONAI00739_300084_20230221,300084,海默科技,2023-02-21,0.0,0,66,尊敬的董秘您好，贵公司的下属公司兰州海默环保科技有限公司于2023年1月出现13次污染物（包括氨氮）排放超标。该超标在微博中也有相关的关注，具体参见：环保我知道。请你们核查改正并提供具体原因，希望公司要重视和控制排污问题，谢谢。,您好，一直以来，公司高度重视环境保护工作，有关工作符合国家法律法规、有关环保政策和当地生态环保部门的监管要求，不存在排放超标的情况，感谢您的关注！,-0.8858440267461817
NONAI00740_300085_20230309,300085,银之杰,2023-03-09,23.076923076923077,6,26,董秘你好，请问截止2.20日，公司股东户数为多少？谢谢,"您好！截至2023年2月20日，公司股东人数为49,149户。感谢您的关注！",2.977242374240576
NONAI00741_300088_20230112,300088,长信科技,2023-01-12,1.6129032258064515,1,62,请问贵司：OPPO小折叠屏手机是否有配你司的UTG？,尊敬的投资者，您好！公司在UTG领域技术储备充分，包括与OPPO在内的国内主流手机客户均有深入合作，目前有两个客户的产品已开始进入量产环节，谢谢！,-0.6158433643116233
NONAI00742_300093_20230112,300093,金刚光伏,2023-01-12,7.352941176470588,5,68,您好董秘，首先祝您兔年大吉。\n目前与rec的合同原计划在2023年1月份履行完毕，请问是否能如期完工?未来与rec是否会保持长期合作。过年期间是否工厂停工几天?感谢,尊敬的投资者，您好！公司与REC合同订单均按约定履行，公司已经与REC公司保持良好合作，具备长期合作的基础。产线生产将按公司生产计划进行。感谢您对公司的关注。,0.34504134611724596
NONAI00743_300095_20230102,300095,华伍股份,2023-01-02,0.0,0,161,风电大型化趋势下，公司是否有布局，相关产品需求是否有增加？,您好！公司坚持关键零部件自主研发，具有独特的核心工艺流程作为保证，产品的可靠性和可维护性更好，产品结构设计更优，在大型化风电主机上具备技术优势。多年来，公司一直跟随整机厂客户的机型转化，在海上大兆瓦机组供货上一直都占比较高，陆上大兆瓦机组也随着整机机型的变化而供货，随着机型的大型化趋势不断发展，公司在大兆瓦机型的市场优势地位将更加凸显。谢谢关注！,-0.8858440267461817
NONAI00744_300096_20230104,300096,易联众,2023-01-04,21.428571428571427,6,28,董秘好，请问截止2022年12月9日，公司股东人数多少？,"您好，截至股权登记日2022年12月9日，公司股东总户数为28,691户。谢谢！",2.7013076313129503
NONAI00745_300098_20230306,300098,高新兴,2023-03-06,4.25531914893617,4,94,董秘您好！信阳市中心城区智慧交通建设在招投标，2.5亿标的，包含电子车牌项目，公司是否参与竞标？结果出来了吗？,尊敬的投资者您好，公司暂未获悉相关招标的具体情况。公司重要动态的相关情况可关注公司官方公众号“高新兴科技集团”了解，如有达到信息披露标准的中标或者合同签订，公司将以公告的形式进行披露。感谢您对公司的关注！,-0.173501853514581
NONAI00746_300099_20230103,300099,精准信息,2023-01-03,20.689655172413794,6,29,您好，请问截止12月10日，公司股东户数？谢谢！,"尊敬的投资者，您好！公司2022年12月10日的股东人数为37,118户，感谢关注。",2.577612746552291
NONAI00747_300102_20230103,300102,乾照光电,2023-01-03,23.076923076923077,6,26,请问截至2022年12月20日，贵公司股东人数是多少？谢谢,截止2022年12月20日收盘公司股东户数约为5.9万户，谢谢关注！,2.977242374240576
NONAI00748_300107_20230227,300107,建新股份,2023-02-27,10.526315789473685,2,19,公司生产的航空复合材料，预浸料中的固化剂和增韧剂获是否给国产大飞机C919供货？,您好，国产大飞机C919不是公司的客户。感谢关注！,0.8762655596688308
NONAI00749_300113_20230323,300113,顺网科技,2023-03-23,4.109589041095891,3,73,董秘你好，请问公司在算力服务器领域有什么产品,尊敬的投资者，您好。公司基于高性能GPU算力，可根据不同的应用场景及需求，提供高性能的算力及云游戏服务，已在“游戏云”及数字人“晓竞”等产品中应用。感谢您对公司的关注。谢谢。,-0.19789713341977272
NONAI00750_300114_20230103,300114,中航电测,2023-01-03,18.91891891891892,7,37,董秘，你好！截止12月30号，股东人数多少？,"尊敬的投资者您好，非常感谢您对公司的关注。截至2022年12月30日，公司股东总数为30,122户。",2.2811907704591783
NONAI00751_300115_20230607,300115,长盈精密,2023-06-07,5.555555555555555,2,36,您好，请问贵公司是否有为小康汽车新品问界M5供货呢？,您好。鉴于公司与客户签订的保密协议，公司不能在互动平台回复您的问题。请见谅。谢谢。,0.04415825497285255
NONAI00752_300117_20240131,300117,嘉寓股份,2024-01-31,3.225806451612903,1,31,贵公司的子公司四川嘉寓门窗幕墙有限公司现在经营状况怎么样了，背负那么多的被执行。并且工商注册电话也是虚假的，企查查显示参保人数只有3个人，公司雇佣的各地法务团队基本已经解散，甚至连工资都发不出来。,尊敬的投资者您好，目前公司子公司四川嘉寓涉诉案件较多，感谢您的关注。,-0.34584270187706506
NONAI00753_300120_20230214,300120,经纬辉开,2023-02-14,0.0,0,26,公司网站怎么打开？进入需要密码,投资者您好，公司网址为www.jwdc.cn，可直接点击登录，谢谢您的关注。,-0.8858440267461817
NONAI00754_300121_20230106,300121,阳谷华泰,2023-01-06,7.142857142857143,2,28,请问贵公司锂电池添加剂双氟磺酰亚胺锂数字化车间项目建设进展情况是否已建成并中试了。,公司研发进展情况详见公司定期报告的披露，感谢您对公司的关注。,0.30987319260686247
NONAI00755_300124_20230104,300124,汇川技术,2023-01-04,5.555555555555555,1,18,请问董秘，截止2022年12月30日，公司股东人数多少？,您好！请见公司互动易之公司声音栏目。谢谢！,0.04415825497285255
NONAI00756_300130_20230314,300130,新国都,2023-03-14,12.222222222222221,11,90,董秘您好，请问贵公司全资子公司嘉联支付有限公司《支付业务许可证》目前续展事项有无变化？,您好，嘉联支付已收到中国人民银行下发的《行政许可申请恢复审查通知书》（2023年第1号），中国人民银行已于2023年3月6日恢复续展审查，后续如有相关进展情况公司将及时披露。感谢您的关注，敬请投资者注意投资风险。,1.1601609930356935
NONAI00757_300131_20230207,300131,英唐智控,2023-02-07,2.3255813953488373,1,43,董秘，你好！当前的股东人数多少？请告之。,尊敬的投资者，您好！公司将在定期报告中及时披露股东户数。请关注公司披露的定期报告。感谢您的关注！,-0.49654074602658593
NONAI00758_300133_20230405,300133,华策影视,2023-04-05,21.904761904761905,23,105,董秘您好，万里归途取得了很好的成绩，收入在四季度确认了吧，请问贵司考虑尽早发布2022年业绩预测，提高投资者信心？,您好，《万里归途》相关收入确认在四季度。公司于2023年4月3日在巨潮资讯网（http://www.cninfo.com.cn）上披露了《2022年度业绩快报》（公告编号：2023-010）和《2023年第一季度业绩预告》（公告编号：2023-011）。关于公司生产经营情况敬请关注公司2022年年度报告和2023年第一季度报告，感谢关注！,2.7810221126031536
NONAI00759_300134_20230203,300134,大富科技,2023-02-03,4.3478260869565215,1,23,请问公司为特斯拉提供哪些产品,您好！相关信息请以公司披露的公告为准，感谢您的关注！,-0.15801615409650274
NONAI00760_300136_20230103,300136,信维通信,2023-01-03,2.797202797202797,4,143,请问公司在UWB方面有何技术储备和实际产品应用？,您好！UWB方面，公司与NXP（恩智浦半导体公司）达成战略合作，共同推进UWB在物联网、车联网领域的应用。目前，公司已经开拓了智能安防、追踪器、移动支付、智能音箱、扫地机器人、电动单车、智能门锁等领域的行业重要客户，建立了领先优势，做好了卡位，随着搭载UWB功能产品的渗透率不断提升，预计该业务规模将不断扩大，成为公司极具竞争力的产品线。谢谢！,-0.4175911296568777
NONAI00761_300137_20230103,300137,先河环保,2023-01-03,23.076923076923077,6,26,请问截止12月20日股东人数，谢谢,您好！截止2022年12月20日，公司股东人数为37555。感谢您对公司关注！,2.977242374240576
NONAI00762_300143_20230131,300143,盈康生命,2023-01-31,5.056179775280899,9,178,根据公司1月20日发布的《关于2022年度计提信用减值损失及资产减值损失的公告》显示，2022年预计计提商誉减值约6.7亿元，请问，出现这种情况的主要原因是由于疫情导致所收购医院出现经营不善，还是其他方面的原因？谢谢,"尊敬的投资者，您好！疫情给各行各业不管是医疗服务还是医疗器械均带来一定的影响。公司严格按照《企业会计准则第8号—资产减值》《会计监管风险提示第8号—商誉减值》等相关规定的要求，对收购形成的商誉进行了初步减值测试，经过公司财务部门与评估机构初步测算，本期计提的商誉减值总额为66,834.19万元。以上为公司初步核算数据，未经会计师事务所审计，最终数据以会计师事务所年度审计确认的金额为准。感谢您的关注！",-0.03943745574346504
NONAI00763_300144_20230103,300144,宋城演艺,2023-01-03,9.523809523809524,2,21,现在按照疫情防控“新十条”，大幅放松了管控，大部分地方已经对旅游景点及其密闭场所取消场所码、核酸码及行程卡检查，贵公司在广东佛山已经建成的项目何时开始营业？,您好，佛山项目计划在2023年暑期开业，感谢您的关注。,0.7084455990578771
NONAI00764_300145_20230116,300145,中金环境,2023-01-16,1.4285714285714286,1,70,董秘您好：请问12月20日公司公告的业绩补偿仲裁结果对公司是利好还是利空?如果我们对仲裁结果不满意的话，是否可以向人们法院起诉？谢谢,尊敬的投资者，您好！根据《仲裁法》相关规定，仲裁实行一裁终局的制度，但如果存在仲裁程序不合规的情况，当事人可以向法院申请确认仲裁无效。感谢您的关注，祝投资顺利！,-0.6467005828755729
NONAI00765_300146_20230104,300146,汤臣倍健,2023-01-04,9.090909090909092,3,33,请问男性ok片推出多久了?消费数据和实际效果如何?,投资者您好，公司旗下BYHEALTH男性OK片产品于2022年6月上市，销售时间尚短。感谢关注。,0.6359778887940564
NONAI00766_300148_20230112,300148,天舟文化,2023-01-12,3.8461538461538463,3,78,"你好!天河文链是公司2019年投资参股的科技创业企业,公司持股20%,该公司主要业务为以区块链技术进行数字版权的存证、登记、维权等，业务量大吗？对公司的业绩有积极的影响吗？",您好，公司以所持天河文链的股权经评估后对其母公司天河国云完成增资，目前持有天河国云2%股权，并不再持有天河文链股权。天河文链具体情况您可通过其官方渠道进行了解。谢谢关注！,-0.24199629324838873
NONAI00767_300149_20230105,300149,睿智医药,2023-01-05,2.5641025641025643,1,39,董秘您好，公司员工持股和股权激励有计划做么？有计划做的话大概何时做。期待您的答复。,感谢您的关注，公司后续如出台相关激励措施，将按深交所规定进行披露，请持续关注公司公告。,-0.4566122044143197
NONAI00768_300150_20230313,300150,世纪瑞尔,2023-03-13,2.4691358024691357,4,162,请问公司现在股东人数是多少？,您好！根据相关规则及监管机构意见，投资者要求上市公司披露股东人数问题不属于规则规定的强制披露范畴。“互动易”作为投资者与上市公司的网络交流平台，并不能保证及时将信息覆盖并传达到所有投资者。为保护全体股东权益，确保所有投资者平等获悉公司信息，根据信息披露公平原则，公司选择在年度报告、半年度报告及季度报告中披露对应期末时点的股东人数信息。感谢您的关注。,-0.4725096793154998
NONAI00769_300153_20230116,300153,科泰电源,2023-01-16,2.2222222222222223,2,90,公司参控公司上海科泰安特优电力设备有限公司和上海科泰输配电设备有限公司的产品是否应用于特高压及数据中心等领域,您好！科泰安特优主要开展中压和低压柴油发电机组和相关产品的生产和供应业务，输配电公司主要从事中压开关柜及低压开关柜设备的设计、制造和销售业务，产品可应用于数据中心，目前未应用于特高压领域。谢谢！,-0.513843114058568
NONAI00770_300154_20230206,300154,瑞凌股份,2023-02-06,0.0,0,38,董秘你好！公司是否出业绩预告？,您好，感谢您的关注。公司如发生需披露业绩预告的情形将按照相关法规进行合规披露。谢谢！,-0.8858440267461817
NONAI00771_300155_20230320,300155,安居宝,2023-03-20,2.127659574468085,2,94,能否介绍下贵公司的Ai智慧社区系统？,"您好，公司的AI智慧社区系统突破了目前国内绝大部分厂家楼宇对讲、智能家居 、智慧社区和停车场系统单独工作的状态，运用AI先进技术及软件平台，对小区产品进行技术关联整合,从而提升产品竞争门槛。感谢您对公司的关注。",-0.5296729401303814
NONAI00772_300157_20230420,300157,恒泰艾普,2023-04-20,2.7777777777777777,1,36,请问，增发什么时候可以实施？,您好，目前相关工作正在推进中，公司重大事项进程请关注公司相关公告。感谢您的关注！,-0.4208428858866646
NONAI00773_300161_20230620,300161,华中数控,2023-06-20,2.0833333333333335,2,96,公司是否有生产固态电池的设备，产销情况如何？,尊敬的投资者您好，在新能源动力电池领域，公司目前的产品主要是为动力电池厂商定制动力电池模组&PACK智能产线，依托新能源汽车市场延续高增长趋势，今年以来新能源电池智能产线订单较去年同期相比有所增长。感谢您的关注。,-0.5370931711015439
NONAI00774_300162_20230203,300162,雷曼光电,2023-02-03,0.0,0,44,请问贵公司：看一些报告都说2022年海外的订单增长可喜，但好像贵公司的每股收益没体现出来的？,您好，公司将积极把握行业发展机遇，不断提升企业盈利能力，争取为股东带来长期稳定回报，感谢您的关注！,-0.8858440267461817
NONAI00775_300164_20230516,300164,通源石油,2023-05-16,3.125,3,96,贵公司于北美深耕多年，请问贵公司是否有与美国西部石油合作或者订单上来往呢，谢谢,尊敬的投资者，公司在美是美国主要的射孔技术服务商，在落基山脉地区、二叠纪盆地具有良好的知名度，客户规模超百个，美国众多的知名油公司都是公司的客户，且保持常年的合作关系，其中就包括美国西方石油公司。谢谢您的关注！,-0.3627177432792249
NONAI00776_300165_20230128,300165,天瑞仪器,2023-01-28,0.0,0,47,抗原检测什么时候在国内上市？,尊敬的投资者，您好！公司如有应披露事项，将严格按照有关法律法规的要求及时履行信息披露义务。感谢您的关注！,-0.8858440267461817
NONAI00777_300166_20230309,300166,东方国信,2023-03-09,0.0,0,25,国办印发中医药振兴发展重大工程实施方案中，提到实现公立中医医院信息互联互通标准化成熟度测评、电子病历系统应用水平分级评价达到国家要求。请问公司在这方面是否有相关积累或类似应用案例，未来是否在中医医院信息化建设方面有新的布局。,您好，感谢你的关注。公司目前未参与中医院信息化建设。谢谢！,-0.8858440267461817
NONAI00778_300168_20230105,300168,万达信息,2023-01-05,4.056795131845842,20,493,董秘您好，公司在养老方面有什么布局？跟大股东中国人寿有什么业务协同？,您好，感谢您对万达信息的关注。公司一直致力于运用智能技术为我国养老服务体系的高质量发展保驾护航。从2014年成立养老云团队以来，参与民政部金民工程全国养老服务管理系统（一期）建设以及上海、宁夏、江苏、贵州等多个省级养老政府监管平台建设，协助当地政府搭建养老服务体系。同时，为数百个中小型养老护理企业提供SaaS化的信息服务，助力养老服务企业的数字化转型。从行业需求来看，伴随我国老龄人口规模的扩大、家庭小型化趋势的强化及人口流动程度的加深，独居老人的比例在不断增加，快速变化的人口结构已经使“养老”成为民生之重。第七次人口普查数据显示，中国的老龄化进程比预期来的还快。2020年，我国60岁及以上人口26402万人、占比18.70%。在2010-2020的十年间，户均人口从3.10人减少为2.62人，人户分离增长88.52%，流动人口增长69.73%，这显著地削弱了家庭的照料能力，势必会导致养老服务的社会化需求高涨。目前多个险资企业都已经在积极布局养老服务产业，通过“保险+康养”的服务生态方式，参与各地方养老服务体系建设，尤其是居家养老服务体系建设。国寿协同方面，万达信息积极参与国寿长护险业务的落地，协助国寿获得徐州、邢台、湘潭等多个城市的长期护理保险运营服务，协助中国人寿开拓养老市场，为积极探索“保险+健康+服务”的中国式养老服务商业模式提供帮助。,-0.20673485551118706
NONAI00779_300170_20230419,300170,汉得信息,2023-04-19,8.108108108108109,3,37,公司和华为，阿里，腾讯都有过合作？网传属实？,您好，公司为企业提供数字化解决方案，因此非常注重生态合作，与众多互联网公司有合作,0.47145660062754413
NONAI00780_300171_20230307,300171,东富龙,2023-03-07,5.555555555555555,5,90,公司在这一轮疫情中有没有和制药企业有合作，有没有新的订单？,"您好，东富龙是一家为全球制药企业提供制药工艺、核心装备、系统工程整体解决方案的综合性制药装备服务商。已有超10,000台制药设备、药品制造系统服务于全球40多个国家和地区的超2,000家全球知名制药企业，谢谢。",0.04415825497285255
NONAI00781_300172_20230302,300172,中电环保,2023-03-02,1.9444444444444444,7,360,亚洲锂都：宜春锂矿开采造成大范围内的水污染，请问公司在宜春拿了多少水处理的业务,尊敬的投资者，您好！中电环保是生态环境治理服务商，主营（3+1）：水务、固危废、烟气治理及产业创新平台，包括：工业水处理、城镇污水及水环境治理；固废危废、污泥耦合、餐厨垃圾处理及土壤修复；烟气及VOCs治理；高端装备及智慧环保等，为工业和城镇环保提供系统解决方案。\n 在大工业水领域，公司为石化、核电、新能源、冶金、煤化工、煤矿、火电等国家重点工业客户提供从原水、脱盐水及废污水处理、中水回用到零排放全过程业务，综合服务能力突出，包括：废污水处理、再生水利用、零排放、脱盐水、海水淡化、凝结水精处理等系统工程。其中，废水处理零排放特色业务：通过牵头承担国家科技重大水专项，成功研发了“零排放”自主创新技术和集成系统，具有“节能降耗、低污染、智能化”等优势，已在石化、煤化工、冶金、电子、精密制造、火电等工业领域成功推广，有效实现废水减排、末端处理达标、资源化回用与“零排放”。\n 关于宜春锂矿水污染的后续治理，公司将会积极跟踪和参与，谢谢您的建议和关注！,-0.5603432281445196
NONAI00782_300173_20230103,300173,福能东方,2023-01-03,3.5714285714285716,1,28,您好，请问公司有没有在线教育职业教育等教育类的合作业务或者投资，谢谢。,您好，公司没有在线职业教育等教育类相关合作业务或者投资，谢谢。,-0.28798541706965963
NONAI00783_300177_20230104,300177,中海达,2023-01-04,17.391304347826086,8,46,请问公司今年年报会不会亏损，最新股东人数多少，谢,"您好，截至2022年12月30日，公司股东总户数为49,886户。关于公司的业绩情况，请关注公司相关公告及定期报告，谢谢。",2.025467463852534
NONAI00784_300181_20230109,300181,佐力药业,2023-01-09,0.0,0,165,请问董秘，自身服用乌灵胶囊效果很好，该药由哪些成份组成，有没有安眠类的西药成份？？,您好！乌灵胶囊内含单味成份乌灵菌粉，不添加任何西药成份，是中药国家一类新药。乌灵菌粉是从珍稀乌灵参中分离获得的菌种，应用现代生物工程技术发酵制备而成，主要含有腺苷、多糖、甾醇类、氨基酸类、维生素类、微量元素等成分。乌灵胶囊通过调节大脑中枢神经递质的生理平衡而发挥镇静安神作用，可有效改善睡眠和抑郁焦虑状态，大量的临床应用表明服用乌灵胶囊不会产生药物依赖性。谢谢！,-0.8858440267461817
NONAI00785_300182_20230308,300182,捷成股份,2023-03-08,20.833333333333332,5,24,董秘，你好！截止2月28号，股东人数多少？,您好，截止2023年2月28日，公司股东户数为78000余户，感谢关注。,2.6016645297001966
NONAI00786_300183_20230103,300183,东软载波,2023-01-03,0.0,0,31,尊敬的董秘你好：我公司原来从海尔收购的上海东软载波微电子公司，生产的MCU芯片，现在还是海尔家电的供货商吗?另外我公司现在的大股东佛山澜海的穿透股东中有美的集团的入股，想咨询一下美的的家电，有用我公司的MCU芯片吗？谢谢,你好，MCU产品应用广泛包括海尔家电、美的等家电企业都是我们的客户，谢谢,-0.8858440267461817
NONAI00787_300184_20230104,300184,力源信息,2023-01-04,20.512820512820515,8,39,请问下王总，公司截止到12月31日股东数量情况？公司2022年业绩情况怎么样？\n,截至2022年12月31日，公司股东总户数约6.81万户。公司2022年业绩情况请关注公司后续公告，谢谢！,2.5480105519087144
NONAI00788_300187_20230103,300187,永清环保,2023-01-03,13.88888888888889,5,36,您好，请问，贵公司截止12月30日股东人数是多少？谢谢！,尊敬的投资者，您好！截止至2022年12月30日，公司股东总户数约为2.71万户。感谢您的关注。,1.439161677551404
NONAI00789_300188_20230307,300188,美亚柏科,2023-03-07,0.0,0,28,上海数据交易所的首个数据交易链工作将启动，贵司有没有参与？毕竟贵司是取证的。,您好，具体项目的参与情况请以官网公示的信息为准，感谢您的关注。,-0.8858440267461817
NONAI00790_300191_20230203,300191,潜能恒信,2023-02-03,11.764705882352942,2,17,老周：2022年九1九5区块产能建设投资多少？产能多少？进展如何？,感谢您的关注，请关注后续2022年年度报告。,1.083572569835303
NONAI00791_300192_20230116,300192,科德教育,2023-01-16,6.25,2,32,"请问天津慧闻合伙公司是否是贵司子公司或孙公司,为什么天津慧闻在招资入股说是上市",您好，天津慧闻与公司没有股权关系，不属于公司的子公司，感谢您的关注，谢谢！,0.16040854018773187
NONAI00792_300194_20230120,300194,福安药业,2023-01-20,0.0,0,53,公司创新药有哪些？,公司进入药品注册程序的研发产品，均通过定期报告和临时公告进行了相关进展的披露，感谢您的关注，祝您春节愉快，阖家欢乐！,-0.8858440267461817
NONAI00793_300195_20230103,300195,长荣股份,2023-01-03,4.3478260869565215,1,23,徐开东几个季度以来，持续增持，请问，他在购买贵公司股票前，或者购买期间，是否对公司进行过调研或者访问？,您好，感谢您的关注。徐开东未曾到公司调研或访问。谢谢。,-0.15801615409650274
NONAI00794_300199_20230106,300199,翰宇药业,2023-01-06,8.411214953271028,9,107,请问董秘，贵公司的鼻喷药剂作用原理是什么，对奥密克戎有保护预防作用么？,您好！我司HY3000针对XBB、BQ.1、BQ1.1等假病毒抑制试验结果表明对该变异病毒有很好的抑制效果，数据显示其EC50分别为11nM、15nM以及24nM，HY3000具备广谱性及通用性特点，不受病毒变异的影响。针对新冠病毒不断的变异，我司一直保持密切关注，并适时开展试验，感谢您的关注！,0.5221968109966552
NONAI00795_300200_20230106,300200,高盟新材,2023-01-06,7.407407407407407,10,135,尊敬的董秘：您好。请问：1/原材料涨价对贵司毛利率的影响到目前为止有否消除？2/z在防疫放开后，贵司工厂在生产和经营上是否正常进行。3/在手订单是否不足？正常？还是饱满？谢谢您。,您好，公司原材料价格自2022年下半年开始逐步回落，公司产品毛利率也已随之逐步恢复到正常水平。公司目前生产经营情况一切正常，2022年3-5月上海疫情期间，公司业务受到了较大影响，后期逐步恢复正常。当前，随着疫情管控的放开，加之国家系列稳经济政策的实施，2023年预计整体经营情况都将较2022年有所好转，感谢您的关注！,0.35415901554586404
NONAI00796_300203_20230329,300203,聚光科技,2023-03-29,11.881188118811881,12,101,"请问贵司2022年业绩预告亏损的依据是什么,研发投入还是经营问题,谱育科技是公司两大业绩增加来源,新签合同较上年增长45%,业务量是增加的亏损依据是什么另外今年一季度业绩有没有好转。",感谢您对公司的关注，公司2022年业绩变动原因主要为研发投入的继续加大、预计商誉减值和PPP等项目减值的计提，相较于2021年取得的投资收益和固定资产处置收益，2022年无此类收益。关于2023年第一季度报告，公司将于4月28日披露，敬请关注，谢谢！,1.1030717440588818
NONAI00797_300204_20230104,300204,舒泰神,2023-01-04,2.7777777777777777,1,36,董秘您好！现阶段疫情那么严重，急需特效药物。请问贵公司的新冠重症特效药预计什么时候可以获批上市，还需要有什么手续？谢谢！,您好！有关项目进展，敬请关注后续定期报告及项目进展公告。感谢您对公司的关注，谢谢！,-0.4208428858866646
NONAI00798_300205_20230111,300205,天喻信息,2023-01-11,0.0,0,20,请问三季报股东黄木兴和资本市场大名鼎鼎的黄木顺、黄木兴有何关系？谢谢,您好，公司去年三季报前十名股东中没有黄木兴。,-0.8858440267461817
NONAI00799_300206_20230526,300206,理邦仪器,2023-05-26,17.647058823529413,6,34,您好，请问，贵公司截止4月28日股东人数是多少？谢谢！,"投资者，你好！根据股东名册，截止至2023年4月28日，公司股东人数为23,497户。感谢关注！",2.068280868126045
NONAI00800_300207_20230114,300207,欣旺达,2023-01-14,5.109489051094891,7,137,董秘你好！请问公司搞材料研究的博士生有多少人？对于公司有重大贡献的人才有什么奖励政策，有没有股权奖励？人才是公司发展的动力，公司要加大引进高科技人才，给与高的待遇。谢谢！,您好！感谢您对公司的关注与支持。截至2022年12月31日，公司在职的研发人员中，博士生接近100人左右，公司的研发实力以及研发水平处于行业领先。公司对于有重大贡献的人才提供了有市场竞争力的薪酬及相关的激励政策，如股权激励及员工持股计划。公司也诚挚欢迎各位股东推荐优秀的人才，助力公司业务进一步持续发展，谢谢。,-0.030513461077580756
NONAI00801_300209_20230306,300209,有棵树,2023-03-06,3.9215686274509802,2,51,公司根据去年跨境业务量，可以向长沙金霞经济开发区申请财政补助，大概有多少资金？谢谢！,您好，感谢对本公司的关注。公司将依据信息披露规定对政府补助情况进行披露，详见公司临时公告、定期报告相关内容。谢谢！,-0.22937182788568694
NONAI00802_300211_20230110,300211,亿通科技,2023-01-10,0.5813953488372093,1,172,您好！亿通科技全资子公司鲸鱼微电子主营业务为物联网超低功耗芯片、生命体征传感器开发，公司目前主营业务已转为芯片和传感器，值此目前后疫情时代血氧仪和智能穿戴设备销售火爆之机，公司是否有意向将上市公司亿通科技改名为“亿通微”以便引起机构投资者的关注和调研，进一步提升公司的市值和上市公司形像，增加投资者的信心？谢谢！,您好，感谢您的关注及建议！公司在行业深耕发展多年，积累了一定的核心技术、研发优势和创新能力，在广电行业树立了较好的品牌形象，建立了传感器和芯片设计的研发与业务团队，为未来技术的应用和目标产品市场的拓展奠定坚实的基础。\n亿通科技的名称已具有一定的品牌优势和行业影响力，暂无改名计划。公司将持续聚焦主业发展，继续投入产品技术研发，增强核心竞争力和品牌影响力，以回报广大投资者。,-0.7885182065662828
NONAI00803_300212_20230103,300212,易华录,2023-01-03,23.91304347826087,11,46,请问截止2022年12月30日股东户数为多少？ 请问公司何时发布2022年年报？,"感谢您对公司的关注！截止12月30日公司的股东人数为43,190人，我司将于2023年4月18号发布年报，请您持续关注！",3.117209272827053
NONAI00804_300213_20230323,300213,佳讯飞鸿,2023-03-23,2.6315789473684212,4,152,公司与北京交通大学等共同建立了陆地交通智慧感知实验室，主要进行激光雷达、毫米波雷达、智能感知的关键技术研究和应用创新，请问现在到达预期效果了吗？,您好，感谢您的关注。公司携手北京交通大学等合作伙伴，依托陆地交通智慧感知实验室，不断开展面向轨旁设备和线路环境安全的综合感知技术研究，包括信号设备PHM系统中的传感器及采集，铁路周界安全等，持续助力新一代轨道交通的安全运营，为实现智慧轨道交通在智能装备与智能运维领域的自主可控和国产替代贡献力量。目前，相关项目正在按计划有序推进。,-0.4453166301424286
NONAI00805_300217_20230104,300217,东方电热,2023-01-04,11.009174311926605,12,109,贵公司募集资金项目:年产50台高温高效电加热装备项目和年产2万吨锂电池预镀镍钢基带项目进展如何？是否顺利进行？订单怎么？对公司业绩有提高吗？,您好，谢谢您对公司的关心！2022年12月，“年产50台高温高效电加热装备项目”厂房已封顶，该项目建设正按计划推进；“年产2万吨锂电池预镀镍钢基带项目”预计2023年1月底完成冷调和热调工作。上述两个项目进展均较为顺利，未来项目建成后对公司业绩应有积极影响。,0.9570962746419963
NONAI00806_300220_20230213,300220,金运激光,2023-02-13,1.5625,1,64,董秘你好，请问公司有数字水印技术吗？,尊敬的投资者，您好！公司业务不涉及数字水印技术。公司注意到相关概念市场热度高，特提醒广大投资者注意投资风险，防范概念炒作。感谢您对公司的关注。,-0.6242808850127033
NONAI00807_300221_20230411,300221,银禧科技,2023-04-11,8.433734939759036,7,83,您好 董秘 原材料 聚丙烯 PVC 公司还在做套保吗？现在聚丙烯占生产成本百分之几 PVC占生产成本百分之几?谢谢,尊敬的投资者，您好感谢您对公司的关注。\n公司为了规避原材料风险，公司有进行原材料套期保值业务。聚氯乙烯占公司聚氯乙烯相关产品成本的40%以上；聚丙烯占公司聚丙烯相关产品成本的50%以上。,0.5259666659839185
NONAI00808_300222_20230104,300222,科大智能,2023-01-04,5.147058823529412,7,136,公司应该不会ST吧,您好，根据《深圳证券交易所创业板股票上市规则》（2020年修订）的相关规定，上市公司出现财务状况或者其他状况异常，导致其股票存在终止上市风险，或者投资者难以判断公司前景，其投资权益可能受到损害的，深圳证券交易所有权对该公司股票交易实施风险警示。截止目前公司不存在公司股票交易会被实施风险警示的情形。谢谢！,-0.02422426574178223
NONAI00809_300223_20230103,300223,北京君正,2023-01-03,0.0,0,33,年底了 合肥二期完成，公司组建几个研发团队？团队负责人及团队年龄构成？都面向哪些场景？,您好！公司根据市场和产品规划布局各个研发团队，也不断有年轻血液注入。谢谢！,-0.8858440267461817
NONAI00810_300226_20230306,300226,上海钢联,2023-03-06,4.0,1,25,为什么公司不开展其他大宗商品，如有色，化工等的平台网上交易呢？,您好！公司目前暂无开展其他交易平台业务的计划，谢谢关注！,-0.21624238390847703
NONAI00811_300227_20230109,300227,光韵达,2023-01-09,19.565217391304348,9,46,你好，请问截止到12月30日，公司股东人数多少？机构股东多少？机构股东持股数量总数多少？谢谢另外公司今年的业绩增长如何,感谢您的关注。截至2022年12月30日股东总户数及公司2022年度业绩情况，您后续可留意公司发布的相关公告，谢谢。,2.3893814001773737
NONAI00812_300229_20230320,300229,拓尔思,2023-03-20,17.6,22,125,请问贵公司强制赎回的可转债有多少,"尊敬的投资者：您好！公司已于2023年3月8日全部赎回截至赎回登记日（2023年3月7日）收市后登记在册的“拓尔转债”18,378张，赎回价格为100.58元/张（含当期应计利息，当期年利率为0.60%，且当期利息含税）。自2023年3月16日起，公司发行的“拓尔转债”（债券代码：123105）已在深交所摘牌。具体情况请参阅公司相关公告，谢谢！",2.060403201739719
NONAI00813_300231_20230314,300231,银信科技,2023-03-14,1.4492753623188406,1,69,公司的数据中心系统集成及IT基础设施服务含IDC建设运营维护吗？,您好，公司的主营业务是为金融、电信、政府、制造业、能源及其他新兴行业等客户的数据中心IT基础设施提供一站式IT整体解决方案，也包括IDC的运营维护服务，感谢关注。,-0.6432347358629553
NONAI00814_300232_20230109,300232,洲明科技,2023-01-09,3.0303030303030303,2,66,目前公司产能利用率如何？2022年全年经营是否会有预告？,您好。公司具体产量、销量、投产及业绩情况，详见公司于巨潮资讯网披露的定期报告及相关公告，公司将根据上市公司信息披露要求履行披露义务。感谢您的关注。,-0.37857005489943574
NONAI00815_300235_20230210,300235,方直科技,2023-02-10,2.1052631578947367,4,190,请问公司在人工智能AI领域有哪些布局及应用方向？,尊敬的投资者，您好！公司全资子公司木愚科技多年深入开展人工智能、虚拟数字人等相关技术研究，运用深度学习等技术生成数字分身，并将其与数字内容、数字场景深度融合，打造符合国家数字化方向的创新产品。公司已推出相关产品和服务，并逐步实现在教育和知识传播等方向的推广应用。公司将不断探索更多应用场景，积极开拓更多业务。相关信息请关注公司披露的定期报告。敬请投资者切实提高风险意识，谨慎决策，注意投资风险，感谢您对公司的关注！,-0.5334221094631793
NONAI00816_300237_20230104,300237,美晨生态,2023-01-04,0.9345794392523364,1,107,董秘：您好！\n公司定增事宜《预案》已发布多日，至今尚未确定股东大会时间。请问：还在等什么？\n谢谢！,尊敬的投资者，您好！本次公司向特定对象发行股票事宜，中介机构正积极配合认购方准备国有资产监督管理部门审查的相关资料，股东大会召开通知将在相关工作准备就绪后择机以公告的形式披露于巨潮资讯网（http://www.cninfo.com.cn）上，请您注意查阅，谢谢您的关注。,-0.7293950447747555
NONAI00817_300240_20230118,300240,飞力达,2023-01-18,2.8828828828828827,16,555,重庆两江区报道“ 飞力达集团将建立保税绿色科技创新型生态共建项目，开展全球电子、汽车硬件及整机的再制造、备件、生产、研发，打造多元化保税绿色创新产业。”\r\n能否介绍一下其中提到“保税绿色科技创新生态共建项目”的具体情况？,投资者您好！您提到的项目是为了落实国家和当地市委市政府要求，推动传统加工贸易向服务型制造转型升级，打造综保区“五大中心”以及推动外贸新业态发展，近期重庆两路寸滩保税港区管理委员会与公司拟在综保区打造保税绿色科创产业园飞力达服务型加工贸易创新基地项目的延伸子项目，该项目是充分发挥第三方合作伙伴专业维修再制造技术能力和飞力达智能制造业物流服务资源优势，结合重庆两路果园港综合保税区政策区位优势，构建制造业及物流服务业两业相互融合、互为支撑的合作项目。\n飞力达是一家专注于一体化供应链管理的现代物流服务商，为客户设计并提供一体化供应链管理解决方案为公司主营业务，在公司战略规划及具体经营中积极践行绿色低碳经营理念并在此领域持续投入。公司牢记“助力智造企业提升供应链管理效率，实现客户价值主张”的企业使命，立志成为“数据科技驱动的智造供应链管理专家” 、“电子信息制造业供应链管理龙头”及“先进制造业可信赖的供应链合作伙伴”。 \n飞力达坚持公司战略定位并保持公司战略定力，并将在前述项目中充分发挥自身智造物流专业优势，充分利用各方资源优势，与各方坦诚合作，共同推进项目建设，为落户当地的制造业提供良好优质的供应链管理服务。\n需要特别说明的是，上述项目均处于前期谈判意向性阶段，公司将依法依规履行内部审批程序及相关披露工作，上述项目推进存在着不确定性，感谢您的关注，并请广大投资者注意投资风险。谢谢！,-0.40324824812441257
NONAI00818_300242_20230106,300242,佳云科技,2023-01-06,0.0,0,18,公司第一大股东有计划出售本公司股票来换机大股东现金流紧张现状吗？,您好，公司暂未接到相关消息，感谢您的关注。,-0.8858440267461817
NONAI00819_300244_20230103,300244,迪安诊断,2023-01-03,0.0,0,47,我们公司有抗原检测试剂盒销往美国吗？,尊敬的投资者，您好！子公司迪安生物抗原检测试剂盒已在德国、奥地利等欧洲地区及香港销售，未在美国销售。谢谢！,-0.8858440267461817
NONAI00820_300245_20230306,300245,天玑科技,2023-03-06,2.6315789473684212,2,76,你好，近五六年公司都没有机构调研，是何缘故？作为上市公司管理层觉得正常吗？,您好，公司生产经营及日常运作一切正常，公司重视投资者关系，及时将各项法定披露信息以定期、临时公告的形式进行披露，如您有紧急问题请随时致电我司投资者服务电话021-23521259，谢谢！,-0.4453166301424286
NONAI00821_300247_20230111,300247,融捷健康,2023-01-11,7.8431372549019605,4,51,您好，请问，贵公司截止12月30日股东人数是多少？谢谢！,尊敬的投资者您好，公司截止12月31日的股东人数将在2022年年报中予以披露，请您到时查询年报中相关数据，感谢您的关注。,0.42710037097480785
NONAI00822_300248_20230110,300248,新开普,2023-01-10,13.333333333333334,6,45,董秘您好！请问新开普截止2023年1月6日收盘股东总人数多少，期待您的答复，谢谢！,"您好，感谢您的关注！截至2022年12月30日，公司合并普通账户和融资融券信用账户后的股东总数为36,322名。谢谢！",1.3461614493795009
NONAI00823_300249_20230105,300249,依米康,2023-01-05,3.8461538461538463,1,26,董秘您好，请问公司截至12月30日股东户数是多少？谢谢。,您好！公司将在定期报告中披露股东人数，感谢您对公司的关注！,-0.24199629324838873
NONAI00824_300250_20230103,300250,初灵信息,2023-01-03,14.285714285714286,4,28,请问截至2022年12月31日，公司股东户数是多少？谢谢！！！,您好，截止至12月30日，公司股东户数2.44万户，感谢您对公司的关注。,1.5055904119599068
NONAI00825_300251_20230104,300251,光线传媒,2023-01-04,8.333333333333334,5,60,《流浪地球2》、《满江红》、《无名》、《熊出没》已经“名牌”，《交换人生》、《中国乒乓》也在蠢蠢欲动，甚至《检察风云》也在虎视眈眈，《深海》何时正式加入“春节档”？,尊敬的投资者，您好！公司主投、发行的影片《深海》及参投的影片《满江红》《交换人生》将于2023年大年初一上映，敬请期待。感谢您对光线传媒的关注与支持！,0.5091593958323698
NONAI00826_300253_20230313,300253,卫宁健康,2023-03-13,8.074534161490684,13,161,请问您贵司的创新业务今年进展如何，什么时候可以扭亏为盈，有没有具体时间表？如果持续亏损，是否有其他方案？,您好！感谢您的关注。公司在2022年度业绩预告投资者交流电话会议中对此已作了回复，即：“2023 年我们会采取一些措施，包括引进战投、降低一部分股权等，这些因2022年疫情的影响没有完成，希望在2023年继续进行；另外就是随着疫情的影响减小，希望这3家公司在经营层面也有所好转。综合起来减少对卫宁健康合并报表利润端的不利影响”。具体请查阅公司2月1日上传的投资者交流活动记录表。,0.4658363081746508
NONAI00827_300254_20230112,300254,仟源医药,2023-01-12,0.0,0,23,贵司近年盈利状况堪忧，目前市值极少，没有实控人，虽有主业，却无核心盈利资产。建议公司积极引入战略投资者或者考虑出售医药板块资产，进行资产重组，提升上市公司价值,投资者，您好！感谢您对企业的关注以及提出的宝贵建议。,-0.8858440267461817
NONAI00828_300256_20230104,300256,ST星星,2023-01-04,10.95890410958904,8,73,请问公司最新股东人数是多少，第二笔深圳1234投资款到账了吗？,"您好！截至2022年12月30日，公司股东总户数为36,230户。深圳一二三四公司返还公司投资款的情况请详见公司于今晚在巨潮资讯网披露的《关于解除对外投资协议的进展公告》，谢谢！",0.948681022124242
NONAI00829_300258_20230206,300258,精锻科技,2023-02-06,6.451612903225806,2,31,你好，请问如何联系贵司市场部，进行关于锻件业务交流？谢谢,您好！公司市场营业部国内业务科联系电话052380512618，海外业务科联系电话052380512675，谢谢！,0.19415862299205158
NONAI00830_300259_20230322,300259,新天科技,2023-03-22,4.301075268817204,8,186,你好，请问公司或子公司，有没有chatgtp相关技术或产品的使用和研发,新天科技是一家专注于水、电、气、暖智慧能源管控系统的研发、生产、销售和服务的高新技术企业。主要产品有物联网民用智能表系统、物联网工商业智能表系统、智慧水务、智慧燃气、智慧热力、智慧农业节水、云服务等。产品集成了云计算、大数据、人工智能、块数据、数字孪生、自动控制、GIS地理信息等物联网技术，致力于为水务公司、燃气公司、热力公司等公用事业单位提供从能源计量、数据采集、数据监测、数据分析以及云平台服务于一体的物联网综合解决方案。,-0.16584226025402618
NONAI00831_300264_20230105,300264,佳创视讯,2023-01-05,3.3333333333333335,1,30,公司目前运营是否正常？也不回复信息。公司增发何时落地？,公司经营正常，向特定对象发行股票事项进展请关注公司公告，谢谢关注！,-0.3278426577147611
NONAI00832_300265_20230110,300265,通光线缆,2023-01-10,5.9405940594059405,6,101,董秘您好，关注到国家能源局发布关于公开征求《新型电力系统发展蓝皮书（征求意见稿）》，提到特高压投资会有较大增长，请问能供货特高压OPGW的厂商有几家呢，之前了解行业内只有6家能供货，请问现在有几家，分别是哪几家，谢谢，因为这点对公司盈利能力比较重要，烦请董秘解答，谢谢,尊敬的投资者：您好！目前共六家，除公司全资子公司江苏通光光缆有限公司外，有苏州古河电力光缆有限公司、江苏宏图高科技股份有限公司、中天电力光缆有限公司、深圳市特发信息股份有限公司、江苏亨通电力智网科技有限公司。感谢您的关注！,0.10861385865635
NONAI00833_300266_20230104,300266,兴源环境,2023-01-04,2.6755852842809364,8,299,公司有无相关产品用于抗原自测试剂盒等商品使用？,尊敬的投资者，您好！公司目前没有相关产品用于抗原自测试剂盒。公司以产业支持智慧城乡建设，以子公司在水务、园林、疏浚方面的资质和专业优势提供环境综合治理解决方案，同时致力于先进技术驱动型高端装备制造，主要生产的环保设备压滤机，目前正积极拓展新能源市场，成功研发了“30 公斤高压锁紧压滤机”、“西门子全自动除饼压滤机”等先进技术，与赣锋锂业、云南裕能等全球知名企业有着长期深度合作。农业农村生态业务践行乡村振兴战略目标，进行养殖数字化研发，生产农牧装备，业务范围从集团内部拓展到农业领域多个外部商家业务应用中。双碳创新板块亦建立光伏和储能子公司，自主开发数字化矩阵能源管理系统（DMMES）实现商用。更多详细介绍，欢迎您登陆公司国际互联网网址浏览http://www.xingyuan.com/，感谢您的关注！,-0.4379499512694562
NONAI00834_300270_20230419,300270,中威电子,2023-04-19,3.3222591362126246,10,301,董秘你好。公司是A股上市公司里面员工人数最少的。我想问一下公司的模式是什么。研发投入有多少。未来的发展方向在哪里啊,您好，公司是以视频结构化、视频云技术、大数据分析、物联网感知与传输等核心技术，定位于以AI视频应用为核心的行业物联网解决方案与运营服务提供商，依托于“中威云”AIoT视频云平台和视频中台能力，为智慧交通、智慧城市、智慧能源等行业提供标准化、可复制的系统解决方案，构建了智能高清网络摄像机、热成像摄像机产品、智能交通系列产品、智能传输系列产品、全系列视频显控及存储产品、智能分析产品、智慧停车系统、隧道巡检机器人系统以及AIOT视频云平台、AI视频中台、物联感知综合管理平台、智慧服务区管控平台、路隧桥综合管控平台等多样化的产品及方案体系。公司每年的研发投入均占营业收入的5%以上，未来，公司依然坚持软件赋能，持续打造智慧停车、智慧园区等综合管理平台，开展规模化行业应用。谢谢您的关注。,-0.3296964828610449
NONAI00835_300271_20230103,300271,华宇软件,2023-01-03,13.88888888888889,5,36,尊敬的董秘，你好，能请问下截止12.20日的股东户数吗，谢谢,"投资者您好，截至2022年12月底，公司股东总户数（未合并融资融券信用账户）为48,642户。谢谢。",1.439161677551404
NONAI00836_300272_20230105,300272,开能健康,2023-01-05,5.555555555555555,1,18,可转债发行预计什么时候向交易所提交申请报告，请给个大概的时间，比如1月底之前，或预计2月中下旬提交……,投资人你好，请关注公司后续公告信息，谢谢。,0.04415825497285255
NONAI00837_300274_20230116,300274,阳光电源,2023-01-16,2.5,1,40,请问截止2022年12月10日 公司股东人数多少～,感谢您对公司的关注。公司股东户数详见披露在深交所指定信息披露网站的定期报告内容。谢谢！,-0.4673429999726163
NONAI00838_300275_20230110,300275,梅安森,2023-01-10,3.4285714285714284,6,175,请问公司军工业务发展如何？有正式产品销售吗？现有订单多少？,公司控股子公司安易联公司已取得武器装备科研生产单位二级保密资格证书，具备相关涉密项目研发生产资质。截止目前，已签订了相关项目合同416万元，主要涉及物联感知硬件设备、数据处理软件平台等相关智能传感设备与软件系统，目前已完成软件研发工作，正在推进软件验收工作。下一步公司将为相关军工项目提供成套的技术解决方案以及定制智能传感器。目前安易联公司处于初创阶段，请投资者注意投资风险。,-0.3118997614567206
NONAI00839_300276_20230527,300276,三丰智能,2023-05-27,3.4482758620689653,3,87,公司与东风系汽车有深度合作吗，在此次湖北政企促销活动中，对于公司有积极作用获得更多更广的市场？,尊敬的投资者您好！东风系车企是公司众多合作客户之一，此次湖北省政企联合发起的汽车促销活动会促进车企加快车型的改款换代，间接会对汽车生产装备后期市场需求带来新的增量。感谢您对公司的关注！,-0.30860123119643634
NONAI00840_300277_20230318,300277,海联讯,2023-03-18,4.0,6,150,去年公司注册成立的海联数通现在接到业务订单了吗？,您好，受行业准入门槛高、暂无以往业绩、缺乏资质等因素的影响，海联数通暂无业务订单。目前无法预测海联数通产生经济效益的具体时间，其未来经营与业绩情况存在不确定性。\n海联数通团队成立至今积极开拓业务，力争为公司创造新的利润增长点。去年海联讯母公司依托海联数通共享的资讯与资源，成功中标2个项目金额共约1600万元。感谢您对公司的关注。,-0.21624238390847703
NONAI00841_300278_20230105,300278,华昌达,2023-01-05,0.0,0,41,请问，公司资产注入是否不进行了，重整成功都一周年了，为啥公司迟迟不推动？,尊敬的投资者您好，公司严格遵守证监会及交易所的相关法规，相关进展将及时披露。感谢您的关注！,-0.8858440267461817
NONAI00842_300281_20230103,300281,金明精机,2023-01-03,3.8461538461538463,2,52,请问董秘:当前公司受疫情影响多大？公司生产经营是否正常？订单是否充足？,尊敬的投资者朋友，您好！公司有序组织疫情防控和生产经营，目前公司生产经营一切正常，整体运行稳健。感谢您对公司的关注。,-0.24199629324838873
NONAI00843_300283_20230106,300283,温州宏丰,2023-01-06,3.067484662576687,5,163,1.10月以来，白银价格大幅上涨，消除了存货减值准备等影响，对公司业绩产生什么影响？\n2、温州宏丰，这个简称，不能体现公司主页，是否修改简称，这个对公司业务是正向影响。\n3、公司市值仅仅22亿，但2021年公司总收入23亿元，2022年三季度总收入接近16亿元，总收入超过市值。这在夕阳行业见到过，公司定位什么行业？公司净利润低的主要原因在哪？谢谢,尊敬的投资者您好，您好！\n1、若白银价格持续或短期内大幅向上波动，则计提存货减值准备影响因素是会减少，且对公司业绩有一定积极影响；\n2、关于是否更改证券简称，感谢您的关注与建议；\n3、公司自设立以来一直深耕于电接触复合材料领域，围绕所在行业的特点，不断加强新产品开发、延伸产品链和产业链。公司净利润较低主要系报告期内公司销售订单减少，导致主营业务收入减少，利润减少。,-0.37234583438597874
NONAI00844_300284_20240227,300284,苏交科,2024-02-27,11.494252873563218,10,87,2023年度分红吗？股息率提高吗？,尊敬的投资者，感谢您对公司的关注与支持！ \n公司将严格按照中国证监会、深圳证券交易所以及《公司章程》、《未来三年（2023-2025年度）股东分红回报规划》的有关规定制定公司2023年度分红方案，敬请关注公司的公告。谢谢！,1.0382986250863029
NONAI00845_300285_20230109,300285,国瓷材料,2023-01-09,0.0,0,27,请问董秘，截止到22年底股东数有多少,尊敬的投资者：您好！公司会在定期报告中披露股东户数。谢谢关注！,-0.8858440267461817
NONAI00846_300286_20230103,300286,安科瑞,2023-01-03,30.0,6,20,请问截止2022年12月30日收盘，公司的股东户数是多少？非常感谢能够尽快回复。,您好，截止2022年12月30日公司的股东户数为6060户。,3.5991992847994347
NONAI00847_300287_20230306,300287,飞利信,2023-03-06,13.88888888888889,5,36,董秘您好，请问截止到2023年2月28日，公司股东人数是多少？谢谢！,尊敬的投资者，您好，截止到2023年2月28日，公司在册股东人数为90713户，感谢您的关注，谢谢！,1.439161677551404
NONAI00848_300288_20230110,300288,朗玛信息,2023-01-10,25.0,6,24,请问贵公司最新的股东人数，谢谢,您好，截止2022年12月30日公司股东人数为33819，感谢您的关注。,3.2991662409894724
NONAI00849_300290_20230116,300290,荣科科技,2023-01-16,13.20754716981132,7,53,董秘你好，公司经营正常吗？业绩增长百分之多少,投资者您好，感谢您的关注！截至目前公司经营一切正常，年度业绩情况还请关注公司未来发布的2022年度业绩预告及2022年度报告,1.3251047939443525
NONAI00850_300291_20230103,300291,百纳千成,2023-01-03,5.0,5,100,请问公司在直播带货和电商领域是否有布局，业务如何？,尊敬的投资者，您好！公司控股孙公司湖南百纳坚尼新媒体有限责任公司为商业客户在抖音、快手等短视频平台，提供艺人、KOL等主播矩阵以直播形式提供营销引流服务，具体直播内容请关注公司官方及合作艺人的直播间。感谢您对公司的关注。,-0.04884197319905085
NONAI00851_300292_20230310,300292,吴通控股,2023-03-10,4.444444444444445,2,45,凤凰卫视负面消息不断，请问是否与凤凰卫视、凤凰网、吴小莉等合作？,感谢您对公司的关注，公司不涉及与凤凰卫视、凤凰网、吴小莉等进行业务合作。敬请投资者理性投资，注意风险。,-0.14184220137095424
NONAI00852_300295_20230106,300295,三六五网,2023-01-06,1.8867924528301887,3,159,"公司有没有为房地产企业构建行业专属的数据标准、数据治理模式、数据模型、数据服务、数据确权交易,挖掘数据价值等营销服务？对房地产企业需求端有何帮助？",谢谢您对公司的关注，可能我们信息有限，据我们目前了解，似乎目前并没有房地产行业专属数据标准、数据治理模式等。公司目前主要从事房地产等垂直行业的流量运营，即运用国内领先的流量增长方式，提升自有平台流量，通过用户运营手段满足B端营销效果化的需求，同时将自身流量增长、用户运营的经验和方法产品化，赋能产业链合作商，满足其营销数据化和自有渠道建设需求。,-0.5699941952189626
NONAI00853_300296_20230106,300296,利亚德,2023-01-06,1.9230769230769231,1,52,尊敬的董秘，请问贵司哪些产品提供给军用？有没有出口？,您好！公司通过独立子公司利亚德装备为军事行业提供自主可控显示系统，包括LED球面显示屏、特需显示系统、作战训练系统等。,-0.5639201599972852
NONAI00854_300298_20230112,300298,三诺生物,2023-01-12,1.639344262295082,2,122,您好，请问截止12月31日收盘，最新的股东人数是多少，谢谢,您好！为保证所有投资者平等获悉公司信息，根据信息披露公平原则，公司不在互动易回复股东人数情况，将在定期报告中披露对应时点的股东信息。公司股东如有查询需求，可以持股东本人身份证件以及证明其持有公司股份的书面文件，经公司核实股东身份后按照要求提供股东人数。感谢关注！,-0.6114171239438437
NONAI00855_300299_20230105,300299,富春股份,2023-01-05,8.823529411764707,9,102,董秘你好，今年初你曾说今年下半年仙境传说RO新时代诞生准备在韩国上线，现在看今年还剩一个多月时间根本没有上线可能。请问，公司效率太低原因还是有什么其它问题？,您好，公司全资子公司上海骏梦自研游戏产品《仙境传说RO：新世代的诞生》原定于2022年下半年上线，受疫情原因、宣发节奏等因素影响，该产品上线延迟。该产品已于2023年1月5日在韩国地区上线，据统计，韩国上线前用户预约人数超150万。感谢您的关注！,0.5912184206899317
NONAI00856_300300_20230106,300300,海峡创新,2023-01-06,3.4782608695652173,4,115,纵观众多上市企业，只要有地方国资入股上市企业，基本在一年内就会针对上市企业的主业实施资产注入，项目支持等等，会帮护上市企业加速发展，增加企业利润。请问贵司呢？三年多来非但主业没有增长，而且业绩还年年巨亏。非但没有资产注入，而且连占有天时地利人和优势的控股股东哪一个项目都接不到，为什么不扪心自问一下？能力何在？控股股东当初控股的初心是什么？非常值得怀疑和深思为何入股当初的汉鼎？,尊敬的投资者您好，平潭国资入驻属于长期战略投资，国资入驻后公司不断优化治理结构，推动公司剥离与主业无关资产，进一步聚焦主营业务，坚定支持公司长期高质量发展。公司如有投资、收购等重大事项，将严格按照相关法律法规及时履行信息披露义务。感谢您对公司的关注。,-0.3035817286264385
NONAI00857_300302_20230515,300302,同有科技,2023-05-15,1.9607843137254901,1,51,请问董秘，公司最新股东人数多少？,您好，感谢您的关注。按照深交所的相关要求和规定，公司会在定期报告中披露股东人数，股东数据请参考公司定期报告。谢谢！,-0.5576079273159343
NONAI00858_300303_20230106,300303,聚飞光电,2023-01-06,0.0,0,48,2023年1月1日，苏州熹联光芯公众号披露其近日完成数亿元人民币的B-1轮融资。请问此次熹联光芯融资估值是多少？达到独角兽级别吗？此轮融资完成后，贵司目前持有熹联光芯多大比例的股权？,您好，感谢您的关注！随着业务的拓展，熹联光芯的估值的确越来越高，聚飞光电持有股权占比以其工商注册登记为准。,-0.8858440267461817
NONAI00859_300306_20230209,300306,远方信息,2023-02-09,0.0,0,34,董秘您好！2023年杭州举办亚运会有没给公司带来直接的经济业务受益？,您好！亚运会举办对拉动内需，促进杭州经济发展应该会有积极作用，感谢您的关注！,-0.8858440267461817
NONAI00860_300307_20230103,300307,慈星股份,2023-01-03,15.0,3,20,董秘您好，武汉敏声BAW滤波器联合产线实现通线，公司参股武汉敏声多少股份？谢谢！,您好，目前公司的持股比例为10.44%，感谢您的关注。,1.6251621338952107
NONAI00861_300308_20230113,300308,中际旭创,2023-01-13,1.25,2,160,公司主要应收在国外几家大的互联网公司，23年欧美经济衰退不可避免，如果国外几家互联网公司缩减开支，公司如何应对？激光雷达等产品公司有什么优势？23年大概能做到多少产值？结合目前国际、国内市场情况，公司对十四五后几年的市场前景有什么看法？,投资者您好！公司会持续加强新产品研发、保障交付能力、提高运营效率和市场份额，继续保持在全球光模块行业的竞争力。在激光雷达代工方面，公司拥有核心的光电技术、产能和供应链优势，能够满足客户提升品质、降低成本与大规模交付的需求。公司继续看好未来几年国际和国内数据流量和带宽的提升而带来的光模块技术迭代和400G、800G等高端光模块大规模部署的市场机会。感谢关注！,-0.676593513359399
NONAI00862_300310_20230314,300310,宜通世纪,2023-03-14,1.6666666666666667,1,60,公司是否中标过大数据平台开发项目？,您好！公司下属公司近年来有中标相关数据平台开发类的项目，该类项目目前涉及的业务规模不大，业务金额较小。谢谢您的关注，请注意投资风险。,-0.6068433422304713
NONAI00863_300311_20230103,300311,任子行,2023-01-03,23.076923076923077,6,26,请问截至2022年12月31日，公司股东户数是多少？谢谢！！！,"投资者您好！截止至2022年12月30日，公司股东总户数57,542户，谢谢。",2.977242374240576
NONAI00864_300315_20230227,300315,掌趣科技,2023-02-27,5.882352941176471,2,34,网易和暴雪的解约已经被公开，贵公司有没有计划接手相关游戏在内地的运行？,尊敬的投资者您好，关于公司业务的具体信息，请关注公司官方新闻。感谢您的关注！,0.09886427154456055
NONAI00865_300316_20230404,300316,晶盛机电,2023-04-04,2.127659574468085,4,188,请问贵公司的石英坩埚没有供给TCL中环？ 贵公司的石英坩埚的产量满足不了TCL的需求？请问贵公司的石英坩埚除了供给TCL中环外，还有其他的客户吗？,您好，感谢您对公司的关注。公司于2017年开始布局石英坩埚，已实现了规模化生产，可提供半导体和光伏用的高品质大尺寸石英坩埚。公司产品在质量和技术水平领先，尤其是在气泡密度、产品一致性等参数指标控制上取得了下游客户和行业的认可。公司产品在半导体和光伏领域均取得了较高市场份额，目前整体供不应求，公司也在加速相应的产能扩建。公司作为独立的第三方供应商，面向全市场提供高品质石英坩埚，TCL中环是公司重要的战略合作伙伴。,-0.5296729401303814
NONAI00866_300319_20230103,300319,麦捷科技,2023-01-03,1.8181818181818181,2,110,22年saw出货量同比21年增长如何？ltcc的出货量同比21年增长如何？四季度本部射频和一体电感的产量环比一季度和二季度增长如何？,您好，受2022年上半年消费电子领域需求较低的影响，公司射频及电感产品的订单较往期有所下降；随着下半年经济形势回暖、行业逐步由去库存向备货周期转变，以SAW为代表的产品产能利用率有大幅提升。分类产品的具体产销量数据请以定期报告披露内容为准，谢谢！,-0.5814796436381341
NONAI00867_300324_20230119,300324,旋极信息,2023-01-19,2.6315789473684212,1,38,正常推进定增四个多月了连出个预案都有这么难，你们究竟在干啥,尊敬的投资者您好！公司定增事项正常推进中，进展情况请持续关注公司公告，感谢您的关注！,-0.4453166301424286
NONAI00868_300328_20230103,300328,宜安科技,2023-01-03,2.1739130434782608,1,46,董秘 您好，3.8亿投资建设液态金属项目必须在2023年1月1日前动工，现在有动工了嘛，马上就2023年了。,您好！感谢您对公司的关注。截止目前该项目实施土地还未进行挂拍出让，公司尚未取得该项目土地使用权。谢谢！,-0.5219300904213422
NONAI00869_300329_20230104,300329,海伦钢琴,2023-01-04,0.0,0,30,董秘您好：近期国家印发了《关于深化现代职业教育体系建设改革的意见》，提出探索省域现代职业教育体系建设新模式，打造市域产教联合体、产业园，支持龙头企业和高水平高等学校、职业学校牵头，组建学校、科研机构、上下游企业等共同参与的跨区域产教融合共同体，开发专业核心课程与实践能力项目，研制推广教学装备等。请问贵公司如何看待这一机遇？是否有相应规划？谢谢。,您好，谢谢您的信息共享，企业相关部门也会做好相应政策的解读与探讨。,-0.8858440267461817
NONAI00870_300331_20230209,300331,苏大维格,2023-02-09,0.0,0,82,公司在太阳能光伏电镀铜工艺方面有技术储备吗？能否符合现阶段太阳能产商对电镀铜工艺的需求？,您好，目前太阳能光伏HJT电池的铜电镀方案中的金属化环节需要使用光刻设备进行图形化。公司自行研发生产的光刻设备可应用于铜电镀方案，是其中的核心设备，可促进HJT电池片的降本增效。谢谢！,-0.8858440267461817
NONAI00871_300335_20230106,300335,迪森股份,2023-01-06,2.2222222222222223,1,45,请问董秘，欧盟认证进度如何了？目前欧美正是极端天气极其寒冷的时候，急需,尊敬的投资者你好，公司热泵产品的欧盟认证已通过ERP（能效）认证工作，目前CE认证工作仍在进行中，谢谢关注！,-0.513843114058568
NONAI00872_300338_20230103,300338,ST开元,2023-01-03,6.741573033707865,6,89,请问公司是否会触发退市情况,根据《深圳证券交易所创业板股票上市规则（2020年12月修订）》“第十章退市”的规定，强制退市分为交易类强制退市、财务类强制退市、规范类强制退市和重大违法强制退市四类情形。目前公司经营情况正常，不存在退市风险。,0.24269806792410703
NONAI00873_300339_20230104,300339,润和软件,2023-01-04,1.941747572815534,2,103,您好 看了贵公司的财报中现金流紧张 和应收帐款创新高 而应付帐款又不足一个亿 可见公司在行业的话语权没有优势 会不会存在坏帐呢？特别是这两年经济形势不乐观 倒闭的客户都是司空见惯 谢谢,尊敬的投资者，您好。公司现金流状况良好。公司部分客户应收账款回款具有一定的周期性，主要集中在第四季度。公司的主要客户为大型银行、电力企业、某大型通讯设备企业等，客户信誉度较高，回款情况良好，应收账款无重大的回收风险。感谢您的关注。,-0.56079468556283
NONAI00874_300341_20230103,300341,麦克奥迪,2023-01-03,4.0,1,25,公司各项业务都挺稳定，但是好像都不算突出，建议丢掉Motic的包袱轻装上阵，该卖的可以卖掉,收到您的建议，我们会及时向管理反馈，谢谢您对公司的关注！,-0.21624238390847703
NONAI00875_300344_20230113,300344,立方数科,2023-01-13,10.81081081081081,8,74,立方数科在数字知识产权有技术储备吗?前二天看立方和明珠影视有国际化音视频平台知识产权合同,您好，感谢您的关注。公司主要为其提供该虚拟资产平台搭建过程中所需的相关整体软、硬件数字化升级解决方案服务，具体可以参看公司发布的关于签署合作意向书的公告（2022-086）。,0.9238901430854526
NONAI00876_300345_20230209,300345,华民股份,2023-02-09,5.357142857142857,6,112,请问公司年产10GW高效N型单晶硅棒、硅片项目目前进展如何？,尊敬的投资者您好，公司旗下鸿新新能源年产10GW高效N型单晶硅棒、硅片项目一期已于2023年1月顺利投产。该项目配备了先进的单晶硅拉棒、切片生产线和全品类洗料生产线及综合配套设施，可满足210mm大尺寸硅片并兼容210mm以下各规格尺寸硅片的生产能力。感谢您的关注！,0.010943887768601295
NONAI00877_300347_20230331,300347,泰格医药,2023-03-31,3.9682539682539684,5,126,贵司2022年净资产收益率接近2016年水平，是10.72%，表现不是很出色，请问贵司净资产收益率方面会有比较大的改善吗？谢谢,投资者您好，\n\n公司净资产收益率受到净利润影响，公司2022年度净利润受到非经常性损益中投资收益变化影响。2022年度公司投资收益与上年度相比较变化主要由于报告期内公司其他非流动金融资产持有期间及处置确认的投资收益和其他非流动金融资产公允价值变动收益所致。\n\n谢谢您的关注！,-0.2215566826611572
NONAI00878_300348_20230103,300348,长亮科技,2023-01-03,2.2508038585209005,7,311,董秘你好，2022年结束了，疫情的影响也在逐渐消失，数字经济的呼声又是如此之大，而且人民币跨境支付也在不断发展，对于龙头企业，又是第一批出海的企业，贵司对2023有哪些计划？能不能简单说一下,您好，非常感谢您对公司的长期关注。一场持续三年的疫情已经阶段性“结束”。在国家数字经济的大战略指导下，在国产信创理念的推动下，信息技术行业预计将迎来一个新的发展时期，银行类金融机构的进一步数字化转型与信创技术的坚定推进与落地将是未来一段时间的重要行业机遇。同时，伴随RCEP 的全面推进，中国与东盟等国家的合作将进一步加强，中国的技术输出将进一步深入，人民币跨境支付将变得可实现，这些将给中国企业带来更多发展机会。当然，这些均需要我们的不断努力。\n新的一年，我们将延续之前的降本增效策略，同时紧盯国内国外两个市场，抓住这个战略机遇期，为国内外金融机构提供更有价值的信息技术服务。\n有关2023年公司的最新动态、计划与成果，您可以关注公司的微信公众号以及公司的各项公告。\n道阻且长，行则将至。,-0.5090585364034218
NONAI00879_300349_20230215,300349,金卡智能,2023-02-15,2.727272727272727,3,110,请问公司最近一期股东人数是多少，谢谢。,尊敬的投资者您好，为确保所有投资者平等获悉公司信息，根据信息披露公平原则，公司在定期报告中披露对应期末时点的股东人数信息。公司指定信息披露媒体为巨潮资讯网（www.cninfo.com.cn），您可以查看公司已披露的各期定期报告。感谢您一直以来对公司的关注与支持！,-0.42929745208411035
NONAI00880_300350_20230331,300350,华鹏飞,2023-03-31,0.0,0,39,公司有开展海南的物流业务么,尊敬的投资者您好，公司存在少量根据客户运输指令目的地为海南的运输业务，感谢您的关注！,-0.8858440267461817
NONAI00881_300352_20230314,300352,北信源,2023-03-14,2.386117136659436,11,461,数字中国建设背景下，信创领域发展前景如何？对于北信源来说有何利好？,尊敬的投资者您好，公司秉承“为中国的数字化腾飞保驾护航”的企业使命，深度布局信创安全、数据安全，累计15年实现国内终端安全管理市场占有率第一，荣获北京市“网络安全技术支撑单位”、2022北京软件核心竞争力企业（规模型）、公司多项产品荣获北京市新技术产品（服务）证书等多个奖项。与数字化转型紧密相连的数据安全方面，北信源的商密文档安全产品在工商银行完成60万点部署后，成为了商密的业界标杆，相继被中国联通、国电投、中粮集团等央企选用；北信源的数据防泄漏（DLP）等产品更是被中国移动、中石油和中海油等重要单位选用，公司在信创数据安全细分市场已经形成先发优势。\n在移动安全办公领域，公司全力打造的跨终端、全方位、安全可信的通信聚合平台-信源密信不仅为用户提供了即时通讯、协同办公、应急指挥、任务管理、应用开发等多层次的应用服务，还为用户提供了万物互联、互联互通等平台化服务，有效提升数字能力。感谢您的关注。在智慧社区领域，公司已完成政府级应用管理平台、小区级管控平台、社区综合治理管理、智慧养老等服务系统的建设，对提升数字社会建设水平、数字民生保障能力起到积极作用。公司将持续做好前沿技术的研究，为国家数字化建设作出重要贡献。感谢您的关注。,-0.4864070380685922
NONAI00882_300353_20230321,300353,东土科技,2023-03-21,0.0,0,24,目前公司是否有产品或技术运用在低轨卫星互联端？公司是否有这样的技术研发？,您好，公司目前不涉及低轨卫星互联网业务，感谢您的关注。,-0.8858440267461817
NONAI00883_300354_20230117,300354,东华测试,2023-01-17,0.0,0,155,请问贵公司和成飞集团有无业务往来？公司的电化学工作站业务进展如何？公司有参与国产飞机的测试业务么？,投资者您好！公司产品在航空航天领域已经有成熟应用，在国产飞机测试中，用于结构强度疲劳试验、航空发动机核心机性能试验等方面。同时，公司拥有故障预测和健康管理（PHM）、自定义测控分析系统等核心技术，目前正在有序推进相关项目的落地工作。公司电化学工作站业务正在稳步开拓新能源市场的应用。另外国防军工相关业务，因涉及军工保密要求不便做单独披露。谢谢！,-0.8858440267461817
NONAI00884_300357_20230104,300357,我武生物,2023-01-04,11.764705882352942,4,34,公司终止两项研发，将减少利润近3700万元，是否意味着2022年的全年利润将出现负的增长？谢谢！,投资者您好，公司2022年度财务数据请关注后续披露的2022年年度报告。谢谢您的关注。,1.083572569835303
NONAI00885_300359_20230321,300359,全通教育,2023-03-21,2.9411764705882355,2,68,董秘你好！现在国家大力发展支持数字化基础建设、支持聚焦5G、人工智能等重点领域拓展新的应用场景 实施“机器人 ”应用行动！公司旗下子公司信沃科技集团有限公司经营范围中有（计算机软硬件及辅助设备零售；人工智能应用软件开发；智能机器人的研发：智能机器人销售；物联网技术研发；物联网技术服务；信息安全设备销售；虚拟现实设备制造：大数据服务）简直就是量身定制啊！所以公司也会在国家的这一系列政策中受益对吗？,您好，国家出台的相关行业政策，为行业发展指明了新方向的同时，也为公司发展提出了新要求，公司将继续关注相关行业政策，积极推动公司业务发展。感谢您的关注。,-0.39348987760081056
NONAI00886_300364_20230213,300364,中文在线,2023-02-13,7.079646017699115,8,113,尊敬的董秘：请问贵公司是否会与公司的股东腾讯，百度签署元宇宙业务战略合作协议。加强加深各方在这方面的研究合作。谢谢,尊敬的投资者，您好：公司与百度已在数字内容、改编权授权、元宇宙业务等方面进行合作，具体信息详见公司在指定信息披露网站披露的《关于2022年日常关联交易预计的公告》（公告编号：2022-016）。公司紧密关注行业前沿技术，并将持续与股东方进行全面深度合作，一起推动行业发展。,0.29929162429400363
NONAI00887_300365_20230322,300365,恒华科技,2023-03-22,1.5325670498084292,4,261,公司长年服务于央企，请问在行业资产数字化方面有哪些方向呢,尊敬的投资者您好，公司基于自主BIM软件平台，应用云计算、大数据、物联网、数字孪生、BIM、人工智能等技术和理念服务电力、水利、交通等行业进行行业资产可视化管理及数智化应用服务。其中，能源资产数字化应用面向各类能源供应商、能源服务商、工业园区、用能用户提供能源生产、能源运输、能源交易、能源消费、能源管理等多元化能源服务的全产业链解决方案；交通资产数字化应用面向国内外交通领域的路桥、港口、矿山等领域的业主、运营、设计、施工、管养各类用户提供智能交通信息化解决方案；水利水务资产数字化应用面向水利厅、水库、水务局、水投集团和调水公司等政府和企事业单位，提供水利水务信息化解决方案。感谢您的关注！,-0.6292916731685171
NONAI00888_300366_20230109,300366,创意信息,2023-01-09,8.108108108108109,3,37,您好，请问截止12月10日，公司股东户数？谢谢！,您好，感谢您的关注。烦请联系公司董事会办公室履行相应程序后查阅股东户数，电话：028-87827800。,0.47145660062754413
NONAI00889_300368_20230321,300368,汇金股份,2023-03-21,2.1052631578947367,2,95,公司股东户数只显示到2022年9月，请问现在公司股东户数是多少？,您好！互动易作为投资者与上市公司的网络交流平台，并不能保证及时将信息传达给所有投资者。因此，根据深交所和中国证监会信息披露的有关规定，公司将在各定期报告中披露各报告期末的股东人数。感谢您对公司的关注。谢谢！,-0.5334221094631793
NONAI00890_300369_20230113,300369,绿盟科技,2023-01-13,2.272727272727273,1,44,请问贵司有与券商的网络安全业务吗?营业额多少?增速多少?,您好！公司与券商客户的业务归类到金融行业客户中统计，金融行业客户是公司重要的行业客户。谢谢关注！,-0.5053885478611222
NONAI00891_300370_20230106,300370,*ST安控,2023-01-06,1.8181818181818181,1,55,请问贵公司的RTU产品。目前与哪些公司合作？,尊敬的投资者，您好！公司的RTU产品是公司自主研发的自动化控制设备，已在油气开采、油气储运、城市燃气、煤层气等领域广泛应用。谢谢！,-0.5814796436381341
NONAI00892_300371_20230103,300371,汇中股份,2023-01-03,20.833333333333332,5,24,请问公司最新的股东人数是多少？,您好，感谢您的提问。截至2022年12月30日，公司股东人数为7381。,2.6016645297001966
NONAI00893_300373_20230131,300373,扬杰科技,2023-01-31,1.8518518518518519,1,54,公司月底前会有业绩预告吗？,您好，公司将按照证监会、深交所信息披露的相关规定履行信息披露义务，具体请以公司在指定网站披露的信息为准。感谢您的关注。,-0.5758432661731703
NONAI00894_300375_20230113,300375,鹏翎股份,2023-01-13,2.6315789473684212,1,38,防控放开了，新冠也降乙了，请问公司四季度订单和生产是否有受影响，订单和产品交付是否符合预期？,您好，目前公司处于正常经营状态，公司按照年度经营目标有序推进各项工作，感谢您的关注。,-0.4453166301424286
NONAI00895_300376_20230112,300376,易事特,2023-01-12,0.0,0,77,请问公司的充电桩产品有通过海外相关国家认证吗？,您好！公司看好海外充电桩市场的发展契机，为充分掌握海外市场的政策法规和准入门槛，在之前就开始积极进行相关认证和测试工作，已经通过TUV等多个区域测试或认证。感谢您的关注！,-0.8858440267461817
NONAI00896_300377_20230207,300377,赢时胜,2023-02-07,6.557377049180328,8,122,通过天眼查获悉，公司参股9%的北京尚闻科技（集团）有限公司，该公司旗下拥有小笨智能交互机器人，小笨智能自主研发基于自然语言处理技术（NLP）为核心的人工智能（AI）引擎，AI引擎具备智能问答、知识图谱表示、情感分析等文本大数据挖掘与分析能力，并融合了人脸识别、语音识别与语音合成技术，请问是否实属？,您好，公司目前持有北京尚闻科技（集团）有限公司9.09%股份，尚闻科技凭借其自身的研发实力和前瞻性战略实现了软硬件高度自研并已为8000+客户实现了智慧转型，旗下拥有小笨智能服务机器人，相关产品已打造政务、党建、医院、税务大厅等多种智慧场景。更多相关信息可关注小笨智能公众号，谢谢！,0.21186358446317027
NONAI00897_300378_20230110,300378,鼎捷软件,2023-01-10,24.0,6,25,尊敬的董秘您好，请问截止12月31日公司股东人数是多少？谢谢！,"您好，截至2022年12月30日，公司股东人数约为25,000户。谢谢关注！",3.131765830280046
NONAI00898_300379_20230310,300379,东方通,2023-03-10,3.7735849056603774,2,53,徐董你好，国家组建数据局，对本公司经营有什么积极方面吗。,您好。软件是新一代信息技术的灵魂，是数字经济发展的基础，是制造强国、网络强国、数字中国建设的关键支撑。公司以“安全+”、“数据+”和\,-0.2541443636917433
NONAI00899_300380_20230417,300380,安硕信息,2023-04-17,2.0689655172413794,3,145,尊敬的董秘你好，公司去年因为特殊原因未执行完的合同，今年可以执行完么？一季度是否有可以去年未执行完的合同完结呢？执行完合同是不是就可以结算了呢？谢谢！！！,您好，感谢您对公司的关注。公司去年因为外部因素未执行完的合同，今年将继续有序实施推进，其中部分合同可能在一季度执行完毕。公司客户主要为银行类金融机构，银行信息化建设的预算、立项、招标、采购和实施都有明显的季节性特征，银行客户对软件产品的验收和货款支付有严格的审核流程，公司将积极跟进项目进度及其对应的验收结算工作。,-0.5394983494163345
NONAI00900_300383_20230110,300383,光环新网,2023-01-10,2.542372881355932,3,118,请问，国家明年是否规划了大规模的数据中心基础设施建设？,您好，目前公司已投入运营的数据中心分布于北京、上海、河北燕郊、新疆乌鲁木齐等地，同时在北京、上海、河北燕郊、长沙、天津、杭州均有在建数据中心项目，数据中心业务覆盖津京冀、长三角、华中及西部地区，公司将持续为用户提供安全高效、标准规范、绿色可持续发展的互联网基础设施服务。,-0.4602497622306915
NONAI00901_300384_20230104,300384,三联虹普,2023-01-04,0.0,0,51,尊敬的上市公司领导：请问董秘阳了吗？为什么好久不回答投资者的提问？你们公司的网站也没人维护，一点信息也没有，也没有公众号，你们不关心二级市场的投资者关系吗？之前和其他公司签的战略合作是不是也都废了！公司生产经营没问题吧！怎么一点信息都没有了？如何让投资者放心投资，谢谢请尽快回复,尊敬的投资者，公司已经从这波疫情冲击中基本恢复正常，感谢您的关心！公司也将抓住经济复苏的机遇，努力拓展业务，谢谢！,-0.8858440267461817
NONAI00902_300387_20230216,300387,富邦股份,2023-02-16,3.6363636363636362,4,110,请问贵公司有没有预算管理委员会？,尊敬的投资者，您好！公司董事会根据《上市公司治理准则》、《公司章程》设立专门委员会，并制定相应的工作细则。目前公司下设审计委员会、提名委员会、薪酬及考核委员会、战略委员会四个专业委员会，在公司经营管理中能充分发挥其专业作用。感谢您的关注，祝您投资愉快！,-0.27711526053008656
NONAI00903_300389_20230314,300389,艾比森,2023-03-14,0.0,0,48,请问艾比森及其公司现任董事长丁彦辉是否正在接受深圳证监局的调查，关于2022年5月11日深圳市艾比森光电股份有限公司向特定对象（丁彦辉）独立发行股票过程中认购对象合规性的审查,您好，您的提问与事实不符，公司自成立以来一直规范运作，严格遵守相关法律法规，公司当前生产经营一切正常，谢谢！,-0.8858440267461817
NONAI00904_300393_20230106,300393,中来股份,2023-01-06,0.0,0,50,公司截止2022年12月30日收盘，机构投资者有多少家？持仓流通股比例是多少？,尊敬的投资者您好，感谢您的关注。公司会在定期报告中披露法定要求的股东信息，具体请关注后续披露的定期报告，谢谢。,-0.8858440267461817
NONAI00905_300396_20230109,300396,迪瑞医疗,2023-01-09,0.0,0,48,你好贵公司生产布洛芬吗？,投资者您好！公司业务涉及体外诊断仪器及试剂的生产、研发及销售，不涉及布洛芬等药品，期待您继续关注迪瑞医疗！,-0.8858440267461817
NONAI00906_300397_20230107,300397,天和防务,2023-01-07,4.49438202247191,4,89,您好，贵公司天融大数据算力中心是否有数据确权交易等业务项目,您好，感谢您对公司的关注与支持。公司西高新天和防务二期--5G通讯产业园天融大数据（西安）算力中心项目目前处于筹建阶段，具体情况请您详见公司在中国证监会指定创业板信息披露网站上披露的相关公告。谢谢！,-0.13348263029932245
NONAI00907_300398_20230117,300398,飞凯材料,2023-01-17,6.329113924050633,5,79,请问截止到1月份，公司十大股东是哪些？,您好，按照上市公司信息披露的相关规定，公司会在定期报告中披露截止报告期末的前十大股东信息，前十大股东具体信息请您关注公司后续披露的2022年年度报告。感谢您对公司的关注，谢谢！,0.17365224356664216
NONAI00908_300399_20230103,300399,天利科技,2023-01-03,22.727272727272727,5,22,您好，请问截至2022年12月31日，公司股东户数是多少？谢谢！！！,投资者您好，截止2022年12月30日，公司股东户数为14318人。,2.918710762104413
NONAI00909_300400_20230313,300400,劲拓股份,2023-03-13,2.2388059701492535,3,134,贵公司能用于制作12英寸的大硅片设备供货了哪些公司？包括不限于有研硅、沪硅产业、中晶科技等公司？能否做到国产替代？,尊敬的投资者，您好！\n在半导体专用设备领域，公司已成功研制出半导体芯片封装炉、Wafer Bumping焊接设备、真空甲酸焊接设备、甩胶机、 氮气烤箱、无尘压力烤箱等多款半导体热工设备和半导体硅片制造设备，均为自主品牌的国产替代产品。\n关于公司合作客户信息，敬请以公司在巨潮资讯网上披露的公告为准。\n感谢您的关注和支持！,-0.5110669878444813
NONAI00910_300403_20230103,300403,汉宇集团,2023-01-03,2.7777777777777777,1,36,石磊现作为公司第二大股东，在公司担任什么职务，何时能接替石华山，让公司展现新的形象！,您好！石磊先生与公司控股股东石华山先生是父子关系，其是石华山先生的一致行动人。,-0.4208428858866646
NONAI00911_300404_20230110,300404,博济医药,2023-01-10,3.278688524590164,2,61,董秘好！请问公司与阿斯利康的合作有什么最新进展？谢谢,您好，公司与阿斯利康医药（成都）有限公司签订战略合作备忘录，目前双方正积极推进具体项目落地，相关细节尚待进一步落实和明确。感谢您的关注！,-0.33699022114150573
NONAI00912_300405_20230217,300405,科隆股份,2023-02-17,0.0,0,107,董秘你好公司产品主要用于什么行业,您好，公司的主营产品聚羧酸系高性能减水剂、聚醚单体系列 产品广泛应用于高速公路、高速铁路、码头、桥梁、核电等各种大型工程及民用建筑；苯醚系列、多功能整理剂、丙烯酸羟基酯系列等其他环氧乙烷衍生产品主要用于水性涂料、油墨，洗涤剂、纺织印染等行业。,-0.8858440267461817
NONAI00913_300406_20230109,300406,九强生物,2023-01-09,7.317073170731708,3,41,如果股东人数减少了，先更新一下股东人数吧。,您好，感谢您对公司的关注，请持股东身份证明材料通过我司邮箱（jiuqiangzhengquan@bsbe.com.cn）、电话（010-82247199）进行查询，谢谢。,0.3390370272252294
NONAI00914_300407_20230103,300407,凯发电气,2023-01-03,12.903225806451612,4,31,您好，请问截止12月10日最新股东人数是多少，谢谢您,尊敬的投资者您好。截止12月10日公司股东人数为12991人。非常感谢您的关注。,1.274161272730285
NONAI00915_300408_20230116,300408,三环集团,2023-01-16,0.0,0,36,请问公司深圳研发大楼何时投入使用？,感谢您的关注！深圳三环研发基地建设项目计划建设建设期为二年，项目正有序推进中。,-0.8858440267461817
NONAI00916_300409_20230109,300409,道氏技术,2023-01-09,2.127659574468085,1,47,请问印尼高冰镍项目进展如何？何时可以出产产品和产生效益？,尊敬的投资者，您好！公司项目投产情况请关注公司后续在巨潮资讯网（http://www.cninfo.com.cn）披露的有关公告。感谢您的关注！,-0.5296729401303814
NONAI00917_300410_20230104,300410,正业科技,2023-01-04,5.298013245033113,8,151,请问，公司一会儿搞光伏，一会儿又是半导体，又是搞电池什么的，请问到底哪个能够搞出成绩？到底主要方向是哪一个？,尊敬的投资者，您好！2021年11月25日，公司正式成为江西省景德镇市国有控股企业后，公司控股股东景德镇合盛产业投资发展有限公司果断地调整公司战略，启动“工业检测+新能源”双轮驱动战略，公司紧跟国家政策及新能源发展方向，积极拓展光伏、储能产业链相关领域，将公司打造成以工业检测智能装备制造、新能源开发利用以及战略投资等为核心的产业集团。谢谢！,0.0010455664163411288
NONAI00918_300412_20230104,300412,迦南科技,2023-01-04,3.5714285714285716,2,56,公司2022年的订单交付情况怎么样?新订单利润有增加吧,您好，公司是国内知名的口服固体制剂智能工厂整体解决方案供应商。有关信息届时请参见公司披露的定期报告及公开信息，感谢关注！,-0.28798541706965963
NONAI00919_300413_20230119,300413,芒果超媒,2023-01-19,11.11111111111111,2,18,董秘你好，贵公司是否涉及web3.0概念，麻烦回复下，谢谢,尊敬的投资者“cninfo633661”，您好！感谢您的关注与支持！,0.9741605366918868
NONAI00920_300416_20230215,300416,苏试试验,2023-02-15,2.127659574468085,1,47,您好！请问截止2月13日公司股东数是多少？谢谢。,您好！股东可将持有公司股份的证明文件发送至公司邮箱sushi@chinasti.com，待公司审核股东身份后将以邮件形式告知。谢谢！,-0.5296729401303814
NONAI00921_300418_20230321,300418,昆仑万维,2023-03-21,1.8518518518518519,2,108,请介绍一下公司旗下音乐社交平台StarMaker。谢谢！,StarMaker是以音乐为起点的社交娱乐平台。StarMaker依托海量优质音乐曲库，为用户打造在线K歌平台，并提供语音房、直播间、休闲游戏等多种在线娱乐场景，满足用户多样化的社交需求。此外，StarMaker引入独特的社群运营体系，帮助用户降低交友难度，并建立紧密社交关系。感谢关注。,-0.5758432661731703
NONAI00922_300419_20230103,300419,浩丰科技,2023-01-03,2.727272727272727,3,110,你好，请问截止到12月30日，公司股东人数多少？机构股东多少？机构股东持股数量总数多少？谢谢另外公司今年的业绩增长如何,您好，为保证公司股东知情权和股东身份真实性，查询股东人数时需要将账户持有人身份证扫描件和证券账户所在营业部出具盖章的持股证明发送至公司邮箱，公司按您持股证明上的时间给您提供日期相近的股东人数。公司业绩还请您关注后期发布的定期报告。,-0.42929745208411035
NONAI00923_300420_20230116,300420,五洋停车,2023-01-16,0.0,0,110,董秘你好，近两年新能源汽车销量激增，停车位不足，公司是否能解决停车难的问题？公司近几年智慧停车库销量有没有明显增长？,投资者您好，机械式停车设备是解决城市停车泊位供给有效手段。公司一直致力于机械式停车设备的研发、制造及销售，凭借自身强大的技术研发能力和不断积累的行业经验，公司的机械式停车设备制造业务稳居第一梯队，设备产品种类齐全，市场占有率高。感谢关注！,-0.8858440267461817
NONAI00924_300426_20230208,300426,唐德影视,2023-02-08,2.4390243902439024,2,82,请问公司原拟定的定向增发方案，是终止了还是在推进中？,尊敬的投资者，您好！公司向特定对象发行股票事项在正常审核过程中，请您参见公司披露的相关公告。未来如有达到披露要求的事项，公司将按照披露要求及时披露。非常感谢您对公司的关注与支持！,-0.47755034208904473
NONAI00925_300428_20230119,300428,立中集团,2023-01-19,13.793103448275861,8,58,董秘您好，请问截止12月10日公司的股东人数是多少？谢谢！,感谢您对立中集团的关注，截止2022年12月10日中国证券登记结算有限公司下发的定期持有人名册查询结果显示公司股东数量为24886户，谢谢！,1.4231271554527998
NONAI00926_300433_20230111,300433,蓝思科技,2023-01-11,8.16326530612245,8,98,请问员工持股计划何时实施？,投资者您好！公司已于2022年12月22日发布了《关于筹划员工持股计划的提示性公告》，如相关工作顺利推进，公司预计将在该公告发布之日起三个月内，完成董事会审议、披露本次员工持股计划草案等相关事项。请持续关注公司信息披露，谢谢！,0.48068993822872585
NONAI00927_300434_20230104,300434,金石亚药,2023-01-04,4.545454545454546,1,22,董秘您好！从微信公众号上了解到，贵司成人及儿童感冒药系列产品、中医药等非常全面，在疫情加剧的当下，为缓解市场紧缺急需感冒退烧药的需求，加班加点生产，为社会做出了重大贡献。但是，作为上市公司，贵司知名度非常有限。股价在经过游资短炒之后，一地鸡毛，贵司高管甚至借疫情炒作减持出货，导致股价短期持续暴跌。这种搞法，损害了上市公司的名声，也损害了广大投资者的切身利益。贵司目前市值仅五十多亿，建议高管出手增持,尊敬的投资者，您好！非常感谢您对公司的关注和建议！,-0.12493306897606267
NONAI00928_300439_20230108,300439,美康生物,2023-01-08,5.194805194805195,8,154,董秘，您好，请总结一下ipo幕投项目的完成情况，以及与预期效益的对比。谢谢！,尊敬的投资者您好！公司IPO募投项目之一“新型体外诊断试剂产业化基地建设项目”已于2022年4月正式投入使用。目前公司生化试剂年产能达80万升，达到预期扩大产能目标。随着公司仪器的不断装机，自产生化试剂销售规模将不断扩大，效益也将逐渐体现。其他IPO募投项目不直接产生营业收入，无法单独核算效益，具体情况请参见公司相关募集资金专项报告。感谢您的关注！,-0.016231503580331468
NONAI00929_300440_20230331,300440,运达科技,2023-03-31,1.3888888888888888,2,144,公司公号近期发布消息，公司与京港地铁联合研发列车检修“工程师”已上岗，该“工程师”是率先在列车检修领域试点应用的列车智能巡检机器人，在北京轨道交通行业尚属首例。请问董秘：此事是否属实？公司为什么不披露？列车检修“工程师”对公司的业务、业绩提升有何意义？公司在信创领域有何布局？谢谢！,您好，属实，公司信息披露严格按照相关法律法规进行披露，不存在应披露未披露信息。智能检测机器人是公司近年来布局的创新性业务、也是公司车辆段智慧运维解决方案的核心组成部分，该机器人实现列车运维的精准化管理，提升检测效率、降低检测成本，从而进一步保障旅客的出行安全，对公司业务布局和业绩提升具有积极意义。谢谢您的关注。,-0.6533434563164231
NONAI00930_300442_20230119,300442,润泽科技,2023-01-19,10.416666666666666,5,48,你好董秘，请问截止1月10日最新的股东人数？,尊敬的投资者，您好！截止2023年1月10日收盘，公司股东人数（合并普通账户和融资融券信用账户）为7374户。感谢您的关注！,0.8579102514770075
NONAI00931_300444_20230104,300444,双杰电气,2023-01-04,0.0,0,61,公司目前有没有录得哪些国家大项目？,您好。\n公司近期陆续中标国家电网山西电力、宁夏电力、湖南电力等区域的招标采购项目，中标产品包括开关柜、箱变、一二次成套环网箱等产品，谢谢！,-0.8858440267461817
NONAI00932_300445_20230111,300445,康斯特,2023-01-11,5.0,2,40,尊敬的董秘，您好，请问，贵公司截止2023年1月10日股东人数是多少？谢谢！,您好，非常感谢您的支持与理解。公司定期会在互动易平台上公司-声音板块中发布相关信息，谢谢。,-0.04884197319905085
NONAI00933_300446_20230217,300446,乐凯新材,2023-02-17,4.294478527607362,7,163,董秘你好：公司入选的“揭榜挂帅”的印刷线路板（PCB）高性能抗蚀干膜，是否可以应用于半导体芯片光刻胶方面。公司的其它膜类产品能否应用与新能源电池上。,您好，公司入选“揭榜挂帅”的印刷线路板（PCB）高性能抗蚀干膜产品与公司在研感光干膜系同一系列产品，主要应用于消费电子（智能手机、平板电脑）、汽车电子、通信设备和工控医疗等领域。公司压力测试膜、感光干膜、电磁波屏蔽膜、汽车内饰膜等其他产品可应用于包含新能源汽车在内的汽车产业。公司具体产品、产品应用领域及行业情况请参阅公司披露的《2021年度报告》第三节“管理层讨论与分析”。谢谢！,-0.16694655744189751
NONAI00934_300448_20230321,300448,浩云科技,2023-03-21,2.4,3,125,你好董秘，关于华为内部已经使用自己研发的ERP系统，想必对贵司肯定是没有利好或利空的影响。我的意思系华为做的ERP再垃圾，也是引起了市场的动荡，请问贵司的低代码平台做了那么久，依然没有投放到市场或者根本还没研发出来，是不是间接反映出贵司的低代码平台其实并不是市场或企业需要的东西，望贵司朝着正确的道路上走，明知道错还非要继续投入，是不撞南墙不回头吗？,您好，多谢您的建议。公司低代码开发平台已与华为云、腾讯云等7家企业的低代码产品一起通过了中国信通院第二批低代码通用能力评测，也在金融、能源、教育等行业相继中标。未来，公司将通过低代码技术升级和数字化思想变革，以更高效、易用的SaaS赋能的形式，助力目标客户数字化转型。谢谢您的关注。,-0.4840830410435589
NONAI00935_300449_20230104,300449,汉邦高科,2023-01-04,5.2631578947368425,1,19,您好，请问王立群和刘毅现在还在公司担任啥职务的吗？,您好，王立群先生已退休，刘毅先生为公司员工。,-0.004789233538675474
NONAI00936_300451_20230313,300451,创业慧康,2023-03-13,3.0303030303030303,1,33,董秘，您好！\n中国正式步入老龄社会，我很看好未来智慧养老+医疗大健康领域的前景，我觉得贵公司可以再参与到家政领域中，整合并购关联公司，同时可以创造很多就业岗位，我认为的家政领域可结合:家庭医生+月嫂+保洁+教育+接送+维修等等，不太成熟的建议，仅供参考。,您好，您对公司发展的建议我们会向管理层转达并认真考虑，感谢您的关注，谢谢！,-0.37857005489943574
NONAI00937_300453_20230201,300453,三鑫医疗,2023-02-01,7.2727272727272725,4,55,近期N98、KN98口罩脱销，公司现在有生产N98、KN98口罩吗？产量多少？,尊敬的投资者，您好！口罩等防护类产品为公司2020年响应疫情防控紧急新增产品，目前该类产品占公司总收入比重很低。感谢您的关注!,0.3316135056860086
NONAI00938_300454_20230418,300454,深信服,2023-04-18,4.368932038834951,9,206,董秘您好：请问公司有ai项目吗？然后应用在哪方面？,尊敬的投资者，您好！公司长期关注安全、云计算和相关领域的前沿技术，针对AI技术在相关业务领域的应用也进行了持续的投入与布局，目前已在部分产品中使用了AI相关技术，公司近期发布的超融合690版本就融入了部分AI相关技术，打造“云端智能大脑”。关于公司产品的具体内容请您参见公司年度报告相关章节以及公司官网、微信公众号上发布的文章。公司后续将结合自身能力储备和下游客户需求，持续进行网络安全、云计算和基础网络及物联网等业务领域的技术创新。感谢您对公司的关注。,-0.1544830090836402
NONAI00939_300455_20230203,300455,康拓红外,2023-02-03,6.25,2,32,您好，董秘，请问贵公司是否跟成飞集团有合作关系，公司及所属企业产品有没有用到歼20等机型？,尊敬的投资者您好！感谢您的关注！截至目前公司未与成飞集团建立合作关系。,0.16040854018773187
NONAI00940_300456_20230115,300456,赛微电子,2023-01-15,2.9197080291970803,4,137,自2021年8月贵公司和武汉敏 声签署了《战略合作框架协议》，有不少投资者热衷于贵公司可以打破国际射频巨头所垄断，成为BAW带谐振腔体声波滤波器国内第一代工厂。没想到一年过去了，贵公司瑞典和德国事情利空频出，他们等来的是腰斩55%的跌幅。请问贵公司有回购计划稳住投资者信心和彰显公司长期可持续发展信心吗？,尊敬的投资者您好，公司境内外子公司均正常运营，各项业务均正常发展，包括BAW滤波器相关业务。公司正处在高频高额投入期，资金优先用于业务发展，暂无回购股份计划。2023年是全新的一年，虽然面临诸多挑战，但公司对MEMS与GaN行业以及公司业务的长期发展持有坚定信心，相信通过一点一滴的积累，最终能够量变引起质变，谢谢关注！,-0.3970837035069812
NONAI00941_300458_20230115,300458,全志科技,2023-01-15,2.5,1,40,请问你们公司去年业绩是否下跌超过预告规定要求？有无业绩预告？,尊敬的投资者，感谢您对公司的关注。公司将按照相关法律法规中有关业绩预告的规定进行披露。,-0.4673429999726163
NONAI00942_300459_20230103,300459,汤姆猫,2023-01-03,4.237288135593221,5,118,绍兴上虞朱雀股权投资合伙企业为什么要减持？是对公司没信心？还是其它什么原因？,您好，感谢您对公司的关注！截至到目前，上虞朱雀未减持其持有的股份。根据公司于12月7日在巨潮资讯网披露的《关于特定股东减持计划届满暨未来减持计划预披露的公告》，上虞朱雀该次减持计划期限已届满，其未实施减持计划。股东股份减持的原因为用于满足其自身资金需求。谢谢！,-0.17652025255369788
NONAI00943_300460_20230121,300460,惠伦晶体,2023-01-21,0.0,0,25,公司董秘还在吗？从上次回复后两个月未见回复，这种态度如何对投资者负责？,尊敬的投资者，您好！谢谢您的鞭策。祝新年快乐，兔年吉祥如意！,-0.8858440267461817
NONAI00944_300463_20230103,300463,迈克生物,2023-01-03,0.0,0,76,你好。公司目前抗原产线机器有几台？平均一台能有多少产量？,尊敬的投资者，感谢您的关注！新冠抗原自测产品不同于IVD常规检测产品，市场供需情况具有较大的不确定性，公司将根据市场竞争与订单需求情况对该产品产能进行一定的调整。谢谢！,-0.8858440267461817
NONAI00945_300465_20230105,300465,高伟达,2023-01-05,1.694915254237288,1,59,董秘您好，票交所或者票据交易属于数据确权的相关业务吗？贵公司如何看待？谢谢！,您好，公司所参建的票据交易系统中尚未涵盖数据确权业务。但数据要素市场是公司未来业务关注的方向，我们会积极拓展该业务领域的商机。,-0.6021145170691882
NONAI00946_300466_20230103,300466,赛摩智能,2023-01-03,7.575757575757576,5,66,"董秘，您好，2021年，赛摩智能净利润并未达到1,000万，股权转让方对公司是否进行了现金补偿？",尊敬的投资者，您好：\n您所提到的业绩补偿事宜来源于公司2020年9月公司控制权变更，新老控股股东之间所作出的业绩对赌安排，不涉及上市公司层面。\n谢谢。,0.3823409028706833
NONAI00947_300467_20230213,300467,迅游科技,2023-02-13,22.22222222222222,6,27,您好，请问截至2023/2/13，最近一期股东人数是多少，谢谢。,"您好，截至2023年2月10日，公司股东总户数为19,769户，感谢您的关注！",2.834165100129955
NONAI00948_300468_20230210,300468,四方精创,2023-02-10,0.0,0,23,董秘你好，贵公司说双离线支付是否已经开始应用在数字货币上了,感谢您的关注！该专利涉及技术未在数字人民币上使用。,-0.8858440267461817
NONAI00949_300469_20230220,300469,信息发展,2023-02-20,4.444444444444445,2,45,公司的办公点是越变越大，还是越来越小？办公位置是越来越市中心还是越来越郊区？,投资者您好，感谢您对公司的关注！青浦园区为我司全资子公司光典公司自有园区，欢迎投资者莅临指导。谢谢！,-0.14184220137095424
NONAI00950_300470_20230109,300470,中密控股,2023-01-09,3.3003300330033003,10,303,国际三巨头掌控密封市场70%的份额，贵公司作为国企肩负着历史重任，要未雨绸缪以防止“卡脖子”事件发生。请问贵公司与密封科技同属国资背景，但市值规模都不大，走出去无法与国际巨头抗衡，是否需要强强联合做大做强，两公司刚好能相互弥补。历史的车轮到了十字路口，贵公司若能高瞻远瞩，定能成就细分市场的一颗耀眼明珠！,投资者您好，感谢您的建议，公司始终积极关注业务合作机会。公司主要从事各类机械密封及其辅助（控制）系统的设计、研发、制造和销售，并为客户提供技术咨询、技术培训、现场安装、维修等全方位服务，而根据密封科技定期报告显示，密封科技是发动机密封制品和密封材料的专业制造商，主要从事密封垫片、隔热防护罩、密封纤维板以及金属涂胶板产品的研发、生产和销售，就目前来看公司与密封科技分属动密封和静密封行业且下游应用领域基本不同。另外，在国际市场上，公司目前确实尚无法与约翰克兰、伊格尔博格曼等国际知名公司分庭抗礼，但近两年公司国际业务发展迅速，2022年国际业务订单也创了新高，未来公司仍会继续坚持国际化发展战略，多管齐下增强国际竞争力，相信在不久的将来公司在国际市场定会拥有一席之地。,-0.3333674237447752
NONAI00951_300471_20230106,300471,厚普股份,2023-01-06,7.6923076923076925,3,39,近日，和讯网发了篇关于公司近几年业绩的文章。发现公司从2017年起，都是一年盈利，一年亏损，而且今年2022年前三季度扣费亏损已经超过5000万。请问，公司今年能打破这个魔咒吗？,投资者您好，关于公司2022年度经营情况请关注公司后期披露的定期报告或业绩预告。谢谢关注！,0.4018514402494043
NONAI00952_300472_20230113,300472,新元科技,2023-01-13,3.4482758620689653,1,29,公司和联想的官司进展怎么样了？钱要回来了吗？,尊敬的投资者您好！相关诉讼案件进展请关注公司公告。感谢您的关注！,-0.30860123119643634
NONAI00953_300474_20230103,300474,景嘉微,2023-01-03,1.639344262295082,1,61,再不改善一下营收，今年的股权激励就没了啊,您好，公司在保障专用市场业务稳健增长的情况下，大力开展新产品、新业务的拓展工作，关于公司具体营收情况请关注公司定期报告。感谢您的关注！,-0.6114171239438437
NONAI00954_300475_20230216,300475,香农芯创,2023-02-16,13.88888888888889,25,180,董秘您好，之前看到公司说本次配股公司的控股股东全额认购，怎么配股率还不到90%啊？配股率低是有啥原因吗,"您好！\n根据配股发行公告，至认购缴款结束日（2023年2月14日，R+5日），原股东有效认购数量为37,565,767股，认购率为89.442302%，认购金额为378,287,273.69元。\n本次配股中，公司控股股东均全额参与了本次配股。配股认购比例低于90%，是因为持股8.55%的股东刘翔因避免短线交易（2022年9月28日协议转让卖出股份过户）不能参与本次配股缴款。剔除刘翔不能参与的部分，公司本次可参与配股的认购率为97.80%。\n感谢广大投资者对公司的认可和积极参与。",1.439161677551404
NONAI00955_300476_20230116,300476,胜宏科技,2023-01-16,0.0,0,22,请问公司还发布去年的业绩预告吗？,尊敬的投资者，您好！公司暂未披露相关公告，谢谢关注。,-0.8858440267461817
NONAI00956_300478_20230109,300478,杭州高新,2023-01-09,16.129032258064516,5,31,请问截止12月31日股东人数，或者是最新一期的股东人数。谢谢,尊敬的投资者您好！截止2022年12月31日，公司股东人数为6734人。感谢您的关注！,1.8141625975994016
NONAI00957_300479_20230118,300479,神思电子,2023-01-18,2.5210084033613445,3,119,看到公司网站，目前数字政务业务覆盖范围还是比较少的，对于这块业务的推动，公司今年主要将在哪几个方面入手？,感谢您的关注！公司基于自身人工智能技术优势在数字政务方向已打造了智能咨询、智慧服务大厅等系列解决方案，并已在税务、行政审批、车管等行业落地。今年公司数字政务业务拓展紧跟“数字政府”建设要求，深度参与数字政府、数字经济、数字社会建设，全面推进政务数字化应用落地进程。,-0.46382618462157793
NONAI00958_300480_20230118,300480,光力科技,2023-01-18,0.91324200913242,2,219,在无人工厂、黑灯工厂和灯塔工厂领域，贵公司有哪些产品、技术和解决方案？有相关项目案例么？,感谢您的关注！光力科技拥有半导体封测装备和物联网安全生产装备两个业务领域。公司物联网安全生产监控装备产品为煤矿智能化、无人化、数字化提供数据支撑和解决方案；公司半导体封测装备为半导体封装厂商提供高端划切设备和耗材等用于封装工艺，广泛应用于硅基集成电路、分立器件、光电器件、传感器等多种半导体产品的封测中；公司高性能高精密空气主轴，是多种类精密加工设备的核心组成部分，已经应用在多款研磨机、晶圆划片机、精密光学玻璃加工设备和汽车制造机器人领域；公司产品客户覆盖面较广。谢谢！,-0.732966939340313
NONAI00959_300482_20230112,300482,万孚生物,2023-01-12,0.0,0,22,"尊敬的董秘你好！\n\n 请问贵公司是否生产呼吸机,血氧仪和制氧机等产品?",尊敬的投资者，您好。公司暂无相关产品。感谢您的关注！,-0.8858440267461817
NONAI00960_300484_20230112,300484,蓝海华腾,2023-01-12,2.2988505747126435,2,87,比亚迪仰望的四轮电机你们有参与研发吗？与比亚迪的联合实验室目前有什么成果？,尊敬的投资者，您好！\n公司目前暂未参与比亚迪仰望的四轮电机的研发。联合实验室主要是基于碳化硅和车规级IGBT的相关研发和应用，公司与比亚迪联合创新实验室相关项目正有序推进。\n感谢您的关注，谢谢！,-0.5010154963796848
NONAI00961_300486_20230201,300486,东杰智能,2023-02-01,1.7543859649122806,2,114,董秘你好，通过媒体报道得知山东招商团出发欧洲开拓市场。请问，贵公司是否为招商团中的一员。其次，贵公司在2023年会参加什么展会，能否给出一份时间表。谢谢。,投资者您好，经了解您提及的欧洲招商团公司并未参与，公司已经在欧洲常态化推进业务多年。另外公司会选择性参加一些国内外的展览会，以了解产业、行业最新动态，并寻求合适的业务机会。今年的行业展会时间并未完全确定，抱歉还不能为您提供时间表。感谢您的关注，谢谢！,-0.592159095677013
NONAI00962_300490_20230104,300490,华自科技,2023-01-04,2.0,1,50,请问宋总董秘，公司的非公开定增目前进展到什么程度了？预计何时能定增募集资金到账，以便给公司发展注入资金血液？,您好，公司定增项目已获得证监会同意注册的批复，公司将按照相关规定在批文有效期内择机发行，感谢您对公司的关注！,-0.5510432053273293
NONAI00963_300493_20230329,300493,润欣科技,2023-03-29,0.0,0,32,董秘你好！我发现你公司官方网站产品中心里，没有具体的产品，排列了好多国内国外知名微电子、半导体设备公司的主打产品，请问这些产品和你公司有什么关系？你公司主打产品都有什么？有无自己的产品生产线？如有，生产线是什么等级？有无微电子，半导体等集成生产能力？,你好投资者，感谢您的关注。定期报告前的静默期，公司将暂缓互动易回复。谢谢,-0.8858440267461817
NONAI00964_300494_20230414,300494,盛天网络,2023-04-14,4.0,2,50,您好，公司2022年度会分红么？,我们会结合公司发展阶段、未来战略安排、资金支出情况综合考虑利润分配事宜。利润分配方案到时候还请关注公司公告。,-0.21624238390847703
NONAI00965_300496_20230313,300496,中科创达,2023-03-13,7.407407407407407,8,108,根据公司的计划，能否大致预计一下自动驾驶域控制器、高阶行泊一体方案、单芯片舱驾一体方案三种产品的大规模量产的时间？谢谢！,您好。畅行智驾由中科创达于2021年11月投资成立，专注于开发智能驾驶域控制器及大算力中央计算（HPC）的软硬件平台。目前，畅行智驾已经获得了来自高通创投、立讯精密的投资，其推出的首款基于高通SA8540P平台的智能驾驶域控制器已经结束了DV阶段。感谢您的关注！,0.35415901554586404
NONAI00966_300498_20230103,300498,温氏股份,2023-01-03,1.7241379310344827,1,58,您好，国外禽流感日益严重，祖代鸡还能引种吗？公司对下次祖代鸡引种有什么计划？,您好！公司肉鸡品种主要为黄羽肉鸡。黄羽鸡祖代鸡育种素材来源于国内，不需要从国外进口。公司有专业的种鸡育种公司，育种体系完善。谢谢。,-0.5972226289713091
NONAI00967_300500_20230104,300500,启迪设计,2023-01-04,15.384615384615385,14,91,看你们发的最新的减持公告时间是2022年，是减持完毕了补发的公告吗？深交所允许这么玩吗？,尊敬的投资者，您好！经工作人员事后审查发现，该公告正文中减持期间有误，正确的减持期间为2023年1月6日至2023年7月5日，具体详见公司于2023年1月4日披露的《关于特定股东股份减持计划的更正公告》，感谢您的关注。,1.6895469072449905
NONAI00968_300503_20230207,300503,昊志机电,2023-02-07,2.5641025641025643,1,39,长时间不回答互动易，请问是什么原因！,尊敬的投资者您好！感谢您对公司的关注。公司重视与投资者的交流，我们将持续改进，感谢谅解。,-0.4566122044143197
NONAI00969_300504_20230104,300504,天邑股份,2023-01-04,2.2222222222222223,1,45,公司2020竞得土地建设产业园，目前项目完成没有？还有新产品何时推出？,尊敬的投资者您好！公司电子产业园区项目修建目前按计划正常推进中。感谢您对公司的关注，祝您投资顺利！,-0.513843114058568
NONAI00970_300507_20230103,300507,苏奥传感,2023-01-03,0.0,0,60,公司的传感器能用于医疗器械吗？,尊敬的投资者您好，我公司是一家专业从事各种汽车用传感器研发、生产和销售为核心业务的国家级高新技术企业，目前产品暂不用于医疗器械。,-0.8858440267461817
NONAI00971_300508_20230114,300508,维宏股份,2023-01-14,6.722689075630252,8,119,请问疫情放开以来对公司产品销量有没有比以前有增长，公司什么时候开始放年假，祝维宏股份在2023年大展宏图，迈上新的征程，再创辉煌。,您好。放开之后也就12月份最后三周，因为周期太短，就没做对比分析。根据下游客户的习惯，我们一般会早放几天，今年春节假期从1月17日-30日，调休2天+5年年假+春节假期，一共14天。在此也提前祝您兔年吉祥，身体健康，投资“兔”飞猛进，好运“兔”如其来。也诚挚地邀请您有机会到公司参观考察。,0.2395368855860951
NONAI00972_300513_20230103,300513,恒实科技,2023-01-03,4.411764705882353,3,68,贵公司的能源聚合商运营管控技术支撑平台、虚拟电厂交易运营技术支撑平台、碳排放大数据管理运营技术支撑平台建设情况？,您好，公司的能源聚合商运营管控平台、虚拟电厂交易运营平台、碳排放大数据管理运营平台已投入建设，公司将根据进展情况及时履行信息披露义务，感谢您的关注。,-0.14731280302812502
NONAI00973_300514_20230314,300514,友讯达,2023-03-14,26.31578947368421,5,19,请问最新股东人数,您好！截止2023年3月10日，公司股东户数为15581户。,3.519429939291349
NONAI00974_300515_20230106,300515,三德科技,2023-01-06,1.2195121951219512,1,82,请问制造基地项目目前投产进展如何？主要新增哪方面产能，新增多少产能？,您好，感谢关注三德科技。公司新的制造基地目前正有序推进相关建设工作。该基地包括生产车间、智能仓储物流及其他配套设施等，投运后将进一步提高对客户综合需求的响应速度及服务质量。谢谢,-0.6816971844176132
NONAI00975_300516_20230203,300516,久之洋,2023-02-03,0.0,0,145,请问公司作为红外成像激光测距方面的领军企业，是成飞集团的核心供应商吗？,您好，感谢您的关注！公司秉承军工文化，以国防装备建设为使命，专注光电技术研究二十余年，在激光应用领域积累深厚，已拥有系列化多脉冲军民两用激光产品，包括激光测距、激光照射、激光告警、激光通信、激光对抗等，并实现应用。未来，公司仍将紧跟国家战略，持续加强技术创新与产品开发，为实现建军百年奋斗目标、加快武器装备现代化贡献力量。谢谢！,-0.8858440267461817
NONAI00976_300520_20230209,300520,科大国创,2023-02-09,1.4285714285714286,1,70,董秘你好，公司向特定对象发行股票申请已于2022年8月4号被深交所受理，至今已过去6个月，请问目前深交所审核进度如何，深交所正常审核时间一般不会超过6个月，请问定增是出现了什么问题吗，希望董秘能做一些实质性的解答！,您好，感谢关注。公司向特定对象发行股票事项正在积极推进中，尚需深圳证券交易所审核通过且经中国证监会同意注册后方可实施，具体进展情况请关注公司后续公告。,-0.6467005828755729
NONAI00977_300523_20230104,300523,辰安科技,2023-01-04,3.8461538461538463,1,26,贵司股东人数是多少,您好，尊敬的投资者，已在“互动易-公司声音”中更新。感谢您的关注！,-0.24199629324838873
NONAI00978_300525_20230106,300525,博思软件,2023-01-06,7.017543859649122,4,57,何时召开投资者会议？,投资者您好，公司于1月4日接受鹏华基金调研，具体内容详见公司在巨潮资讯网（www.cninfo.com.cn）发布的投资者关系活动记录表。感谢您的关注。,0.2888956975304931
NONAI00979_300528_20230103,300528,幸福蓝海,2023-01-03,9.836065573770492,6,61,请问截止2023年1月3日股东户数是多少？谢谢,您好，根据中国证券登记结算有限责任公司深圳分公司提供给我司的最新一期定期持有人名册数据，截至2022年12月30日，公司股东户数18790。谢谢关注。,0.7607173900678462
NONAI00980_300531_20230322,300531,优博讯,2023-03-22,2.3255813953488373,2,86,近期土耳其大地震事件引起关注，请问贵公司的产品及方案，在类似强度地震中，能否起到积极有效防护作用？,您好，公司的核心业务为研发、生产、销售智能数据终端（PDA）、智能支付终端（智能POS）、专用打印机、智能自动化装备等IoT智能终端产品并提供相关的软件及云服务平台，目前未涉及地震检测和防护领域。感谢您的关注！,-0.49654074602658593
NONAI00981_300532_20230110,300532,今天国际,2023-01-10,1.492537313432836,1,67,"公司最近中标的楚能新能源的2.39亿的项目,为何主动放弃中标?现有人员无法满足交付进度要求吗?",尊敬的投资者您好，非常感谢客户的信任与肯定，但受疫情等不可抗力因素影响，经过谨慎评估和友好协商，公司主动放弃了该项目中标资格。感谢您对公司的关注。,-0.6359926674783815
NONAI00982_300533_20230116,300533,冰川网络,2023-01-16,3.8461538461538463,1,26,公司领导\n公司业绩和利润都有了很大的起色，股价确一直下滑，是否考虑有回购计划？,您好，公司暂无相关计划，具体请以公司公告为准，感谢您的关注。,-0.24199629324838873
NONAI00983_300538_20230104,300538,同益股份,2023-01-04,19.23076923076923,5,26,您好，请问截至2022年12月31日，公司股东户数是多少？谢谢！！！,"您好，截至12月30日，公司股东总数10,283户。感谢您对公司的关注！",2.333394640742783
NONAI00984_300541_20230306,300541,先进数通,2023-03-06,2.9411764705882355,1,34,贵公司官网发布：AI 和元宇宙时代的技术大会 2023 年 3 月 20 - 23 日GTC23 大会！涉及那些业务？,这是英伟达组织的活动，我们帮合作伙伴推广，不涉及具体业务。\n感谢投资者关注！,-0.39348987760081056
NONAI00985_300542_20230313,300542,新晨科技,2023-03-13,0.0,0,23,您好，领导。公司有没有时空大数据平台或者在时空大数据方面投入研究？,您好，公司暂不涉及上述相关的业务。感谢您的关注，谢谢。,-0.8858440267461817
NONAI00986_300543_20230105,300543,朗科智能,2023-01-05,2.1052631578947367,2,95,能介绍下贵公司目前逆变器的情况吗。谢谢,尊敬的投资者您好！公司小功率逆变器已经小批量交付，大功率逆变器仍在进一步研发中，逆变器业务相关客户正在进一步开拓中，但该部分业务目前在公司整体业务中的占比尚小，请您关注相关的投资风险。感谢您对公司的关注！,-0.5334221094631793
NONAI00987_300546_20230103,300546,雄帝科技,2023-01-03,1.1363636363636365,1,88,1.请问公司承担的深圳重点攻关项目《基于量子密钥及安全芯片的移动数据加密关键技术研发》。现在的开发进度如何了？\n2.请问公司在电动车电子车牌业务的推广上，明年的计划安排有哪些？,尊敬的投资者，您好！公司承担的《基于量子密钥及安全芯片的移动数据加密关键技术研发》项目已经顺利完成，等待政府结项；电动自行车数字号牌业务上，公司将基于广东成熟的经验向全国推广落地，感谢您的关注！,-0.6956162873036519
NONAI00988_300550_20230210,300550,和仁科技,2023-02-10,4.105571847507331,14,341,请解释今天和仁科技异常波动原因，通策医疗和大股东股份转让有何进展，最迟什么时候完成过户？,尊敬的投资者，您好，公司也关注到近两日股价出现了大幅波动的情况，目前公司的业务管理和经营管理均在正常进行中，未出现重大风险等异常情况，同时在信息披露层面也不存在应披露而未披露的重大事项。\n您提到的第二点，公司控股股东与通策医疗股权转让事项的进展，目前该事项仍在正常推进中，经过和股权转让协议各方的沟通，目前各方对该交易的意向和协议中已经生效确认过的相关事项没有变化。\n关于您提问的第三点，股权转让事项的最晚交割完成时间，根据协议各方于2023年1月16日签署的补充协议，各方一致同意促成协议于签署日后的 11 个月内交割完成且甲方完成全部股份转让款支付，最晚交割完成日将延长至2023年4月中旬，详见巨潮资讯网《关于公司控股股东、实际控制人签署股份转让协议的补充协议之二暨控股股东、实际控制人拟发生变更事项的进展公告》。感谢您对公司的支持和关注！,-0.19856961327639686
NONAI00989_300551_20230406,300551,古鳌科技,2023-04-06,6.111111111111111,11,180,公司之前公告过数字人的信息，请问有进一步的应用或者开发计划吗？如有，是什么样的情况？,尊敬的投资者，您好，公司目前正在研发GOOAO MEAT-“走进上市公司”元宇宙会务平台，作为古鳌数字人的应用端，为客户提供元宇宙空间会务的相关产品和服务，GOOAO MEAT计划2023年Q2正式推出。目前公司数字人已经完成内容生产平台与运营平台的开发，数字人能力接入GOOAO MEAT平台后，将为客户提供数字人内容制作、数字人直播等产品服务。公司将继续深耕数字人在金融财经领域的应用场景，为客户提供更加专业的数字人产品服务。感谢您对公司的关注，谢谢。,0.13715848314475595
NONAI00990_300552_20230331,300552,万集科技,2023-03-31,1.4492753623188406,4,276,请问董秘，人工智能如何影响并助力数字交通？今年兴起的人工智能公司是否有应用？硅光固态激光雷达今年是否能发布？谢谢,您好。数字交通是将信息技术、计算机、数据通信、传感器、电子控制、自动控制、人工智能、运筹学等技术有效集成运用，对交通管理、交通运输、公众出行等交通领域全方位以及交通建设管理全过程进行管控支撑，使交通系统在区域、城市各时空范围内具备感知、互联、分析、预测、控制等能力，以充分保障交通安全、发挥交通基础设施效能、提升交通系统运行交流和管理水平。公司自主研发的基于精确匹配的智能门架与路径还原系统，通过将公司激光雷达产品与ETC路侧单元、高清摄像机深度融合，结合人工智能、边缘计算等技术，助力ETC收费系统实现精准收费，提升高速公路通行计费效率及收费系统运营水平。公司硅基全固态激光雷达在持续优化性能指标及关键技术突破。谢谢。,-0.6432347358629553
NONAI00991_300555_20230314,300555,ST路通,2023-03-14,1.4492753623188406,1,69,公司及子公司产品，是否支持6G,您好！目前公司及子公司的主要产品及业务为宽带网络智能连接业务、智慧物联应用业务及相关技术服务。公司会密切关注相关前沿技术的发展和应用，感谢您的关注！,-0.6432347358629553
NONAI00992_300556_20230310,300556,丝路视觉,2023-03-10,1.7167381974248928,4,233,请问国家发布的数字中国建设对公司有正面影响吗？贵司哪些子公司将受益，公司未来发展方向有规划吗，谢谢,1、公司旗下提亚数科从2019年成立至今，已协助多地城市运维进行数字化转型，为城市打造“城市大脑”，业务足迹遍布北京、深圳、广州、上海、重庆、拉萨、丽江、海口、台州等地，以及粤港澳大湾区内的多个城市，服务内容涵盖城市治理、城市规划、交通安全、景区规划、能源监测、港口运营等众多领域，帮助政企用户利用数字孪生、大数据、物联网等信息技术进行数字化重塑。2、在政府强力主导建设数字中国，积极推进文化强国的大背景下，丝路视觉将紧紧抓住时代主线，顺应国家发展政策，充分发挥自身在文化创意领域文化+科技的先发优势，加快推进创新文化资源转化和开发利用。,-0.5984613474166947
NONAI00993_300558_20230106,300558,贝达药业,2023-01-06,5.202312138728324,9,173,请问，贵公司在研管线产品有无整体打包对外授权计划？具体那些产品有重磅潜力？在开发与引进产品方面，公司有无引进其他研发机构临床后期产品的计划，用于补充和丰富公司产品钱？谢谢。,您好！目前，公司在研新药项目有40余项，18项已进入临床，2项新药正在上市审批中。在不断加强自主创新的同时，公司继续在战略合作方面坚持“引进来”与“走出去”相结合的工作思路，围绕未被满足的临床需求和公司总体战略，积极对接全球优秀的科学家团队、领先技术及创新项目，开展多元化、多层次的合作，并进一步推进自主创新项目在全球的合作和开发。有关项目授权、引进的重大进展情况，公司会及时公告披露。谢谢！,-0.014974838084427006
NONAI00994_300559_20230206,300559,佳发教育,2023-02-06,2.5,1,40,请问总经理张越本科，研究生分别是哪个学校毕业的啊？,您好，张总本科院校为美国伊利諾大學厄巴納-香檳分校，研究生院校为美国加州大学伯克利分校,-0.4673429999726163
NONAI00995_300560_20230214,300560,中富通,2023-02-14,1.675977653631285,3,179,公司控股公司英博达和英伟达是否有合作关系，是否为其提供AI算力部件？,您好，英博达系一家专业从事边缘计算、智能化终端的研发设计以及AI智能视觉检测技术方案服务商。公司已开发出成熟的边缘计算终端及网关、边缘计算服务器、AI智能视觉检测、miniPC等产品，基于多个场景如PCB油墨凸起检测、模组焊接焊缝缺陷检测、发动机壳体视觉检测、圆柱电池表面缺陷检测，可提供成熟的技术解决方案。英伟达为英博达上游合作方之一，目前所开发的产品及技术解决方案正积极向市场推广并销售。感谢您的关注！,-0.6052846791884843
NONAI00996_300561_20230103,300561,汇金科技,2023-01-03,13.953488372093023,6,43,39日股东户数多少？,投资者您好，感谢您对公司的关注！截至2022年12月30日，公司股东总户数（未合并融资融券信用账户）为18637户。,1.4499756575713927
NONAI00997_300562_20230119,300562,乐心医疗,2023-01-19,4.195804195804196,6,143,尊敬的董秘，您好呀！作为长期持有乐心医疗的股民，请问一下乐心系列产品在美国销量如何，最新消息乐心系列产品在加拿大热卖是否属实？,尊敬的投资者，您好！感谢您长久以来对公司的支持！目前公司外销业务以欧美国家居多，具体数据请关注公司定期报告。\n公司深耕海外市场多年，与海外客户一直保持紧密合作，未来公司也将继续拓展全球业务，组建海外本土化销售团队更好地把握客户需求，提升海外销售的服务质量和效率，提高公司整体销售规模。感谢您的关注，祝您投资顺利！,-0.18346468111222575
NONAI00998_300564_20230103,300564,筑博设计,2023-01-03,15.625,5,32,公司领导您好！请问截止2022.12.30我们公司股东人数是多少？谢谢！,尊敬的投资者，您好！截至2022年12月30日，公司股东人数为10300余户，感谢您的提问！,1.729787390588602
NONAI00999_300566_20230210,300566,激智科技,2023-02-10,1.5384615384615385,1,65,请问董秘，公司安徽项目是否按进度已完成厂房建设？后续产能释放时间节点大概在什么阶段？,您好！非常感谢您对激智科技的关注！公司新厂房的首批新产线已在安装调试中，EVA和EPE（共挤型POE）产品已小批量量产，POE等相关产品在客户端上线测试中。谢谢！,-0.6283049333470645
NONAI01000_300568_20230113,300568,星源材质,2023-01-13,1.5151515151515151,2,132,请问有传言贵公司南通工厂、合肥工厂都停产了？是什么原因导致停车？是产品质量问题？还是销量下降太大？贵公司其他生产经营业务还在持续吗？是不是实际控制人将发生变更？谢谢贵公司答复,尊敬的投资者您好！公司南通工厂、合肥工厂正常经营，不存在停产情况；目前生产经营稳定向好，订单饱满，公司也将紧抓行业发展机遇，增加产能规划，以满足下游客户的市场需求。同时公司将持续致力于提高生产稳定性与生产效率，推动成本降低，保持公司的可持续发展，力争以优良的业绩回报广大投资者，感谢您的关注！,-0.6322070408228088
NONAI01001_300570_20230119,300570,太辰光,2023-01-19,8.108108108108109,6,74,从公司财报预告来看：第四季度增长只有两千多万或三千多万，第三季度已经有1.5亿的净利的基数在。是否意味着2023年第一季度以及中期的盈利增长出现问题呢？试问下公司可预期的订单情况是否稳定呢？ 同时，公司全年经营是否存在着季度差异性呢？,您好！公司目前生产经营情况正常，季度净利润增长变化受多因素影响，包括订单情况、汇兑损益等。关于2022年第四季度经营业绩等具体情况，敬请关注公司2022年度报告。感谢您的关注！,0.47145660062754413
NONAI01002_300571_20231123,300571,平治信息,2023-11-23,9.375,18,192,可以看到公司在努力转型，可以介绍一下新切入的算力租赁赛道吗？,答：尊敬的投资者，您好。随着5G、人工智能等信息技术的发展，算力需求不断增长，算力产业迎来重要发展机遇，根据中国信通院《中国综合算力评价白皮书（2023）》的数据，截至2022年年底，我国算力核心产业规模达到1.8万亿元，算力总规模达到180EFLOPS，年增长率近30%。公司的算力租赁业务目前已中标中国电信宁夏公司2023年算力服务集中采购项目，具体详见公司刊登在巨潮资讯网（www.cninfo.com.cn）的《中标候选人公示的提示性公告》（2023-057）。请关注公司公告信息，谢谢！股市有风险，投资需谨慎。,0.6835348236546887
NONAI01003_300572_20230314,300572,安车检测,2023-03-14,1.7543859649122806,1,57,贵司是否有新车上牌照和上保险方面的业务,您好，感谢您对公司的关注！公司立足于汽车后市场行业，积极发展汽车后市场服务业务，目前已经建立了新车上牌照和上保险方面的服务。,-0.592159095677013
NONAI01004_300573_20230111,300573,兴齐眼药,2023-01-11,0.0,0,81,请问公司有老花方面的药物布局吗？如果有，请问是一种什么药物？希望公司能在这方面发力，搞出能治疗而不仅仅是延缓老花的药物，造福光大老年人。,尊敬的投资者您好，公司作为一家国内专业的眼科制药生产企业，一直专注于眼科领域，坚持专业化发展道路，公司将不断丰富产品管线，具体研发产品情况会在定期报告中进行披露，谢谢您的建议。,-0.8858440267461817
NONAI01005_300577_20230202,300577,开润股份,2023-02-02,0.0,0,53,请问贵司对自有品牌的发展有明确规划么？作为投资者希望贵司能适时分享下这方面的内容。\n个人认为90分的受众面过窄，我感觉偏向高中初中生，我听到90分的第一印象是考试90分。而箱包的消费中坚力量应该在商务和旅游人士，感觉和90分不太搭。个人建议公司早日开启多品牌，谢谢。,投资者您好！疫情防控政策优化调整后，国内旅游出行市场显著复苏，公司自有品牌业务将结合市场变化情况进行积极布局。谢谢！,-0.8858440267461817
NONAI01006_300578_20230103,300578,会畅通讯,2023-01-03,14.705882352941176,5,34,请问截止12月30日公司的股东人数是多少？谢谢！,投资者您好！权益登记日2022年12月30日，公司股东总户数约2.3万户，感谢您的关注。,1.5759267189806738
NONAI01007_300579_20230327,300579,数字认证,2023-03-27,0.6711409395973155,2,298,日前，国家成立数据局，将大数据建设提高到国家战略，全面加速数据网络、数据计算、数据安全等基础建设。请问贵公司可能在哪些方面发挥什么样的作用，会有可能参与国家数据局的组建吗？,答：尊敬的投资者您好，公司遵循数据安全相关法律法规要求，以“识别-保护-管理”的数据安全治理模型为核心，按照分级分类保护原则，设计推出全方位、多维度、体系化的数据安全解决方案，提供数据资产管理系统、数据安全网关、云服务器密码机、服务器密码机等数据安全产品。公司的数据安全相关产品和服务，适用于政务、卫生、金融、教育等行业，可为多用户、多应用、多场景下的业务提供全流程的数据安全保障。\n公司支撑全国信息安全标准化技术委员会、密码行业标准化技术委员会的标准制定工作。公司将利用核心密码技术的领先优势，在数据安全产业的核心技术环节实现更前沿的突破创新，积极建设以密码为基础的数据安全体系，加速数据要素市场培育和价值释放，助力数字中国建设和数字经济发展。感谢您的关注。,-0.7734947578136808
NONAI01008_300582_20230207,300582,英飞特,2023-02-07,1.25,1,80,既然收购欧司朗不用定增，为什么公司的定增还不取消掉？谢谢…,您好！综合考虑公司后续经营发展需要，公司将优先使用自有资金及自筹资金支付本次重大资产购买交易对价，待向特定对象发行股票募集资金到位后对前期投入资金进行置换。感谢您的关注！,-0.676593513359399
NONAI01009_300588_20230626,300588,熙菱信息,2023-06-26,9.45945945945946,7,74,董秘您好！小熙2023年中报预告什么时候公告？\n是否能扭亏为盈？谢谢啦！,投资者您好，公司预约的2023年半年度报告披露日期为2023年8月28日，若有调整，公司将根据深圳证券交易所之相关要求进行披露。关于业绩情况请以公司半年度报告为准，感谢关注。,0.6976733718564984
NONAI01010_300589_20230131,300589,江龙船艇,2023-01-31,0.0,0,112,董秘您好！请问公司有没有生产或销售私人豪华游艇？,您好，公司主要从事公务执法船艇、旅游休闲船艇和特种作业船艇的设计、研发、生产和销售，为客户提供从应用设计、产品制造到维修保养等全方位的个性化服务解决方案，是国内优秀的铝合金、金属及多材质复合船艇供应商。公司曾销售过私人豪华游艇，感谢您的关注，谢谢。,-0.8858440267461817
NONAI01011_300590_20230111,300590,移为通信,2023-01-11,17.24137931034483,5,29,请问截至12月31日公司股东人数为多少,您好！关于公司12月末股东信息，敬请关注公司披露的2022年度报告，谢谢！,2.0003699510025457
NONAI01012_300591_20230209,300591,万里马,2023-02-09,1.2820512820512822,1,78,新年好，请问公司高性能陶瓷基复合防弹衣、轻量化非金属防弹头盔两大项目目前进展状况如何了？原计划年生产40万件头盔、15万件防弹服是否出现了变更？,尊敬的投资者您好，感谢您对我司的关注。项目正在推进中，截止目前项目未出现变更。未来如有出现公司将严格按照法律法规及深交所的披露规则，及时、真实、准确、完整的披露相关信息。谢谢！,-0.6712281155802508
NONAI01013_300592_20230103,300592,华凯易佰,2023-01-03,8.108108108108109,3,37,您好，能不能介绍一下公司计划在湖南湘江新区建设的跨境电商基地园区，大概何时可以投入运营，整体规模有多大,尊敬的投资者，您好！该园区位于湖南湘江新区，计划于2024年投入运营，感谢您对公司的关注！,0.47145660062754413
NONAI01014_300594_20230104,300594,朗进科技,2023-01-04,17.647058823529413,6,34,您好，衷心感谢你们不厌其烦地回答投资者的提问!请问截止12月30日最新的股东人数是多少？谢谢,尊敬的投资者您好，感谢您对公司的关注！截止2022年12月30日，公司股东人数为9773户。,2.068280868126045
NONAI01015_300595_20230103,300595,欧普康视,2023-01-03,15.09433962264151,8,53,请问，截至2022年十二月 30日公司的股东总数是多少？谢谢,"欧普康视2022年12月30日未合并融资融券信用账户股东总户数为：60,710.00，合并普通账户和融资融券信用账户持有人数为：66,855.00。",1.6409546254715717
NONAI01016_300597_20230306,300597,吉大通信,2023-03-06,6.4935064935064934,5,77,请问公司有一带一路业务吗？,感谢您的关注！伴随着“一带一路”鲜明旗帜的指引及政策激励，“一带一路”倡议给公司开拓海外市场带来了无限商机。目前公司海外业务涉及菲律宾、马来西亚、巴基斯坦等多个“一带一路”国家。,0.2011716272111311
NONAI01017_300598_20230110,300598,诚迈科技,2023-01-10,11.363636363636363,5,44,公司有一季度和年报的业绩预告吗？,尊敬的投资者，您好，公司按相关规定进行披露，如果公司需要发布年度业绩预告，将会在1月31日以前发布。,1.0164333676791157
NONAI01018_300602_20230105,300602,飞荣达,2023-01-05,25.0,7,28,请问贵司221231股东户数多少？谢谢！,"感谢您对公司的关注。截止2022年12月30日，公司股东总户数为20,333户。",3.2991662409894724
NONAI01019_300603_20230310,300603,立昂技术,2023-03-10,6.578947368421052,10,152,董秘好，贵公司与电信、移动和联通有没有6G业务的合作？,尊敬的投资者，您好，公司的通信网络业务主要为客户提供新建4G、5G等通信网络基础设施，改造升级网络设施、通信网络设计、网络建设、网络优化、网络运维、系统集成、室内分布等服务，并确保电信网、广播电视网和互联网等公众信息网络的平稳运行及通信网络的畅通。公司将结合自身业务情况，密切关注6G相关技术的发展和应用，积极开拓相关业务，感谢您对公司的关注！,0.21547446476320092
NONAI01020_300605_20230517,300605,恒锋信息,2023-05-17,5.0,9,180,公司的“一带一路”业务是否正常开展？，有哪些针对“一带一路”沿线的城市（包括新疆、海外等城市）的建设？,尊敬的投资者您好，公司是国内领先的智慧行业解决方案提供商，公司智慧行业解决方案主要服务于智慧城市、公共安全、民生服务三大细分应用领域。公司高度关注国家“一带一路”倡议，目前公司业务已经覆盖至新疆、云南等省市，并着力打造服务“一带一路”建设的桥头堡，以更加自觉、更加务实的行动为共建“一带一路”作出新的更大贡献。公司积极响应国家“一带一路”倡议，坚持开放包容，推动共建“一带一路”高质量发展。感谢您对公司的关注！,-0.04884197319905085
NONAI01021_300607_20230203,300607,拓斯达,2023-02-03,2.8846153846153846,3,104,董秘好！公司近一年多来虽营收有所增长，但公司营业总成本增加同样飞快，而毛利率、净利率都在大幅下降请问是什么原因？,您好，毛利率及净利率下降的原因主要系：1）公司产品销售结构有所变化，毛利率相对较低的智能能源及环境管理系统业务规模占比上升；2）公司近年新开拓的注塑机业务仍处于打磨提升阶段，品牌溢价能力相对较弱，盈利能力尚待提升。感谢您的关注！,-0.402958226622837
NONAI01022_300608_20230309,300608,思特奇,2023-03-09,0.0,0,65,董秘您好，最近中共中央、国务院印发《数字中国建设整体布局规划》，请问贵公司在数字中国方面的业务开展是否广泛？谢谢。,尊敬的投资者，您好！公司是最早从事智慧城市城市建设的厂商，公司为国内多个城市，提供数字化城市的建设，具体详情请您以公告为准。感谢您的关注与支持！,-0.8858440267461817
NONAI01023_300609_20230109,300609,汇纳科技,2023-01-09,1.3215859030837005,3,227,请问贵公司现有的业务是否涉及数据确权相关内容？,尊敬的投资者：您好！公司通过开发汇客云平台数据资产管理系统实现了实体商业数字底座的数据资源化和资产化，并持续加强数据共享和流通方面的研发投入，目前已实现基于数据分类分级为实体商业客户及各级政府提供多种数据服务。近日，“数据二十条”等政策系统性布局了包括数据确权在内的数据基础制度体系的“四梁八柱”，绘制了数据要素发展的长远蓝图，具有里程碑式的重要意义。作为上海市数商协会首批会员单位，公司将认真贯彻相关政策文件精神，积极探索数据价值释放，推动数据要素流通，为数据要素市场高质量发展贡献力量。,-0.6646100037821824
NONAI01024_300612_20230304,300612,宣亚国际,2023-03-04,4.242424242424242,7,165,请问公司在视频AI方面有哪些技术和业务，公司在人工智能方面有那些技术积累和业务,尊敬的投资者您好，公司自主研发的“巨浪技术平台”依托人工智能、大数据、云计算等技术，为客户在文字、图片、视频等内容形式层面提供智能文章生成、智能视频剪辑、智能视频封面抽取、智能视频生成、智能视频审核等技术服务，从而极大提升了客户的内容生产和审核效率。有关公司技术布局、业务发展等信息请关注公司定期报告。公司提醒广大投资者防范概念炒作，注意投资风险。感谢您对公司的关注！,-0.17566046616073738
NONAI01025_300613_20230106,300613,富瀚微,2023-01-06,18.51851851851852,5,27,董秘你好，请问截止到22年12月30日公司股东人数是多少？,"投资者您好，截至22年12月30日，公司股东人数为33,334户，谢谢关注。",2.2141635789839325
NONAI01026_300615_20230105,300615,欣天科技,2023-01-05,22.580645161290324,7,31,董秘好！请问截止12月30日，公司股东人数是多少？谢谢,"您好！感谢您对公司的关注！截止至2022年12月30日，公司股东总户数为12,584户。",2.8941652473376354
NONAI01027_300616_20230113,300616,尚品宅配,2023-01-13,2.9411764705882355,1,34,贵公司的生产、销售、安装与售后的协调是否畅通，销售与售后的说法不一致，承诺的安装不能及时履约，管理是否存在漏洞,您好！如对售后服务不满意，您可以通过4007162020客服电话进行反馈。感谢您的关注与支持！,-0.39348987760081056
NONAI01028_300617_20230103,300617,安靠智电,2023-01-03,1.6129032258064515,1,62,您好，请问，贵公司截止12月30日股东人数是多少？谢谢,您好，感谢您的关注！\t\n公司将按照信息披露的要求在定期报告中披露相应时间点的股东人数，敬请关注公司相关的定期报告。\n祝您生活、投资顺利！,-0.6158433643116233
NONAI01029_300620_20230111,300620,光库科技,2023-01-11,0.0,0,62,请问，铌酸锂调制器芯片生产线现在投产了吗？打算举办投产仪式吗？,尊敬的投资者，您好！公司募投项目铌酸锂高速调制器封装测试产线已经完成装修和配套工程施工，目前正在进行设备调试及项目验收，感谢您的关注。,-0.8858440267461817
NONAI01030_300622_20230202,300622,博士眼镜,2023-02-02,1.9230769230769231,1,52,尊敬的董秘 请问贵司参与的投资基金进展如何？,尊敬的投资者您好，关于对外投资进展情况，公司将严格按照相关法律法规要求及时履行信息披露义务，请关注公司公告，谢谢！,-0.5639201599972852
NONAI01031_300623_20230106,300623,捷捷微电,2023-01-06,11.475409836065573,7,61,请告，12月末股东人数是多少？谢谢,"尊敬的投资者，您好！感谢您的关注。根据中国登记结算深圳分公司提供的最新数据，截至2022年12月30日，公司股东总户数68,958.00户（不含信用账户）。谢谢！",1.0351442928701842
NONAI01032_300624_20230311,300624,万兴科技,2023-03-11,1.834862385321101,2,109,现在国家都大力支持开展6G网络研究了，公司6G有没有相关技术布局,尊敬的投资者您好，公司聚焦数字创意软件产品的销售与服务，产品主要涉及视频创意、绘图创意、文档创意、实用工具等领域，具体业务详情请以公司发布的定期报告为准。后续如有变化，公司将严格按照相关法律法规的要求，及时、准确、完整地进行披露。感谢您的关注！,-0.578687309848152
NONAI01033_300627_20230224,300627,华测导航,2023-02-24,5.660377358490566,6,106,董秘您好，贵公司参股的纳雷科技在4D毫米波雷达方面有大量的产品和落地项目，请问贵公司在相关方面收益如何呢？,您好，感谢您对公司的关注。截至目前，公司通过宁波熙禾投资管理合伙企业（有限合伙）投资了湖南华诺星空电子技术股份有限公司6.7692%，该公司对外投资情况请以该公司信息为准。公司收益情况将按照法律法规的要求予以披露，请您关注公司相关公告。谢谢！,0.061705467835475813
NONAI01034_300628_20230309,300628,亿联网络,2023-03-09,3.2967032967032965,3,91,公司前五的客户占比有点太多了，这方面公司有应对措施吗？,您好，公司经过多年在企业通信市场的积极开拓，与经销商形成了长期稳定合作关系，同时也将继续通过渠道激励、营销支持、技术支持、培训服务等措施强化渠道体系建设，以合作共赢来谋求长期发展。感谢您对公司的关注。,-0.3339745408909306
NONAI01035_300629_20230103,300629,新劲刚,2023-01-03,18.75,6,32,尊敬的董秘，你好！请问截止至2022年12月20日，公司股东人数总数是多少？谢谢,"尊敬的投资者，您好，截至2022年12月20日，公司股东人数为15,016户，谢谢您的关注！",2.252913674055559
NONAI01036_300632_20230316,300632,光莆股份,2023-03-16,0.0,0,113,公司杀流感病毒可见光护眼灯是不是爆卖？,尊敬的投资者，您好！公司的可见光杀菌护眼灯采用专利技术，能在保护视力的同时高效杀灭流感等病毒和细菌，兼具无污染、无二次伤害、高效、便利等特点。公司持续推进产品迭代创新，致力于打造高性价比的差异化产品，力求在重点细分品类市场实现份额提升。感谢您的关注！,-0.8858440267461817
NONAI01037_300634_20230306,300634,彩讯股份,2023-03-06,18.91891891891892,7,37,最新股东人数,"尊敬的投资者，您好! 截止2023年2月28日公司登记在册的股东总数为23,968户。感谢您的关注！",2.2811907704591783
NONAI01038_300635_20230410,300635,中达安,2023-04-10,2.5,1,40,您好，请问截止2023.4.7日，股东人数为多少？谢谢,您好！公司将在定期报告中披露截至报告期末的股东人数，请关注公司的定期报告。感谢您的关注！,-0.4673429999726163
NONAI01039_300638_20230403,300638,广和通,2023-04-03,5.555555555555555,3,54,董秘你好，公司与阿里云有哪些深度合作？公司产品在人工智能和云计算板块有哪些应用和技术优势？主营产品市场份额占比多少呢？,您好，公司与行业生态合作伙伴的合作信息及公司产品的应用领域请关注公司公众号（广和通FIBOCOM）或公司官网（www.fibocom.com），感谢您的关注！,0.04415825497285255
NONAI01040_300639_20230104,300639,凯普生物,2023-01-04,19.047619047619047,20,105,你好董秘，请问截止2022年3季度末，新冠业务相关营收占总营收的百分比是多少？,"您好，感谢关注。2022年前三季度，公司自产产品实现销售收入78,784.28万元（已剔除销售给公司旗下实验室部分），同比增长29.75%；外购产品实现收入14,227.36万元，同比增长25.76%；医学检验服务实现业务收入332,846.75万元，同比增长161.81%。具体情况请参考公司定期报告。",2.3027352248619355
NONAI01041_300640_20230104,300640,德艺文创,2023-01-04,3.061224489795918,3,98,贵司食品及大消费方便明年有何布局！,尊敬的投资者，您好！公司子公司经营范围含食品销售（仅销售预包装食品），目前相关产品收入不会对公司经营业绩产生重大影响。公司将根据行业发展情况及公司业务实际需求布局相关产品。敬请广大投资者理性投资，注意投资风险，谢谢！,-0.3733937898805914
NONAI01042_300642_20230425,300642,透景生命,2023-04-25,2.150537634408602,2,93,请问贵公司“其他非流动金融资产”这两年金额越来越大，具体投向是哪类标的？,感谢您的关注。公司在定期报告中财务报表列示的“其他非流动金融资产”科目主要系投资于生物医药领域的产业投资基金。公司根据《企业会计准则》的规定，将其确认为其他非流动金融资产，并按照公允价值进行后续计量。谢谢！,-0.525843143500104
NONAI01043_300643_20230107,300643,万通智控,2023-01-07,5.645161290322581,7,124,公司在前期的调研记录中披露，车联网产品单车价值2000元左右。我查阅了一下市场资料，重卡22个轮胎，需要22个传感器，100元一个，需要2200元，再配一个TBOX，600元一个，应该有2800元，请问两种结果的差异大概在哪些地方？,投资者好，感谢关注万通智控！公司此前披露的调研记录中有说明，车联网产品目前主要是应用在重卡的挂车上，而一辆挂车通常有10-12个车轮，每个车轮配备一个传感器。按照传感器100元左右的单价，再加上接收机，单车价值约在2000元左右。而您是按照重卡的整车22个车轮进行测算的，因此出现了差异。,0.059158291774772546
NONAI01044_300645_20230111,300645,正元智慧,2023-01-11,4.587155963302752,5,109,请问公司在基层社区的信创领域有何特殊优势？,您好！近几年来，公司加快产品国产化改造，硬件芯片和器件的国产率从近50%增加至99%，产品按照国产化信创主流操作系统和数据库软件进行了兼容性适配。公司积极应用自主软件平台和硬件产品参与学校、政府部门、基层社区、产业园区的数字化改造。谢谢您的关注。,-0.11795223450110752
NONAI01045_300648_20230131,300648,星云股份,2023-01-31,2.5477707006369426,4,157,董秘：时代星云、星云智慧在储能产业链的定\n位以及对未来的业务战略布局的规划介绍一下\n,感谢您对公司的关注。公司、时代星云以及星云智慧都是产业链中的重要环节，互相促进。时代星云是光储充检电站的生产商。公司作为时代星云的供应商，为其提供储能PCS、大功率直流快充桩、DC-DC 模块及电池检测模块等储能相关产品。星云智慧将作为出资平台，成为各个城市充电公司的合资方，以此推进各地的充电站建设，拉动光储充检的销售，进而带动公司储能相关业务的增长。,-0.45934616506611503
NONAI01046_300654_20230314,300654,世纪天鸿,2023-03-14,9.2,23,250,请问截止3月5日股东人数是多少！全国解封后今年业绩能否大幅增长？去年利润增长都被股权激励吃掉严重损害公众股东利益，强烈要求调高后续业绩考核标准！,尊敬的投资者您好，公司暂不掌握3月5日的股东人数，您可以查阅公司在互动易专区发布的其他时点股东人数。公司于2022年实施了第一期股权激励计划，设定以2021年净利润为基数， 2022年-2024年净利润增长率不低于30%、65%、100%的业绩考核指标。根据2022年度审计报告数据，公司2022年度归属于上市公司股东的净利润、扣非净利润在剔除股份支付费用影响前后，均实现同比增长，股权激励第一期业绩指标顺利达成。此次限制性股票激励计划的实施，将进一步提升员工的凝聚力、团队稳定性，并有效激发管理团队的积极性，从而提高经营效率，给公司经营业绩和内在价值的长期提升带来积极促进作用。感谢您的关注！,0.654239751780539
NONAI01047_300656_20230227,300656,民德电子,2023-02-27,2.5316455696202533,4,158,董秘，您好！广芯微设备进场已经2个月了，什么时候可以完成调试通线？今年投产计划和产能预估，是否有变化？,您好，感谢您的提问！晶圆代工厂广芯微电子项目的厂房建设及机电安装等工程已基本完成，目前生产设备正在批量进场安装、调试及二次配管工作，预计今年上半年完成通线量产。\n广芯微电子项目一期规划产能约为10万片/月（6英寸），今年计划量产的产品包括MOS场效应二极管、900-1500V高压MOS、IGBT、FRD、碳化硅器件等，广芯微电子将持续推进产线通线量产及产能提升工作。\n感谢您的关注！,-0.46204551862105214
NONAI01048_300657_20230103,300657,弘信电子,2023-01-03,3.4482758620689653,1,29,请问董秘：近段时间有哪些机构到弘信电子公司调研?。谢谢！,你好，如有机构到公司调研，公司会在第一时间披露有关调研记录，谢谢！,-0.30860123119643634
NONAI01049_300659_20230106,300659,中孚信息,2023-01-06,2.857142857142857,2,70,请问可以查一下现在的股东人数吗？,投资者您好！请您提供本人身份证、证券账户及持股凭证、联系方式等资料至公司邮箱（ir@zhongfu.net），经核对您的股东身份无误后，工作人员将电话回复您公司股东人数。谢谢关注。,-0.40755713900496404
NONAI01050_300660_20230208,300660,江苏雷利,2023-02-08,8.148148148148149,11,135,董秘您好，请问公司目前的员工数量是多少？按2021年报告，公司是3700人，维持不变，今年3亿利润的话，人均利润只有8万元左右。这么低的人均产值，这么多员工数量，公司准备采取什么措施来应对劳动力成本上涨对利润的压力？谢谢。,您好，公司员工数量会在2022年年度报告中披露。公司推进智能制造战略规划，不断加大自动化设备的研发投入，截止2021年，公司组件的生产自动化率已超过80%，公司自动化工程中心自主研发的26条全自动化装配生产线已全部投入生产，自动化产线利用率达到了90%以上，节约了大量的用工需求，人工成本得到进一步下降，感谢关注！,0.4781593197750687
NONAI01051_300662_20230104,300662,科锐国际,2023-01-04,8.0,4,50,请问到12.30股东人数是多少？谢谢,您好，感谢您对科锐国际的关注！因12月31日股东数据信息涉及2022年年度报告披露数据，所以无法给您提供，请您谅解，谢谢。,0.4533592589292277
NONAI01052_300663_20230307,300663,科蓝软件,2023-03-07,4.838709677419355,9,186,近日，某公司公告自主研发的HiHopeOS金融发行版软件顺利通过金融信创生态实验室的信创适配验证测试，成为业内首款符合金融信创要求的金融数字化服务终端操作系统。HiHopeOS金融发行版软件成为目前国内首款既获得银联认证又通过金融信创验证的行业“双认证”的金融数字化服务终端操作系统。请问科蓝是否有获得相关认证？科蓝跟华为在金融领域的合作是否取得新的进展？,您好！2022年公司数据库已入选《金融信创解决方案（第一批）》名单，获得金融信创权威部门的高度认可，并取得国家金融科技认证中心颁发的分布式数据库产品证书，可满足金融级企业核心业务系统的严苛要求。\n公司与华为合作近期进展包括：科蓝分布式中间件上架华为云市场，融合华为HCS云平台，共同发力云市场；科蓝开放银行方案参与华为出海金融行动，拓展海外市场；科蓝开放银行方案+SUNDB+鲲鹏服务器荣获华为开发者大赛北京赛区二等奖等。谢谢！,-0.07584203944250666
NONAI01053_300665_20230110,300665,飞鹿股份,2023-01-10,9.051724137931034,21,232,你好，4季度公司整体经营情况是否继续恶化？前期签订的几个大合同是否有具体业务订单落地？,尊敬的投资者您好，目前公司生产经营情况正常，有关公司整体经营情况还请您关注公司后期于巨潮咨询网（网址http://www.cninfo.com.cn）发布的定期报告。\n在重大合同履行方面，公司与华润置地签署的《2021-2022年度防水材料战略采购合作协议》已稳步实施2年；公司与中国铁建房地产集团有限公司签署的《2022-2024年度防水集中采购合作协议》已有相应的项目落地，譬如：中铁十六局集团有限公司磨山城中村改造开发项目。关于公司重大合同履行情况我们也将会在定期报告中进行详细披露，还请您关注公司后期于巨潮咨询网（网址http://www.cninfo.com.cn）发布的定期报告。感谢您的关注！,0.6294183115718999
NONAI01054_300668_20230103,300668,杰恩设计,2023-01-03,1.9230769230769231,1,52,尊敬的董秘您好。请问咱们推广的hpv疫苗是和哪家疫苗厂家合作？未来还有可能营销推广其他疫苗的计划吗？,您好，公司为沃森生物的hpv疫苗进行营销推广服务，关于公司未来发展计划，公司会按照规定进行信息披露，感谢您的关注，谢谢。,-0.5639201599972852
NONAI01055_300670_20230109,300670,大烨智能,2023-01-09,3.167420814479638,7,221,董秘，新年好！请问截止2022年12月30日股东人数多少？谢谢,尊敬的投资者您好！首先感谢您对公司的关注！根据《公司法》《证券登记结算管理办法》中关于股东查阅股东名册的规定，股东有权查阅本人的持股信息，但对于其他股东的持股和交易信息上市公司则须为其保密。由于上市公司披露股东人数问题不属于规则规定的强制披露范畴，除季度末外，其他时间点股东人数不属于公开信息，公司在信息披露方面为遵循谨慎公平原则，将不在互动平台上披露股东人数信息，还望谅解。为保证所有投资者平等获悉公司信息，根据信息披露公平原则，公司会在定期报告中披露对应时点的股东信息。谢谢!,-0.3556164815127052
NONAI01056_300672_20230118,300672,国科微,2023-01-18,1.694915254237288,1,59,请问公司有无意向或者已经研发chiplet技术的产品？,尊敬的投资者，您好。公司将持续关注本行业内相关技术发展趋势，适时预研先进制造、封测技术，保持产品性能和成本优势。感谢您对公司的关注。,-0.6021145170691882
NONAI01057_300674_20230424,300674,宇信科技,2023-04-24,0.0,0,24,请问：1：公司目前在中东地区是否有或计划成立办事处或分公司？2：公司及下属公司中是否有中东客户？谢谢！,您好，公司目前未在中东地区设立办事处，无中东客户。谢谢。,-0.8858440267461817
NONAI01058_300675_20230209,300675,建科院,2023-02-09,1.948051948051948,3,154,近日，印发了《质量强国建设纲要》要求大力发展绿色建筑，实现工程建设全过程低碳环保、节能减排。请问公司作为全国领先的绿色建筑方案提供商，公司应对纲要，有哪些发展举措和想法？,您好，公司作为国内知名、领先的绿色建筑和绿色城市技术服务提供者，长期以来通过研发、规划、设计、咨询、检测、评估、认证等手段，从多层次多维度开展生态城市和绿色建筑的探索与实践，注重运营阶段使用者需求，与《质量强国建设纲要》中的相关举措较为契合。未来公司也将继续把握该领域发展机遇，发挥公司的全过程业务优势，推动绿色建筑高质量发展。感谢您的关注，谢谢。,-0.5597393305589878
NONAI01059_300676_20230106,300676,华大基因,2023-01-06,2.8011204481792715,10,357,请问公司疫情三年坚持全球布局，在营收和利润上有无成效？全球业务收入和利润占比情况如何？,您好，感谢您对华大基因的关注。公司坚持“防大于治、人人可及”的公共卫生普惠精准防控理念，继续聚焦主营业务，剔除新冠业务变化情况，公司2022年前三季度常规业务板块较上年同期总体实现了增长。公司正紧抓后疫情时代全球精准医学服务体系建设扩容的契机，加大国际业务布局，加大常规业务海外拓展的产品储备，公司将依托“火眼”实验室平台，重点从公共卫生项目切入，分阶段推进本地化合作方案，建立区域性本地闭环价值链，拉通“筛、诊、疗”的临床应用，用工程化、标准化、规范化的技术和服务赋能全球大健康发展。较为充裕的现金资产将为公司的后续业务发展奠定先发优势。具体而言，公司将聚焦主营业务进行相关研发和市场拓展，为公司长远发展夯实技术和渠道积累，提升实验室自动化水平和提高产能，为前端业务提供有力支撑；其次，公司也将在海外本地化业务开展方面进行相关投入，例如IVD厂房建设，为国际业务长期本地化发展提供基础设施。谢谢。,-0.41693531327439975
NONAI01060_300678_20230110,300678,中科信息,2023-01-10,2.0547945205479454,3,146,贵公司目前在区块链领域有哪些产品？,尊敬的投资者，您好！公司主营业务是以智能识别与分析技术为核心，结合云计算、大数据、物联网、移动互联、虚拟仿真等新一代信息技术，主要为政府、烟草、油气、医疗、特种印刷等行业提供信息化整体解决方案、智能化工程和相关产品与服务。公司根据现有业务发展需要对区块链技术进行了前瞻性研究，关于公司业务开展情况，请关注公司公告。感谢您的关注。,-0.5418705800829772
NONAI01061_300680_20230111,300680,隆盛科技,2023-01-11,0.0,0,36,董秘好，2022年已经过完，公司年报预告时间定了吗？,尊敬的投资者，您好！公司严格按照相关法律法规要求履行信息披露义务，感谢您的关注！,-0.8858440267461817
NONAI01062_300682_20230628,300682,朗新科技,2023-06-28,1.8072289156626506,6,332,"请问山东电力大省出现连续22小时负电价情况,如果请贵公司去解决这个问题,贵公司有这方面能力吗?还是贵司的优势就在这方面突出?谢谢!",您好，山东出现的负电价体现了在电力体制改革的背景下，电价可以更好的反映电力的供求关系，同时，与火电等传统发电形式相比，风电、光伏等新能源电力的出力波动较大，需要新型电力系统更加柔性灵活才能支撑高比例新能源电力接入和消纳。朗新科技聚焦“能源数字化+能源互联网”双轮驱动发展战略，一方面以能源大客户为中心，助力新型电力系统建设；另一方面以用户需求为中心，实现了分布式光伏、用户侧储能、充电桩、中小工商业等用户侧资源的广泛连接，拓展场景驱动的能源服务和能源运营。朗新科技认为，随着分布式能源、电动汽车等新场景大量出现并接入电网，一个高度互联的能源体系正在形成，通过能够连接供需、聚合服务的能源互联网平台，就近平衡电力供需，是解决上述问题的有效方式。朗新也正在通过运营光、储、充等多种资源，参与电网需求侧响应等助力用电负荷调节。谢谢关注。,-0.583313164018303
NONAI01063_300684_20230207,300684,中石科技,2023-02-07,0.0,0,32,董秘，您好！公司目前订单量如何，北美大客户的订单是否稳定增长,尊敬的投资者您好，公司生产经营正常，按照生产计划进行生产。感谢您的关注！,-0.8858440267461817
NONAI01064_300686_20230103,300686,智动力,2023-01-03,18.181818181818183,6,33,请问截至2022年12月30日，公司股东人数是多少？谢谢,"尊敬的投资者，您好，截至2022年12月30日，公司股东总户数为15,993户。感谢您的关注！",2.157799804334294
NONAI01065_300687_20230314,300687,赛意信息,2023-03-14,2.9411764705882355,3,102,请问赛意信息自研产品和代理产品的销售占比是多少？是否适用信创概念？,您好！公司各部分业务的营收情况请见公司披露在巨潮资讯网（www.cninfo.com.cn）的相关公告。公司在泛ERP数字化和智能制造领域有相关的自研应用软件产品，经过近几年产品创新研发和营销推广，获得越来越多用户、行业、市场的认可。感谢您对公司的关注！,-0.39348987760081056
NONAI01066_300688_20230316,300688,创业黑马,2023-03-16,3.1914893617021276,3,94,创业黑马在深圳有没有分子公司，公司的许文峰先生目前是否有离职机会？,尊敬的投资者，您好！公司在深圳、成都、杭州、南京、厦门等地均设有分公司，其中深圳分公司位于深圳市南山区科伟路16号东方科技大厦。经查，公司在职人员无许文峰此人，公司副总经理兼董事会秘书徐文峰先生处于正常工作状态。,-0.3515873968224812
NONAI01067_300689_20230111,300689,澄天伟业,2023-01-11,0.0,0,55,您好，请问公司是否拥有或涉及chiplets（芯粒）技术？谢谢,您好。公司有成熟的芯片封装业务，但当前暂未涉及Chiplet相关业务。公司将根据实际发展需求判断未来是否切入相关领域，感谢您的关注！,-0.8858440267461817
NONAI01068_300691_20230307,300691,联合光电,2023-03-07,1.6528925619834711,4,242,请问公司的光刻机镜头技术和蔡司公司镜头技术一样吗？公司可以生产应用于多少纳米的镜头？,您好，感谢您对公司的关注。公司是一家集光成像、光显示、光感知为核心技术的专业镜头、光电产品的制造商及光学系统解决方案提供商。经过多年光学领域技术的沉淀和深耕，公司掌握了光学镜头及光电产品的设计开发、超精密模具技术及智能制造技术，拥有非球面镜片、菲涅尔镜片、自由曲面镜片等核心光学器件的制造工艺，从光学设计、模具设计、精密加工、开发到全智能组装制造系统已形成完整的产业链。目前，公司的光电产品广泛用于安防视频监控、新型显示、智能驾驶等领域。公司具备生产制造光刻机镜头的技术和能力，具体的产品可根据客户的需求进行合作研发并定制。谢谢。,-0.609149133011593
NONAI01069_300692_20230105,300692,中环环保,2023-01-05,3.5714285714285716,4,112,2023年中环环保对提升业绩有什么规划或打算？,投资者您好，2023年，公司仍将深耕现有主营业务，在水处理及固废处理基础上做精做专，创新发展模式，积极布局衍生产业链，不断拓宽利润空间。另一方面，公司将积极开拓市场，依托科技创新，转变增长方式，布局新增长极的项目，努力实现“稳健、可持续、高质量” 发展。感谢您的关注！,-0.28798541706965963
NONAI01070_300698_20230104,300698,万马科技,2023-01-04,8.695652173913043,2,23,您好，请问截止1月31日收盘的股东人数，谢谢，祝工作顺利！,您好！目前还没有1月31日的股东户数哦，感谢您的关注！,0.5698117185531762
NONAI01071_300703_20230103,300703,创源股份,2023-01-03,17.24137931034483,5,29,请问截止12月底，最新股东人数是多少？谢谢,尊敬的投资者你好！截止至2022年12月30日，公司股东总户数为 10925户，谢谢！,2.0003699510025457
NONAI01072_300706_20230102,300706,阿石创,2023-01-02,7.954545454545454,7,88,你好，请问截止12月28日股东人数是多少？,"您好！感谢您对阿石创的关注。 \n根据中国证券登记结算有限责任公司深圳分公司提供的相关数据显示，截止2022年12月30日收盘，持有阿石创股份的人数（合并普通账户和融资融券信用账户）（已合并）为：22,251户。 \n谢谢！",0.4457501493515264
NONAI01073_300708_20230116,300708,聚灿光电,2023-01-16,0.0,0,38,传闻公司产品用到比亚迪高端品牌仰望车型是否属实？,投资者您好，公司一切事项请以披露公告为准，感谢您的持续关注！预祝您新春快乐，阖家幸福！,-0.8858440267461817
NONAI01074_300709_20230106,300709,精研科技,2023-01-06,3.7037037037037037,1,27,苹果的销量下滑，苹果对贵公司今年的订单是否也是缩减，请正面回复,您好，感谢您对公司的关注。基于契约精神，客户订单信息不便告知。,-0.2658425056001588
NONAI01075_300711_20230113,300711,广哈通信,2023-01-13,2.898550724637681,2,69,公司拿到了5G牌照，是不是继续吃老本，啃老客户？二十年了就这点小单，没业务没方向玩什么？,尊敬的投资者：您好！公司采用自主研发的5G网络设备进行无线覆盖及业务建设，将凭借过硬的技术实力、优秀的服务能力以及丰富的行业经验，积极开拓新领域，新市场。,-0.400625444979729
NONAI01076_300724_20230111,300724,捷佳伟创,2023-01-11,1.639344262295082,1,61,贵司的钙钛矿设备目前有哪几种，有交付么？有哪些客户？有参加钙钛矿会议么？,您好！公司目前基于单结、叠层的钙钛矿整线设备已经开发完成。钙钛矿设备在陆续交付中。客户包含了央企研究院、国家科学院、光伏头部企业等。谢谢！,-0.6114171239438437
NONAI01077_300725_20230104,300725,药石科技,2023-01-04,33.333333333333336,6,18,请问，截止到2022年12月31日，公司股东人数有多少？,"截至2022年12月30日，公司股东人数为22,316名。",3.5991992847994347
NONAI01078_300726_20230103,300726,宏达电子,2023-01-03,0.0,0,22,请问董秘，贵公司四季度以来订单同比是增加还是减少了？,尊敬的投资者您好，感谢您的关注，公司目前订单正常。,-0.8858440267461817
NONAI01079_300729_20230110,300729,乐歌股份,2023-01-10,2.8901734104046244,20,692,您好，很关注贵公司发展。也很感谢董秘的及时回复。根据最近新闻媒体对贵公司董事长的访问，贵公司在美国购买了1800亩土地准备建设海外仓，请问这1800亩土地资产记在资产负债表表中的哪一项中？1800亩土地即使按照150万一亩买入计算也有应有27亿支出，但是贵公司第三季度资产负债表中，投资性房地产，在建工程，固定资产，使用权资产，无形资产加起来一共23亿左右。请抽时间回复一下，谢谢,您好，感谢您的关注。公司购买用于建造海外仓的土地情况详见公司分别于2022年8月30日、2022年10月18日披露的《关于全资子公司对外投资暨购买土地建造海外仓的公告》、《全资子公司对外投资暨购买的部分土地交割完成的进展公告》，三季度时该部分土地资产主要体现在无形资产中。美国是中国外贸企业品牌出海最主要的区域。乐歌拥有十几年的跨境电商运营经验。因此我们深刻理解海外仓是跨境电商品牌出海的基础设施，是港口硬核力量的延伸。19年底，美国西部主要港口城市，峡谷地区的仓库价格相比当前处于低位，乐歌排除众异投资了1亿美金购买了七个海外仓，最小面积五万尺，最大面积34万尺。在过去的三年中，乐歌在公共海外仓运营中发现小仓运营成本更高，大仓的运营成本更低，规模性好，人均产出高，效率更高。因此，乐歌开始实施小仓换大仓战略，陆续出售购买的海外仓，并租赁大仓。这个出售海外仓的过程为乐歌带来海外仓资产大幅升值的货币化实现，资金用途相对自由。同时，乐歌深刻意识到西部港口区域城市峡谷内土地资源日渐稀少这个独特的地理事实造成的战略价值，深刻认识到线上购物对电商仓储的需求推动。根据美国法律，出售房屋土地资产盈利后购入土地房产可以抵扣所得税支出。基于上述几点原因，乐歌在出售海外仓的同时有意识逐步考察购买峡谷内能够建设海外仓的工业土地。工业土地的价格跟地理位置高度相关，价格差异巨大。离港口越近，土地越小，价格越高，反之亦然。高的可以到100万美金一中国亩，低的可以到3万美金一中国亩。当前，美国西部主要港口百英里二小时车程内的海外仓价格大幅上升，工业土地价格也大幅上涨，大规模经济性购买海外仓和土地的窗口已经关闭。站在现在看过去，乐歌购买的1800亩土地，成本极低，战略前瞻性极强，为乐歌可持续发展服务更多的外贸企业品牌出海奠定了扎实的基础。谢谢！,-0.40202781082298467
NONAI01080_300730_20230303,300730,科创信息,2023-03-03,6.140350877192983,7,114,请问公司与财信数字在数字政府，智慧政务方面，以及金融科技方面是否有更进一步的合作计划？,尊敬的投资者您好，公司目前与第一大股东财信数科在企业风险管理平台建设、供应链金融平台建设以及财信保代数字化建设等方面开展了相关合作，未来公司将继续加强与财信数科在产业发展、市场渠道等方面的合作交流，进一步强化公司的主业，提升公司的竞争力。谢谢！,0.14205323199590889
NONAI01081_300732_20230103,300732,设研院,2023-01-03,20.0,7,35,您好，请问，贵公司截止12月30日股东人数是多少？谢谢！,"尊敬的投资者您好，截至2022年12月31日，公司股东人数为21,035人。感谢您对公司的关注。",2.4621641874423417
NONAI01082_300735_20230116,300735,光弘科技,2023-01-16,0.0,0,43,您好董秘！公司目前生产状况如何？,尊敬的投资者，您好！公司生产状况正常，各工厂目前正积极应对客户春节前后的需求。感谢您的关注，谢谢！,-0.8858440267461817
NONAI01083_300738_20230313,300738,奥飞数据,2023-03-13,0.0,0,32,公司董事何宇亮认购增持，是对公司未来绝对看好的吗？请解答一下,您好，公司对建设数字中国、对中国数字经济的发展前景均充满信心，谢谢关注！,-0.8858440267461817
NONAI01084_300740_20230308,300740,水羊股份,2023-03-08,5.769230769230769,3,52,请问京东商城上的京东国际免税培健产品是不是公司御强子公司经营的呢？公司是不是培健大中华区总代理？,尊敬的投资者，您好！公司与强生集团保持着良好的合作关系，目前Rogaine品牌中国线上全渠道的业务均由公司运营，感谢您的关注！,0.07992757350050773
NONAI01085_300741_20230113,300741,华宝股份,2023-01-13,1.0638297872340425,1,94,公司是否有通过华宝国际的印尼hnb薄片工厂向英美烟草供应hnb香精？,尊敬的投资者，您好！公司存在与华宝国际控股有限公司香精产品的业务往来，相关关联交易均按照规定履行了审议程序并进行披露，同时与华宝国际产品销售的相关问题请您关注联交所华宝国际公开披露信息，感谢您的关注。,-0.7077584834382815
NONAI01086_300743_20230105,300743,天地数码,2023-01-05,2.857142857142857,1,35,公司已经取得专精特新小巨人？天地数码作为行业龙头，实打实的跨国公司，未来宏兔可期吗？,尊敬的投资者您好，公司已被国家工信部认定为专精特新“小巨人”企业，感谢您的关注！,-0.40755713900496404
NONAI01087_300746_20230104,300746,汉嘉设计,2023-01-04,0.0,0,50,董秘您好，了解到贵公司已经中标上海西爱西氢能源项目（上海临港），有二个问题想咨询一下，一：贵公司是否已经跟西爱西公司签订合同？二：贵公司是否已经设计好图纸并且已经交付给西爱西公司？,尊敬的投资者，您好！公司已中标西爱西氢能源项目一期工程设计，项目合同和设计图纸目前在有序推进中。感谢您的关注。,-0.8858440267461817
NONAI01088_300752_20230105,300752,隆利科技,2023-01-05,0.9950248756218906,2,201,公司有有哪些竞争对手？产能 和 技术在行业中处于什么地位？,尊敬的投资者，您好！公司自成立以来，一直专注于背光显示模组行业，主要的竞争对手为行业内的背光显示模组企业。公司在新型显示的光学效果处理方面有着深厚的积累，特别在Mini-LED技术领域，公司先于行业开始布局，率先实现了多个应用领域的技术突破，已取得了一定的先发优势。目前公司的Mini-LED产品已向蔚来、理想、Meta、芬兰高端头显制造商Varjo等企业出货，具备了量产和客户优势。未来公司将会持续重视研发投入，积极把握前沿技术和市场机遇，保持持续竞争力，谢谢您的关注与支持！,-0.7192764539009816
NONAI01089_300753_20230103,300753,爱朋医疗,2023-01-03,0.0,0,52,公司除血氧仪外，有新冠白肺治疗研究吗？,您好，公司主营业务包括疼痛管理、鼻腔及上气道管理细分领域用医疗器械产品，公司暂未有新冠白肺治疗研究，感谢您的关注！,-0.8858440267461817
NONAI01090_300757_20230103,300757,罗博特科,2023-01-03,4.477611940298507,3,67,董秘你好！公司和苏大维格同处苏州，铜电镀环节相关设备是否有相关的合作。,您好！关于公司日常经营重大合同，公司将按照经董事会审议通过的公司日常经营重大合同自愿性信息披露的标准披露相关情况，敬请关注。感谢您对公司的关注！,-0.13628994894278101
NONAI01091_300760_20230104,300760,迈瑞医疗,2023-01-04,0.0,0,19,第一个问题：公司可有生产ecmo的能力？第二个问题：现在国家重视医疗建设，请为贵司可有在家庭健康领域布局？例如像鱼跃，三诺等很多企业在家庭领域医疗器械做的很好，贵司可有什么产品？或者网店？,您好，公司目前不涉及您提到的相关业务，谢谢。,-0.8858440267461817
NONAI01092_300766_20230106,300766,每日互动,2023-01-06,3.048780487804878,5,164,贵公司参股的迦智科技是否正在IPO,您好，感谢您对公司和迦智科技的关注。公司参投的杭州迦智科技有限公司为全球智能移动机器人领域先行公司之一，面向制造业提供物流自动化、数字化与智能化产品，帮助企业提高生产、流通资源的配置效率，提升综合运行效率效益。有关迦智科技的资本运作信息，包括未来是否有上市计划，请关注迦智科技官方消息。公司诚挚希望我们的行业伙伴们都能茁壮成长，在各自的领域开花结果。谢谢！,-0.3754769209247604
NONAI01093_300768_20230103,300768,迪普科技,2023-01-03,3.3333333333333335,1,30,股价跌幅年度倒数第一，营收萎缩第一，公司核心竞争力呢？价值观呢？诚信呢？,迪普坚持公司发展战略，持续强化核心竞争力，为用户提供价值解决方案。,-0.3278426577147611
NONAI01094_300770_20230104,300770,新媒股份,2023-01-04,2.272727272727273,5,220,尊敬的董秘，你好！公司在数据确权方面有没有布局？,尊敬的投资者，感谢您的关注！国家持续加大对侵权盗版行为的打击力度并逐步建立行业标准，版权内容的价值将逐渐凸显。公司全资子公司广东南方电视新媒体有限公司与相关合作方共同发起设立合营企业寰宇信任（北京）技术有限公司，主要从事数字版权保护技术服务及信任体系建设等业务，共同制定数字版权管理ChinaDRM技术标准体系。新媒股份与合作方携手推动建立国际DRM领域中国模式，支撑我国超高清产业发展，保障我国网络空间安全、文化安全和产业安全，带动我国密码技术、终端芯片、终端产品和内容服务等产业链发展。,-0.5053885478611222
NONAI01095_300771_20230206,300771,智莱科技,2023-02-06,1.8181818181818181,1,55,尊敬的董秘您好，发觉贵司在招聘储能相关人才，请问贵公司招聘储能工程师等岗位是出于什么样的需求？是否有跨界做储能集成的规划？感谢董秘百忙之中回复，谢谢！,你好！公司有在进行储能方面人才的招聘储备，尝试在公司现有产品基础上，进一步探索储能方面的技术可行性和产品解决方案。谢谢！,-0.5814796436381341
NONAI01096_300773_20230922,300773,拉卡拉,2023-09-22,5.0,1,20,贵公司是目前最大最正规的线下支付机构，紧跟政策走，率先一机一码做规划支付表率，字节跳动目前正在接洽快钱，但快钱的客户量和规范性应该无法与贵公司比拟，贵公司是否有和字节跳动合作的预期呢？,您好，公司经营情况还请关注公司相关公告，谢谢。,-0.04884197319905085
NONAI01097_300774_20230508,300774,倍杰特,2023-05-08,11.229946524064172,21,187,董秘您好，请问贵公司的各块业务的产能是多少？如污水处理规模【？】吨/日；中水处理【？】吨/日；盐湖提锂年产是多少？等等，也麻烦请贵公司在年报重详细披露下，谢谢,尊敬的投资者：您好，公司将主营业务划分为水处理解决方案、运营管理及技术服务、商品制造与销售三个业务板块。2022年度，三个板块的营业收入分别为63553.88万元、18167.05万元、2176.52万元，分别占公司2022年度营业收入总额的75.75%、21.65%、2.59%。公司主营业务主要是为客户提供与水资源化再利用、盐湖提锂相关的综合、一体化服务，故无法准确统计公司污水处理规模等数据，具体内容请详见公司在巨潮咨询网披露的2022年年度报告及相关公告，感谢您的理解和关注。,0.9940536336270535
NONAI01098_300777_20230103,300777,中简科技,2023-01-03,30.0,6,20,您好领导！截止12月30日收盘，公司股东户数多少？谢谢！,"您好，截止2022年12月30日，公司股东人数为29,166名。",3.5991992847994347
NONAI01099_300778_20230117,300778,新城市,2023-01-17,2.4390243902439024,4,164,董秘你好，公司近几年除2021年5月2022年5月各发布了一次以网络形势举办的业绩说明会之外，之后再没有公布关于投资者调研活动信息，请问贵公司这三年的时间里都没有机构上门调研吗？如果没有，建议公司加强合作和做好投资者关系维护工作，主动邀请机构合作、推出研报和邀请调研。另外，个人投资者如何调研贵公司，需要什么程序？,您好！感谢您的关注和建议。公司注重与投资者的交流，定期举办业绩交流会、投资者接待日等活动，欢迎广大投资者朋友们的参与。在今年疫情形势转好的情况下，公司会逐步拓宽与投资者的线下与线上的沟通渠道，增进投资者对公司的全面和客观的了解和认同，促进市场对公司的价值发现。 投资者可通过投资者热线或邮箱与我们进行沟通交流，公司投资者热线电话：0755-33283211，电子邮箱：boardoffice@nlt.com.cn。谢谢！,-0.47755034208904473
NONAI01100_300780_20230131,300780,德恩精工,2023-01-31,0.0,0,20,雷总，22年结束了，不知公司是否预告业绩？另外希望公司能转增股本,投资者，你好，公司会根据相关法规履行披露程序。,-0.8858440267461817
NONAI01101_300781_20230331,300781,因赛集团,2023-03-31,2.0661157024793386,5,242,一、请问董秘，公司在元宇宙方面有什么布局，请介绍一下，谢谢？,尊敬的投资者您好。基于对AI人工智能、大数据和元宇宙等科技发展在营销领域应用的趋势洞察与把握，公司制定了在web3.0时代的智能营销科技与品牌元宇宙技术营销发展战略。其中元宇宙技术营销发展战略为：通过构建因赛品牌元宇宙产业基地，全面推动落地品牌元宇宙的技术研发与平台打造，开发各项元宇宙技术与品牌营销相结合的各种应用模式，逐步形成构建品牌元宇宙的模型方法，以及在品牌元宇宙世界进行各种品牌营销和价值体验互动的业务模式，为国内各行业的领导企业构建品牌元宇宙，共同推动实体经济与元宇宙虚拟世界的融合发展。感谢您的关注和支持。,-0.5399754095779459
NONAI01102_300782_20230103,300782,卓胜微,2023-01-03,22.857142857142858,8,35,尊敬的董秘，您好！请问截至12月30日，卓胜微股东户数是多少，谢谢！,"尊敬的投资者，您好！截至2022年12月30日公司股东总户数66,602户。感谢您对公司的关注！",2.9404510751835593
NONAI01103_300783_20230109,300783,三只松鼠,2023-01-09,1.8181818181818181,1,55,董秘您好！贵公司是否与知名网红合作直播带货促进销售？,尊敬的投资者，您好，公司年货节期间与广东夫妇、疯狂小杨哥、贾乃亮、陈三废等头部达人建立直播带货合作。感谢您对三只松鼠的关注！,-0.5814796436381341
NONAI01104_300785_20230306,300785,值得买,2023-03-06,0.0,0,47,本次和京东百亿补贴的合作有无更多可以披露的信息，例如合作期限，分成比例等？,感谢您对值得买的关注。我们会按按照证监会和交易所的要求履行信息披露义务，请您关注我们后续的相关公告。,-0.8858440267461817
NONAI01105_300788_20230404,300788,中信出版,2023-04-04,2.5,3,120,面对新媒体，新时代对出版行业的冲击，公司有哪些转型赋能措施,尊敬的投资者您好，公司将抓住渠道变革机会，在内容电商新媒体渠道持续发力，完善新媒体电商的营销模型，力争精准投放，通过品类拓展、行业嵌入，持续扩大内容电商自播优势。同时以协同理念与各渠道平台形成合作伙伴新同盟、新业态，共同面对挑战、追求共同的目标。感谢您对公司的关注。,-0.4673429999726163
NONAI01106_300789_20230130,300789,唐源电气,2023-01-30,1.2345679012345678,1,81,2022年公司发展这么好，强烈建议进行高送转！,尊敬的投资者，您好！公司将根据监管规定、公司利润分配政策的要求，兼顾公司经营发展需要及股东良好回报等因素的前提下制定权益分派方案，与广大投资者共享经营成果。感谢您的关注与支持！,-0.6791768530308407
NONAI01107_300790_20230130,300790,宇瞳光学,2023-01-30,4.0,2,50,请问贵司的镜头是否应用在汽车电子后视镜上，汽车电子后视镜新国标将于7月1日实施，预期是否会对公司的业绩有正面影响？,公司已开发相关产品并获客户定点，新国标实施后将拓宽公司市场范围，预期将对公司业绩产生正面影响。感谢您的关注！,-0.21624238390847703
NONAI01108_300791_20230106,300791,仙乐健康,2023-01-06,0.8849557522123894,1,113,公司的益生菌产品是否具有免疫调节作用，请董秘对公司益生菌系列做个介绍，谢谢。,尊敬的投资者，您好！益生菌产品是公司的主要产品类型之一，公司专注于寻找优秀的菌株、制备优质配方，并通过先进的工艺生产含量稳定的益生菌产品。截止目前，公司已研发、生产多种剂型的益生菌产品，包括肠胃呵护、体重管理、女性健康、口腔呵护等多个系列。感谢您的关注！,-0.7377020703661586
NONAI01109_300792_20230103,300792,壹网壹创,2023-01-03,4.265402843601896,9,211,请问实控人在公司股价已经跌的这么惨情况下还抛出大额减持计划，是否不看好公司？,尊敬的投资者，您好，2022年全年市场环境受国际局势、疫情等影响，景气程度一般。受市场影响，电子商务、消费类板块全年回撤较大。公司实际控制人一直身处一线，带领公司砥砺前行，2022年依旧坚持多品牌合作，多渠道发展，全面发展全域电商服务，并取得了一定的成绩，但受累于大盘影响，业绩仍然承压。2023年，公司仍将在实控人的带领下，继续披荆斩棘，争创佳绩。\n本次实控人减持的原因系其自身资金需求，本次减持计划披露股份仅占实控人持股的很小一部分，实控人仍然长期保持看好公司的发展。\n感谢您的关注。,-0.17181383888607005
NONAI01110_300793_20230330,300793,佳禾智能,2023-03-30,2.4691358024691357,2,81,请问贵公司将如何加大在AI及人工智能的相关技术的研发及投入？,您好，人工智能是公司是重点发展方向之一，公司研发费用每年保持一定比例的增长，公司将密切关注新技术在智能硬件上的应用，持续加大研发投入，增强产品整体竞争力和影响力，感谢您的关注！,-0.4725096793154998
NONAI01111_300795_20230105,300795,米奥会展,2023-01-05,13.274336283185841,15,113,您好 请问贵公司近期是否汇进行业绩预告了呢？,尊敬的投资者，您好！根据《深圳证券交易所创业板股票上市规则》（2020年12月修订）、《深圳证券交易所创业板上市公司自律监管指南第1号——业务办理》（2022年7月修订）的相关规定，公司会在会计年度结束之日起一个月内即在2023年1月31日前披露业绩预告。感谢您对公司的关注，谢谢！,1.3362853189541657
NONAI01112_300798_20230222,300798,锦鸡股份,2023-02-22,4.424778761061947,5,113,您好，请问，贵公司截止2月20日股东人数是多少？谢谢！,尊敬的投资者，您好。公司将会在定期报告中披露相关日期普通股股东总数，请留意公司相关定期报告。如您想查阅截止2月20日的股东名册，请将相关股东证明资料及书面申请发送给公司董秘邮箱xiaoweibing@jinjidyes.com或现场提交到公司证券部，公司将根据申请给予相关答复。谢谢关注！,-0.14513424484606594
NONAI01113_300800_20230105,300800,力合科技,2023-01-05,0.8333333333333334,1,120,各地放炮，贵公司有什么解决方案和产品是独有的？,尊敬的投资者，您好！在扩散条件较差时，一段时间的集中烟花爆竹燃放就能明显影响空气中细颗粒物的增长。力合科技自主研发了在线颗粒组份监测系统，有完整颗粒物组分监测及污染来源自动分析系统，在多地烟花爆竹燃放对空气质量的影响评估中提供了大量数据支撑。感谢您的关注！,-0.7463436844883267
NONAI01114_300801_20230106,300801,泰和科技,2023-01-06,4.060913705583756,8,197,公司属于周期行业？新布局的产能已面临产能过剩，价格下跌，对于今年公司整体盈利能力如何看待？,尊敬的投资者您好，针对您的问题做以下回复：\n1、水处理药剂产品属于必需品、易耗品，没有明显的周期性。\n2、泰和科技会加快推进VC、磷酸铁锂新能源项目实施进度，争取早投产早盈利。并且，公司会持续关注新能源市场供需变化，结合自身情况制定合理的经营策略。新能源项目收益情况尚待投产销售后检验，具有一定不确定性。\n3、2023年，泰和科技会持续做好主业，尽快实现新能源项目的产出。整体盈利情况取决于市场情况及公司经营策略、新项目进展等各种因素。\n感谢您的关注。,-0.20604540457592319
NONAI01115_300802_20230329,300802,矩子科技,2023-03-29,2.3255813953488373,2,86,尊敬的董事长，董秘好，目前公司是否拥有AI团队，如果有请问主要用于那个方面，是否能起到降本增效的作用？,尊敬的投资者，您好！公司有AI算法团队，目前公司技术团队已将AI算法应用于多种场景的缺陷检测、缺陷复判、元器件自动编程等任务，以数据为驱动不断提升产品检测性能，提高检测效率。感谢您对公司的关注！,-0.49654074602658593
NONAI01116_300803_20230328,300803,指南针,2023-03-28,1.7543859649122806,1,57,公司定增已经超过半年未获反馈，严重影响市场表现，为什么不撤回定增材料？,投资者您好，公司定增仍在深交所审核过程中，目前各项工作正常推进，公司会根据审核进展及时履行信息披露义务，感谢您对公司的关注。,-0.592159095677013
NONAI01117_300805_20230113,300805,电声股份,2023-01-13,5.555555555555555,2,36,您好，请问贵公司或子公司有在海南申请免税执照吗,尊敬的投资者，您好！我司及子公司暂未在海南申请免税执照 ，感谢您对公司的关注。谢谢！,0.04415825497285255
NONAI01118_300807_20230509,300807,天迈科技,2023-05-09,0.9259259259259259,1,108,尊敬的董秘您好！\n近期，国家发改委提出：将加快推进充电桩和城市停车设施建设，大力推动新能源汽车下乡。\n请问：贵公司在充电桩及城市停车设施建设方面是否有足够成熟的经验？在此方面是否有执行过的重大合同？谢谢！,感谢您对天迈科技的关注。公司是河南省第一批公示的九家充电设施运营商之一，在充电桩领域拥有完善的软硬件产品体系。公司研发的充电桩产品和充电运营管理系统已在多地公交企业使用，充电系列产品收入情况已在定期报告中披露，您可查阅公告信息。,-0.730843646459676
NONAI01119_300810_20230313,300810,中科海讯,2023-03-13,3.4482758620689653,1,29,请问贵司的声呐有没有应用到052D海军舰上,尊敬的投资者您好，公司产品的具体应用详见公司年度报告、官网介绍。,-0.30860123119643634
NONAI01120_300811_20230105,300811,铂科新材,2023-01-05,19.444444444444443,7,36,尊敬的阮总，您好！请问贵公司股东人数至12月31日是多少？谢谢！,"尊敬的投资者，您好，根据中登结算公司，公司截至2022年12月30日的股东人数为8,252，谢谢！",2.369163959270438
NONAI01121_300812_20230106,300812,易天股份,2023-01-06,2.2222222222222223,2,90,企查查APP显示，近日，易天股份（300812）中标京东方重庆第6代AMOLED（柔性）生产线项目。企查查信息显示，该项目开标时间为12月14日，招标范围为贴附设备&偏光片贴片机。中标金额是多少？,尊敬的投资者，您好！谢谢您对易天股份的关注！公司近期中标京东方重庆第6代AMOLED（柔性）生产线项目，该项目涉及金额未达信息披露标准。公司大额合同签订相关事宜，敬请您关注公司在巨潮资讯网披露的相关公告。谢谢！,-0.513843114058568
NONAI01122_300813_20230106,300813,泰林生物,2023-01-06,0.0,0,117,董秘您好！从12月初以来泰林生物持续下跌一月有余，这种持续下跌实属罕见。请问贵公司生产经营是否正常开展？市场对过氧化氢消毒机需求是否不达预期？,您好，公司的生产经营管理活动都正常开展。近期疫情形势变化，一些医疗机构对过氧化氢消毒机的需求有所增加，公司正加强生产经营管理，尽力提供优质的消毒设备以满足所需。二级市场的股价波动受很多因素影响，涨涨跌跌也是正常。提醒广大投资者理性投资，注意风险。谢谢关注！,-0.8858440267461817
NONAI01123_300815_20230111,300815,玉禾田,2023-01-11,0.0,0,58,请问贵公司目前是否涉及到光伏太阳能板的清洁相关工作，若未涉及的话，请问贵司将来是否有计划进军比领域？若有请问目前营收占比多少？,尊敬的投资者，您好。公司目前暂无涉及光伏太阳能板的清洁相关工作。公司将根据实际发展需求判断未来是否切入相关领域，感谢您的关注！,-0.8858440267461817
NONAI01124_300816_20230105,300816,艾可蓝,2023-01-05,0.0,0,37,请问公司催化剂业务除了尾气处理外，是否有开发其他领域的应用？,投资者，您好！公司催化剂技术除用于发动机尾气处理外，还用于工业VOCs废气治理领域。谢谢！,-0.8858440267461817
NONAI01125_300817_20230106,300817,双飞股份,2023-01-06,20.0,5,25,最新股东人数,您好！截止2022年12月30日，双飞股份持有人数：8946。感谢您的关注！,2.4621641874423417
NONAI01126_300822_20230324,300822,贝仕达克,2023-03-24,3.7037037037037037,2,54,董秘您好，请问贵公司出口的产品销售业务是否已布局互联网电商，谢谢！,您好，公司目前主要以出口销售的TO B业务为主，未来公司将持续探索对自有品牌的互联网平台的连接及赋能，感谢您对公司的关注。,-0.2658425056001588
NONAI01127_300825_20230112,300825,阿尔特,2023-01-12,4.109589041095891,6,146,请问 董秘\n 公司车展概念车 有意向订购客户或者合作企业吗 还有整车代工有何进展,尊敬的投资者您好，公司广州国际车展上展出了全尺寸全地形纯电皮卡概念车TRUCK MAD、特定场景下的L4级别无人驾驶概念车ISE·智享，并推出了女性伴侣型纯电概念车C-MUTE。近期陆续有潜在合作对象对公司展品感兴趣，并与公司联系洽谈合作事宜，如有重大进展，公司将及时进行信息披露。整车代工业务如有重大进展，公司将及时进行信息披露，感谢您的关注！,-0.19789713341977272
NONAI01128_300826_20230322,300826,测绘股份,2023-03-22,0.0,0,19,为了更有利于未来发展，公司是否会更换股票简称？比如更换为公司子公司名称“輿图科技”，“易图地信”等。,尊敬的投资者，您好！感谢您的关注和提议，谢谢！,-0.8858440267461817
NONAI01129_300828_20230223,300828,锐新科技,2023-02-23,0.0,0,35,公司目前产能利用率怎么样？,尊敬的投资者您好，感谢您的关注。公司目前产能利用率良好，能够满足生产交付需求。,-0.8858440267461817
NONAI01130_300830_20230329,300830,金现代,2023-03-29,0.0,0,23,公司有哪些算力业务？,尊敬的投资人，您好。公司业务未直接涉及算力领域。谢谢。,-0.8858440267461817
NONAI01131_300832_20230411,300832,新产业,2023-04-11,12.087912087912088,11,91,董秘你好！请问，贵公司的小分子夹心法与质谱法得出的结果，差别有多大？,您好，公司在2023年4月7日披露的《2022年度环境、社会和公司治理（ESG）报告》之“可持续责任价值篇”之“守正出奇，助推精准医疗”部分详细介绍了公司在小分子夹心发方面的布局及进展，以及同质谱检测结果对比等情况，敬请查阅。,1.137677421389739
NONAI01132_300835_20230110,300835,龙磁科技,2023-01-10,5.555555555555555,2,36,董秘您好，请问公司收购恩沃新能源一事有变故吗？为何到10号了还没有公告，或是有什么原因延迟了,您好！公司已披露收购事项进展公告（公告编号：2023-002），相关事项持续推进中。感谢您的关注！,0.04415825497285255
NONAI01133_300836_20230103,300836,佰奥智能,2023-01-03,2.380952380952381,1,42,请问公司的口罩机减值计提完没？今年的年报不会继续计提口罩机减值？谢谢！,尊敬的投资者您好，公司口罩机设备相关减值已经计提完毕，具体请关注公司定期报告，感谢您的关注。,-0.487271620295167
NONAI01134_300838_20230116,300838,浙江力诺,2023-01-16,1.0638297872340425,1,94,您好，请问，贵公司截止2023年1月10日股东人数是多少？谢谢！,投资者您好，根据监管要求，公司会在定期报告中披露对应时点的股东人数信息，敬请关注我司披露的定期报告，或请携带您的真实身份证件和证券账户卡原件及证券公司出具的持股证明材料到公司董秘办查询。感谢您的关注！,-0.7077584834382815
NONAI01135_300839_20230103,300839,博汇股份,2023-01-03,8.270676691729323,11,133,公司最近股价节节高，可喜可贺，超过回购价不少，公司也回复适时调整回购价格，请问什么时候调整呢？能否具体给个时间？,您好，公司第三届董事会第二十三次会议审议通过了《关于调整回购股份价格上限的议案》，公司回购方案中的回购股份价格上限由 15.50元/股（含本数）调整为 27.00 元/股（含本数）。除上述内容调整外，回购股份方案的其他内容无变化。具体可查阅公司于2022年12月30日披露于巨潮资讯网的《关于调整回购股份价格上限的公告》。谢谢！,0.498670648294185
NONAI01136_300840_20230202,300840,酷特智能,2023-02-02,0.0,0,74,"最近核风险增加,请问公司抗辐射服装可以批量生产吗，谢谢",尊敬的投资者您好，感谢您的关注，公司可根据客户需求在定制服装的特定部位使用具备一定防辐射功能的面辅料，目前相关业务占比较小，对公司业绩影响较小，请注意投资风险。,-0.8858440267461817
NONAI01137_300843_20230221,300843,胜蓝股份,2023-02-21,4.054054054054054,3,74,请问公司与vivo、oppo有业务合作往来吗？公司是否有5G产品的研发生产？,尊敬的投资者您好，vivo、oppo是公司合作多年的重要客户，公司以二供的方式为其提供相关产品。公司对5G相关产品的研发、生产计划在正常推进，以确保能匹配客户对产品的要求。谢谢！,-0.2071937130593188
NONAI01138_300844_20230320,300844,山水比德,2023-03-20,2.928870292887029,7,239,董秘您好，我看贵公司主营业务是综合景观设计平台，公司可不可以结合元宇宙，VR，虚拟人等技术做一些在线旅游的场景，比如我足不出户就可以带着VR眼镜游览全国各地景观，VR的世界当中有着虚拟人去当导游。,尊敬的投资者，您好！公司与深圳锦绣中华发展有限公司展开合作，共同开发锦绣中华民俗文化村线上虚拟景区，该项目部分场景已于2022年10月上线，通过建立虚拟身份、多人在线虚拟社交、虚拟场景、虚拟道具等方式，在虚拟世界为用户开启场景游览，为用户体验中华文化民俗风情提供沉浸式体验。但该项目暂未能实现通过VR作为终端输出。用科技赋能景观，用创意激活文化，上述项目是公司通过数字赋能传统文旅项目、打造消费新场景的新尝试。未来，公司将在文旅行业数字化的赛道持续发力，以更高的平台和更优质的资源，打造更多精品项目，积极助力文旅数字化高质量发展。,-0.3955499368022557
NONAI01139_300845_20230317,300845,捷安高科,2023-03-17,8.823529411764707,6,68,请问董秘，2023年一季度，在财政贴息的背景下，捷安高科的业务量比往年是否有所增加？,投资者您好！公司一贯坚持做好经营管理，努力促进发展，提高公司业绩以回馈广大投资者，2023年一季度业绩情况敬请关注后期公司披露的一季度报告。感谢您的关注。,0.5912184206899317
NONAI01140_300846_20230103,300846,首都在线,2023-01-03,1.8867924528301887,4,212,杨总您好， 贵公司官网显示“目前已正式获得SOC鉴证报告，为企业数据安全保驾护航”。\n1.请问随着国家“数据二十条”的发布，CDS在相关数据领域方面有哪些建树？\n2.数据二十条是中共中央、国务院发布的一项重大举措，请问贵公司未来有哪些新的规划，来更好的落实国家的战略部署。,您好，公司的冷数据存储服务是公司基于深入分析用户数据全生命周期使用场景，自主研发的冷数据长周期存储服务。该项服务除了可以满足公有云服务模式，也可在面向政企，金融，公检法等行业用户时提供私有云部署服务方案。用户也可以通过混合部署方案实现多地多中心数据存储。此外，用户还可以通过混合部署方案实现多地多中心数据存储。公司冷数据存储服务具备成本低、读取快、灵活定制的优势，能满足“数据二十条”政策背景下，数据爆发时，解决数据作为重要资产的长期安全存储需求。感谢您的关注！,-0.5699941952189626
NONAI01141_300847_20230109,300847,中船汉光,2023-01-09,0.0,0,64,加密复印机今后是否要普遍应用于国家重要单位？,尊敬的投资者您好，公司主要向政府机关、军队、军工单位、企事业单位等组织提供有信息安全要求和需求的安全增强复印机和信息化复合机。感谢您的关注。,-0.8858440267461817
NONAI01142_300851_20230104,300851,交大思诺,2023-01-04,3.5714285714285716,1,28,西安地铁2号线是否有公司产品？,尊敬的投资者您好，西安地铁2号线未使用我司产品。感谢您的关注。,-0.28798541706965963
NONAI01143_300852_20230324,300852,四会富仕,2023-03-24,24.59016393442623,15,61,董秘您好，请问前次募投的泓科电子的PCB项目，22Q4产能爬坡进度情况怎么样，产能利用率大致水平多少？然后在请问一下公司前五大客户的应收占比大致在什么水平？感谢解答,尊敬的投资者您好，公司已于2023年3月13日披露《2022年度业绩快报》，详细经营数据请参阅2023年3月31日披露的公司《2022年年度报告》。感谢您的关注，谢谢。,3.230559515288888
NONAI01144_300853_20230203,300853,申昊科技,2023-02-03,3.10077519379845,4,129,关于22-24年股票激励方案计划，根据年报预告结果来看，22年（第一个归属期）公司业绩考核目标明显未到达。请问：今年和明年这第2、第3的归属期间的业绩考核目标与股权激励计划，是否还有效？后续公司计划采取什么新的措施更好的激励核心员工的工作积极性？,尊敬的投资者，您好！股权激励的解禁条件根据当年业绩与受激励对象当年的考核情况决定，相关情况敬请关注公司2022年年度报告披露后关于股权激励的后续公告。公司将通过人才培养机制、完善的薪酬管理体系、科学的职业发展通道进一步吸引和留住优秀人才，提高核心员工工作积极性。感谢您对公司的关注。,-0.3667729857867207
NONAI01145_300857_20230314,300857,协创数据,2023-03-14,0.0,0,56,董秘你好，公司存储产品主要有哪些？应用在什么方面？,您好，公司存储产品主要有固态硬盘、移动存储设备、NAS存储设备。主要应用于数据存储、视频存储、电脑及服务器设备等方面。感谢您的关注。,-0.8858440267461817
NONAI01146_300860_20230105,300860,锋尚文化,2023-01-05,21.875,7,32,请问一下截止2022年12月31日公司股东人数是多少？谢谢！,"尊敬的投资者您好！截至2022年12月30日公司股东人数为11,327人。感谢您的关注！",2.776039957522516
NONAI01147_300864_20230113,300864,南大环境,2023-01-13,0.0,0,45,公司与投资者的交流太少了，一个月还回复不了一次。深交所一再强调要增强与市场投资者的交流。上市几年了公司股价一直下跌，但公司盈利又不错。原因是缺乏投资者对公司的了解。,感谢您的诚挚建议，新的一年，我们会进一步加强与投资者的互动交流，期待您和各位投资者继续关心和支持！,-0.8858440267461817
NONAI01148_300866_20230106,300866,安克创新,2023-01-06,8.13953488372093,7,86,你好！公司有没有研发电动车移动充电宝？可以当电动车移动充电宝又可以当户外电源。户外露营也方便。,您好，公司于2022年12月推出2400W的移动储能产品Anker PowerHouse 767（容量2048Wh），在适配转换头之后，可用于电动汽车应急充电。公司未来将持续关注储能领域，从容量、功率、安全性等多维度洞察消费者需求，丰富移动储能产品矩阵。谢谢。,0.47671745577240343
NONAI01149_300867_20230113,300867,圣元环保,2023-01-13,4.1420118343195265,7,169,"尊敬的董秘您好，贵公司的下属公司山东曹县圣元环保电力有限公司于2022年12月出现5次污染物（包括烟尘,氯化氢,氮氧化物,二氧化硫）排放超标。该超标在微博中也有相关的关注，具体参见：环境我知道。请你们核查改正并提供具体原因，希望公司要重视和控制排污问题，谢谢。",尊敬的投资者您好！经核查，曹县圣元存在排放数据异常情况，发生在2022年12月份两台炉分别停运检修期间。在此期间曹县圣元按照规定在平台上进行了标记，根据《生活垃圾焚烧发电厂自动监测数据应用管理规定》，按照标记规则及时在自动监控系统企业端如实标记，不认定为污染物排放超标，请关注官方发布。公司一向重视生产运营中的环境安全与保护工作，安全环保是公司发展的重中之重。感谢您的关注。,-0.1924695445177893
NONAI01150_300868_20230109,300868,杰美特,2023-01-09,2.2222222222222223,1,45,信息披露不规范，公司治理不规范，上市融资使用不合理，导致股民亏损大，公司应采取措施补救,尊敬的投资者您好，公司将严格按照相关法律法规以及监管要求，进行相应的整改，感谢您对公司的建议，谢谢！,-0.513843114058568
NONAI01151_300869_20230103,300869,康泰医学,2023-01-03,2.586206896551724,3,116,尊敬的董秘，您好！\n请问贵司的销售渠道有哪些？\n是否有在线上（淘宝、抖音、拼多多等）平台销售？\n线下是否有在子、孙医疗器械门店销售？,您好，公司在境外市场主要采用经销模式。在国内市场主要通过传统渠道向经销商分销公司产品，再由经销商销售给终端用户。此外，公司通过网络渠道向终端客户直接销售产品。公司的产品在京东、天猫、快手、拼多多以及阿里巴巴国际站、速卖通、亚马逊等境内外电商平台上均有销售。,-0.45291193008387265
NONAI01152_300870_20230203,300870,欧陆通,2023-02-03,2.0408163265306123,1,49,欧陆通在2022第三届中国国际充电桩运营商大会上首次发布多款充电模块产品。此次发布的产品包括75KW ACDC液冷模块、63KW DCDC液冷模块、30KW双向ACDC模块、25KW双向ACDC模块，由欧陆通全资子公司上海安世博自主研发及生产，均采用碳化硅技术设计，推升效率极佳，并且符合国际欧规、美规等严苛EMI/EMC等规格要求。\n请问贵司这四个模块是否已经都已经通过欧美各方面的测试？,尊敬的投资者您好，目前充电模块业务正在有序推进中，具体业务动态和进展请持续关注公司定期报告。感谢您的关注。,-0.5442105355024548
NONAI01153_300872_20230331,300872,天阳科技,2023-03-31,3.5714285714285716,2,56,贵公司可转债什么时候发行?大股东减持进展如何?,您好，公司的可转债已经发行，大股东减持也按规定发布了减持计划及减持进程公告，具体可参考公司在巨潮资讯网上的相关公告，谢谢。,-0.28798541706965963
NONAI01154_300873_20230103,300873,海晨股份,2023-01-03,2.0,2,100,尊敬的董秘您好！贵司有数据相关的业务吗？公司智慧物流与跨境电商业务的数据是第三方提供，还是自我采集，处理？,尊敬的投资者您好，感谢您的关注。公司不从事数据相关的业务，也从未向第三方采购、销售数据。公司信息系统中现有的数据均为公司提供供应链综合物流服务过程中产生的数据，这些数据也仅用于支持公司向客户提供供应链物流服务。谢谢！,-0.5510432053273293
NONAI01155_300875_20230107,300875,捷强装备,2023-01-07,3.75,3,80,请问中标的生物监测车已经开始供货了吗？,尊敬的投资者，您好，目前公司正按照军方流程和安排执行相关工作。公司严格按照有关法律、法规和公司章程的要求，及时履行信息披露义务，请关注公司后续相关公告。感谢您的关注与支持，谢谢！,-0.25809248658583356
NONAI01156_300884_20230313,300884,狄耐克,2023-03-13,20.0,7,35,董秘你好！截止到3月10日股东人数？谢谢,"尊敬的投资者您好！截至2023年3月10日，公司股东人数为17,243户，感谢您对公司的关注！",2.4621641874423417
NONAI01157_300886_20230420,300886,华业香料,2023-04-20,6.097560975609756,5,82,董秘，贵司范老板己经减持完了吗？,尊敬的投资者您好，范一义先生本次减持计划已实施完毕，具体内容详见公司于巨潮资讯网披露的《关于股东减持股份数量过半暨减持计划实施完毕的公告 》（公告编号2023-023）。感谢您对公司的关注，谢谢！,0.13489018489666083
NONAI01158_300887_20230119,300887,谱尼测试,2023-01-19,3.5175879396984926,7,199,亲爱的董秘你好，贵公司2021及2022年前三季度业绩增长迅速，请问贵公司2021和2022年1-9月核酸检测收入是多少？取消核酸对贵公司影响如何,尊敬的投资者，您好，公司作为国内大型综合性第三方检测机构，有21年的发展历史，集团旗下各子公司涉及30多个领域，包括：食品、农产品及健康产品检测；生态环境监测；医学检测；生物医药CRO/CDMO；新能源汽车及燃料电池检测；日用消费品和化妆品检测；电池、建材和特殊行业检测；电子电气检测等。\n核酸检测是我们医学检测中的一项业务，也是公司综合性检测机构技术实力的证明。未来公司将充分发挥综合性检测机构各项优势，继续推动公司各项业务蓬勃发展。感谢您对公司的关注！,-0.29699836093412985
NONAI01159_300888_20230104,300888,稳健医疗,2023-01-04,1.5625,1,64,请问公司元旦节是否全员上班？春节是否也会全员上班？,尊敬的投资者，您好！感谢您对稳健医疗（300888）的关注与支持！ 公司员工假期安排按照国家法定执行，工厂员工会根据订单情况实行灵活加班制度，感谢您的关注。,-0.6242808850127033
NONAI01160_300895_20230119,300895,铜牛信息,2023-01-19,1.7241379310344827,1,58,公司现在盈利比较单一，是否考虑多极发展？比如收购二股东的纺织业务，给公司盈利增加一极？,您好，公司依托自身技术及资源优势，专注于互联网数据中心和云服务业务的发展，以持续扩大运营规模、提升盈利能力为经营目标。感谢关注！,-0.5972226289713091
NONAI01161_300897_20230529,300897,山科智能,2023-05-29,5.084745762711864,9,177,公司都有哪些智慧水利产品，去年实现了多少收入，整体增速怎么样,尊敬的投资者您好，公司智慧水利业务聚焦智慧水利信息化产品的研发、服务，遵循“需求牵引、应用至上、数字赋能、提升能力”的要求，提供智慧感知平台、智能控制平台、数字孪生平台、数智治理平台、模型研判平台等整体综合性水利工程解决方案，推出的产品系列广泛应用于水安全、水资源、水环境、水生态、水文化“五水统筹”领域，能够提升水利整体智治能力和公共应用服务能力。具体收入情况以公司披露的定期报告为准，感谢您的关注。,-0.03465549771520121
NONAI01162_300899_20230112,300899,上海凯鑫,2023-01-12,0.8130081300813008,1,123,请问公司盐湖提锂的技术储备如何？目前是否有订单在手？,您好，公司拥有锂资源的综合利用工艺，该工艺可以解决卤水提锂的关键技术问题，同时实现卤水中的各种物质的提取，实现资源化回收利用，降低锂的提取成本，同时最大限度的实现水的回用，节约水资源，解决污水处理难题。后续若有相关业务进展公司将按照法规要求履行信披义务，感谢您的关注！,-0.7497461318604693
NONAI01163_300900_20230113,300900,广联航空,2023-01-13,0.9615384615384616,1,104,董秘好，请问公司与中航成飞有业务上的往来吗？,尊敬的投资者，您好！\n公司三大综合性基地分别位于哈尔滨、成都、西安。成都航新作为公司的全资子公司是入驻成都新都航空产业园的首批六家企业之一，在中航工业西南地区主机厂配套供应链中处于重要地位。\n感谢您的关注！祝新年快乐，万事大吉！,-0.7248820933717335
NONAI01164_300901_20230203,300901,中胤时尚,2023-02-03,1.3605442176870748,2,147,请问到2月1号上市公司基本上都年报预批了，贵公司又是什么原因没有预批呢？贵公司股票回购结束了吗？,感谢您对公司的关注和支持。公司会根据深交所创业板上市规则及相关规定，在达到年度业绩预告的披露标准和条件时，真实、准确、完整和及时的披露相关信息。\n公司本次回购期限尚未截止，公司将在回购期限内按照相关法律法规和规范性文件的规定，及时披露股份回购进展情况。如股份回购完成的，公司将发布回购结束公告，请您关注后续的相关公告。,-0.6580883659170305
NONAI01165_300906_20230320,300906,日月明,2023-03-20,1.7241379310344827,1,58,董秘你好！有看到最近公司星控和单点测量系统已经上线，请问能够公司业绩带来增长吗？,投资者您好，公司将不断加大研发投入，增强和提高核心技术与产品竞争力，通过技术创新和研发创新努力推动公司业绩增长，感谢您的关注。,-0.5972226289713091
NONAI01166_300907_20230113,300907,康平科技,2023-01-13,0.0,0,37,董秘你好，请问轮边电机是永磁同步电机工作原理吗？,尊敬的投资者，您好！现阶段，车用的轮边电机一般是永磁同步电机工作原理。感谢您的关注！,-0.8858440267461817
NONAI01167_300909_20230316,300909,汇创达,2023-03-16,2.4489795918367347,6,245,目前贵公司的产品在汽车上应用是否已经投产呢？销售状况如何,您好！传统业务板块，公司在MiniLED 背光技术基础上同步开展汽车智能座舱交互系统整合部件开发，将背光产品应用扩展到车载显示屏，并与下游客户联合开发进行车内氛围灯、指示灯结合按键交互领域应用领域的拓展。目前正在与Tier2厂商联合开发。\n汽车电池系统用CCS模组项目将于今年一季度完成前期铺设的4条产线的部署，并开始对外承接样品。\n公司的全资子公司信为兴生产的车载连接器产品已有小批量交付。\n上述相关技术及产品正处于开发验证阶段，对目前公司整体经营情况和业绩影响较小，敬请您注意投资风险。公司持续关注产品在汽车电子相关的应用领域。感谢您的关注！,-0.4758838372537094
NONAI01168_300911_20230102,300911,亿田智能,2023-01-02,19.35483870967742,6,31,您好！截止12月30日收盘为止，请问公司股东户数多少？机构持有又是多少家呢？谢谢领导耐心回答！,您好！感谢您对亿田智能的关注！截止2022年12月30日股东总户数为7944户。谢谢！,2.3541639224685182
NONAI01169_300913_20230320,300913,兆龙互连,2023-03-20,2.109704641350211,5,237,光电共封装CPO的出现会不会抢占公司市场份额？公司不断增加产能会不会导致产品落后造成产能过剩？,您好！公司将密切关注新技术、新趋势的发展。公司专注于数据传输“最后一百米”的传输与连接，产品包括应用于企业网、楼宇和住宅、数据中心、工业网络等领域的数据电缆及布线系统产品，应用于数据中心、高速通信领域的高速电缆及组件产品，应用于工业自动化、特种装备、医疗、新能源等领域的工业电缆及组件产品。数字化、智能化已成为社会发展的趋势，公司专注于数字通信领域，随着技术水平的不断提升，产品应用领域和规模也将不断扩大；公司募投项目已陆续投产，未来公司会根据行业发展变化情况、公司业务开展情况、公司财务等情况，合理安排产能布局。感谢您的关注。,-0.5326786033085738
NONAI01170_300916_20230105,300916,朗特智能,2023-01-05,11.538461538461538,6,52,尊敬的董秘，你好！请问截止至2022年12月30日，公司股东人数总数是多少？谢谢,尊敬的投资者：您好！根据中国证券登记结算有限责任公司提供的数据，截至2022年12月30日，公司股东总数为9086户。感谢您的关注！,1.0456991737471972
NONAI01171_300917_20230104,300917,特发服务,2023-01-04,15.217391304347826,7,46,深圳国资委托表决权给深投控后，特发服务和深物业a存在明显的同业竞争，同一控制人下，两个物业上市牌照，存在恶性竞争损害股东利益的可能，强烈建议合并。,尊敬的投资者，您好，关于同业竞争问题请查阅公司于2022年12月30日披露《收购报告书》，感谢您对公司的关注，谢谢！,1.661553527527695
NONAI01172_300918_20230105,300918,南山智尚,2023-01-05,2.127659574468085,2,94,董秘你好，请问公司的抗病毒面料采用什么技术？与一般的抗病毒面料有何优势？目前疫情闹得人心惶惶，公司抗病毒面料订单多吗？,您好，感谢您对公司的关注与支持。公司抗菌、抗病毒面料采用银离子结合脂质体囊泡技术，通过长效释放银离子，可以有效消杀包膜病毒、真菌、细菌等，以实现长久且有效的保护功能。具体情况请详见公司后续定期报告及相关公告。,-0.5296729401303814
NONAI01173_300921_20230329,300921,南凌科技,2023-03-29,3.4146341463414633,7,205,您好，据鲁总在VMware合作伙伴高层峰会介绍，南凌的凌云边缘计算服务，是VCPP模式下的重要合作成果。请问南凌与VMware是如何合作的？双方在国内或全球是一个怎样的合作关系？随着国内外企业对AI、企业数字化投资热度的提升，公司会加大与VMware在云服务、云计算方面的合作吗？,尊敬的投资者您好。VCPP（VMware Cloud Provider Program） 是VMware面向合作伙伴的项目计划，旨在帮助合作伙伴构建和交付基于VMware技术基础的云服务，即云端的服务方式。南凌科技与VMware在VCPP模式下深度合作，以Vmware虚拟化技术为基础，以南凌骨干网节点为资源部署的凌云边缘计算服务，为边缘计算服务提供了新的产品模式。未来，公司将借助VMware在多云网络与安全、多云管理等领域的丰富经验，加强与其在云基础架构技术方面的共赢合作，汇聚双方的力量来实现业务模式创新，进而为客户的数字化转型提供支持。感谢您对公司的关注。,-0.3142328682261899
NONAI01174_300925_20230119,300925,法本信息,2023-01-19,0.0,0,30,市场传闻某耀通讯设备公司正在计划借壳法本上市，请董秘简要介绍相关情况进展？,尊敬的投资者，您好！敬请不信谣，不传谣，同时注意投资风险！谢谢您的关注！,-0.8858440267461817
NONAI01175_300928_20230110,300928,华安鑫创,2023-01-10,0.0,0,31,请问公司截止到12月底的在手订单是多少？8月份是100亿出头，又过了4个月应该有所增长吧？ 不用等到看年报吧,尊敬的投资者您好，公司会定期进行在手定点情况的披露，敬请您持续关注。,-0.8858440267461817
NONAI01176_300929_20230104,300929,华骐环保,2023-01-04,3.3333333333333335,1,30,请问一下目前公司的股东数量？,尊敬的投资者您好，敬请关注公司定期报告中的相关内容，感谢您的关注！,-0.3278426577147611
NONAI01177_300931_20230301,300931,通用电梯,2023-03-01,0.9569377990430622,2,209,请问贵公司在中标苏州地铁后，生产线负荷如何，有力再接单生产？另外，新工厂何时能够启用？既有建筑加装电梯市场拓展如何？,尊敬的投资者您好，感谢关注通用电梯。\n公司中标苏州轨道交通项目后，通过积极调配生产设备，优化生产流程，目前产能在满足履行轨道交通项目合同需求的同时，不会影响公司履行其他客户订单或新接订单的生产需求。公司也在积极推进电梯智能制造基地项目施工，争取如期投入试运行。加装电梯作为一项民生工作，近年来得到住建部等各政府部门的积极推进。公司已成立司既有建筑加装电梯事业部积极响应加装电梯市场需求，积极拓展加装电梯市场，努力提升加装电梯市场相关服务能力。谢谢！,-0.7256522461629988
NONAI01178_300935_20230314,300935,盈建科,2023-03-14,1.0,1,100,如果国外对我们实施软件制裁，公司是否有解决方案？,尊敬的投资者，您好！公司自成立以来始终坚持自主研发，核心技术和产品自主可控。假如国外对我国实施软件制裁，客户依旧可以继续使用公司产品。除此之外，公司相关产品可以帮助行业客户对AutoCAD等国外软件进行国产替代。感谢您的关注，谢谢！,-0.7184436160367556
NONAI01179_300937_20230105,300937,药易购,2023-01-05,3.821656050955414,6,157,请问公司是否有血氧仪产品的采购服务？近期公司整体的销售情况到底如何？,"尊敬的投资者，您好。公司为满足终端和基层医疗机构丰富的用药需求，在品种资源和上下游渠道上持续拓展和优化，目前公司经营的医药类产品数量约17,000余种，与众多厂商达成战略合作，产品种类覆盖西药、中成药、中药饮片和中药材、食品和保健食品、医疗器械及非药品及其他等多个类别，其中包含血氧仪产品。其它相关数据请以公司披露的定期报告为准。感谢您对公司的关注。",-0.24609723422608168
NONAI01180_300938_20230206,300938,信测标准,2023-02-06,1.694915254237288,1,59,"首先.感谢你们不厌其烦的回复我们提出的问题。請問把带有时间和姓名的股票交易软件持仓截图和身份证一并扫描发送至公司邮箱，可以获知 非定期报告相关时点的股东人数吗？盼你们具体，明确答复。顺祝你们，身体健康，万事如意, 【比如截至到2023年1月20日贵公司的股东人数是多少？.",尊敬的投资者，您好！如您已将相关股东身份证明文件发送至公司指定邮箱，公司会在确认身份信息后及时回复您股东人数情况。感谢您的关注！,-0.6021145170691882
NONAI01181_300939_20230306,300939,秋田微,2023-03-06,1.3513513513513513,1,74,请问就目前使用情况而言，是否激光雷达液晶光阀是每部激光雷达的必需核心组件？,尊敬的投资者，您好！公司主要从事液晶显示及触控产品的研发、设计、生产和销售，公司在研项目具体情况及相关进展敬请参见公司对外披露的定期报告等相关公告。感谢您的关注！,-0.6596272555172275
NONAI01182_300940_20230613,300940,南极光,2023-06-13,0.0,0,44,贵公司有光模块领域的技术吗？谢谢,尊敬的投资者，您好。公司主要从事以背光显示模组为核心的手机零部件的研发、生产和销售。感谢您的关注。,-0.8858440267461817
NONAI01183_300941_20230104,300941,创识科技,2023-01-04,16.129032258064516,5,31,您好，请问，贵公司截止12月30日股东人数是多少？谢谢！,尊敬的投资者，您好！截至2022年12月30日，公司股东总数为17758户。感谢您的关注！,1.8141625975994016
NONAI01184_300942_20230104,300942,易瑞生物,2023-01-04,5.0,2,40,请问董秘，公司发债还需要多久时间上市呢？对于价格方面公司有什么计划吗,尊敬的投资者，您好！相关信息请持续关注公司后续披露的相关公告。感谢您对公司的关注与支持！,-0.04884197319905085
NONAI01185_300945_20230113,300945,曼卡龙,2023-01-13,4.081632653061225,2,49,请问贵司2022年12月30日的股东人数是多少？,尊敬的投资者您好，公司股东实时信息不在披露范围内，请关注公司后续定期报告中披露的数据，感谢您对公司的关注！,-0.20257704425872794
NONAI01186_300947_20230106,300947,德必集团,2023-01-06,4.201680672268908,10,238,尊敬的董秘您好，23年2月1日执行的《上海市住房租赁条例》对“二房东”加大了监管力度，条例的实施会给公司带来哪些影响？还有公司自有产权的物业面积是多少？谢谢。,尊敬的投资者，您好！自2023年2月1日起施行的《上海市住房租赁条例》适用范围为上海市行政区域内的住房租赁及其监督管理，其目的为规范住房租赁行为，保障住房租赁当事人合法权益，促进住房租赁市场健康发展。而公司作为文科创产业园区的运营服务商，主营业务为文科创产业园区的定位、设计、改造、招商及运营管理，为文科创企业提供舒适的办公环境和深度的专业化服务。公司主营业务不属于《上海市住房租赁条例》的适用范围，条例的实施不会对公司产生影响。目前，公司主要采用“承租运营”、“参股运营”、“受托运营”三种经营模式，不存在自持物业产权的情况。感谢您的关注！,-0.18248095653850868
NONAI01187_300948_20230222,300948,冠中生态,2023-02-22,3.125,1,32,公司的业务涉及城市污水处理改造吗？,尊敬的投资者，您好！目前公司业务不涉及城市污水处理与改造，感谢您的关注！,-0.3627177432792249
NONAI01188_300949_20230308,300949,奥雅股份,2023-03-08,2.508361204013378,15,598,董秘好！近期旅游复苏强劲，公司开发的文旅体验项目，比如“大筒仓项目”以及和四川旅投合作的相关项目等，目前客流和进展情况如何？,尊敬的投资者您好，感谢您对公司的关注。根据文化和旅游部数据显示，疫后全面上扬的文旅行业统计曲线，展现出了文旅经济发展蕴含了巨大需求和潜力。公司作为新文旅时代的优秀品牌运营商，以创意设计为驱动， 以运营为导向，以数字艺术为支持的发展格局下，已形成了创意设计、亲子文旅、芊熹科技三大产业，以及围绕文旅运营的职业教育产业也正在蓬勃起步。\n\n目前已建成开放的“THE SILOS大筒仓”元宇宙空间项目是中国首个元宇宙线下体验场，自2022年6月30日开幕以来，疫情影响多次闭馆封控的情况下，依然迎来了两万多名游客以及接近400批次的G端客户、B端客户以及媒体的参观考察，受到数字艺术爱好人士的专业好评。同时，大筒仓还发挥数字艺术空间及场景优势，联动众多品牌及机构举办了丰富多彩的跨界活动。和川旅投合作尚无落地运营项目。\n\n同时代表公司在文旅运营业务板块里程碑式的项目，衡水湖景区鸭鸭乐园已于2022年秋季建成并开业运营，公司以EPC+O的模式用全新主题乐园体验为衡水湖在春节期间，带来接待游客量超30万。目前公司已签约或待签约的文旅项目还有：唐宫夜游、建瓯古城、赣州田心村一期、檀谷洛嘉自然探索中心、常州舜山飞猪乐园、苏州旺山遇见卢浮宫、成都北湖生态公园、南昌洛嘉白马森乐园等。\n\n公司将持续整合产业上下游更多优质资源，以丰富的主题场景营造设计和主题文旅商业运营经验及实力为导向，联合各方优质资源，把握当下文旅时代的契机，兼顾数字创意、高品质社交空间营造及乡村建设与城市更新等思想，继续在跨领域、跨行业新文旅时代落地与运营更多精彩项目。谢谢。,-0.4659433309867515
NONAI01189_300950_20230103,300950,德固特,2023-01-03,17.94871794871795,7,39,董事长你好，贵公司2022年年报披露时间，有没有预约时间。,尊敬的投资者您好！公司2022年年报预约披露时间为2023年4月26日，谢谢您对公司的关心与支持！,2.118778729576852
NONAI01190_300953_20230106,300953,震裕科技,2023-01-06,4.615384615384615,3,65,董秘您好，请问是否为比亚迪提供新能源汽车驱动电机铁芯？目前使用在什么车型上面？是否有使用在仰望R1上？谢谢。,您好，比亚迪是公司的重要客户，公司全资子公司苏州范斯特机械科技有限公司一直以来都在给比亚迪提供新能源汽车驱动电机铁芯，感谢您对公司的关注！,-0.1132267465488302
NONAI01191_300956_20230103,300956,英力股份,2023-01-03,0.0,0,71,公司生态体系是否有涉及基础硬件、基础软件、应用软件、信息安全及云计算平台几部分组成，其中芯片、整机、操作系统、数据库、中间件是最重要的产业链环节。包括1：3U（CPU/GPU/DPU）；2：操作系统、数据库；3：工业软件（EDA、CAD、PLC等）；4：信息安全类。这些是否有涉及应用,尊敬的投资者您好，感谢您的关注！公司目前不涉及这些应用。公司在坚持主业笔记本电脑结构件及相关精密模具的同时，积极拓展新型太阳能电池片及高效光伏组件领域。,-0.8858440267461817
NONAI01192_300957_20230110,300957,贝泰妮,2023-01-10,1.2195121951219512,1,82,请问：1.目前贵司的产品销售均在国内，请问是否有布局东南亚等同属黄种肤质国家的打算？2.希望贵司针对股东也进行新产品，最好是aoxmed的新年礼品赠送活动，此时点消息一出必然会出新闻，一是可以起到对股东回馈作用，二是过年期间走亲访友也有极好的宣传作用。,尊敬的投资者您好，公司目前销售主要来自中国市场，我们会努力不断巩固自身的市场地位，积极开拓市场更多可能性。另外感谢您提供的宝贵建议，我们会传达给管理层。谢谢您对公司的理解与支持！,-0.6816971844176132
NONAI01193_300958_20230112,300958,建工修复,2023-01-12,7.540394973070018,42,557,公司16年蝉联全国修复企业10强榜首，这两年为什么越做越差呢？龙头企业的市场份额都丢了吗？,尊敬的投资者您好，感谢您对公司的持续关注！\n自公司成立以来，在全国29个省市自治区相继完成了近300余例污染场地修复项目、场地调查及风险评估项目，始终保持行业领跑地位。公司首创环境综合管理服务模式、成功引入棕地开发服务模式、探索性实践固废利用+环境修复的“以废治废”模式，产业链逐步向高附加值延伸。\n疫情原因，环境修复总体市场规模的释放速度受到一些影响。面对挑战，公司攻坚克难，经营发展取得重要成果：\n2021年修复公司于深交所创业板挂牌，完成资本市场对接，公司发展进入新阶段。根据《2021年土壤环境修复行业市场分析报告》（生态环境部环境规划院等著）显示，2021年修复工程项目金额排名前十位的公司中，依次有建工修复、高能环境等三家上市公司上榜，建工修复2021年承接的修复工程项目总金额位列前茅。\n2022年建工修复凭借在修复领域的核心竞争力和全产业链综合实力，再次荣获“土壤修复年度领跑”荣誉称号，连续9次入围行业领先企业榜单。2022年前三季度比2021年同期营业收入增长1.58%，归母净利润增长15.17%。2022年上半年比2021年同期新增订单增长80.12%。（2022年前三季度新增订单情况无披露数据可比，全年经营数据将于公司年度报告中披露，敬请关注。）\n站在公司十五载努力与收获的基础上，修复公司将继续以高市场契合度赢得发展，精益求精加强履约，技术领先与技术创效齐抓并进，并借助资本市场加速企业发展，持续保持行业的领先地位，引领行业向高品质竞争发展，促进国民宜居生态环境回归自然。\n谢谢！,0.3764211886570319
NONAI01194_300959_20230505,300959,线上线下,2023-05-05,2.092050209205021,5,239,听说公司有一套基于大数据+人工智能的短信营销系统，是真的吗？,投资者您好，公司目前主营业务包括移动信息服务和数字营销业务，移动信息服务主要通过定制化系统开发、企业即时通讯平台、API系统对接等多种形式为客户提供围绕企业短信的全套服务，包括前期调试开通客户和公司平台的对接、运营过程中对客户短信运营系统的维护和升级、短信传输过程中的延迟等问题的解决，确保短信传输的平稳、快捷；数字营销业务中，公司作为广告主在数字媒体平台的代运营商，基于对数字媒体平台广告投放规则的深刻理解和对数字媒体行业敏锐的洞察力，能够帮助广告主实现更高效、更优质的投放转化效果，提升客户的广告效益，谢谢关注！,-0.5356339625005203
NONAI01195_300967_20230213,300967,晓鸣股份,2023-02-13,3.0303030303030303,1,33,董秘你好，贵公司是否有和香港正大企业国际业务往来？,尊敬的投资人您好，公司与正大企业国际有限公司暂无业务往来，感谢您的关注。,-0.37857005489943574
NONAI01196_300968_20230111,300968,格林精密,2023-01-11,1.694915254237288,2,118,机构预测23年折叠屏手机出货量会大涨，公司是否涉及折叠屏手机精密部件，是否通过大厂认证供货,投资者，您好！\n公司生产的精密结构件可应用于折叠屏手机等终端产品。目前公司已参与某全球知名安卓系头部品牌折叠屏手机项目的前期研发工作，相关产品的研发会按照研发进度、市场情况等综合考虑推进产业化。公司将按照有关规定履行信息披露义务。\n感谢您对公司的关注！,-0.6021145170691882
NONAI01197_300975_20230104,300975,商络电子,2023-01-04,0.0,0,60,如果公司2022年年报净利润下降50％，会不会提前对外预报？,尊敬的投资者您好！公司将严格遵守相关法律法规的规定，如符合业绩预告披露相关情形的，公司将及时履行信息披露义务。感谢您的关注和支持！,-0.8858440267461817
NONAI01198_300977_20230109,300977,深圳瑞捷,2023-01-09,0.819672131147541,1,122,有消息提到，为拓宽公司业务范畴已初步和荣耀投资并购部相关人士进行会谈，请问公司有无对未来业务发展的战略规划？,尊敬的投资者您好！截至目前，公司相关部门并未与荣耀投资并购部有接触。公司致力于成为以工程管理、工程评估为主导的数字化服务供应商，积极探索公共建筑、工业建筑、市政工程、土木工程等领域，以及工程保险、绿色低碳建筑等新兴业务领域，抢抓业务机遇，开发新的业绩增长点。感谢您的关注！,-0.7486305753450128
NONAI01199_300981_20230109,300981,中红医疗,2023-01-09,3.9735099337748343,6,151,听说最近输注产品供不应求，中红是不是也生产输注产品？手套现在怎么样了？,尊重的投资者，您好！安全输注事业部是公司三大事业部之一，是公司业务的重要组成部分。根据公司销售部门反馈，公司输注类产品确实存在明显的供不应求现象。公司相关工厂正努力采取措施增加产量，尽可能满足客户需求。一次性健康手套方面，根据已经披露的三季度报告，毛利率较高的丁腈手套产品产销量同比2021年同期已经有明显改善，感谢您对公司的关注。,-0.22067683187428966
NONAI01200_300983_20230116,300983,尤安设计,2023-01-16,2.6785714285714284,3,112,贵公司有业绩预告吗？,您好！\n根据《深圳证券交易所创业板股票上市规则》的相关规定，若有业绩预告，应\n当在会计年度结束之日起一个月内（即：1月31日前）作出。\n目前，公司无应披露而未披露的事项存在。\n公司正在加紧有关会计核算。若涉及业绩预告情形，则将于规定期限内作出披露。\n谢谢！,-0.4374500694887902
NONAI01201_300986_20230208,300986,志特新材,2023-02-08,2.5316455696202533,2,79,您好！请问截至2月7日，公司股东人数是多少？谢谢！,尊敬的投资者，您好。公司的定期报告会对股东总人数进行披露，届时请关注披露公告。如需查询股东人数，请提供持有本公司股份的种类及持股数量的书面文件，欢迎到公司查询，感谢您的关注。,-0.46204551862105214
NONAI01202_300987_20230103,300987,川网传媒,2023-01-03,20.689655172413794,6,29,请问，截至2022年十二月 30日公司的股东总数是多少？谢谢,"投资者，您好！截止至2022年12月30日，公司股东总户数为13,065户。谢谢关注！",2.577612746552291
NONAI01203_300989_20230316,300989,蕾奥规划,2023-03-16,4.382470119521912,22,502,公司开拓的数字经济相关的业务如何了？,尊敬的投资者，您好。公司正在努力搭建数字孪生产品线、双碳大数据以及数字空间等业务模块，充分利用在地化服务和产业大数据，强化“智慧城市规划运营专家”品牌价值，增加公司科技属性。\n近几年，从东数西算、全国一体化政务大数据体系建设，到“数据二十条”和《数字中国建设整体布局规划》相继颁布，再到国家数据局组建，数据经济重要性越发突显。为此，在2022年5月，公司正式加入深圳市南山区数字经济产业协会，全面参与到数字化转型的建设浪潮之中。2022年5月，为完善公司在智慧城市及战略新兴产业的布局，助推规划设计的数字化、智能化和平台化建设，提升公司综合竞争力和行业地位，公司与专业投资机构深圳市高新投集团有限公司等合作方发起设立股权投资基金，投资方向聚焦在智能制造、半导体、新能源、新材料、智慧城市等国家战略性新兴产业。2022年6月，为积极开拓智慧城市（数字经济）业务，加快推进智慧城市运营和终端产品领域的产业布局，公司全资子公司蕾奥投控与深圳市无限空间工业设计有限公司合资设立蕾奥无限未来城市（重庆）智能技术有限公司。\n未来，公司将继续开拓城市运营业务与智慧城市（数字经济）业务，并大力发展与智慧城市规划运营相协同的投资业务，后续如相关业务有进展，公司将按照证监会及深交所要求及时履行信息披露义务，请关注公司相关公告。感谢您的关注。,-0.15221672881642562
NONAI01204_300991_20230306,300991,创益通,2023-03-06,4.545454545454546,2,44,公司有6G的技术储备吗？公司产品应运于5G，到时能否运用在6G产品上？,您好，感谢您对公司的关注和支持。目前6G技术尚处于早期研究和探索阶段，公司暂无相关技术与产品。谢谢。,-0.12493306897606267
NONAI01205_300993_20230222,300993,玉马遮阳,2023-02-22,3.8461538461538463,1,26,截止2月20日股东人数是多少,您好！关于公司的股东人数将在定期报告中披露，敬请留意。谢谢！,-0.24199629324838873
NONAI01206_300995_20230110,300995,奇德新材,2023-01-10,27.272727272727273,6,22,请问截止12月底，最新股东人数是多少？,"您好，截至2022年12月30日，公司股东人数共8,199户，谢谢。",3.5991992847994347
NONAI01207_300996_20230104,300996,普联软件,2023-01-04,17.647058823529413,9,51,尊敬的董秘，你好！请问截止至2022年12月30日，公司股东人数总数是多少？谢谢,尊敬的投资者您好，有关公司的2022年12月30日股东总数，敬请关注后续披露的《2022年年度报告》相关内容。谢谢您对公司的关注。,2.068280868126045
NONAI01208_301001_20230321,301001,凯淳股份,2023-03-21,3.1746031746031744,4,126,人工智能大浪潮下，公司准备怎么干？有没有准备接入百度或者微软的系统？谢谢,尊敬的投资者，您好！公司将密切关注新技术、新趋势的发展，积极推动智能数字化技术支持平台项目建设。通过对全渠道CRM会员管理和全渠道数字化营销生态进行建设和完善，以及对全媒体客服管理系统的开发搭建，为公司现有数字化信息系统进行全面智能化升级，提升公司业务服务能力。感谢您的关注。,-0.35441415147816213
NONAI01209_301002_20230104,301002,崧盛股份,2023-01-04,19.444444444444443,7,36,您好，请问，贵公司截止12月30日股东人数是多少？谢谢！,"尊敬的投资者您好，截至2022年12月30日，公司股东总户数为10,707户。感谢您对公司的关注！",2.369163959270438
NONAI01210_301007_20230103,301007,德迈仕,2023-01-03,17.647058823529413,6,34,请问，截至2022年十二月 30日公司的股东总数是多少？谢谢,您好！截至2022年12月30日公司在册股东人数约为1.42万人，感谢您对德迈仕的关注！,2.068280868126045
NONAI01211_301011_20230327,301011,华立科技,2023-03-27,2.459016393442623,3,122,董秘你好!请问贵公司和腾讯有没有在游戏方面有合作？,尊敬的投资者您好，公司目前暂未与腾讯在业务上有直接合作，公司持续加强与国内外顶流游戏开发商、版权方的深度合作，同时通过加大研发投入，积极储备具有国潮特色的IP产品，公司将通过联合研发、自主研发、代理发行等多种方式，推出更多更有竞争力的游戏游艺产品与服务，感谢您的关注。,-0.4742036725426747
NONAI01212_301012_20230113,301012,扬电科技,2023-01-13,0.0,0,42,贵公司募投项目完成的怎么样了，哪些项目能在2023年年初开工？,您好！公司结合市场需求、技术改进等因素，募投项目分阶段建设中，部分项目已完工并已开始生产。谢谢！,-0.8858440267461817
NONAI01213_301013_20230103,301013,利和兴,2023-01-03,4.098360655737705,5,122,公司和华为有那方面的合作？,尊敬的投资者，您好！公司与客户主要在移动智能终端、通讯基站等多个领域进行合作，其中移动智能终端类主要为应用于手机等移动智能终端的检测类及制程类产品，通讯基站领域主要为基站电源测试平台等产品。此外，公司与客户在电脑、可穿戴产品、汽车等领域进行了相关合作。感谢您的关注！,-0.19977676974033678
NONAI01214_301017_20230106,301017,漱玉平民,2023-01-06,0.0,0,31,董秘好，公司旗下的济南全福医院是否涉嫌违规出售新冠口服药？是否还在继续运营？,您好，济南全福医院严格遵守相关部门的规定进行营业活动。感谢您的关注。,-0.8858440267461817
NONAI01215_301018_20230306,301018,申菱环境,2023-03-06,0.0,0,42,公司在固态电池方向有何布局？这个方向市场空间如何？固态电池相关产线设备相比现有锂电产线设备，在公司布局方向是否有明显增量？,您好！公司主要为锂电池制造工厂提供超低湿度除湿设备，工业洁净空调以及洁净环境解决方案。谢谢！,-0.8858440267461817
NONAI01216_301024_20230309,301024,霍普股份,2023-03-09,17.142857142857142,6,35,你好 请问截至2月28日公司股东人数是多少？谢谢,"尊敬的投资者，您好！\n截至2023年2月28日，公司股东总户数为5,519户。\n感谢您的关注！",1.9838772997011238
NONAI01217_301025_20230323,301025,读客文化,2023-03-23,2.127659574468085,2,94,贵司有无线上电商？,尊敬的投资者您好！目前公司除保持与原有线上主要平台电商（如当当网、京东等）的合作外，还在着力打造线上自营电商渠道和短视频电商渠道，已经形成了涵盖天猫、京东、微信、抖音、B站、小红书在内的自营渠道矩阵，感谢您的关注！,-0.5296729401303814
NONAI01218_301027_20230201,301027,华蓝集团,2023-02-01,0.8849557522123894,1,113,贵司为什么不新增光伏和新能源相关概念？,您好，感谢您的关注。公司在新能源业务方面，主要涉及分布式光伏电站的开发、建设和运营，已成为东莞市光伏行业协会副会长单位和广东省太阳能协会理事单位。公司所属概念板块等分类信息由各股票交易软件及其用户自行维护，不代表公司立场，相关信息仅供参考。谢谢。,-0.7377020703661586
NONAI01219_301029_20230103,301029,怡合达,2023-01-03,23.076923076923077,6,26,请问，截至2022年十二月 30日公司的股东总数是多少？谢谢,您好，感谢您对公司的关注，截至2022年12月30日，公司股东总数6395。,2.977242374240576
NONAI01220_301035_20230206,301035,润丰股份,2023-02-06,3.1802120141342756,9,283,公司公告增发预案，却说暂时不召开股东会议，有何意图？增发上限对应募资上限，增发价格仅仅30元左右？定价基准日是哪一日，是董事会决议日还是股东大会批准日？人民币贬值对公司财务影响是正向的还是负向的？,"您好，针对您的提问回复如下：\n1、公司基于2023年度向特定对象发行股票的总体工作安排，相关工作及事项准备完成后，公司董事会将另行发布召开股东大会的通知，敬请关注。\n2、发行上限并不是最终的发行数量，最终发行数量以中国证监会核准的结果为准。\n3、定价基准日为发行期首日，发行价格不低于定价基准日前二十个交易日公司股票交易均价的百分之八十（定价基准日前二十个交易日股票交易均价=定价基准日前二十个交易日股票交易总额/定价基准日前二十个交易日股票交易总量）。具体内容可查看发行预案公告。\n4、公司针对汇率波动建立了常态的不以盈利为目的的远期结售汇业务机制, 从过去几年的实施效果来看, 人民币汇率波动对公司财务影响不大，感谢您的关注！",-0.35347522943705256
NONAI01221_301038_20230209,301038,深水规院,2023-02-09,6.153846153846154,8,130,董秘您好，请问贵司是否完成了水务的数字化转型,尊敬的投资者您好！公司一直深耕水务行业数字业务，根据公司“一体两翼”发展战略，由全资子公司、国家高新技术、专精特新企业“深圳水务科技”及公司设立的广东省工程技术研究中心、深圳市企业技术中心、大数据中心作为平台，持续完善数字化软、硬件体系和人才队伍建设，不断提升数字化技术研发和转化能力。谢谢！,0.1443123468502871
NONAI01222_301041_20230103,301041,金百泽,2023-01-03,14.864864864864865,11,74,您好，请问，贵公司截止12月30日股东人数是多少？谢谢！,"尊敬的投资者，您好！截止至2022年12月20日，公司股东总数为14,567户。截至2022年12月30日的股东总数，为尚未披露的定期报告内容，敬请您关注公司后续披露的定期报告。感谢您的关注！",1.6025404567723156
NONAI01223_301042_20230113,301042,安联锐视,2023-01-13,4.918032786885246,3,61,董秘大大您好！强烈希望公司分红能推出10转8的方案来回馈中小投资者，还望董事长和公司管理层重点考虑，请转达，谢谢！,尊敬的投资者，您好！您的建议我公司已收到，公司会综合考虑全体股东利益及公司长远发展，按照程序合理安排利润分配事宜。感谢您对公司的关注！,-0.06256331833916773
NONAI01224_301046_20230414,301046,能辉科技,2023-04-14,2.2222222222222223,1,45,很久未见公司发布中标信息，请问2023年一季度公司的新签订单情况如何？积压的未执行订单是否得到有效释放。,尊敬的投资者，您好！感谢您对公司的关注！对于新中标、或新签订单，按规定如需公告的，公司会及时披露公告的。,-0.513843114058568
NONAI01225_301047_20230505,301047,义翘神州,2023-05-05,3.278688524590164,4,122,董秘你好：根据2022年年度报告预告，新冠业务下降约70％，根据新冠国家最近防疫政策，是否可以确认2023年以来，新冠相关业务已停止或相关收入环比大幅下降？,尊敬的投资者，您好！公司持续关注新冠病毒变异情况，并将根据市场需求开发相关基因、蛋白、抗体等生物试剂，继续保持全球新冠病毒生物试剂重要供应商的地位，但受外部因素影响，2023年度公司新冠病毒相关业务存在不确定性，非新冠病毒相关业务预计仍将保持持续增长。感谢您对公司的关注。,-0.33699022114150573
NONAI01226_301050_20230120,301050,雷电微力,2023-01-20,0.0,0,33,请问，未来军工产品征收增值税，是否包括公司现有在手合同？,您好，公司现有部分在手合同需要按照军工产品征收增值税。感谢您的关注，谢谢！,-0.8858440267461817
NONAI01227_301052_20230331,301052,果麦文化,2023-03-31,6.382978723404255,3,47,董秘您好，\n请问贵公司是否有AI绘画技术储备？,投资者您好，公司在2022年年报研发投入章节中披露了对“基于AI特征的场景图绘制软件”的投入情况，感谢您的关注。,0.18266923310121938
NONAI01228_301055_20230208,301055,张小泉,2023-02-08,0.0,0,104,请问公司会否生产茶道相关的剪刀，用来剪茶包这些,尊敬的投资者您好！公司生产的用于茶道类的剪刀有工艺剪、鹤型剪、古典剪，另外还有茶韵四君子系列泡茶工具、紫韵系列茶釜茶炉、紫韵·神徽系列茶壶茶台等多款茶具，欢迎前往上海豫园店、杭州湖滨店、武汉万象城店等线下直营门店选购。感谢您的关注！,-0.8858440267461817
NONAI01229_301060_20230117,301060,兰卫医学,2023-01-17,1.342281879194631,2,149,请问，随着防疫政策的调整，公司核酸检测业务有没有调整。有没有拓展新的业务来确保利润增长？,尊敬的投资人您好，感谢您对公司的关注与支持！\n新冠核酸检测服务属于公司医学检验项目的其中一项。公司专注于检验诊断领域多年，除直接提供医学检验和病理诊断服务外，还通过代理销售国际知名品牌体外诊断产品，为各级医疗机构以及科研机构提供体外诊断产品和专业技术支持。随着防疫政策的调整，公司各条线业务也将逐步正常化开展。\n谢谢！,-0.6611454888811802
NONAI01230_301062_20230109,301062,上海艾录,2023-01-09,0.9345794392523364,1,107,请问贵公司进入光伏领域后，会不会加大资金研发投入？,尊敬的投资者：您好！\n公司本次拟设立艾录新能源致力于高性能光伏背板膜的生产及产品研发创新，为公司在新能源光伏储能领域的积极探索及布局，公司将根据该项目的推进及效益情况制定相应战略发展规划及研发投入。\n感谢您对公司的关注与支持！,-0.7293950447747555
NONAI01231_301066_20230206,301066,万事利,2023-02-06,13.114754098360656,8,61,尊敬的董秘，最近微软提出和openAI进行深度合作推进人工智能，贵司与微软共同开发的西湖一号人工智能研发的美学创意平台，目前是否还在继续合作？,尊敬的投资者，您好！公司“西湖一号”目前在微信公众号“万事利AI平台”上使用。目前公司的“西湖一号”技术研发升级与北京红棉小冰科技有限公司合作。,1.3095711956725222
NONAI01232_301070_20230103,301070,开勒股份,2023-01-03,12.5,4,32,董秘您好，请问公司截至12月30日股东户数是多少？谢谢。,尊敬的投资者：您好！截止12月30日，公司股东人数为7504个，感谢您对公司的关注！,1.2066611071216455
NONAI01233_301073_20230330,301073,君亭酒店,2023-03-30,8.0,4,50,尊敬的董秘您好！有几个问题请教：公司在2022年发起的对君澜和景澜二个品牌酒店的收购目前是否已经完成？如果2022年内已完成，收购的前述酒店业绩是否会并表在2022年财报中？如至今尚未完成，原因是？预计会在何时完成？谢谢,投资者您好，公司已完成对君澜和景澜两家管理公司及相关品牌的收购，上述两家公司已纳入2022年度合并报表范围，谢谢！,0.4533592589292277
NONAI01234_301078_20230119,301078,孩子王,2023-01-19,4.761904761904762,4,84,兔年到了，请问孩子王有没有什么和兔子IP相关的策划？\n公司有没有考虑改名“兔子王”，或成立相关子品牌。\n谢谢！,您好！为了迎接兔年，公司自有玩具品牌慧殿堂推出了“大展宏兔”、“钱兔无量”等兔年主题IP；同时，孩子王下属500多家门店也开展了庆祝兔年相关主题活动的策划，展现孩子王特色，传递爱与欢乐。感谢您的关注！,-0.08869921384415232
NONAI01235_301083_20230323,301083,百胜智能,2023-03-23,14.285714285714286,6,42,您好，请问，贵公司截止3月20日股东人数是多少？谢谢！,"感谢您的提问。根据中国结算下发的最新股东持股信息，截止2023年3月20日（星期一）股东总数为11,759户。",1.5055904119599068
NONAI01236_301085_20230306,301085,亚康股份,2023-03-06,6.451612903225806,2,31,你好，请问预计多久申购可转债,尊敬的投资者，请以公司官方公告为准，持续关注公司的官方信息。感谢关注。,0.19415862299205158
NONAI01237_301086_20230105,301086,鸿富瀚,2023-01-05,5.2631578947368425,4,76,果链概念股受到重挫，公司业绩是否受到影响，新能源锂电池切叠，切卷能否给公司带来新的利润增长点，配合股权激励的实施有无增持股票的计划？,尊敬的投资者您好！目前公司业务正常，锂电池相关业务进展和股权激励事宜敬请留意公司公告，公司将严格按照上市公司信息披露有关要求及时履行信披义务，感谢您对公司的关注！,-0.004789233538675474
NONAI01238_301087_20230107,301087,可孚医疗,2023-01-07,0.0,0,85,请问董秘，当下全国疫情严重，公司生产的血氧仪、呼吸机供应状况怎么样，是否能满足市场需求，公对公司业绩影响几何？,尊敬的投资者，您好！近期血氧仪、呼吸机等产品市场需求上升，部分产品出现供不应求的情况，公司正在加班加点保障相关产品供应。公司具体财务数据，请关注后续披露的定期报告或临时公告。感谢您的关注！,-0.8858440267461817
NONAI01239_301088_20230505,301088,戎美股份,2023-05-05,0.1620745542949757,1,617,您好，公司2022年营收构成显示，华东当之无愧占公司营收的半壁江山，所以很能理解公司披露的线下实体店选址都集中在了华东。同时也显示华南地区的营收增长强劲，作为中国经济最活跃的华南地区，强烈建议公司在广州、深圳也布局线下实体店。另外其他业务营收尽管比重较低，但增长近五成，请问具体是哪些业务？,祖国广大，幅员辽阔，文化多元。在五月初的当下，最北面的省份还有粉丝在购买羊绒衫羽绒服，最南面的区域粉丝已经穿上短衣凉鞋。戎美是为数不多的在当下依然在售春夏秋冬四季衣着的国内品牌，这就是互联网零售无远弗届的优势所在。我们在做行业分析时注意到目前中国的女装品牌的区域显著性非常强，比如广深的品牌很少在华北露面，北方的品牌在华南的市场占比较低，除了经济因素以外，气候、文化和管理半径都是可能的原因。将戎美比较已上市的其他品牌，我们发现地理销售额构成的分布上，我们具有较低的显著性，意即：即便华东区域占据近一半左右的销售额，与传统模式的品牌相比，戎美的销售区域区域分布是相对分散的。这样的结果体现了互联网零售模式的一个优势，相对来说较少受实体渠道数量和密度的影响。\n在公司发展战略里，实体门店是市场拓展的重要补充，或将显著提升消费者的品牌认知，进而增加消费并成为粉丝。积极开拓，谨慎投资是我们的经营信条之一。在尝试新的业务时，我们选择在数据量最大的市场先行展开，积累经验并取得成功后，将会持续稳健推进。\n互联网零售的另一个特征之一是顾客人群的分布，相对而言年轻人具有线上购物习惯，那么在市场选择上，我们倾向于更早在年轻人聚集的一线和新一线城市开展实体店经营，当然其中包括提到的广州深圳等地。\n其他业务收入主要是秋季的水产品（大闸蟹）销售收入，公司总部所在的常熟地处阳澄湖边，对优质限量食材的采购和品控具有天然优势，加之与我们的服装产品足工足料如出一辙，大闸蟹足斤足两广受粉丝好评，虽然销售额不大但增速较快，回头客较多。感谢您的关注和提问,-0.8587126797916556
NONAI01240_301089_20230110,301089,拓新药业,2023-01-10,5.555555555555555,1,18,原料药目前供不应求，请问是否有涨价？,产品定价属于公司商业机密，不便披露。谢谢。,0.04415825497285255
NONAI01241_301090_20230104,301090,华润材料,2023-01-04,17.142857142857142,6,35,董秘您好，请问公司截至12月30日股东户数是多少？谢谢。,尊敬的投资者您好，截至2022年12月30日，公司股东人数（含信用账户合并）为36，009户。谢谢！,1.9838772997011238
NONAI01242_301091_20230104,301091,深城交,2023-01-04,7.246376811594203,5,69,董秘你好，目前贵司在手的订单有多少？新一年的规划中是否有更多在洽谈项目，另外贵司是否会考虑与华为腾讯比亚迪特斯拉等优秀企业更深入的合作，比如引进新一批战投的计划，从而更好的合作更多的优秀大项目。,您好！公司订单情况请届时关注公司2022年度年度报告，新年度发展目标公司将争取业绩实现较好的增长，公司未来与相关产业优秀企业将开展多种方式合作实现共赢。,0.32720242766995
NONAI01243_301092_20230113,301092,争光股份,2023-01-13,3.488372093023256,3,86,你好，21年四季度以来火电投资额持续增长，公司在传统领域招投标工作有哪些进展？新兴领域生命科学有没有新的研发成果？,尊敬的投资者您好，公司中标情况您可查询参见公开的招标平台数据。如达到相应的披露标准，公司将及时进行披露；研发相关进展请关注公司已披露的公开信息及后续披露的定期报告，感谢您对公司的关注。,-0.30188910566678806
NONAI01244_301093_20230103,301093,华兰股份,2023-01-03,3.4246575342465753,5,146,尊敬的董秘您好！近期各地启动第四针新冠疫苗是否对公司四季度业绩提升有帮助，公司目前生产是否能跟上疫苗供应！请有空回答一下！谢谢！,投资者您好！接种疫苗虽然不能保证完全不被感染，但在降低重症和死亡方面有很重要的保护效果。同时研究表明，免疫产生的抗体水平，也会随着时间的推移逐渐降低。公司为康希诺、丽珠、三叶草、万泰生物、神州细胞等新冠疫苗生产企业的主要供应商。目前公司产能能跟上疫苗用胶塞的供应。具体业绩情况请关注公司后续的《2022年年度报告》。感谢您的关注！,-0.3125549489741743
NONAI01245_301095_20230108,301095,广立微,2023-01-08,3.278688524590164,2,61,请问去年第四季度利润多少？谢谢！,尊敬的投资者您好，公司严格遵守法律法规对信息披露的要求并按照规则及时披露相关财务信息，敬请关注公司的公告信息。感谢您对公司的关注！,-0.33699022114150573
NONAI01246_301099_20230103,301099,雅创电子,2023-01-03,12.195121951219512,5,41,请问，截至2022年十二月 30日公司的股东总数是多少？谢谢,尊敬的投资者，您好！根据中国结算下发的股东数据，截至2022年12月30日，公司的股东人数为7207户，谢谢！,1.1556243965395034
NONAI01247_301102_20230302,301102,兆讯传媒,2023-03-02,2.684563758389262,4,149,贵公司有人工智能和数字经济方面的业务么？,您好，感谢您对公司的关注。公司自成立以来高度重视数字化建设与高铁媒体的融合，建成的信息系统平台已安全运行多年，并保持持续的研发投入以及升级换代。户外是当下新技术（如人工智能和数字经济）运用最活跃的媒介形态之一，新技术赋能将助力行业降本增效。公司数字化建设起步较早，积累了丰富的建设和稳定运营经验，具有较强的数字化运营优势。,-0.43644695101617853
NONAI01248_301103_20230109,301103,何氏眼科,2023-01-09,0.0,0,30,董秘好，什么原因导致线上法维拉韦频繁断货？,尊敬的投资者您好，截止目前，公司未涉及上述产品的销售，感谢您的关注。,-0.8858440267461817
NONAI01249_301105_20230105,301105,鸿铭股份,2023-01-05,1.4218009478672986,3,211,请问公司有食品和化妆品方面客户吗？,尊敬的投资者您好，感谢您对公司的关心与支持。\n公司主营产品包括各种自动化包装设备和包装配套设备，产品主要应用于消费类电子包装盒、食品烟酒盒、医药保健品盒、化妆品盒、珠宝首饰盒、礼品盒、服装服饰盒等各类精品包装盒及纸浆模塑制品的生产。\n经过多年发展，公司目前已成为国内外同行业领域内研发实力较强、产品类型丰富、产品质量优良的包装设备的供应商。公司与众多国内外印刷包装企业建立了稳定的合作关系，包括裕同科技、美盈森、金箭印刷、重庆海派、新洲印刷等。\n感谢您的关注，谢谢,-0.6478339641261445
NONAI01250_301110_20230306,301110,青木股份,2023-03-06,2.34375,3,128,董秘你好！贵公司发行价63.1元，自上市以来已经快一近了，长期跌破发行价，股价一直运行在发行价以下，何时回购？或者何时以资本公积金大比例转股？,尊敬的投资者，您好！二级市场股价波动受到国际环境、宏观经济、行业趋势、投资者偏好等多种因素影响，请您注意投资风险。公司目前经营活动一切正常，公司将持续做好经营管理，不断加强公司自身核心竞争力，努力提升公司未来价值。关于利润分配方案，请您关注公司后续披露的定期报告。感谢您的建议和关注。,-0.4934993141459641
NONAI01251_301117_20230111,301117,佳缘科技,2023-01-11,5.714285714285714,2,35,2023.01.17解禁的股东们是否有减持计划？,尊敬的投资者您好，股东减持情况请以公司后续发布的相关公告为准。谢谢您的关注！,0.07072974873625358
NONAI01252_301120_20230110,301120,新特电气,2023-01-10,0.8264462809917356,1,121,请问针对2023年预计光伏大规模装机 风电快速发展的预期，贵司是否有充足的技术、业务准备及足够的订单储备呢？谢谢！,您好，公司主营业务为以变频用变压器为核心的各式特种变压器、电抗器的研发、生产与销售及配套产品的销售。公司的产品变频电气系统主要应用于电力、冶金、石化、建材、市政及机械配套等工业及基础设施建设领域。风电光伏是公司产品应用的新兴领域，请您谨慎投资，注意投资风险，谢谢关注。,-0.7474965798788874
NONAI01253_301121_20230210,301121,紫建电子,2023-02-10,1.5384615384615385,1,65,董秘您好，请问贵公司有没有汽车消费电子产品？,答：尊敬的投资者，您好！公司目前生产的是新兴消费类锂离子电池，产品主要应用于蓝牙耳机、智能穿戴（智能手表、AR/VR等）、智能家居等领域。感谢您对公司的关注！,-0.6283049333470645
NONAI01254_301123_20230103,301123,奕东电子,2023-01-03,18.51851851851852,5,27,请问，12月末股东人数是多少？谢谢,尊敬的投资者，您好，截止2022年12月30日，公司股东户数为26287户，谢谢。,2.2141635789839325
NONAI01255_301126_20230113,301126,达嘉维康,2023-01-13,1.694915254237288,1,59,公司对天济草堂收购会不会对公司流动资金构成影响，有没有增发或发行可转债计划,您好，公司将通过自有资金或自筹资金收购天济草堂，公司按照深交所信披要求及时披露相关内容，请关注公司披露的相关公告，感谢您的关注。,-0.6021145170691882
NONAI01256_301129_20230608,301129,瑞纳智能,2023-06-08,2.4390243902439024,1,41,请问公司设立子公司，是否有相关成熟产品研发成功，有没有与相关企业接洽？,尊敬的投资者：\n 您好！\n 公司新设子公司，有正在研发项目，公司会在合适的时间进行披露。感谢关注！,-0.47755034208904473
NONAI01257_301135_20230407,301135,瑞德智能,2023-04-07,3.0303030303030303,1,33,你好董秘，今年开年来公司的订单量有没有大量增加呢，去年疫情防控导致公司净利润大幅度的下降，今年疫情放开了，营业额和净利润会不会大额上涨呢，贵公司开发的项目那么多，怎么营业额和净利润上不去呢，贵公司出现什么问题呢,尊敬的投资者，您好！有关公司相关业绩情况请详见公司定期报告，感谢您的关注！,-0.37857005489943574
NONAI01258_301136_20230410,301136,招标股份,2023-04-10,1.5723270440251573,5,318,请问公司：招标股份有资产注入吗？,您好，关于环保设计院，公司控股股东承诺：为了进一步打通专业技术服务的不同领域，做大做强上市公司，本公司承诺，在发行人上市后，在环保设计院满足上市条件且仍由本公司控股的情况下，本公司将与发行人协商择机将本公司所持环保设计院全部股权转让给发行人，转让方式包括现金购买、发行股份购买资产及其他合法合规的方式。关于诚正造价，公司控股股东承诺：本公司将于发行人上市后与发行人协商以公允价格将诚正造价全部股权转让给招标股份（截至本承诺函出具日，转让事项已经福建省国资委批复同意），以消除在工程造价业务方面与招标股份产生的同业竞争。同时，本公司承诺自本承诺函签署之日起，本公司将利用控股地位促使本公司控制的其他权属企业不再获取工程造价咨询业务资质或实际承接及实施工程造价咨询业务。感谢您的关注。,-0.6226358338068324
NONAI01259_301137_20230104,301137,哈焊华通,2023-01-04,17.857142857142858,5,28,截止2022年12月末，贵司股东户数多少。,尊敬的投资者，您好！公司2022年12月30日股东户数为13407。感谢您的关注！,2.1034490216364286
NONAI01260_301139_20230316,301139,元道通信,2023-03-16,1.6129032258064515,1,62,您好，请问，贵公司截止3月10日股东人数是多少？谢谢！,尊敬的投资者您好，为保障信息披露的公平原则，公司在定期报告中披露各报告期末的股东人数以保证所有投资者平等获悉公司信息。感谢您的关注。,-0.6158433643116233
NONAI01261_301149_20230110,301149,隆华新材,2023-01-10,1.8518518518518519,1,54,请问一下元月10日股东人数？谢谢！,感谢您的关注，根据公平披露原则，公司在定期报告中面向所有投资者统一披露截至报告期末的股东户数，敬请关注公司定期报告。,-0.5758432661731703
NONAI01262_301151_20230119,301151,冠龙节能,2023-01-19,9.75609756097561,8,82,公司将采取那些措施回报投资者？,尊敬的投资人您好，2022年历经疫情残酷严峻的考验，至2022年12月底正式解除疫情管制措施，公司将在2023年全面开展市场，持续落实公司发展的方针，努力创造良好的收益回报投资者。感谢您的关注，谢谢！,0.7473307118823663
NONAI01263_301152_20230103,301152,天力锂能,2023-01-03,5.376344086021505,5,93,你好，请问公司12月22日公告，公司拟与江西省宜丰县同安矿产品开发有限公司、江西鼎兴矿业有限公司、江西兴锂科技有限公司签署《投资意向协议》，受让江西同安持有的鼎兴矿业约10%的股权和兴锂科技约10%的股权。是否意味着公司想对锂原材料有议价权？投资受让的公司是否有锂矿资源？,公司拟收购标的公司是基于公司经营发展、拓展新业务、提升公司盈利能力等需求考虑，通过本次交易有利于提升公司完善新能源上游产业链布局，提高股东回报，符合公司的发展战略。标的公司拥有一定储量的锂矿资源。谢谢,0.014158181369012712
NONAI01264_301153_20230106,301153,中科江南,2023-01-06,26.08695652173913,6,23,请问，截至2022年十二月 30日公司的股东总数是多少？谢谢,谢谢关注！截至2022年12月30日公司的股东总户数为6758户。,3.481123209151892
NONAI01265_301157_20230313,301157,华塑科技,2023-03-13,4.0,1,25,董秘，您好，公司产品是否涉及数据中心相关业务？,投资者您好！\n是的，公司产品涉及数据中心相关业务。\n谢谢！,-0.21624238390847703
NONAI01266_301159_20230104,301159,三维天地,2023-01-04,9.615384615384615,5,52,尊敬的董秘您好，贵司的LIMS实验室信息管理系统V14版本什么时候发布？,尊敬的投资者您好：公司LIMS实验室信息管理系统V14版本已具备发布条件，将于近期发布，具体请您关注公司官网。感谢您的关注！,0.7237753069983006
NONAI01267_301162_20230111,301162,国能日新,2023-01-11,2.7777777777777777,2,72,公司上市以来，一直苦苦守住了IPO发行价，非常不容易！恳请转达大股东，市场希望适时推出大比例送转股的年报分红，除权降低股价释放流动性总比放任跌破发行价更能体现公司形象！对吗？,您好，感谢您对公司的关注和建议。公司充分理解投资者关于加大现金分红比例的希望，公司会努力以稳健的经营业绩回报广大投资者。我们会将您的建议反馈给公司管理层。,-0.4208428858866646
NONAI01268_301165_20230111,301165,锐捷网络,2023-01-11,2.150537634408602,2,93,董秘你好，请问新冠疫情对公司的业务有什么影响？,尊敬的投资者您好，新冠疫情对公司整体经营无明显影响。在疫情较为严峻时期，因部分行业客户受疫情影响采购需求下降或推迟，使公司业务开展受到一定影响，随着防控政策优化调整，目前公司业务正常开展。感谢您的关注。,-0.525843143500104
NONAI01269_301167_20230105,301167,建研设计,2023-01-05,2.7881040892193307,15,538,尊敬的董秘，您好！贵公司作为安徽省建筑设计总院（甲级资格），请问贵公司业务范围是否涉及医院设计，医疗建筑设计，传染病防护所设计？贵公司在医疗建筑设计规划这块对比同行业设计公司，具有哪方面优势？,您好！感谢您对公司业务的关注。医疗建筑设计（医院设计、传染病防护所设计）是本公司多年来一直重点发展的特色建筑领域之一。与同行业公司相比，公司在医疗建筑设计领域拥有较强的技术实力和丰富的项目经验。\n为不断提高公司医疗建筑设计水平、打造医疗建筑设计品牌，公司设有建筑设计四院即医疗建筑设计院，主要从事常规建筑设计业务，并以医疗建筑设计为特色领域。公司高度重视对医疗建筑的创意需求、技术标准、设计流程的深度理解和精准把控；在此基础上保证创意的独特性，创作出一批设计新颖、功能合理、技术领先，兼具经济效益和社会效益的医疗建筑作品，积累了丰富的设计经验。如安徽中医院国家中医临床研究基地建设大楼项目获“中国勘察设计协会庆祝新中国成立70周年优秀勘察设计项目奖”、“中国勘察设计协会公共建筑设计二等奖”、“安徽省工程勘察设计协会建筑工程一等奖”；中国科学技术大学附属第一医院（安徽省立医院）南区项目获“中国勘察设计协会公共建筑设计二等奖”、“安徽省工程勘察设计协会公共建筑设计一等奖”等多个奖项。公司还承接设计了长丰县北城医院、淮北人民医院规划建筑设计、皖南医学院弋矶山医院急救康复中心、新疆皮山县人民医院新区等一批重点医疗建筑设计项目，获得了广泛好评。\n通过长期的市场耕耘与品牌积累、优良的专业技术能力和周到细致的客户服务，公司在医疗建筑等专项设计领域逐步形成了自己独特的竞争优势。,-0.41911425711023514
NONAI01270_301169_20230103,301169,零点有数,2023-01-03,2.510460251046025,6,239,您好，给公司管理层提一个建议，希望被转达，在疫情放开的情况下，公司可否以某一省份或市的数据进行建模，分析，预测，从而提高公司的影响力。另把零点有数看作智库型公司这个看法可行吗？,您好。感谢您的建议，在结合客户提出的区域性需求场景和相关多源数据，提供针对性数据智能解决方案方面，公司已经积累有相当丰富的实际服务经验，并将继续进行复制化和定制化平衡的应用探索。公司一直以来持续关注社会重要热点、前沿政策需要、细分社会群体特征演化，形成多类数据分析成果，为各类决策者提供决策参考依据，部分自主研究成果通过主流媒体、行业媒体、网络媒体发布，形成了广泛的社会影响力。公司以其基于数据、长于洞察、智能应用的特性，曾连续多年入选上海社会科学院智库研究中心发布的《中国智库报告》影响力评价排名榜。感谢您对公司的关注。,-0.465591949651388
NONAI01271_301171_20230105,301171,易点天下,2023-01-05,19.35483870967742,6,31,您好董秘，请问截止12月31号公司股东人数是多少，谢谢,您好，截至2022年12月30日，公司股东共33387户。感谢您对公司的关注和支持。谢谢！,2.3541639224685182
NONAI01272_301172_20230913,301172,君逸数码,2023-09-13,11.11111111111111,9,81,7月上市超募了6.4亿元，现在现金流为-5千多万元，募资的钱去那了？,您好！公司2023年半年报的报告期截止日期为2023年6月30日，公司本次IPO募集资金到账时间为2023年7月，且募集资金主要归集于投资活动产生的现金流量净额，而非经营活动流量净额。感谢您的关注。,0.9741605366918868
NONAI01273_301175_20230110,301175,中科环保,2023-01-10,4.49438202247191,8,178,请问公司为新上市企业，股价节节下跌除公司配股股东外，二级市场投资者损失惨重，公司作为中科院下属绿电发电企业，为了维护公司形象，请展开回购！谢谢,您好！二级市场的股价波动受多种因素综合影响，不一定能时刻反映公司的内在价值。公司前十大股东均处于限售期，股权结构相对稳定。目前公司的生产经营及研发活动正常，公司按既定的产业布局、经营计划积极推进，公司管理层及核心团队对公司未来的发展充满信心。公司具体业绩情况您可以参阅2022年度半年报告以及2022年三季度报告。公司后续如有股份回购计划，将严格按照相关规定及时履行信息披露义务。感谢您的关注！,-0.13348263029932245
NONAI01274_301177_20230103,301177,迪阿股份,2023-01-03,18.75,6,32,董秘你好，请问12月30日最新股东户数是多少？,"尊敬的投资者，您好。截至2022年12月30日，公司股东户数为13,735户，感谢您的关注。",2.252913674055559
NONAI01275_301178_20230323,301178,天亿马,2023-03-23,1.9607843137254901,1,51,董秘你好，请问截至3月10日贵司股东人数多少？,尊敬的投资者，您好。公司在定期报告、季度报告中披露股东人数信息，敬请查阅公司披露于巨潮资讯网的相关报告。感谢关注。,-0.5576079273159343
NONAI01276_301179_20230104,301179,泽宇智能,2023-01-04,3.125,1,32,董秘新年好！请问公司是否具有5g概念？,尊敬的投资者，新年好！公司有5G相关应用集成业务与自研产品，感谢您的关注！,-0.3627177432792249
NONAI01277_301180_20230103,301180,万祥科技,2023-01-03,19.444444444444443,7,36,请告，12月末股东人数是多少？谢谢,"尊敬的投资者您好，截止至2022年12月30日，公司股东数量为13,133户，感谢您对公司的关注。",2.369163959270438
NONAI01278_301183_20230323,301183,东田微,2023-03-23,19.23076923076923,5,26,您好，请问，贵公司截止3月20日股东人数是多少？谢谢！,尊敬的投资者，您好！截止至2023年3月20日，公司股东人数为11365人。,2.333394640742783
NONAI01279_301185_20230105,301185,鸥玛软件,2023-01-05,14.285714285714286,4,28,请问，截至2022年十二月 30日公司的股东总数是多少？谢谢,"尊敬的投资者您好！截至12月30日，公司股票持有数量为15,335户，谢谢！",1.5055904119599068
NONAI01280_301189_20230110,301189,奥尼电子,2023-01-10,4.166666666666667,3,72,请问贵公司生产的产品中，有行车记录仪么？或者说是否有产品可用于车内监控，踏板处视频监控（网上称:＂行脚记录仪＂）的？,尊敬的投资者，您好。公司智能行车记录仪包括4G行车记录仪、多录行车记录仪、流媒体后视镜行车记录仪、专车专用行车记录仪等产品，暂无“行脚记录仪”这款产品，感谢您的关注。,-0.18834231545690594
NONAI01281_301191_20230105,301191,菲菱科思,2023-01-05,2.5974025974025974,6,231,你好，有劳请教，贵司募投的项目是否均已投产，能否详细介绍一下募投项目的情况，比如，募投项目新增产能的使用率，分别能够生产什么产品/设备，各产品的产量计划是多少，是否能够满产满销，新增产能较原有产能增长的情况，新增产能后续承接订单的情况，谢谢\n祝顺,您好，公司募投项目均已经按照计划投入实施中，详细进度请关注后续定期报告等相关公告，公司三大募投项目，深圳网络设备产品生产线建设项目和海宁中高端交换机生产线建设项目主要生产交换机、企业级路由器、无线产品等，公司目前积极围绕主营业务网络设备产品展开；此外募投项目智能终端通信技术实验室项目基建已经完成，进入逐步购置先进、专用的实验室研发、测试设备阶段，目的在于打造一流的研发实验室和测试验证中心。公司与品牌商合作主要采取具体订单的定制化产品方式，产销匹配度高，新增产能能够满足增长订单需求，谢谢关注！,-0.4510377651632566
NONAI01282_301193_20230110,301193,家联科技,2023-01-10,15.789473684210526,18,114,请问董秘:公司前三季度业绩大幅增加，全年业绩如何？是否会发业绩预告？,"尊敬的投资者，您好！公司前三季度实现营业收入158,036.23万元，归属上市公司股东的净利润14,454.80万元；根据相关规定，公司将在2023年1月底前披露2022年业绩预告；公司全年业绩情况，请持续关注公司后续的定期报告，公司2022年度报告预约披露日期为3月23日，感谢您的关注,谢谢！",1.7573203528763368
NONAI01283_301195_20230206,301195,北路智控,2023-02-06,0.0,0,24,请问公司的煤矿智能化系统出口吗？,尊敬的投资者，您好。公司的业务不涉及出口，感谢您的关注！,-0.8858440267461817
NONAI01284_301197_20230908,301197,工大科雅,2023-09-08,1.6129032258064515,1,62,董秘您好，我是微信公号“二级市场信息站”的作者，一直跟踪咱们股票，现应群里朋友邀请，在写几篇分析文章，能简单介绍一下咱们未来几年的战略安排吗？,尊敬的投资者您好，公司专注于主营业务发展，致力于业务拓展向产业链上下游延伸，打造供热节能改造全系列产品综合服务商。感谢您对公司的关注！,-0.6158433643116233
NONAI01285_301199_20230106,301199,迈赫股份,2023-01-06,4.25531914893617,2,47,董秘你好，公司客户资源有无增减?若有变动可否告知，同时请说明所涉产线分类，谢谢!,尊敬的投资者，您好！公司主要合作客户为国内主流汽车厂商，客户资源较为稳定。感谢您对公司的关爱和支持，谢谢。,-0.173501853514581
NONAI01286_301200_20230213,301200,大族数控,2023-02-13,4.109589041095891,3,73,请问董秘截止1月31日，流通股东人数是多少，谢谢。,尊敬的投资者，您好！为保证所有投资者平等获悉公司信息，根据信息披露相关要求，公司将在定期报告中披露相应时点的股东信息，请您关注公司定期报告。感谢您对公司的关注。,-0.19789713341977272
NONAI01287_301201_20230110,301201,诚达药业,2023-01-10,2.197802197802198,2,91,董秘你好，贵公司业务国外收入占了一半，是否早日申请深港通，方便外资参与投资！！,尊敬的投资者您好，深港通标的由深交所根据《深圳证券交易所深港通业务实施办法》等相关规定选取并做定期调整，由深交所综合各项因素决定是否纳入深港通，如符合条件由交易所自动纳入名单，感谢您对公司的关注！,-0.5179310361760142
NONAI01288_301205_20230110,301205,联特科技,2023-01-10,4.166666666666667,2,48,公司的光模块可应用于智能驾驶吗？,尊敬的投资者，您好！公司的部分光模块应用于5G通讯领域，智能驾驶则是5G通讯重要的应用场景之一。感谢您的关注。,-0.18834231545690594
NONAI01289_301206_20230104,301206,三元生物,2023-01-04,20.833333333333332,5,24,董秘你好，请问截止2022年12月30日收盘，公司股东户数是多少？,投资者您好，截至2022年12月30日收盘，公司股东户数为18975户。,2.6016645297001966
NONAI01290_301208_20230118,301208,中亦科技,2023-01-18,2.3255813953488373,2,86,请问贵公司会在1月31日以前有业绩预告吗？,尊敬的投资者，感谢您的关注！公司严格遵照《深圳证券交易所创业板股票上市规则》等相关法律法规履行信息披露义务，如达到年度业绩预告披露标准，公司将在规定时限内进行披露。请您关注公司的公告。谢谢！,-0.49654074602658593
NONAI01291_301213_20230307,301213,观想科技,2023-03-07,0.0,0,57,你好，贵公司在芯片领域有什么进展？,尊敬的投资者您好，公司紧跟电子信息发展趋势，关注ASIC和Mems方向的芯片，目前在技术及团队方面有一定储备，暂无重大输出，感谢您的关注。,-0.8858440267461817
NONAI01292_301215_20230106,301215,中汽股份,2023-01-06,0.0,0,94,有新能源车客户吗,尊敬的投资者，您好，感谢您的关注。公司主营业务为通过构建汽车场地试验环境和试验场景，为汽车整车生产企业、汽车检测机构、汽车底盘部件系统企业以及轮胎企业等客户提供场地试验技术服务，其中包含了新能源车企。谢谢！,-0.8858440267461817
NONAI01293_301218_20230110,301218,华是科技,2023-01-10,3.4482758620689653,1,29,目前公司在手订单有多少？,您好，具体经营情况请您持续关注公司披露的定期报告。感谢您的关注！,-0.30860123119643634
NONAI01294_301220_20230103,301220,亚香股份,2023-01-03,4.761904761904762,1,21,公司成交量太低迷了，请考虑送转股，多谢！,尊敬的投资者您好，感谢您对我公司的关注和提议！,-0.08869921384415232
NONAI01295_301221_20230106,301221,光庭信息,2023-01-06,20.0,7,35,董秘您好！2023年第一问，截止当日的股东人数情况，谢谢。,"尊敬的投资者，您还！截至2022年12月31日，公司股东人数为9,458户，感谢您对公司的关注！",2.4621641874423417
NONAI01296_301226_20230104,301226,祥明智能,2023-01-04,14.634146341463415,6,41,您好，请问，贵公司截止2022年12月30日股东人数是多少？谢谢！,"您好，截止2022年12月30日前N名证券持有人名册（未合并融资融券信用账户）股东总人数8,281户，谢谢。",1.5639180811966407
NONAI01297_301228_20230215,301228,实朴检测,2023-02-15,0.0,0,103,公司能检测氯乙烯爆炸产生的二噁英吗？,尊敬的投资者，您好，公司可提供二噁英检测服务。公司具有环境领域-水质、土壤和沉积物、环境空气、废气以及固体废物中二噁英的全部资质，提供从采样、分析到报告全流程服务。同时，也具备农产品、食品、饲料、生物体内等二噁英的检测能力。感谢您的关注！,-0.8858440267461817
NONAI01298_301230_20230103,301230,泓博医药,2023-01-03,0.0,0,41,董秘你好，最近疫情导致部分人出现了肺部感染，俗称白肺，请问公司生产的帕拉米韦和法匹拉韦能治疗普通肺炎吗？,您好！由新冠病毒引起的肺炎需要采用呼吸支持，抗炎症，抗病毒等综合手段进行治疗。感谢您的关注！,-0.8858440267461817
NONAI01299_301231_20230104,301231,荣信文化,2023-01-04,0.7751937984496124,1,129,春节将至，家长送小朋友压岁钱和礼物的黄金时期，请问公司有什么策划和营销活动，销量有无增长。,尊敬的投资者您好，春节将至，公司在天猫、京东、抖音等电商平台筹备策划了年货节、春节不打烊等多项营销活动，包括直播带货和满减、满赠等优惠活动；公司也将根据市场反馈及时调整营销方案。公司具体经营数据请关注后续披露的相关公告，公司将严格按照信息披露要求及时履行信息披露义务。感谢您的关注！,-0.7560762665063164
NONAI01300_301236_20230320,301236,软通动力,2023-03-20,1.36986301369863,4,292,公司在信创领域公司有没有硬件产品？能否介绍下,尊敬的投资者您好，公司在信创领域的布局主要包括信创咨询、应用软件、云平台、基础软件、基础硬件及信息安全六个方面。在基础硬件方面公司拥有AI一体机、鲲鹏昇腾服务器等产品，其中AI一体机是公司在基础硬件方面打造的首款信创产品，作为智能流程机器人一体机，组合机器人流程自动化（RPA）和人工智能（AI）技术，下发成功后端侧可以在客户环境中独立运行。AI一体机利用自身自动化、智能化的基础能力，在数据量大，规则明确、耗时长、效率低的业务场景中有效释放劳动力。公司AI一体机产品已经取得华为及鲲鹏技术认证，进入华为云商城。目前已被应用于企业财务助手、制造供应链助手、智能合同管理、押品登记自动化等百余个场景中，覆盖金融、制造、教育、汽车、银行、保险等诸多行业领域。谢谢您的关注。,-0.6565283956373787
NONAI01301_301239_20230222,301239,普瑞眼科,2023-02-22,5.612244897959184,11,196,公司认为目前眼科服务市场的容量有多大？目前行业存在问题都有哪些？,"答：尊敬的投资者您好！随着国民经济的发展，人民群众健康意识也在不断增强，使得我国居民对医疗服务的消费能力和消费需求得到了有效提升。在生活方式改变和人口老龄化等因素的影响下，眼科疾病诊疗需求持续增长。根据弗若斯特沙利文（Frost＆Sullivan）资料，中国眼科医疗服务市场规模于2024年将达到2,231亿元，2020-2024年复合增长率为11.05%。眼科医疗服务行业存在的主要问题是优秀眼科诊疗资源的相对缺乏与人民群众眼保健意识提高之间的供需矛盾。感谢您对本公司的关注。",0.05364807417406726
NONAI01302_301248_20230214,301248,杰创智能,2023-02-14,1.7094017094017093,2,117,请问贵公司是否有：关于人脸识别的技术储备或相关产品应用？,尊敬的投资者，您好！音视频智能识别和处理技术是公司研发的重要领域之一，该技术基于声纹信号采集、声纹数据库生产、人脸图像特征数据库生产和比对等技术，实现声纹识别、语音处理和分析、人脸和身份识别。目前该技术已在公司智慧安全领域相关业务中得到应用。感谢您的关注。,-0.5996894785249404
NONAI01303_301257_20230103,301257,普蕊斯,2023-01-03,7.894736842105263,3,38,请问截至2022年年底，公司员工总数有多少人？,尊敬的投资者您好，公司将按照规定在2022年年度报告中披露员工人数，感谢您对公司的关注。,0.4357381630650775
NONAI01304_301259_20230104,301259,艾布鲁,2023-01-04,0.0,0,43,董秘你好，贵公司在土壤修复、固废处理、污水处理、环境保护等业务方面有着巨大优势和专业技术。当前，新冠疫情传播已经三年多，尤其是随着近期防控措施逐渐放开，因口罩、防护服、消毒抑菌剂等超量使用，医疗垃圾及生产防疫物资而产生的有害污染对土壤和环境保护压力空前严峻。中央多次提出金山银山不如绿水青山，请问贵公司在土壤污染、固废处理、污水处理等方面已开展或拟开展哪些业务工作为治理新冠医疗污染贡献社会价值？谢谢,尊敬的投资者，您好！公司未开展新冠医疗污染相关的土壤污染、固废处理及污水处理业务。感谢您的关注！,-0.8858440267461817
NONAI01305_301260_20230320,301260,格力博,2023-03-20,4.3478260869565215,1,23,请告知公司在镁业务是通过哪家银行，办理业务？是否在此轮银行危机范围内？如果资金来往一切正常为何公司跌成这样？有无分红预案公告一下，稳定一下股东信心和情绪！,您好，公司未在硅谷银行开户，也没有存款。感谢您的关注。,-0.15801615409650274
NONAI01306_301261_20230712,301261,恒工精密,2023-07-12,1.0,1,100,公司的数控机床国产化率是多少？,尊敬的投资者您好，感谢您对公司的关注。公司主要专注于精密机加工件及连续铸铁件的研发、生产和销售。主要产品是精密机加工件及连续铸铁件。公司的精密机加工件的生产、加工会用到数控设备，部分供应商信息已在招股书披露，敬请查阅。,-0.7184436160367556
NONAI01307_301262_20230726,301262,海看股份,2023-07-26,3.7037037037037037,1,27,公司属于文化传媒概念吗？,尊敬的投资者您好，感谢您对公司的关注！公司属于文化传媒概念。,-0.2658425056001588
NONAI01308_301263_20230103,301263,泰恩康,2023-01-03,0.5347593582887701,1,187,董秘你好，近期国家拟开放入境，国外目前流行的毒株是xbb1.5，此毒株主攻心脑血管和拉肚子，网络上关于要囤点蒙脱石散、整肠丸、诺氟沙星等的言论广为流传，想请问公司产品和胃整肠丸的功效和近期的市场表现如何？谢谢。,您好，和胃整肠丸主要由木榴油、颠茄、肉桂、甘草等配制而成，公司独家代理的和胃整肠丸主治功效温中和胃，理气止痛，适用于邪滞中焦所致的反胃、呕吐、纳差、胃痛、腹痛、胃胀、腹胀、泄泻。经过20多年的推广，和胃整肠丸已经成为肠胃领域的知名产品，安全性和疗效显著，在广东、广西等沿海地区已成为家庭常备用药。和胃整肠丸目前在国内市场供不应求，公司、经销商及终端药店的库存均较低。公司也在密切跟进厂家生产排期、到货情况，及时补足市场需求。谢谢。,-0.7963250905379323
NONAI01309_301267_20230113,301267,华厦眼科,2023-01-13,2.4390243902439024,7,287,尊敬的管理层，请教一下问题：1. 深圳华夏在2019、2020、2021年的收入/利润分别为8300万/-861万、7919万/-582万、19114万/3914万，为什么在2021年的收入突然增加1.1亿，利润增加4500万？2. 公司未来是按照体外培育的扩张模式还是体内培育扩张模式？或者两者皆有？谢谢您分别回答这两个问题。,尊敬的投资者您好，深圳华厦作为华厦眼科重要子公司之一，自建院之初就秉承打造“眼科名院、百年华厦”的愿景，汇聚优秀医疗团队，加强医教研体系建设，不断提升医疗服务能力，在经营中始终以医疗安全和医疗质量为生命线，切实践行华厦眼科企业文化。2016年开业以来经营业绩不断攀升，在官方组织的医疗质量评比和病人满意度调查评比中连年位居行业首位，在深圳及华南地区建立了良好的品牌形象和行业影响力，企业发展步入快速增长阶段。\n 公司正在积极筹备成立产业发展基金，用于并购或新建眼专科医院，进一步拓展并完善国内医疗服务网络。未来公司将通过现有医院的内生增长，加产业发展基金并购医院形成“双轮驱动”，推动公司业绩持续快速增长。感谢您对华厦眼科的关注！,-0.47755034208904473
NONAI01310_301269_20230106,301269,华大九天,2023-01-06,0.0,0,76,请问贵公司在数字集成电路的逻辑综合工具有无布局，有无射频微波芯片设计工具,尊敬的投资者您好，公司已布局逻辑综合工具、射频微波设计全流程系统，公司的产品及研发情况请参见招股说明书、定期报告、公司官方网站、公司微信公众号的相关信息，感谢您的关注！,-0.8858440267461817
NONAI01311_301270_20230322,301270,汉仪股份,2023-03-22,3.0303030303030303,4,132,董秘您好，请问公司募投项目是否已开始投入国产erp方向？公司参股1600万元投资公司是否设计国产erp,您好！公司募投项目为与主业相关的汉仪字库资源平台建设项目、上海驿创信息技术有限公司研发中心升级建设项目、营销服务信息化系统建设项目等。项目实施是为了打造高度集成的信息化管理平台，通过构建ERP和CRM信息化管理项目，但并不涉及国产ERP软件开发。\n公司参股投资UPDF暂不涉及国产ERP开发。\n谢谢关注！,-0.37857005489943574
NONAI01312_301275_20250417,301275,汉朔科技,2025-04-17,0.7843137254901961,2,255,请问贵公司除了电子价签业务外，是否还有其它业务增长极？看到贵公司股权结构中还有2021年成立的汉星新能源，目前公司光伏新能源业务进展怎么样？新能源营收怎么样？,尊敬的投资者，您好！公司是以物联网无线通信技术为核心的泛零售门店数字化解决方案提供商，公司重视AIoT技术综合解决方案，提高零售商的运营效率和改善消费者的购物体验，助力零售领域的数字化转型升级。除电子价签系统之外，公司在 AI 技术与大数据技术融合、营销数字化技术等方面进行了前瞻性的研发项目布局。\n为满足客户线下门店对降低能源成本、节能和可持续发展的需求，公司规划了门店数字能源业务，为线下门店客户提供包括光伏、储能、节能及门店电站系统集成等数字能源应用解决方案。目前公司新能源业务处于早期阶段，如达到信息披露标准，公司会及时履行信息披露义务。感谢您的关注！,-0.7545495869740828
NONAI01313_301276_20230220,301276,嘉曼服饰,2023-02-20,5.882352941176471,1,17,公司财务资本丰厚，年报是否有高送转和分红计划？,您好，具体情况请关注公司后续公告。谢谢。,0.09886427154456055
NONAI01314_301277_20230314,301277,新天地,2023-03-14,1.694915254237288,1,59,尊敬的董秘：您好！ 请问 公司截止2023年3月11日的股东人数是多少？ 谢谢！,尊敬的投资者您好，公司将严格按照相关规定在定期报告中披露相应时点的股东数量等信息，敬请关注后续的定期报告。感谢您对公司的关注。,-0.6021145170691882
NONAI01315_301282_20230104,301282,金禄电子,2023-01-04,1.5151515151515151,1,66,董秘您好，请问贵公司除了在新能源汽车领域布局之外，是否有在储能领域进行布局？谢谢！,尊敬的投资者您好，公司PCB产品有应用于储能电池的电池管理系统领域，客户主要包括派能科技及较多涉足储能领域的动力电池厂商等。感谢您的关注与支持！,-0.6322070408228088
NONAI01316_301287_20230612,301287,康力源,2023-06-12,12.903225806451612,4,31,请问康力源哪天上市交易,尊敬的投资者，您好！公司的上市日为2023年6月14日，感谢您对康力源的关注！,1.274161272730285
NONAI01317_301290_20230104,301290,东星医疗,2023-01-04,3.6363636363636362,2,55,请问最近有没有呼吸机订单成交?呼吸机血氧仪的销量大增是否属实?,尊敬的投资者，您好！公司最近签订了呼吸机的相关订单，具体经营数据请您关注公司定期报告披露的相关内容。感谢您对公司的关注。,-0.27711526053008656
NONAI01318_301293_20230505,301293,三博脑科,2023-05-05,15.384615384615385,4,26,请问董秘三博脑科哪一天上市,您好！公司于2023年5月5日在深交所创业板上市，感谢您的关注。,1.6895469072449905
NONAI01319_301299_20230104,301299,卓创资讯,2023-01-04,3.0927835051546393,3,97,请问公司有没有向中国数字资产交易平台提出合作申请？\n请问公司在数字要素、数字确权等方面做了哪些规划？,首先感谢您的提问和对卓创资讯的关注。关于公司有没有向中国数字资产交易平台提出申请合作问题，请您继续关注公司今后公开披露的相关信息。另外，公司在数字要素、数字确权方面会严格按照有关法律法规的规定去执行和操作。,-0.3681107977479564
NONAI01320_301301_20230109,301301,川宁生物,2023-01-09,8.16326530612245,8,98,公司产品有没有涉及医美行业,尊敬的投资者，您好。目前公司主要从事生物发酵技术的研发和产业化，主要产品包括硫氰酸红霉素、头孢类中间体（7-ACA、7-ADCA、D-7ACA）、青霉素中间体（6-APA、青霉素G钾盐）、熊去氧胆酸粗品、辅酶Q10菌丝体等，尚未涉及医美行业。感谢您对公司的关注。,0.48068993822872585
NONAI01321_301302_20230103,301302,华如科技,2023-01-03,6.542056074766355,7,107,请问贵公司年底股东人数，另外公司近期是否会发布年度业绩预告？谢谢,尊敬的投资者您好，公司将根据测算的财务数据及深交所的相关规定严格履行信息披露义务；根据中国证券登记结算有限责任公司最新提供的《合并普通账户和融资融券信用账户前N名明细数据表》，截至2022年12月30日，公司的股东户数为8594户。感谢您的关注！,0.20929884705380264
NONAI01322_301303_20230406,301303,真兰仪表,2023-04-06,6.896551724137931,6,87,截止今天股东人数是多少？,尊敬的投资者，您好，为确保所有投资者平等获悉公司信息，根据信息披露公平原则，公司将在定期报告中披露对应期末时点的股东人数信息，届时请关注公司于2023年4月24日披露的一季报。感谢您的关注与支持！,0.26864156435330905
NONAI01323_301306_20230106,301306,西测测试,2023-01-06,2.8368794326241136,4,141,1，募投产能什么时候可以释放？\n2，在手订单是否充足？\n3.随着疫情放开，公司经营是否收到影响？,您好！公司募集资金正在按照计划进行逐步投入，加大服务能力提升，公司募集资金的使用，请重点关注公司的相关公告；根据公司的业务特点，是结合客户的需求及节点按要求完成服务，公司目前正在加紧完成相关任务；疫情开放后，对公司经营带来利好，特别是给外地客户来公司试验提供了便利，有利于公司业务的进一步拓展。感谢您的关注！,-0.4109492445917812
NONAI01324_301307_20230425,301307,美利信,2023-04-25,7.6923076923076925,2,26,请问董秘，公司2022年度业绩如何？,谢谢您的关注，公司2022年业绩情况已公开披露，请关注相关信息。,0.4018514402494043
NONAI01325_301308_20230313,301308,江波龙,2023-03-13,15.789473684210526,6,38,请问，截至2023年三月 10日公司的股东总数是多少？谢谢,"尊敬的投资者，您好。截止至2023年3月10日，公司股东总户数20,782户（含信用账户），感谢您的关注。",1.7573203528763368
NONAI01326_301311_20230214,301311,昆船智能,2023-02-14,0.0,0,25,请问公司产品有应用于港口吗?如果包括哪些产品?,尊敬的投资者，您好！公司暂无产品应用于港口。感谢您的关注。,-0.8858440267461817
NONAI01327_301313_20230307,301313,凡拓数创,2023-03-07,1.075268817204301,1,93,国家大力发展数字经济，公司在这方面有什么布局和规划，如何响应国家数字发展激励政策？,尊敬的投资者，您好，随着国家大力发展数字经济，公司也将抓住相应发展机遇，不断加大在该方面的技术研发和市场推广应用。目前公司已积极布局数字孪生、数智人、AI交互，公司也将继续积极寻求相关发展机会，感谢您的关注。,-0.7058435851231428
NONAI01328_301315_20230625,301315,威士顿,2023-06-25,0.6944444444444444,1,144,董秘您好，请问贵司的分拣机器人是否已量产,感谢您的关注，公司研发的无序分拣机器人通过手（机械臂，快速处置不同形状、大小和特性的杂质）、眼（高清工业相机，图像捕捉）、脑（算法模型训练，毫秒级的运算分析实现集中控制调度）的协调，可实现对高速流水线上无序出现的杂质的智能化识别、定位、跟踪与剔除。除杂效果已在实际应用场景中得到验证，目前产品尚未投入量产，对公司的收入贡献较小。,-0.7695937415313024
NONAI01329_301316_20230306,301316,慧博云通,2023-03-06,1.3071895424836601,2,153,你好！公司业务遍布全球，在多个行业领域为客户提供专业技术服务？公司在哪些方面技术能够解决国外替代产品？谢谢！,尊敬的投资者您好，公司目前主要在TMT和金融领域为客户提供专业技术服务，公司将云计算、大数据、人工智能、物联网等技术作为企业客户新一轮信息化升级与数字化转型的主流方向。公司通过自主研发和战略投资来进行未来的技术储备，目前主要依据国内外主流的技术演进发展路径来进行技术投资及储备，尚未以解决国外产品替代为主要发展目标。感谢您的关注！,-0.6670199604593502
NONAI01330_301318_20230207,301318,维海德,2023-02-07,4.0,2,50,您好董秘，请问近期公司订单方面如何？是否充足？另外，麻烦告知一下截止目前的股东人数是多少？谢谢！,尊敬的投资者，您好！公司的具体经营情况及股东人数请以公司在巨潮资讯网披露的定期报告为准。感谢您对公司的关注！,-0.21624238390847703
NONAI01331_301320_20230714,301320,豪江智能,2023-07-14,10.144927536231885,7,69,董秘你好，贵公司的今年中报业绩预告为什么下降？主要原因是什么？,尊敬的投资者，您好！公司2023 年 1-6 月业绩预计及相关信息已在招股说明书中进行了披露，具体详见6月5日公司披露在巨潮资讯网上的相关公告，感谢您的关注，谢谢！,0.8124210094364027
NONAI01332_301321_20230113,301321,翰博高新,2023-01-13,1.8018018018018018,2,111,董秘你好 请问公司是否直接或者间接参与电子纸相关业务？,"尊敬的投资者您好，感谢您对翰博高新的关注！目前公司主要产品包含背光显示模组、光学零部件、精密结构件等，广泛应用于笔记本电脑、平板电脑、桌面显示器、车载屏幕、VR显示产品等领域。目前公司已成功开发出前光源导光板, 可应用于电子纸相关的终端显示产品。谢谢！",-0.584221665107576
NONAI01333_301328_20230206,301328,维峰电子,2023-02-06,0.0,0,30,尊敬的董秘您好：公司产品是否有用于汽车电子后视镜这方面？,您好！公司产品目前暂不涉及汽车电子后视镜方面的应用，感谢您的关注！,-0.8858440267461817
NONAI01334_301330_20230302,301330,熵基科技,2023-03-02,1.9607843137254901,3,153,请问董秘：《数字中国建设整体布局规划》发布对公司有何重大影响？,尊敬的投资者，您好！\n《数字中国建设整体布局规划》发布对公司来讲是利好。随着国家数字经济、数字中国的全面展开，公司在智慧出入口、智慧身份核验、智慧办公、智慧零售等主要场景产品物联网化、应用数字化方面积极研究和实践，已初步形成业务数字化框架，可以有效助力教育、医疗等数字化和数字政务发展，为构建普惠便捷的数字社会贡献自己的力量。感谢您的关注！,-0.5576079273159343
NONAI01335_301331_20230113,301331,恩威医药,2023-01-13,2.380952380952381,1,42,请问公司的药物能治疗病毒性肺炎吗,您好！感谢您对公司的关注！公司产品的适应症及其功能主治请仔细阅读产品说明书或谨遵医嘱。谢谢！,-0.487271620295167
NONAI01336_301332_20230627,301332,德尔玛,2023-06-27,0.0,0,137,请问公司产品用于汽车领域吗？,您好，公司聚焦核心品类吸尘清洁类、水健康类和个护健康类产品，深耕细分市场，以消费者需求为导向进行创新产品的定义和开发，打造符合新消费需求的创新家电产品。公司无线吸尘器、布艺清洁机等产品可根据消费者自身需求进行使用。公司暂无专用于汽车场景的产品，未来会根据市场需求持续进行多场景开发。感谢您的关注。,-0.8858440267461817
NONAI01337_301336_20230216,301336,趣睡科技,2023-02-16,1.25,1,80,公司有没有生产抗菌，抑菌，杀菌的家具，家纺产品？,尊敬的投资者您好，感谢您对公司的关注。公司注重新材料新技术的研发，在产品中引入新材料，目前在售的床垫、枕头、沙发等多款产品中使用抗菌、防螨面料，让每一个人都能获得健康、舒适的睡眠。,-0.676593513359399
NONAI01338_301337_20230530,301337,亚华电子,2023-05-30,1.5873015873015872,1,63,请问：贵公司业务辐射全国几千家医院，是不是搭建了大数据系统和相关运营？,尊敬的投资者，您好！医院为特殊场景，公司未搭建大数据系统，公司产品和服务旨在保证数据安全，确保医院用户“医疗级”的使用和管理需求。感谢您的关注！,-0.620129089112172
NONAI01339_301338_20230111,301338,凯格精机,2023-01-11,0.0,0,59,尊敬的董秘您好请问贵公司先进封装设备和普通封装设备是否通用公司在先进封装方面有没有技术壁垒？公司在先进封装领域是否已经产生收益？,您好！凯格精机在精密装备的技术沉淀与积累在设备精度和稳定性上有一定的技术优势，公司在半导体封装领域有小批量订单，感谢您的关注！,-0.8858440267461817
NONAI01340_301339_20230307,301339,通行宝,2023-03-07,2.3255813953488373,1,43,公司属于国企央企吗？,尊敬的投资者，您好，感谢您的关注！公司属于江苏省省属国有企业，江苏省国资委为公司实际控制人。谢谢！,-0.49654074602658593
NONAI01341_301345_20230323,301345,涛涛车业,2023-03-23,5.426356589147287,7,129,你好，请问贵公司电动车是否涉及到锂电池？贵公司后续是否会推出自己的电动车品牌在国内大卖？,您好！公司电动滑板车、电动平衡车、电动自行车等电动车产品以锂电池为动力来源，2022年预计电动车产品的销售占主营业务收入的60%以上。公司自有品牌“GOTRAX”、“TAO MOTOR”、“RIVAL”已在欧美市场上获得了认可，深受消费者青睐。未来，公司将在巩固国外市场的基础上，有计划、有针对性的逐步开拓国内非公路休闲车市场。感谢您的关注。,0.02253029493287502
NONAI01342_301349_20230105,301349,信德新材,2023-01-05,17.142857142857142,6,35,请问年报什么时候出来？,尊敬的投资者您好，公司2022年年度报告预约披露时间为2023年4月21日，感谢您的关注！,1.9838772997011238
NONAI01343_301360_20230507,301360,荣旗科技,2023-05-07,1.694915254237288,1,59,请问贵公司，宁德时代去年旧产线改造的6000万元设备订单是今年一季度交付还是2季度？目前是否有获得宁德时代更多订单?,投资者您好！\n公司去年取得的新能源订单截至目前已完成交付，今年也有获得了宁德时代的新增订单，具体信息请关注公司公告。\n感谢关注！,-0.6021145170691882
NONAI01344_301361_20230103,301361,众智科技,2023-01-03,2.643171806167401,6,227,请问公司软件产品能给介绍一下嘛,尊敬的投资者，您好！公司主要从事内燃发电机组自动控制系统、低压配电自动控制系统等相关自动化产品的研发、生产、销售和服务。其研发、生产相关的技术较为复杂，属于自动化控制、材料、计算机软件、嵌入式软件、电力电子、机电一体化、通信、机械、模具、物联网等多学科交叉融合；相关研发和生产过程不仅涉及精密机械设计、工艺加工、装配、检测等，还涉及软件代码编写、模块化设计制造等技术。软件产品指公司销售的控制器等产品中嵌入的软件系统，截至 2022年6月30日，公司共拥有52项软件著作权，在核心产品上均采用了自有的软件算法。感谢您的关注！,-0.44337598081818297
NONAI01345_301365_20230104,301365,矩阵股份,2023-01-04,12.195121951219512,5,41,您好，请问贵公司1月3日股权登记日的股东人数是多少？相对于上市时的股东人数，是增加了还是减少了？,谢谢您的关注，截至2023年1月3日，公司股东人数为27279户。公司当前股东人数相较于上市时有所减少。,1.1556243965395034
NONAI01346_301370_20230717,301370,国科恒泰,2023-07-17,2.1459227467811157,5,233,集采对公司有什么影响？有何挑战和方案,"尊敬的投资者，您好！\n首先感谢您对公司业务发展的关注和支持。\n集采会加速流通环节向集中化发展，国家提出要提升高值医用耗材流通领域“规模化、专业化、信息化”水平。\n国科恒泰创新性地打造了“一站式分销平台+院端服务平台”的商业模式；通过集中整合资金、仓储、物流、信息等关键要素，为本行业提供从原厂到手术室的整体数字化供应链，涵盖出厂、流通、入院、手术配台、跟台等全链条综合专业化服务,助力解决了过去传统经销商服务中“多、小、散、乱的问题,确保带量采购后医疗器械临床供应的稳定性，成为国家医改政策落地的抓手和条件保障。\n感谢您的关注。",-0.526615677584323
NONAI01347_301376_20230727,301376,致欧科技,2023-07-27,4.651162790697675,2,43,请问公司是否在temu和shein平台上售卖产品，作为性价比超高的出海平台，公司中低端产品完全匹配欧美低净值中长尾客户。请公司积极布局。,您好，感谢您的建议。公司已经入驻SHEIN平台美国站点，正在开展相关业务。截至目前，尚未与Temu开展合作。谢谢。,-0.10723746530699016
NONAI01348_301377_20230209,301377,鼎泰高科,2023-02-09,0.0,0,56,请问董秘，公司机器视觉题材是不是人功智能的一部份？目前有没有此类项目实施没有？,您好，公司目前研发生产的视觉检测设备主要应用于PCB行业，包括：全自动钻针刃面检、自动影像测量仪 、钻针缺陷检测机等。感谢您的关注。,-0.8858440267461817
NONAI01349_301378_20230425,301378,通达海,2023-04-25,7.792207792207792,12,154,请问截止4月20公司股东人数是多少？公司业绩有无季节性差异？,"您好，\n 公司股东人数情况可查阅披露的定期报告，根据公司披露的2023年第一季度报告，截至2023年3月31日股东总户数为10,556户。\n 公司客户主要为法院，公司承接的软件开发、信息化系统建设服务等主营业务受到客户的预算、招标时间安排等因素的影响，收入确认具有一定的季节性特征。年度中四季度的新签合同及确认收入通常会高于其它季度。\n 感谢您对公司的关注！",0.41857475800259364
NONAI01350_301379_20230103,301379,天山电子,2023-01-03,1.7341040462427746,3,173,请问：公司现在有什么优势？未来有什么可期？,尊敬的投资者，您好！公司现阶段的优势主要体现在：系统综合服务方案优势、客户资源优势、团队优势、技术创新优势、供应链优势、生产管理及质量优势和区位优势等。未来，公司重点在客户扩展、产品开发、产品生产和技术研发方面发力，继续聚焦“细分行业龙头客户”，推进单色液晶显示和彩色液晶显示产品系列化及配套一体化发展态势，持续推进工艺优化、自动化升级和品质管理。公司相关发展计划详见公司公告。谢谢关注！,-0.5955542971922635
NONAI01351_301380_20230516,301380,挖金客,2023-05-16,5.333333333333333,4,75,尊敬的董秘您好，请问公司的人工智能技术有在金融行业的具体运用吗？谢谢！,尊敬的投资者您好！公司的核心业务涉及人工智能技术，公司在为银行等相关金融机构提供移动信息化业务服务中有所应用，具体包括AI智能监控、AI智能语音助手等。感谢您的关注！,0.006958163704091162
NONAI01352_301381_20230718,301381,赛维时代,2023-07-18,0.0,0,36,请问目前是否有除高管外的员工持股/员工持股计划？,您好，感谢您的关注。公司目前暂无相关计划，后续如有，会及时履行信息披露的义务。谢谢！,-0.8858440267461817
NONAI01353_301382_20230518,301382,蜂助手,2023-05-18,5.660377358490566,3,53,请问公司有人工智能应用吗？,尊敬的投资者，您好。公司将不断进行技术升级、推动技术创新，努力把握人工智能时代所带来的发展机遇。感谢您对本公司的关注。,0.061705467835475813
NONAI01354_301383_20230612,301383,天键股份,2023-06-12,2.816901408450704,2,71,请问增强现实和马上苹果发布的mr是你们代工的吗，医疗有脑机接口吗？公司有自主研发算力吗？谢谢,您好，目前公司与苹果没有业务往来。公司也一直在密切关注人工智能等相关新技术的发展，并将根据行业发展情况及自身业务、技术发展需求等规划布局业务和产品，谢谢。,-0.4142935740435728
NONAI01355_301387_20230420,301387,光大同创,2023-04-20,5.405405405405405,16,296,N光大同是做什么的？有哪些技术优势？,首先，谢谢您对公司的关注。\n1、光大同创主要聚焦于消费电子防护性产品以及模切类、碳纤维类功能性产品的研发、生产与销售。\n2、我们的优势包括：（1）公司产品和服务得到包括联想集团、立讯精密、歌尔股份、仁宝电脑、纬创资通、和硕科技等业内多个知名消费电子行业客户的高度认可。（2）国际市场中碳纤维产品主要集中于日本东丽等海外企业，国产替代空间广阔。目前，公司已掌握碳纤维板材生产相关能力和技术，不断扩大在碳纤维背板领域的研发、生产投入规模，打破日本企业垄断，实现了国产替代。（3）截止2022年6月30日，公司拥有16项发明专利、106项实用新型专利，生产基地取得ISO9001认证。（4）公司积极完善研发体系，通过综合运用信息化、自动化技术满足客户的定制化需求，不断提升产品良率、生产效率和成本控制水平。,0.019023058169635416
NONAI01356_301391_20230119,301391,卡莱特,2023-01-19,3.5714285714285716,2,56,董秘您好，请问公司XR现在有实际销售没,答复：尊敬的投资者，您好！目前公司已掌握虚拟拍摄XR技术，相关产品已拥有业务收入，占营收比例较小。敬请关注公司公告，感谢您的关注！,-0.28798541706965963
NONAI01357_301396_20230110,301396,宏景科技,2023-01-10,0.0,0,29,最近创业板大幅反弹，同行英飞拓更是大涨四倍左右。贵司却喋喋不休一直破发！有无回购计划赠与员工持股增加黏度？,尊敬的投资者，您好！感谢您的建议，公司目前暂无此计划。感谢您的关注。,-0.8858440267461817
NONAI01358_301397_20230629,301397,溯联股份,2023-06-29,20.0,4,20,您好！请问上市交易时间？谢谢！,公司已于2023年6月28日上市交易。感谢您的关注！,2.4621641874423417
NONAI01359_301408_20230302,301408,华人健康,2023-03-02,4.430379746835443,7,158,优秀的董秘，首先恭喜贵司荣登创业板!贵公司名字华人健康，主打医药电商方面，是否如名称一样业务遍布国内外华人区域，后疫情时代中国健康是一个主题，华人健康是否有对于后疫情时代的布局谋划，与十四五国家健康规划有哪些契合点?,尊敬的投资者您好，公司暂未在境外开展生产经营活动。2021年3月，第十三届全国人民代表大会第四次会议审议批准了《中华人民共和国国民经济和社会发展第十四个五年规划和2035年远景目标纲要》，“鼓励商贸流通业态与模式创新，推进数字化智能化改造和跨界融合，线上线下全渠道满足消费需求”。公司所处行业以及业务模式符合国家经济发展战略和产业政策导向。感谢您的关注。,-0.14419663752720505
NONAI01360_301413_20231219,301413,安培龙,2023-12-19,0.0,0,90,董秘你好，贵公司的产品都适用于什么行业?,您好！基于长期的技术积累以及产业化经验，公司已形成了热敏电阻及温度传感器、氧传感器、压力传感器三大类产品线，包含上千种规格型号的产品，目前主要应用于汽车、家电、通信及工业控制、储能等领域。谢谢您的关注！,-0.8858440267461817
NONAI01361_301419_20230214,301419,阿莱德,2023-02-14,3.4482758620689653,1,29,请问公司有5G相关业务吗？,尊敬的投资者，您好！公司目前的主营业务与5G密切相关。感谢您的关注！,-0.30860123119643634
NONAI01362_301421_20230825,301421,波长光电,2023-08-25,0.6410256410256411,1,156,董秘您好!恭喜贵公司成功上市！请问公司在光通讯、光刻机、机器人、无人驾驶等方面有何技术积累和产品推出？公司的光学产品是否可以应用于新能源汽车上？公司在大数据、云计算等方面有何技术？,尊敬的投资者，您好！公司是国内精密光学元件、组件的主要供应商，长期专注于服务工业激光加工和红外热成像领域，提供各类光学设备、光学设计以及光学检测的整体解决方案。公司的产品能够应用于多个科技新兴产业，主要包括工业激光加工中的新能源汽车锂电池、智能手机与穿戴设备等消费电子、显示面板与半导体等，红外热成像中的刑侦救援、温度监测、安防监控等。谢谢！,-0.7785360711632161
NONAI01363_301428_20230703,301428,世纪恒通,2023-07-03,1.694915254237288,2,118,您好，请问贵公司是否有会进行数字化办公和管理,您好，感谢您的关注！如公司基于SAAS模式的商户运营管理系统，通过整合线下商户资源，形成统一的商户综合运营管理平台，实现商铺管理、商品管理、库存管理、销售管理、合同管理、统计分析等功能，赋能线下商户数字化转型，为运营部门输出数字化运营的能力。更多信息请关注公司披露信息。,-0.6021145170691882
NONAI01364_301448_20230621,301448,开创电气,2023-06-21,0.0,0,59,请问公司业务涉及光通信吗？,尊敬的投资者，您好！\n公司主要从事手持式电动工具整机及核心零部件的研发、生产、销售及贸易，公司对光通信技术及未来发展，保持持续关注。,-0.8858440267461817
NONAI01365_301469_20230822,301469,恒达新材,2023-08-22,10.526315789473685,2,19,请问公司是否有参股金融类企业，如参股银行、参股券商？,有参股银行，详情可查看公司招股说明书，谢谢！,0.8762655596688308
NONAI01366_301488_20230824,301488,豪恩汽电,2023-08-24,7.407407407407407,2,27,请问董秘，公司各种感知原件，除了在汽车领域，还有其他方面的应用场景吗？？,您好，感谢您对本公司的关注，目前公司产品专注于汽车领域。谢谢。,0.35415901554586404
NONAI01367_301489_20231027,301489,思泉新材,2023-10-27,13.72549019607843,7,51,董秘你好:什么吋间上市交易,尊敬的投资者您好，思泉新材于2023年10月24日在深圳证券交易所创业板上市，股票简称“思泉新材”、股票代码“301489”。感谢您的关注！,1.41180866926555
NONAI01368_301499_20230726,301499,维科精密,2023-07-26,25.0,4,16,该股票什么时候上市交易？,您好，公司已于2023年7月21日上市，谢谢,3.2991662409894724
NONAI01369_301501_20250428,301501,恒鑫生活,2025-04-28,4.878048780487805,2,41,公司是否是沪上阿姨供应商？,尊敬的投资者，您好！沪上阿姨是公司的客户之一，主要合作领域为：纸制品和塑料制品。感谢您的关注！,-0.06925665743190772
NONAI01370_301503_20230718,301503,智迪科技,2023-07-18,3.5714285714285716,2,56,请问公司或者子公司有涉及机器人领域吗？,尊敬的投资者，您好！公司自主开发的模具智能制造系统、自动化键盘生产线及自动插键帽生产线均应用了机器人。感谢您对公司的关注！,-0.28798541706965963
NONAI01371_301510_20230816,301510,固高科技,2023-08-16,0.0,0,129,董秘，您好！固高科技与大疆是什么关系吗？如果公司是大疆的上游企业，那么关联交易额每年大概有多少？,我司与大疆暂无直接的业务关系。\n我司直接客户是类似生产类似CNC、工业机器人、印刷设备、电子产品生产的专用加工、检查设备等各类工业工具主机的企业；不排除会有一些我司客户生产的机器设备进入大疆，作为其生产、测试工具存在；但这个是客户自身自身商业行为，我们无法影响，具体数额无法统计。\n谢谢！,-0.8858440267461817
NONAI01372_301520_20230928,301520,万邦医药,2023-09-28,1.3157894736842106,1,76,公司在创新药方面有何投入？,尊敬的投资者，您好！公司逐步开展创新药和改良型新药业务，随着创新药开发平台的建设，公司未来将逐渐形成仿制药开发与创新药开发协同发展、优势互补的业务格局。感谢您的关注！,-0.6655803284443051
NONAI01373_301526_20231228,301526,国际复材,2023-12-28,21.05263157894737,4,19,什么时候上市什么时候上市谢谢！,您好，感谢您的提问。公司于2023年12月26日上市。,2.638375146083843
NONAI01374_301528_20230829,301528,多浦乐,2023-08-29,13.333333333333334,4,30,董秘你好，请问贵公司股票预计哪天上市交易呢 ？,尊敬的投资者，您好！公司股票已于2023年8月28日上市交易。感谢您的关注！,1.3461614493795009
NONAI01375_301536_20240509,301536,星宸科技,2024-05-09,6.25,2,32,5月7日，彭博社、英国《金融时报》和路透社等多家外媒援引消息称，拜登政府当天进一步收紧了对华为的出口限制，撤销了美国芯片企业高通和英特尔公司向华为出售半导体的许可证。董秘，请客观回答，如上述属实，对公司有何具体影响？,您好，公司有关注该事项，此次事件对公司暂无直接影响，谢谢您对公司的关注！,0.16040854018773187
NONAI01376_301539_20240416,301539,宏鑫科技,2024-04-16,2.127659574468085,1,47,请问，保荐机构是谁呀？是中信证券嘛？,尊敬的投资者您好！公司首次公开发行股票并在创业板上市的保荐机构为财通证券股份有限公司，谢谢您的关注。,-0.5296729401303814
NONAI01377_301551_20240927,301551,无线传媒,2024-09-27,18.181818181818183,4,22,301551何时上市,公司于2024年9月26日正式登陆创业板上市，感谢关注。,2.157799804334294
NONAI01378_301552_20240724,301552,科力装备,2024-07-24,3.9603960396039604,4,101,请问公司产品是否可以应用在无人驾驶汽车上？,您好！随着汽车智能化和自动驾驶技术的要求越来越高，汽车上搭载了很多的智能装备，其中在前风挡玻璃上集成了前置摄像头、雨感器、除霜雾模块等智能元件，公司的摄像头（含除霜雾模块）/雨感器支架产品是安装上述智能元件的基座。感谢关注！,-0.2228721031444939
NONAI01379_301556_20241018,301556,托普云农,2024-10-18,21.05263157894737,4,19,您好！请问你们具体的上市时间是什么时候,您好！公司于2024年10月17日上市。感谢您的提问。,2.638375146083843
NONAI01380_301558_20231108,301558,三态股份,2023-11-08,1.0,1,100,董秘你好，请问您对公司业务持续向好发展有没有信心？,您好，感谢您的关注。公司管理层及控股股东对公司的长期发展有着坚定的信心，秉持一贯的价值主张与发展愿景，不断提高企业经营管理水平，公司将持续做好主业经营和市场拓展，促进经营业绩提升，公司目前的生产经营情况正常有序。谢谢！,-0.7184436160367556
NONAI01381_301565_20240614,301565,中仑新材,2024-06-14,1.8867924528301887,1,53,如何查询自己申购新股的配号？,您好!个人申购者应到原委托申购的交易网点处确认申购配号，如查询券商APP或咨询开户营业部工作人员。感谢您对公司的关注!,-0.5699941952189626
NONAI01382_301568_20231130,301568,思泰克,2023-11-30,7.6923076923076925,2,26,尊敬的公司领导：公司在机器视觉数据采集、标注、集成、边缘计算等方面是否有长期的技术和产品积累，可实现从采集到存储的数据闭环?是否能够采集时间同步的多传感器数据，对数据以点云、图像的格式进行标注并通过边缘计算对数据结构化处理后集成于存储服务器?能否将采集的数据要素进行集成处理并在国家车联网测试示范区、先导区、双智城市和智慧高速等场景落地应用?,您好！谢谢您对公司的关注！目前公司尚未在这个领域展开布局。,0.4018514402494043
NONAI01383_301577_20240125,301577,美信科技,2024-01-25,1.4388489208633093,2,139,请问贵司是否直接或者间接参与CPO业务？,您好，感谢您的关注。公司是一家专注于网络变压器、片式电感、平板变压器、一体成型电感等磁性元器件设计、研发、生产与销售的高新技术企业。产品主要应用于路由器、交换机、机顶盒、服务器等网络通信领域、工业电源领域。公司积极布局新能源汽车领域，不断加大对汽车用功率磁性元器件的研发创新及市场开拓力度，没有从事CPO业务。谢谢。,-0.6449801264448491
NONAI01384_301578_20240102,301578,辰奕智能,2024-01-02,1.8867924528301887,1,53,公司在VR/MR有哪些布局？,答：您好！公司有VR/MR手柄等相关技术储备，在UWB空间定位、星闪等技术领域有相关研发布局，请广大投资者注意投资风险，谢谢关注！,-0.5699941952189626
NONAI01385_301580_20240628,301580,爱迪特,2024-06-28,4.761904761904762,1,21,公司境外销售主要是哪些国家和地区？,公司产品远销欧美、日韩等 120 余个国家和地区。谢谢！,-0.08869921384415232
NONAI01386_301581_20250106,301581,黄山谷捷,2025-01-06,1.7857142857142858,3,168,你好，董秘，看到贵司的黄山市供销合作社联合社，请问属于国企吗？谢谢,您好！黄山市供销合作社联合社不属于国有企业。黄山市供销合作社联合社系全市供销合作社的联合组织，其主要职能为：管理、监督和运营本级社有资产，建立健全社有资产保值增值考核和责任追究制度，探索建立管理者和经营者与绩效挂钩的激励约束机制，依法履行出资人职责，享有出资人权益；指导成员社的组织建设和制度建设；协调成员社之间的关系等。黄山市供销社不直接从事生产经营活动。谢谢！,-0.5869147219079207
NONAI01387_301598_20241225,301598,博科测试,2024-12-25,5.882352941176471,2,34,尊敬的董秘，您好！恭祝贵公司上市！请问贵公司是否为小米公司提供汽车检测服务？感谢您的回答！,您好，具体信息请以公司在指定网站发布的公告为准，注意投资风险，感谢您的关注!,0.09886427154456055
NONAI01388_301602_20250310,301602,超研股份,2025-03-10,3.3653846153846154,7,208,你好，能介绍一下公司在AI医疗、智能医疗方面的应用么？,尊敬的投资者，您好！公司将智能化技术引入成像产品，实现胎儿计测、乳腺肿瘤识别和心肌功能评估等临床诊断的智能化，开发成功适用于乳腺肿瘤早期筛查的智能乳腺全容积超声IBUS系列产品，并在2024年以来依托基于AI的乳腺智能检查技术实施“全容积扫查+容积 AI 诊断”的筛查方案，形成了乳腺专科系列和乳腺筛查系列产品。同时，公司通过研发与手术机器人系统软件集成使用的实时超声成像，实现了微创手术机器人的术前确认、术中规划和实时监控。详细情况请查阅招股书相关内容。感谢您的关注!,-0.3224772599356128
NONAI01389_301603_20240820,301603,乔锋智能,2024-08-20,12.121212121212121,4,33,董秘您好，感谢您在百忙之中回复我的消息，请问7月10日高管增持750万股是通过什么方式增持的？是通过竞价交易方式还是其他什么方式？,您好。7月10日为公司股票上市日，该日公司高管未增持公司股票。谢谢您的关注。,1.1432518606408022
NONAI01390_301606_20240729,301606,绿联科技,2024-07-29,4.166666666666667,3,72,请详细介绍一下贵司与英特尔在NAS私有云的合作情况，谢谢,尊敬的投资者，您好，公司与英特尔合作推出NASync系列网络附加存储设备，从两盘位到八盘位等多款型号，满足个人、家用、企业轻量级等不同用户场景使用需求。感谢您的关注，谢谢。,-0.18834231545690594
NONAI01391_301607_20240905,301607,富特科技,2024-09-05,2.3076923076923075,3,130,请问，贵公司有没有研发固态电池？有没有和固态电池企业有合作关系？,尊敬的投资者，您好！公司主要产品包括车载充电机（OBC）、车载DC/DC变换器、车载电源集成产品等车载高压电源系统，以及液冷超充电源模块、智能直流充电桩电源模块等非车载高压电源系统，主要客户涵盖国内外一流整车企业。截至目前公司无固态电池研发项目，暂无与固态电池企业的合作。感谢您对富特科技的关注！,-0.49953538664750596
NONAI01392_301608_20240727,301608,博实结,2024-07-27,3.3333333333333335,1,30,哪天上市,尊敬的投资者您好，上市时间请关注公司后续披露的公告。感谢您的关注！,-0.3278426577147611
NONAI01393_301611_20240819,301611,珂玛科技,2024-08-19,0.0,0,25,总投资达20亿元的XREAL智能AR眼镜光学显示模组研发制造项目落户江苏昆山，预计可年产AR眼镜光学模组350万套。\n请问公司产品是否应用于VR眼镜？,尊敬的投资者您好：公司产品暂不用于VR眼镜。感谢您的关注！,-0.8858440267461817
NONAI01394_301616_20250604,301616,浙江华业,2025-06-04,5.714285714285714,6,105,公司2024年市场占有率是多少？2025年1至5月产能利用率是多少？,感谢您的关注！公司暂未收到中国塑料机械行业协会发布的关于塑料成型装备螺杆2024年市场占有率的相关数据。公司2025年前五个月的产能利用率保持在较为稳定的水平，具体数据将在定期报告中披露。请投资者关注后续公司公告，感谢您的理解和支持。,0.07072974873625358
NONAI01395_301622_20241205,301622,英思特,2024-12-05,2.0833333333333335,1,48,近期消息 将严控两用物资对美国出口，请问贵司产品是否在列?对贵司业绩影响如何?,尊敬的投资者，您好！公司没有直接对美国出口的量产项目，上述限制出口政策对公司经营无负面影响。感谢您的关注。,-0.5370931711015439
NONAI01396_600000_20230103,600000,浦发银行,2023-01-03,0.0,0,18,尊敬的董事会（长）秘书，你好啊，贵司2019年发行的可转债，在第三年利率即将达到两厘，而公司八成五收入来自于『利息差』，目前储蓄~放贷业务之间差距不足百分之二，加之房贷可以「延期交付」，建议公司提前做好现金流动性管理准备！,公司将做好相关的资金安排。感谢您的建议！,-0.8858440267461817
NONAI01397_600004_20230106,600004,白云机场,2023-01-06,13.636363636363637,3,22,您好，此前国内外多家媒体、报纸均报道“凤凰卫视”旗下的“凤凰金融”诈骗7万个家庭约100亿人民币，并提供了相应的证据。内地多家企事业单位得知此消息后第一时间便停止了与凤凰卫视、凤凰网的合作，请问贵司与诈骗集团“凤凰卫视、凤凰网”有商业合作吗？,公司与所提问平台无合作关系，感谢您对公司的关注。,1.3968888465641751
NONAI01398_600007_20230223,600007,中国国贸,2023-02-23,20.0,4,20,您好，贵司2021年的年报有笔误，第22页 (三)经营活动，利润总额写的是14.2元。,谢谢！公司2022年经营计划中利润总额为14.2亿元。,2.4621641874423417
NONAI01399_600008_20230110,600008,首创环保,2023-01-10,12.5,3,24,您好，此前国内外多家媒体、报纸均报道“凤凰卫视”旗下的“凤凰金融”诈骗7万个家庭约100亿人民币，并提供了相应的证据。内地多家企事业单位得知此消息后第一时间便停止了与凤凰卫视、凤凰网的合作，请问贵司与诈骗集团“凤凰卫视、凤凰网”有商业合作吗？,您好，公司与所提问平台无合作关系，感谢您对公司的关注。,1.2066611071216455
NONAI01400_600010_20230105,600010,包钢股份,2023-01-05,0.0,0,40,董秘，您好！您说稀土选矿业务不需要公示，请问稀土选矿业务需要用到国家的稀土“开采指标”还是“冶炼分离指标”呢？,尊敬的投资者您好，公司的稀土精矿生产销售量，遵守自然资源部下达的采矿指标。感谢您的关注!,-0.8858440267461817
NONAI01401_600012_20230117,600012,皖通高速,2023-01-17,2.272727272727273,1,44,您好！请问宣广高速扩建项目的13.79亿元政府补贴是在建设期发放还是在扩建竣工后按年平均发放？本项目“资本金税后内部收益率4.56%”对应预期收费延期多少年？或者从2028年12月延续收费至哪一年？谢谢！,投资者您好，宣广改扩建项目政府补贴目前正在申请中，后续将分批发放。该项目中标收费期限为30年。谢谢！,-0.5053885478611222
NONAI01402_600015_20230106,600015,华夏银行,2023-01-06,1.0526315789473684,1,95,从珠海农商行丶横琴村镇银行的二笔实际已经打水漂的贷款中发现，都存在分支行长或贷款经理索劳务费丶辛苦费，小微企业占款后基本都收不回，贵行在反腐中有举措吗？老鼠守米仓，所有的赚可能仅是一场儿戏。,您好，我行严格合规管理，持续推进合规文化建设，严守合规底线，严格按照银行业金融机构从业人员职业操守指引等制度规范员工行为，持续做好从业人员行为管理评估，对于腐败行为及其相关人员违规给予严厉的问责，违规必究。,-0.7096330681046805
NONAI01403_600016_20230328,600016,民生银行,2023-03-28,5.517241379310345,16,290,董秘你好，按银保监218的管理办法，公司属于商业银行第几档？能否阐述一下新办法对公司具体的影响,尊敬的投资者，您好！根据2月18日银保监会、人民银行发布的《商业银行资本管理办法（征求意见稿）》（以下简称《征求意见稿》），本行属于第一档商业银行。根据征求意见稿内容，第一档商业银行资本监管方案对标国际规则，在风险加权资产计量规则、风险管理、监督检查、信息披露等方面都提出了较高的要求。以信用风险权重法为例，征求意见稿对于权重法下信用风险的管理与计量进行了重塑，提升了风险计量精细化程度，突出对优质客户、低风险业务的资本计量比较优势。根据《征求意见稿》规定，《商业银行资本管理办法》将于2024年１月１日起施行，对于本行的相关影响，尚在评估中。本行将遵循监管趋势，积极开展结构优化，持续提升风险管理水平，在确保各级资本充足、经营稳健的前提下，稳步提升资本回报水平。谢谢！,0.037744446133411026
NONAI01404_600017_20230109,600017,日照港,2023-01-09,11.702127659574469,11,94,您好董秘，能否告知截止今日贵公司股东持有总户数为多少，人均持有数量，以及十大流通股东持有数量以及持有人。近期大股东是否有增减公司股份。,尊敬的投资者您好，公司将于2023年3月31日披露2022年度报告，届时请关注公司年报中披露的股东户数和前十名流通股东。如需查询最近股东户数，请与公司投资者热线0633-8388822联系，待核实股东身份后进行查询。感谢您对公司的关注！,1.0730969496407203
NONAI01405_600018_20230117,600018,上港集团,2023-01-17,6.857142857142857,12,175,董秘，您好！上海服务国家一带一路建设发挥桥头堡作用行动方案中，明确上港集团作为打造海上丝绸之路港航合作机制以及进一步拓展完善航线航班网络布局的责任部门，想请问一下公司目前在这两方面的推进进度！谢谢,尊敬的投资者，您好。公司持续提升港口智能化、自动化水平，包括自动化码头新设备设施的投入、传统码头智能化改造的持续推进等，助力码头产能升级，不断构筑“海丝桥头堡”服务优势。公司持续推进以色列海法新港项目，该项目是公司积极响应“一带一路”的标志性项目，2022年9月，以色列海法新港码头已顺利运行一周年。公司下属航运子公司持续拓展航运服务网络，不断提升公司互联互动服务能力。感谢您对上港集团的关注。,0.2620445038327405
NONAI01406_600019_20230104,600019,宝钢股份,2023-01-04,0.0,0,18,请问2022年公司准备在完善现代化企业治理，去机关化准备如何发力？确保公司有专业人才负责经营？,公司生产经营总体正常有序，治理机制完善。,-0.8858440267461817
NONAI01407_600020_20230210,600020,中原高速,2023-02-10,3.125,2,64,贵公司相关高速公路通行费实施政府购买服务约占公司全部高速公路通行费的比重大约是多少？相关高速公路通行费实施政府购买服务的服务费是否受疫情况影响？,您好，公司通行费实施政府购买服务占全部高速公路通行费的比重大约6%，相关高速公路通行费实施政府购买服务的服务费未受疫情影响。感谢您的关注！,-0.3627177432792249
NONAI01408_600022_20230224,600022,山东钢铁,2023-02-24,8.695652173913043,2,23,公司未来的资本性开支用于哪些领域？,感谢您对我公司的关注。相关信息请查阅公司年度报告。,0.5698117185531762
NONAI01409_600025_20230109,600025,华能水电,2023-01-09,6.0,3,50,领导您好！我问一下，大坝折旧年限是多少年？,尊敬的投资者，感谢您对华能水电的关注！目前公司水电站资产有水电站建筑折旧年限为45年，房屋折旧年限为25年，谢谢！,0.11855843751037533
NONAI01410_600027_20230112,600027,华电国际,2023-01-12,9.090909090909092,5,55,尊敬的董秘，非报告期的股东数不属于强制披露的信息范围，但按贵司《公司章程》第52条，股东有权利查询股东总数，请问要把带印章的持股证明和身份证等资料发去贵司哪个邮箱能够得到股东总数的回复？,您好，公司目前的股东数量大体为8-9万。可以通过hdpi@hdpi.com.cn与公司沟通，也可以电话等其他途径与公司沟通交流。谢谢对公司的关注。,0.6359778887940564
NONAI01411_600028_20230120,600028,中国石化,2023-01-20,1.0309278350515463,1,97,"董秘您好：我留意到你们的下属公司中国石化上海石油化工股份有限公司于2022年11月出现43次污染物(包括二氧化硫,SO2实测浓度,NOX实测浓度,氮氧化物)排放超标。该超标在微博中也有相关的关注，具体参见：环保我知道。不知道是什么原因，请麻烦管理层核查整改并说明原因，也请重视和控制排污问题。",您好，感谢您对中国石化的关注。针对您提出的问题，我们询问了相关部门。目前来看，上述描述超标数据来源不明，上述企业也未发生因超标排放问题受到政府通报或行政处罚情况。具体排放情况，建议以生态环境保护部门发布信息为准。,-0.7132662837467733
NONAI01412_600030_20230808,600030,中信证券,2023-08-08,0.0,0,31,同花顺软件每天置顶的新闻不是人工智能就是数字经济，助推热点不断升温，请问贵公司如何看待这种情况？,尊敬的投资者，感谢您对中信证券的关注。您的问题并不涉及中信证券，谢谢！,-0.8858440267461817
NONAI01413_600031_20230321,600031,三一重工,2023-03-21,3.167420814479638,7,221,尊敬的董秘，按贵司最近一期修订的《公司章程》第33、34条，股东可以通过向公司提供持股证明等文件查询股东数——请问将相关文件发去贵司邮箱，贵司是否会按公司章程规定回复股东总数？,尊敬的投资者，您好，感谢您对公司的关注！根据《证券登记结算管理办法》、《公司法》关于股东查阅股东名册的规定，股东有权查阅本人的持股信息，但对于其他股东的持股和交易信息，上市公司则须为其保密。由于上市公司披露股东人数问题不属于规则规定强制披露的范畴，除定期报告及季度报告外，其他时间点股东人数不属于公开信息，公司在信息披露方面严格遵循公平原则，故不能在互动平台披露股东人数，还请见谅。为保证所有投资者平等获得公司信息，公司会在定期报告中披露对应试点的股东信息，敬请关注。再次感谢您的提问。,-0.3556164815127052
NONAI01414_600032_20230303,600032,浙江新能,2023-03-03,1.2195121951219512,1,82,2023年中央一号文件公布 提出做好2023年全面推进乡村振兴重点工作，其中提及“强化农业科技和装备支持”。请问浙江新能的“农光互补、林光互补、渔光互补”享受哪些财政补贴，2022年业务开展情况如何，新版一号文件的公布对2023年的业务开展是否有积极意义？CoffeeDRIVER 投递,您好，公司部分存量的渔光互补、农光互补项目享受国家可再生能源补贴和省补。公司将积极关注国家政策与行业动向，持续推进可再生能源业务发展。具体业务情况请关注公司后续的定期报告，谢谢！,-0.6816971844176132
NONAI01415_600033_20230224,600033,福建高速,2023-02-24,15.068493150684931,11,73,请问贵公司旗下高速公路得运营期限。,投资者，您好。公司旗下主要路产：泉厦高速公路收费期至2035年9月，福泉公司收费期至2036年1月，罗宁高速收费期至2028年3月。相关详细内容可参阅公司披露的年度报告。感谢关注。,1.6366279154506511
NONAI01416_600035_20230213,600035,楚天高速,2023-02-13,6.122448979591836,3,49,您好！贵公司属于湖北国企改革标杆企业，湖北国企改革已经三年。公司应把握好改革的机遇，建议收购湖北白云边酒业这样的优质企业，强化湖北省大企业资源的整合，打响湖北本土品牌知名度做出贡献。,感谢您对公司的关注。公司将聚焦主责主业，大力发展路桥运营、智能科技产业，推动企业高质量发展，提升公司整体价值。,0.1390564469849989
NONAI01417_600036_20230331,600036,招商银行,2023-03-31,1.1235955056179776,2,178,个人养老金资金账户开户数以及投资者购买的个人养老金产品分布情况如何？,尊敬的投资者，您好！感谢您的关注。本公司根据客户需求，持续打磨个人养老金各项功能，在便利程度、客户使用体验等方面均处于同业领先地位。目前已支持招商银行App、掌上生活App、VTM、柜面等全渠道开立个人养老金账户，平均开户时长仅需1分钟。在个人养老金产品方面，本公司已累计引入超过百只各类产品，为客户提供优质、丰富、多样的选择。本公司致力于打造养老金融专家形象，为客户提供优质、专业、便捷的个人养老金服务。谢谢！,-0.6977536776344669
NONAI01418_600037_20230106,600037,歌华有线,2023-01-06,2.380952380952381,1,42,请问贵公司作为广电央企，有没有重组全国广电的规划？,投资者您好，感谢您的关注。公司负责北京地区有线电视网络的建设和维护，相关事宜可咨询中国广电。,-0.487271620295167
NONAI01419_600051_20230118,600051,宁波联合,2023-01-18,0.0,0,33,你好，目前房地产政策松动，请问董事会现在是否正在讨论重启与盛元地产公司得并购计划？讨论得结果是？谢谢。,尊敬的投资者您好！如有相关信息，公司将按照信息披露规定及时予以披露。谢谢！,-0.8858440267461817
NONAI01420_600052_20231228,600052,东望时代,2023-12-28,6.451612903225806,2,31,公司传媒还搞不搞了,您好，目前影视文化行业为公司发展的辅助行业，感谢您对公司的关注，谢谢！,0.19415862299205158
NONAI01421_600053_20230529,600053,九鼎投资,2023-05-29,1.0869565217391304,5,460,董秘好，我很看好九鼎投资未来的发展空间，也很欣赏公司每季度定期披露主营业务经营简报的举动。据了解，公司在注册制推行前的投资模式主要是pre-ipo模式，请问注册制后公司的投资模式是否发生了变化？另外公司2021年新增实缴规模仅1.5亿，最近更下降明显，请问公司的投研团队人员是否保持稳定？是否有信心在市场回暖时把握机会募集资金？希望贵公司早日回归正轨！,注册制的全面推行使得企业上市发行呈现常态化、快节奏的特点，公司在管基金已投项目的退出通道将更加顺畅。公司的投资理念及投资模式长期以来保持稳定，公司专注于企业的成长性投资，追求较低风险下的较高收益，以中国境内科技制造、新消费、生命健康领域内的优质企业为主要投资对象，陪伴和协助所投资企业从优秀到卓越。投资方式上以参股投资为主、协助并购为辅。近年来，受内外部多重因素影响，公司增量投资规模逐年下降，但公司各业务团队规模及核心骨干均保持稳定。公司投研团队持续根据“行研驱动-按图索骥-属地开发” 的项目投资和开发策略，全覆盖先进制造、新消费、生命健康等领域内各细分行业进行主动研究并积极开展尽调；公司开发团队覆盖23个省份，深耕各属地。在基金募集方面，公司将把握机会推进基金募集工作。2023年，公司将根据客户需求和资产端的投资机会采取更加灵活务实的募资策略和产品设计方案。一方面将继续重点针对大型机构客户，提供满足其需求的专项服务；另一方面在重点区域继续渠道下沉，加大对高净值合格投资者的开发力度；同时，在美元基金的募集方面，结合最新海外资金的形势，拟进一步拓展至中东和东南亚地区沟通新的潜在客户。感谢您的关注。,-0.703887058583762
NONAI01422_600054_20230227,600054,黄山旅游,2023-02-27,5.0,3,60,你好，我想咨询下贵司什么时候安排黄山市民免门票活动，春节期间游客太多了，市民表示上不去山很伤心，希望能安排相关活动进行弥补,您好，公司近年来已开展多次黄山人免门票游黄山活动。后期如有类似活动请以公司在黄山旅游官方平台发布的信息为准。感谢您对公司的关注！,-0.04884197319905085
NONAI01423_600055_20230119,600055,万东医疗,2023-01-19,0.0,0,16,请问董秘，公司是否有便携的呼吸机，制氧机之类的toc类产品？,您好，公司产品没有呼吸机、制氧机，谢谢。,-0.8858440267461817
NONAI01424_600057_20230217,600057,厦门象屿,2023-02-17,1.7857142857142858,4,224,请问公司商业模式中所称的“全方位、多层次、立案领域”，具体含义是什么？,尊敬的投资者，您好。公司提供“全方位、多层次、宽领域”的服务和商品组合指的是：公司为客户打造了一个能够满足其多元采购需求的“大宗商品采购超市”和多元服务需求的“大宗商品服务超市”，一站式解决客户全方位供应链需求，并且能够根据客户需求变化调整商品供应和服务匹配。在全产业链形成完善的服务和渠道能力后，公司在大宗商品产业链条上顺势切入有赋能价值的生产制造环节，形成“供应链服务+生产制造”的产业链运营模式。公司目前经营的主要商品涉及金属矿产、农产品、能源化工、新能源等多个领域。感谢您对厦门象屿的关注！,-0.5869147219079207
NONAI01425_600058_20230227,600058,五矿发展,2023-02-27,1.9801980198019802,2,101,"董秘你好,中央现在鼓励国企央企盘活资产,要求国资价值重估,同样作为央企,别的公司都在为提升估值努力,而贵司的资产重组承诺却在集团高度重视的前提下拖了十几年没看到结果,十几年久拖未决,是不是能力出了问题?",您好！公司及公司实际控制人中国五矿集团有限公司高度重视历史承诺履行及上市公司规范运作。公司将持续与中国五矿集团有限公司保持定期沟通，了解承诺履行情况，并根据有关法律法规规定履行信息披露义务。谢谢您对五矿发展的关注！,-0.5543580649453378
NONAI01426_600059_20230228,600059,古越龙山,2023-02-28,3.8461538461538463,1,26,请问公司的黄酒库存有多少万吨？多谢！,尊敬的投资者您好，公司黄酒储酒量约26万千升，感谢您的关注。,-0.24199629324838873
NONAI01427_600060_20230104,600060,海信视像,2023-01-04,2.7027027027027026,3,111,尊敬的董秘：请问今年贵司是否会参与国际消费类电子产品展览会（CES）？会发布和展示哪些创新产品吗？,尊敬的投资人您好！海信视像今年将继续参与国际消费类电子产品展览会（CES），将展示8K激光电视、徕卡激光电视、三色激光投影、110英寸的ULED X参考级影像旗舰电视UX等。公司将基于50多年的显示技术积累，在更大尺寸、更高画质、更多显示形态上实现创新引领。谢谢您的关注！,-0.43341048428827317
NONAI01428_600061_20230105,600061,国投资本,2023-01-05,3.3333333333333335,1,30,请问2023年公司有无融资计划?如配股?增发?,尊敬的投资者您好，相关事项敬请以公司公告为准，感谢您的关注与支持。,-0.3278426577147611
NONAI01429_600062_20230105,600062,华润双鹤,2023-01-05,3.278688524590164,2,61,公司收购的美国新冠药到哪个阶段了，什么时侯可以上市销售啊？,感谢您对公司的关注！我公司开发的小分子RNA聚合酶抑制剂药物（CX2101）目前已经获得药物临床试验批准通知书，I期临床目前已完成首组受试者给药。,-0.33699022114150573
NONAI01430_600064_20230106,600064,南京高科,2023-01-06,5.579399141630901,13,233,"董秘您好：环境与社会责任是投资者重点关注的问题。我在贵公司的年报中也了解到了贵公司在环境方面的投入和努力。但是我留意到贵公司的下属公司南京高科环境科技有限公司于2022年11月出现7次污染物(包括总氮)排放超标。不知道是什么原因，请麻烦管理层核查整改，并说明原因,以及为减少污染物和控制排放超标方面所采取的措施，包括方案计划，投资金额等。同时也希望贵公司可以在未来的定期报告中增加这些的详细披露。",投资者您好，公司子公司南京高科环境科技有限公司（以下简称“高科环境”）连续多年出水水质稳定达标，感谢广大投资者和社会团体实时监督。经核查，高科环境2022年11月排口超标数据为4个，但上述数据并非实际排放超标，出现超标数据的原因是高科环境按照环保要求对在线设备进行季度比对，比对时间是2022年11月21日。高科环境已按照流程提前在南京市污染源自动监控系统、江苏省污染源“一企一档”管理系统以及重点排污单位自动监控与基础数据库系统三平台同步报备并标记。比对期间产生的4个超标数据均为比对样，非真实水样，请悉知。谢谢您的关注！,0.048149681074651
NONAI01431_600066_20230105,600066,宇通客车,2023-01-05,13.72549019607843,7,51,1、请问T7星辰版是贵公司的吗？2、T7星辰版订单销量如何？,尊敬的投资者，您好。T7星辰版是公司于2022年12月8日首发上市的产品，目前订单量占公司总销量的比例较低。感谢您的关注。,1.41180866926555
NONAI01432_600067_20230313,600067,冠城大通,2023-03-13,4.25531914893617,2,47,请问贵司有董秘吗？几个月不回复股民咨询，几个月回一次还是答非所问、不知所云。附：请问公司目前财务投资了哪些公司，已经出清的不算。汇川物联、容汇锂业的股权都还在上市公司手上吗？,您好，汇川物联、容汇锂业未在公司的合并报表范围内，公司的财务性投资情况请关注公司定期报告，感谢您的关注！,-0.173501853514581
NONAI01433_600071_20230113,600071,凤凰光学,2023-01-13,1.948051948051948,3,154,您好，请问该公司在新能源汽车领域有哪些产品呢？ 具体和哪些整车商合作呢？还有公司的电芯有应用在储能领域吗？在数字经济方面有布局吗？请逐一回答，谢谢。,投资者您好，公司业务定位在光电影像和智能控制重点领域，提供物联网核心组件和产品方案，公司产品是数字经济基础设施建设的组成部分。其中，公司的光学镜片、光学镜头等产品已经在车载（包括新能源车）领域有所应用，为智能驾驶和辅助驾驶提供了相关光学产品。公司锂电芯产品主要应用于消费类数码领域，2022年上半年新拓展了储能类和动力类领域业务。谢谢关注。,-0.5597393305589878
NONAI01434_600073_20230120,600073,上海梅林,2023-01-20,2.912621359223301,3,103,董秘您好：请问贵公司生产销售黄桃罐头或者黄桃食品？,尊敬的投资者，您好。公司主营业务为肉及肉制品的加工制造，品牌产品业务中有上海梅林“糖水黄桃罐头”产品进行生产销售，但单品业务比重较小。您可在线下商超以及公司在淘宝、京东等线上平台开设的旗舰店购买。感谢您对上海梅林的关注与支持。,-0.398270014971154
NONAI01435_600075_20230208,600075,新疆天业,2023-02-08,10.28368794326241,29,282,公司发展这么好，每年盈利都已经超过10亿了，分红方案会不会提升，一直是每10股送1元吗？会不会有所改变，让长期持有贵公司的股东有点福利？期待贵公司的分红方案,您好，“十三五”以来，公司按照做优、做强、做大上市公司的发展目标，围绕公司核心主业，陆续实施了多次资产重组，深入优化和调整产业结构，实现产业转型升级，公司营业收入从2015年的22.57亿元增长至2021年的120.14亿元，资产总额从2015年的35.11亿元增长至2021年的162.20亿元，归母净利润从2015年的0.41亿元增长至2021年的16.38亿元。公司注重现金分红政策，最近三年以现金方式累计分配的利润为最近三年实现的年均可分配利润的36.73%。公司留存未分配利润主要用于项目投资、对外投资、收购资产和股权、购买设备、补充流动资金等资金支出，逐步扩大生产经营规模，优化财务结构，促进公司的快速发展，有计划、有步骤地实现公司未来的规划发展目标，最终实现股东利益最大化。谢谢您的关注！,0.83564955856352
NONAI01436_600076_20230202,600076,康欣新材,2023-02-02,27.586206896551722,8,29,请问，截至2023年1月31日，公司的股东数是多少？谢谢,"您好，截至2023年1月31日公司股东总数为40,778户。感谢您对公司的关注！",3.5991992847994347
NONAI01437_600078_20230303,600078,ST澄星,2023-03-03,4.026845637583893,6,149,请问董秘：1）9月27日贵司公告子公司宣威磷电减产事宜，该子公司现在是否已提高产量，进行满负荷生产？2）网传贵司子公司宣威磷电所在的宣威羊场工业园正推进年产20万吨磷酸铁锂正极材料项目，请问贵司是否在洽谈该项目合作？3）4月中旬通过的破产和解协议提到贵司未来“要引入产业投资人”，抓住磷酸铁锂等新能源产业机会。请问贵司变更实控人后，贵司是否还坚持执行该和解协议，在新能源产业方面是否有进一步的发展规划？,尊敬的投资者您好，1、公司子公司宣威磷电尚未满负荷生产。2、公司产业是向附加值更高的精细化工产品及新能源、新材料方向发展，截至目前尚未有正极材料投资落地，如有相关信息请以公司正式披露的公告为准。3、公司立足现有产业，专注于黄磷、磷酸及磷酸盐产品的研发与销售，同时也积极关注新能源产业发展，致力于产业协同发展。感谢您对公司的关注！,-0.21174841315117693
NONAI01438_600079_20230104,600079,人福医药,2023-01-04,1.5384615384615385,2,130,现在全国上下都在抢布洛芬等退烧药，公司在当前时期能否以特殊分红的形式向小股东们分发公司生产的布洛芬等退烧药，以回馈一直以来支持公司发展的股东。,您好，感谢您对公司的关注！布洛芬作为常用解热镇痛药，是公司众多医药产品之一。作为医药上市公司，公司积极履行社会责任，为医疗机构及患者及时提供质优价廉的产品。公司管理层高度关注新冠病情形势变化，制定了生产保供应急预案，下属相关生产企业加大组织协调力度，最大程度扩大产能以满足市场需求。,-0.6283049333470645
NONAI01439_600081_20230113,600081,东风科技,2023-01-13,3.225806451612903,2,62,请问贵司是否涉及AEB业务,尊敬的投资者，您好！东风科技下属合资公司“东科克诺尔”涉及AEB业务，目前在广汽日野，重庆庆铃，四川现代这些国际化的客户上都已经实现了批产。谢谢！,-0.34584270187706506
NONAI01440_600083_20230106,600083,博信股份,2023-01-06,8.974358974358974,14,156,尊敬的董秘：您好！以下问题烦请及时回复，谢谢： 1、2022度年报，预计何时发布？ 2、截至2013年1月3日，最新股东人数是多少？ 3、当初杭州国资每股16元的价格，耗巨资取得相应的股权，目前股价已不到8元，浮亏严重，请问是否有问责制？,您好，公司将于2023年4月28日披露《2022年年度报告》，截至2022年9月30日公司普通股股东总数为14416，公司密切关注自身股价情况，股价的波动受市场多种因素的影响，在短期内具有不确定性，请注意投资风险。公司认为，提升企业市值、维护股价良好运行的核心是持续增强公司的核心竞争力和持续盈利能力。公司将持续做好经营管理，提升内部价值，争取用更好的经营业绩回报投资者。,0.6164673514153353
NONAI01441_600084_20230103,600084,中葡股份,2023-01-03,8.275862068965518,12,145,尊敬的董秘，你好，请问公司控股股东中信国安集团是央企吗？重整的怎么样了？,公司控股股东为中信国安集团有限公司，2014年国安集团改制后实际控制人由中信集团变更为无实际控制人。2022年12月28日国安集团召开了第二次债权人会议，国安集团历次重整进度情况公司已在指定信息披露媒体进行了公告。公司将按照上交所相关规定和国安集团通知开展后续信息披露工作，公司信息请以公司公告为准。感谢您对公司的关注！,0.4995386825732074
NONAI01442_600085_20230103,600085,同仁堂,2023-01-03,4.761904761904762,1,21,您好，请问贵公司是否建立了财务共享中心，具体是哪一年建立的？谢谢！,尊敬的投资者您好，公司未建立财务共享中心。谢谢！,-0.08869921384415232
NONAI01443_600088_20230214,600088,中视传媒,2023-02-14,4.761904761904762,1,21,流浪地球火爆，人工智能技术令人惊奇请问贵公司有没有人工智能AI的运用产品,投资者，您好！公司目前不涉及。感谢您对公司的关注。,-0.08869921384415232
NONAI01444_600089_20230105,600089,特变电工,2023-01-05,0.0,0,61,贵司的煤炭相比于市场上价格要低很多，请问是什么原因？有没有考虑过将煤炭加工成更高附加值的方向？,您好，新疆煤炭价格与内地煤炭价格关联性弱，公司煤炭主要在疆内销售。煤炭的价格与煤质、煤炭品种相关，公司煤炭价格与周边煤矿交易价格相当。,-0.8858440267461817
NONAI01445_600095_20230113,600095,湘财股份,2023-01-13,3.2967032967032965,3,91,请问公司在年报公告前会出业绩预告或者业绩快报吗？预计时间什么时候公告？,您好，根据《上海证券交易所股票上市规则》的规定，若公司满足业绩预告相关要求，达到信息披露标准，公司将在会计年度结束后的一个月内对年度经营情况进行业绩预告，请关注公司披露的相关公告，感谢您对公司的关注。,-0.3339745408909306
NONAI01446_600097_20230103,600097,开创国际,2023-01-03,0.0,0,46,"请问，江苏“深蓝”号，是否已离港开赴南极捕捞？船舶是否达到了公司期望的运行状态。另，年费用8000万，是全款一次性支付对方还是分期支付的？对方是个新船厂，业务预期上，公司公开回复有不确定性。贵司为何选择它冒险,是否做了可行性论证？",感谢您的关注和支持。目前深蓝号已经到达南极，开始捕捞生产。公司会根据合同约定支付固定资产使用费。谢谢！,-0.8858440267461817
NONAI01447_600099_20230206,600099,林海股份,2023-02-06,3.8461538461538463,1,26,咨询一下，贵公司是否已有或者建造中的餐饮娱乐等大消费项目？,谢谢对公司的关注！公司主营业务不涉及餐饮娱乐等消费项目。,-0.24199629324838873
NONAI01448_600100_20230105,600100,同方股份,2023-01-05,1.9230769230769231,2,104,董秘您好！公司扣非巨亏7年，严重影响公众形象，股民提起贵公司无不骂骂咧咧！请问贵公司有信心能扭转局面吗？作为清华大学，中核集团双重支撑的企业什么时候扣非能盈利！谢谢！,您好！公司业绩受亏损业务、前期投资减值以及财务费用等影响历史包袱较重，科技型实体公司的扭转需要阵痛和过程，深层次的改革调整需要时间更需要魄力，公司相信在中核集团和清华大学的双重支撑下，定会尽快扭转局面，平稳发展。感谢您的关注！,-0.5639201599972852
NONAI01449_600101_20230111,600101,明星电力,2023-01-11,2.1739130434782608,1,46,董秘，你好！大股东国网四川电力公司会模仿南网将旗下优质资产国网四川岷江供电有限责任公司，国网四川射洪市供电有限责任公司，国网四川电力送变电建设有限公司资产注入上市公司吗？,感谢您对公司的关注。公司若涉及重组整合等经营发展重大事项，将严格按照相关规定及时履行信息披露义务。,-0.5219300904213422
NONAI01450_600103_20230918,600103,青山纸业,2023-09-18,5.714285714285714,2,35,董秘你好，公司的子公司恒宝通的业绩会纳入年报范围嘛？,尊敬的投资者，感谢您对公司的关注。公司子公司恒宝通的业绩会纳入年报范围。谢谢！,0.07072974873625358
NONAI01451_600104_20230203,600104,上汽集团,2023-02-03,0.0,0,157,国补的退出，特斯拉反而降价，贵司的各个品牌都出现大幅度涨价，请问贵司的出发点是什么，怕自己多卖车还是因为自己是体制能与生俱来的自大？比亚迪的涨价因为他的定单充足，有资本，而贵司呢？飞凡?智己才几千台销量，大众id不过万，荣威+名爵新能源又有多少，比亚迪的零头。请贵司认真回答，谢绝谢谢惠顾式回复，,尊敬的投资者，您好，车企对于产品价格的调整需要综合考虑成本变化、预期销量、盈利水平以及市场形势等多方面因素。公司将密切跟踪市场形势变化，在坚持稳健经营的前提下，动态调整市场竞争策略；下属各整车企业也将努力抢抓新一年消费回暖和新能源汽车市场的增量机遇，优化产销结构，大力降本增效，加快推进营销变革，持续提升零售端销售能力，确保经营质量稳中有升。,-0.8858440267461817
NONAI01452_600106_20230103,600106,重庆路桥,2023-01-03,0.0,0,42,公司股价背离大盘，背离铁路公路板块，管理层无所作为到底在干嘛？,尊敬的投资者，您好。公司目前经营情况正常，无应披露而未披露的重大事项，敬请投资者注意投资风险。,-0.8858440267461817
NONAI01453_600108_20230130,600108,亚盛集团,2023-01-30,0.0,0,31,鱼儿红的矿产开发进展怎么样了？,尊敬的投资者您好！鱼儿红矿业如有相关进展，公司将及时公告，请关注。谢谢！,-0.8858440267461817
NONAI01454_600109_20230109,600109,国金证券,2023-01-09,5.555555555555555,1,18,请问贵公司有与凤凰（黄）网（卫视）业务吗，凤凰金融在海南暴雷，怕影股价？,您好，公司未有相关合作业务，感谢您的关注。,0.04415825497285255
NONAI01455_600110_20230426,600110,诺德股份,2023-04-26,0.0,0,23,请问目前董秘是谁,您好，公司现任董事会秘书为王寒朵女士。感谢您的关注。,-0.8858440267461817
NONAI01456_600111_20230308,600111,北方稀土,2023-03-08,3.7974683544303796,3,79,尊敬的董秘，按贵司最近一期修订的《公司章程》第四章第32、33条和《公司法》的有关规定，股东可以通过向公司提供持股证明、身份证件等文件查询非定期报告的股东数——请问将相关文件发去贵司哪个邮箱能够确认？,公司会在定期报告中披露股东户数。如需查阅其他时点的股东户数，根据《公司法》《公司章程》等相关规定，请您携带持股证明及身份证明文件到公司现场确认后至公司证券部查阅。感谢您的关注。,-0.25014626455848743
NONAI01457_600114_20230113,600114,东睦股份,2023-01-13,4.294478527607362,7,163,尊敬的董秘您好，近日比亚迪发布了新款豪华电动SUV，并推出了新技术“易四方”，其核心为轮边电机的利用。请问贵司参股的深圳小象电动公司的轮边电机技术与产品是否与之类似？能否在未来为新能源汽车产业提供新的电机技术与应用？谢谢您的回复。,尊敬的投资者你好，据公司了解，新能源汽车的核心为电机、电控、电池系统，轮边电机有大量软磁应用机会。2022年11月，公司联营企业宁波东睦广泰收购深圳小象电动公司9.00%股权，深圳小象电动公司拥有自主研发的聚能磁轴向磁通电机及控制算法等核心技术，这将有利于了解软磁复合材料SMC技术在软磁电机的具体应用情况，从而拓展该技术在软磁电机等高端制造领域的应用场景，谢谢关注！,-0.16694655744189751
NONAI01458_600117_20230116,600117,西宁特钢,2023-01-16,4.444444444444445,2,45,这几年连续亏损，2023年会被ST吗？,尊敬的投资者，您好，关于公司经营状况请继续关注公司的定期报告及披露的临时公告。感谢您对公司的关注！,-0.14184220137095424
NONAI01459_600120_20230410,600120,浙江东方,2023-04-10,8.695652173913043,4,46,请问截至2023年3月31日，贵公司股东人数是多少？谢谢,"尊敬的投资者您好，截至3月31日，公司股东总数为50,551，公司已经在年度报告中进行了披露，您也可以查阅，谢谢。",0.5698117185531762
NONAI01460_600121_20230216,600121,郑州煤电,2023-02-16,17.307692307692307,9,52,请问贵公司，冬季到来，公司发电等业务有无受环保，疫情影响，影响程度有多大？,您好，感谢您对公司的关注。2020年公司东风电厂3、4号机组政策性关停后（详见公司临2020-018号公告），目前暂无新的火电业务。谢谢！,2.0114707739938864
NONAI01461_600125_20230117,600125,铁龙物流,2023-01-17,2.5641025641025643,1,39,中老铁路开通，加大国内外贸易，铁龙是否有集装箱运输，物流运输业务？,尊敬的投资者您好，感谢您的关注。目前公司的铁路特种集装箱运输物流业务主要在国内开展。,-0.4566122044143197
NONAI01462_600127_20230119,600127,金健米业,2023-01-19,6.666666666666667,8,120,贵公司大米，粮油等生活必须品，有没有涨价，马上过年了，销量怎么样？有没有开发适合送礼的，比如大米搞个礼盒装起来销售等？,感谢您对公司的关注。公司作为国有控股的上市公司，始终将社会责任放在首位，保持产品价格的相对稳定。公司的粮油产品均开发了礼盒装，如您有需要，请咨询公司粮油产品的销售热线：0736-7318888。另公司产品的销量情况请您届时查阅公司在上海证券交易所网站上披露的2022年度经营数据情况。,0.2301587113166595
NONAI01463_600128_20230109,600128,弘业股份,2023-01-09,0.0,0,17,董秘求证：公司进口的空气消毒机可以应用于医院相关科室等的空气净化消毒，请问是否属实？可以用于学校、行政楼厅、生产车间、办公室和健身房等场所吗？是否已获得专业机构的检测应用报告和认证？期待您的回复，谢谢！,投资者您好！相同问题参见同类回复，谢谢！,-0.8858440267461817
NONAI01464_600129_20230315,600129,太极集团,2023-03-15,3.225806451612903,1,31,董秘您好，请问现在的股东数是多少？,你好，感谢对公司的关注！公司股东户数情况将在定期报告中披露，敬请关注。,-0.34584270187706506
NONAI01465_600130_20230310,600130,波导股份,2023-03-10,0.0,0,20,请问公司是否有涉及6g相关的业务或者技术储备？,尊敬的投资者，您好！我公司不涉及，谢谢您的关注。,-0.8858440267461817
NONAI01466_600131_20230119,600131,国网信通,2023-01-19,0.0,0,104,请问贵公司 在工业互联网 大数据方面是否有布局？,您好，公司在电力大数据业务方面具有丰富经验，打造了电力看双碳、电力看民生、电力助力乡村振兴等方面的大数据应用产品，具备基于海量数据进行数据分析挖掘能力，同时在数据中台、数据可视化、数字孪生等方面形成了技术产品沉淀，感谢您的关注。,-0.8858440267461817
NONAI01467_600137_20230106,600137,浪莎股份,2023-01-06,6.25,3,48,董秘您好，请问公司1月4日发布《浪莎股份所属公司签订广告演出及肖像使用形象代言人的提示性公告》的法律依据或者制度依据是什么？是否出于炒作目的？公司又于1月5日发布代言合同取消的公告，是否因此收到监管问询？,尊敬的投资者：您好！谢谢您对公司的关注！请关注公司已披露的公告内容，目前公司没有因披露而未披露的内容。谢谢！,0.16040854018773187
NONAI01468_600138_20230104,600138,中青旅,2023-01-04,4.651162790697675,4,86,三年疫情，公司现金流捉襟见肘，又是担保，又是向银行借贷，还通过中国银行间市场交易商协会发行中期票据，极大增加了公司的财务成本，公司关于通过资本市场再融资的方案到哪一步了？有没有考虑定向增发筹集资金，减轻财务压力？,您好，公司20亿规模中期票据获得注册，首期发行5亿资金已到账，公司债务结构和财务费用得到进一步优化，同时公司将根据业务情况、资金需求，并结合相关政策，综合考虑多种融资方式。感谢您对公司的关注！,-0.10723746530699016
NONAI01469_600150_20230109,600150,中国船舶,2023-01-09,0.0,0,52,外高桥是否有计划介入LNG运输船建造？公司下属船厂那些有建造LNG的技术储备？,您好！感谢您的关注。目前为止，公司下属江南造船已进入LNG船建造领域，外高桥造船积极进行技术储备，择机进入LNG船市场。谢谢！,-0.8858440267461817
NONAI01470_600151_20230906,600151,航天机电,2023-09-06,4.225352112676056,3,71,董秘您好，请问公司是否生产bc电池，谢谢,您好，感谢对公司的关注。公司新能源光伏产业主要从事多晶方锭、单晶提纯锭、组件环节的技术研发、制造以及销售，并持有运营约350MW 的国内光伏电站和4.8MW 的海外光伏电站。,-0.17851834769226835
NONAI01471_600155_20230106,600155,华创阳安,2023-01-06,6.70391061452514,12,179,太平洋证券股权拍卖后的过户期限是多久？有限制吗？,"尊敬的投资者，您好！ 2022 年 6 月 17 日，华创证券收到《北京市第二中级人民法院执行裁定书》（（2021）京 02 执 1518 号之一），裁定：北京嘉裕持有的太平洋股票（744,039,975 股）所有权和相应的其他权利归华创证券所有，上述财产权自裁定送达华创证券起转移；华创证券可持裁定书到财产管理机构办理相关产权过户登记手续。目前，公司正在积极推动相关工作,华创证券股东资格已在中国证监会的审核中。后续进展情况公司将及时予以公告。感谢您的关注！",0.2363933634846083
NONAI01472_600156_20230103,600156,华升股份,2023-01-03,4.3478260869565215,1,23,董秘您好！ 国家卫健委发布通告，老年人和中高风险单位，要免费发放“抗原检测”试剂盒，每周测试2次。请问贵司是否生产“抗原检测”试剂盒产品？,您好，我司暂未生产“抗原检测”试剂盒产品。感谢您的关注！,-0.15801615409650274
NONAI01473_600157_20230105,600157,永泰能源,2023-01-05,3.7735849056603774,4,106,请问董秘：1、贵公司火电销售单价要达到多少钱/度才能实现盈亏平衡？2、你认为贵公司目前火电亏损的原因有哪些，请一一列举。谢谢,感谢您对公司的关注。目前，公司所属燃煤电厂均按照基准电价上浮20%左右予以结算，若按照发改委发布的电煤中长期合同最高限价测算并执行到位，公司燃煤电厂可实现盈利。公司燃煤发电业务亏损主要系电煤价格上涨导致煤炭采购成本大幅增加所致。,-0.2541443636917433
NONAI01474_600158_20230131,600158,中体产业,2023-01-31,0.0,0,44,尊敬的中体董秘：建议贵公司旗下的中体传播和教培，可利用国家体育总局一如既往支持的资源，与总局各运动协会联合进行“冠军代言、直播带货”市场开发，来宣传建设全民健身的同时，创造比“新东方直播带货”更有意义的价值，真正实现贵公司扬帆…,感谢您的建议，公司将利用自身资源禀赋，紧密围绕战略布局开展各项业务，加强各业务板块间的协同发展。,-0.8858440267461817
NONAI01475_600159_20230411,600159,大龙地产,2023-04-11,1.5384615384615385,1,65,大龙地产连续跌了4个月，公司不出公告，前阵子大龙地产涨了2天就出来发公告，这公司是什么意思？跌破2.92公司净资产，为什么不公告维护国有资产？,尊敬的投资者，您好！公司严格按照信息披露管理相关制度，在规定的时间节点披露定期报告和临时公告，不存在应披露未披露事项。感谢您对公司的关注，谢谢！,-0.6283049333470645
NONAI01476_600160_20230103,600160,巨化股份,2023-01-03,2.7027027027027026,1,37,中巨芯上市是否在正常推进中？请问现在进行到哪一步了？,中巨芯科技股份有限公司科创板首次公开发行股票仍处于注册申请阶段。谢谢您的提问！,-0.43341048428827317
NONAI01477_600161_20230116,600161,天坛生物,2023-01-16,6.666666666666667,2,30,多家媒体报道：贵公司新建的3个1200吨血制品基地可根据市场需求可在1200吨基地上扩增新产能500吨左右。请问是否属实？公司的多个基地是否有做好扩增产能的土地储备？谢谢,感谢您对公司的关注。公司血液制品基地项目产能情况请详见公司公告。,0.2301587113166595
NONAI01478_600163_20230105,600163,中闽能源,2023-01-05,0.0,0,70,平海湾海上风电场三期项目于2021年投产，已经过2022年一个完整会计年度。望公司快点启动资产购买程序。,感谢您的关注。公司会密切关注平海湾海上风电场三期项目资产注入的可行性，并督促控股股东严格按照中国证监会和上海证券交易所的相关规定及时履行承诺事项。,-0.8858440267461817
NONAI01479_600165_20231031,600165,宁科生物,2023-10-31,16.3265306122449,8,49,请问贵公司重要子公司中科新材是否恢复正常生产，主营业务收入和第二进度几乎没有增长，该公司是不是还没有恢复生产，如果没有恢复生产为什么没有公告,尊敬的投资者您好，公司已于2023年7月1日披露了《关于控股子公司恢复生产的公告》，具体详见临2023-038号公告。感谢关注。,1.8472239032036333
NONAI01480_600166_20230111,600166,福田汽车,2023-01-11,1.1363636363636365,1,88,"您好,请问截止到2023年1月6日收盘,有多少家机构持有公司股票？机构持仓数占流通比例是多少?谢谢",尊敬的投资者您好。感谢您的关注。根据目前的披露要求，除季度末外，其他时点的股东人数及持股数量等不属于公开信息。因此，公司将遵循公平谨慎原则，不再在互动平台上披露除季度末时点的股东信息，敬请谅解。,-0.6956162873036519
NONAI01481_600167_20230103,600167,联美控股,2023-01-03,6.451612903225806,2,31,董秘您好。如果把安酒注入到上市公司联美控股，安酒的知名度和销售量是不是会更好？,尊敬的投资者，感谢您对公司的关注。贵州安酒属于联美控股股东联美集团。,0.19415862299205158
NONAI01482_600169_20230317,600169,太原重工,2023-03-17,7.954545454545454,7,88,您好，请问贵公司和俄罗斯都有哪些方面的合作？尤其是一带一路这个方向的。麻烦尽快介绍一下，谢谢！,您好，公司紧紧围绕“一带一路”战略，先后成立印度公司和香港公司，设立了印度尼西亚公司、哈萨克斯坦公司、土耳其公司等驻外机构，国际化进程不断加快，产品已出口到世界50多个国家和地区。感谢您对公司的关注！,0.4457501493515264
NONAI01483_600170_20230105,600170,上海建工,2023-01-05,3.597122302158273,5,139,腐败问题历来是困扰企业发展的顽疾，2021年上海市某大型国企董事长被查、总裁跳楼的教训历历在目。总书记说过，反腐败永远在路上，请问贵公司年营业额数千亿，今年还处于亏损的边缘，你们是如何预防腐败的，有没有具体的措施？,上海建工持续加强党组织建设和公司治理，不断完善和优化内控制度、流程，始终确保党建工作的穿透力，落地落实到基层“神经末梢”，把党的领导体现在项目一线，始终把党风廉政建设放在最突出的位置，抓好纪检日常监督工作，关口前移，切实为企业经营营造风清气正的良好氛围，实现“工程优质、干部优秀”的“双优”目标。感谢您对公司的关注。,-0.2836842759928502
NONAI01484_600173_20230411,600173,卧龙地产,2023-04-11,0.0,0,29,您好，请问贵司在建工程中的尼福电气项目具体是什么内容？与主营业务是否相关？,非常感谢您的提问！项目规划建设成工业产业园区，目前项目进度正常。,-0.8858440267461817
NONAI01485_600176_20230131,600176,中国巨石,2023-01-31,10.869565217391305,5,46,请问董秘领取股东纪念品的公司证券事务部的邮箱地址是？,您好，感谢您对公司的关注。具体您可通过公司投资者联系电话0573-88181888或邮箱ir@jushi.com与公司证券事务部取得联系。,0.9337256548780158
NONAI01486_600177_20230105,600177,雅戈尔,2023-01-05,0.0,0,19,尊敬的董秘，英特集团的市值，物流运输以及医药储备明显无法满足浙江省福建省人民的需求，很多医药药店依旧没货，请问浙江省政府是否会更换大市值有能力的医药企业来负责浙江省的医药储备以及流通供应？只有大公司才有足够的能力跟信誉来满足我们老百姓的用药需求，而不是让一些没能力却靠背景的企业来垄断资源，导致老百姓无药可买，企业无法正常经营！,"您好,公司不涉及医药相关业务。感谢您的关注！",-0.8858440267461817
NONAI01487_600178_20230221,600178,东安动力,2023-02-21,0.0,0,31,董秘，你好！大股东旗下重庆青山工业公司专业生产汽车变速器，公司年生产变速器10万台，而重庆青山年生产变速器超200万台，年营收超72亿，大于公司的年营业收入，此优质资产是否将整合进公司，响应央企专业化整合及优质资产注入上市公司的国企改革目标？,投资者您好，公司目前未了解到控股股东关于这方面的计划，感谢您的关注。,-0.8858440267461817
NONAI01488_600179_20230518,600179,安通控股,2023-05-18,4.37956204379562,6,137,请问，公司控股股东是央企还是民企？,尊敬的投资者，感谢您对公司的关注。公司控股股东为福建省招航物流管理合伙企业（有限合伙），招航物流的合伙人由具有央企和地方国企背景的招商局港口集团股份有限公司、中航信托股份有限公司、辽宁港口集团有限公司、泉州交发置业投资集团有限公司、泉州市产业投资发展有限公司及深圳赤湾国际货运代理有限公司组成。,-0.15270354188738094
NONAI01489_600180_20230106,600180,瑞茂通,2023-01-06,1.6666666666666667,1,60,随着数据资产入表会计准则的落地，公司作为一家提供产业数据分析、研究，拥有大量产业数据资源的数据服务商。将受益于政策发展吗？,尊敬的投资者，您好！新政策的落地对具备数据资产的企业会产生一定程度的积极影响，现阶段公司数据生产和购买成本相对有限。感谢您的关注！,-0.6068433422304713
NONAI01490_600182_20230731,600182,S佳通,2023-07-31,5.882352941176471,3,51,请问一下，作为股东要怎样申请股改呢？,感谢您对公司的关注。公司股权分置改革动议，原则上应当由非流通股股东提出，具体详见《上市公司股权分置改革管理办法》。,0.09886427154456055
NONAI01491_600183_20230118,600183,生益科技,2023-01-18,4.054054054054054,6,148,董秘你好！公司上市多年，管理层一直都尽心尽责，坚持主业，致力于打造高品质，的行业龙头……为何多年没有找到，接盘公司的实际控制人。一个优秀的公司怎么没有人接盘？,感谢投资者对公司及管理团队的认同。公司一直以来作为无实控人的上市公司，一直坚持现代企业制度的治理模式运作，建立了健全的公司法人治理结构、规范有效的内部控制体系，组建了稳定的管理团队和核心技术团队，保证了公司30多年的持续稳定发展。公司将坚持不断完善法人治理结构，践行“所有权与经营权分离”的现代企业制度核心理念。谢谢关注。,-0.2071937130593188
NONAI01492_600185_20230116,600185,格力地产,2023-01-16,2.150537634408602,2,93,董秘您好，贵公司发行股份及支付现金购买珠海市免税企业集团有限公司100%股权并募集配套资金，进展到哪一步了？资产审计、评估工作完成了吗？,感谢您对我公司的关注。公司及有关各方正在有序推进本次重组所涉及的各项工作，公司将根据本次重组的进展情况，严格按照法律法规和规范性文件的有关规定，及时履行信息披露义务，敬请广大投资者关注公司后续公告。,-0.525843143500104
NONAI01493_600186_20230406,600186,莲花健康,2023-04-06,8.992805755395683,25,278,董秘你好，贵司新厂区已投入使用，产能是否会大幅提升？借辛吉飞事件，贵司在销售渠道上以及知名度上是否有提升，产品销量有扩大呢？是否有供给给地区供销社呢,感谢您对公司的关注，公司2022年实现营业收入16.91亿元；实现归属于上市公司股东的扣除非经常性损益的净利润为6236.3万元，同比增长37.82%。公司2022年线上销售收入同比增长84.53%，保持了强劲发展势头，同期，新增500余家经销商，总计超过2500家，这些都为线上线下一体化协同发展和加快渠道转型升级奠定新的基础。同时2022年，公司莲花健康调味品产业园的全面启用，为公司提高生产效率质量，增强核心竞争力，提升盈利能力和扩大市场份额提供了有力支撑。 近期公司发布了关于签署《投资意向书》的公告，拟收购自嗨锅所属公司股权。如果本次交易完成，公司将进军自热食品所处的方便食品以及预制菜行业，进一步优化产品结构体系，打开新的发展空间。 详情见上市公司公告。,0.619555350137147
NONAI01494_600189_20230104,600189,泉阳泉,2023-01-04,3.8461538461538463,1,26,董秘您好，贵公司的大股东一直无法落实重组的资金，已经连续延期N次重组资金的到位时间，新冠疫情不应该是资金无法落实的借口，希望贵公司大股东严格落实重组资金，从而通过把公司做大做强使大股东和投资者都能分享公司发展的成果，而不应该给吉林国企混改试点抹黑，大股东实在没钱的话可以引进外部机构或其它国企单位投资。另外建议公司把园林等业务尽快剥离，聚焦做大做强矿泉水主业，别浪费了这么好的自然资源。,尊敬的投资者，感谢您对公司的关注和支持，感谢您的建议，谢谢！,-0.24199629324838873
NONAI01495_600191_20230120,600191,华资实业,2023-01-20,2.857142857142857,1,35,请问公司有无出售恒泰证券股份计划？,"尊敬的投资者您好：公司持有恒泰证券股份的情况,请关注公司披露的公告。谢谢关注。",-0.40755713900496404
NONAI01496_600192_20230516,600192,长城电工,2023-05-16,5.405405405405405,2,37,公司因多起诉讼案件计提导致2023年财务亏损，目前所计提诉讼案件有无进展？,您好，公司子公司涉诉的案件正在等待法院开庭审理，具体进展情况公司会及时披露，谢谢！,0.019023058169635416
NONAI01497_600195_20230116,600195,中牧股份,2023-01-16,15.0,6,40,董秘您好！请问公司截止12月31日的股东户数是多少？谢谢！,"您好，公司通过定期报告对外披露股东总数。截至2022年9月30日，股东总数为28,147户。感谢您的关注。",1.6251621338952107
NONAI01498_600196_20230116,600196,复星医药,2023-01-16,2.1739130434782608,1,46,请问公司是否会在1月份披露2022年度业绩预告？,尊敬的投资者您好，公司依照上海证券交易所及香港联交所上市规则，履行信息披露义务，感谢您对公司的关注。,-0.5219300904213422
NONAI01499_600198_20230214,600198,大唐电信,2023-02-14,6.896551724137931,2,29,市场传闻，公司参股的苏州锴威特半导体股份有限公司、宸芯科技股份有限公司拟在科创板上市，请问是否属实？公司所占股权都是多少？,尊敬的投资者，您好！请以上述公司对外发布的信息为准。感谢您的关注！,0.26864156435330905
NONAI01500_600199_20230120,600199,金种子酒,2023-01-20,2.3255813953488373,1,43,请问：公司子公司“金太阳生化药业公司”生产“对乙酰基酚”的产能有多少？目前产能利用率是多少？,尊敬的投资者您好，公司子公司安徽金太阳生化药业有限公司未生产对乙酰氨基酚药品，感谢您的关注。,-0.49654074602658593
NONAI01501_600201_20230120,600201,生物股份,2023-01-20,4.0,1,25,为什么贵公司电话总是没人接听，半个月了没人接听电话，公司遇到什么大问题了吗？投资者该怎么想？,您好，公司投资者接待电话可正常接通。感谢您对公司的关注。,-0.21624238390847703
NONAI01502_600202_20230130,600202,哈空调,2023-01-30,2.0,2,100,你好。公司抓住国企改革转型升级，这两年经营得到相对改善，业务也在延伸布局不单单只是做空冷设备应该向高端现金装备转型。跟随科技的发展布局同步。建议公司把名字改下。新的开始新的面貌，告别颓势重获发展空间。老牌企业的通病就是吃老本而走向没落。这是所有企业在发展中应该反思的。,尊敬的投资者您好！感谢您对公司的关注。公司既定的发展战略，一方面，要巩固和加强主业，加大自主研发、创新力度，不断拓宽服务领域，努力开拓国际市场；另一方面，要立足于能源、环保领域，不断创造新的利润增长点，增强公司的可持续发展能力。,-0.5510432053273293
NONAI01503_600203_20230209,600203,福日电子,2023-02-09,5.714285714285714,4,70,福建省晋华集成电路有限公司、福建省福联集成电路有限公司和公司有什么关系？,感谢您对公司的关注。公司与福建省晋华集成电路有限公司、福建省福联集成电路有限公司均属于公司间接控股股东福建省电子信息（集团）有限责任公司之控股子公司。,0.07072974873625358
NONAI01504_600212_20230224,600212,绿能慧充,2023-02-24,2.9411764705882355,1,34,尊敬的董秘，您好！请问充电桩业务在贵公司总营收中占比多少？,尊敬的投资者，您好。具体经营数据请关注公司后续披露的定期报告，感谢您的关注。,-0.39348987760081056
NONAI01505_600216_20230116,600216,浙江医药,2023-01-16,8.695652173913043,6,69,董秘老师好，请问贵公司好心人牌辅酶Q10软胶囊最近销量情况如何？,尊敬的投资者，您好，辅酶Q10具有增强免疫力、保护心脏等功能，目前公司辅酶Q10销售情况良好，该产品在公司整体营收中占比较小，请投资者谨慎决策，注意防范投资风险。,0.5698117185531762
NONAI01506_600217_20230111,600217,中再资环,2023-01-11,7.6923076923076925,2,26,我持有原秦岭水泥原始股票，现在需要怎么办理才能上市交易,您好！不明白您所说的问题，如果方便的话，您不妨致电我们010-59535600。,0.4018514402494043
NONAI01507_600218_20230112,600218,全柴动力,2023-01-12,2.5641025641025643,1,39,董秘，您好！感谢百忙中抽空回答投资者的关切。我是全椒人，为家乡的企业感到骄傲。请问全柴动力子公司元隽氢能造的氢燃料电池是否有应用到全椒县新能源公交车上，有多少新能源车用上了全柴动力的氢燃料电池产品？,您好！控股子公司元隽公司燃料电池业务目前处于研发试制阶段，尚未批量生产。谢谢您的关心！,-0.4566122044143197
NONAI01508_600221_20230103,600221,海航控股,2023-01-03,3.1963470319634704,7,219,请问，新冠防控措施20条，对贵公司运营有什么重大影响吗？,尊敬的投资者，您好。随着进一步优化防控工作二十条措施的发布，国内疫情的防控更加精准化、灵活化。根据最新防控政策十条的落实：不再对跨地区流动人员查验核酸检测阴性证明和健康码，不再开展落地检。我们初步判断，民航市场将持续向好，长期抑制的各类民航客流将陆续释放，2023年国内客流恢复情况有达到甚至超过19年同期水平的可能；随着国际入境限制的近一步放宽，入境需求也将逐步回暖，同时春运即将到来，预计回国市场客流量同比会有较大幅度提升，预计2023年国际航班量也会有明显提升。感谢您对公司的关注。,-0.3507742208256414
NONAI01509_600222_20230112,600222,太龙药业,2023-01-12,1.4285714285714286,1,70,公司是否只有双黄连口服液处于满负荷生产状态？其他药物生产负荷是否也有所增加？谢谢。,尊敬的投资者您好，目前，公司合剂、口服液生产线处于满负荷生产状态，中药饮片的生产负荷也有所增加，全力以赴保障相关防疫药品的生产和供应。谢谢您对公司的关注！,-0.6467005828755729
NONAI01510_600223_20230110,600223,鲁商发展,2023-01-10,2.6666666666666665,2,75,尊敬的董秘您好！请问旗下子公司山东明仁福是否有生产成人和儿童感冒头疼，发热的药物？,尊敬的投资者，您好，感谢您对公司的关注！公司旗下山东明仁福瑞达制药股份有限公司生产的小儿解感颗粒，用于治疗儿童风热感冒，拥有多项核心发明专利技术。再次感谢您的关注！,-0.4394429315210453
NONAI01511_600225_20230210,600225,卓朗科技,2023-02-10,10.975609756097562,9,82,您好，请问公司股东天朗壹、贰、叁号是否承诺了登记日后24个月内不减持？上述股东登记日是否均为2021年12月21日？,尊敬的投资者，您好！公司股东天朗壹号、天朗贰号、天朗叁号均出具了不减持承诺，天朗叁号承诺期限为2021年12月30日起两年，天朗壹号、天朗贰号承诺期限为2022年2月22日起两年。感谢您对公司的关注！,0.9514775542109349
NONAI01512_600226_20230201,600226,ST瀚叶,2023-02-01,2.73972602739726,4,146,董秘：你好！又到了公布年报的时间了，目前公司就浆果晨曦、喻策剩余应返还的重组意向金案件仍在审理之中，如果审理未能在年报公布前结束，是否会影响公司股票顺利摘帽？谢谢！,您好，根据《上海证券交易所股票上市规则》的相关规定，公司向上海证券交易所申请撤销对公司股票实施的其他风险警示的，应当提交会计师事务所对公司最近一年内部控制出具的标准无保留意见的审计报告、独立董事出具的专项意见等文件。公司将在满足相关条件后及时向上海证券交易所提交申请，具体请关注公司披露的相关公告。感谢您的关注。,-0.42721276452857576
NONAI01513_600228_20230317,600228,返利科技,2023-03-17,1.4705882352941178,1,68,"董秘您好,最近公司发展非常好,有没有考虑进军光伏hjt行业,如果进军hjt行业可以选用赛伍技术的黑科技装光膜,瞬间成为行业龙头",尊敬的投资者，您好！感谢您的建议，公司暂无相关计划和安排。公司所有重大信息均应以公司在指定信息披露媒体上披露的信息为准，再次感谢您的关注和支持，谢谢。,-0.6396669521734961
NONAI01514_600229_20230209,600229,城市传媒,2023-02-09,4.838709677419355,3,62,请问一下《狂飙》这小说是贵公司出品吗？那巜狂飙》电视剧公司有参加出品吗？,尊敬的投资者您好，《狂飙》电视剧同名小说是由城市传媒旗下青岛出版社与爱奇艺小说联名出品。公司未参与《狂飙》电视剧的出品。感谢您对公司的关注！,-0.07584203944250666
NONAI01515_600231_20230110,600231,凌钢股份,2023-01-10,13.513513513513514,5,37,请问贵司截止2022年12月31日的股东人数是多少，谢谢。,尊敬的投资者，您好，截止2022年12月31日公司股东人数将在年度报告中披露，敬请届时查阅。,1.3763236855433614
NONAI01516_600233_20230117,600233,圆通速递,2023-01-17,1.1976047904191616,2,167,最近这段时间圆通快递一直没有更新物流信息或者货到了不派送，客服电话永远是机器人接听，无法联系到人工客服，别家快递都没有出现这种情况。贵公司最近的业绩快报显示2022年营业和利润同比大幅增长，也不像是要倒闭的样子。请问贵公司近期运营方面是否出现了问题？还请贵公司提高一下服务质量。,您好！感谢您对公司的关注。近年来，公司高度重视并采取多项举措不断提升服务质量和客户体验，实际运营过程中，对部分客户服务不足之处给客户带来的不便，公司深表歉意。未来，公司将持续深化落实服务质量战略，继续加强对末端网点和客户服务的精细管理，进一步提高快件时效水平，改善客户体验。关于相关服务问题，您可拨打我司客户服务热线95554反映相关情况，我司客户服务部门将热诚为您服务。,-0.6853644929624378
NONAI01517_600234_20230105,600234,科新发展,2023-01-05,12.068965517241379,7,58,请问董秘，公司一月份要不要发业绩预告？如果要发能不能早点发，让我们广大小股民过个踏踏实实的年，谢谢。,您好，目前公司2022年财务数据尚未最终确定，确定后如相关指标达到业绩预告的披露标准，公司将在2023年1月31号前进行披露，感谢您的关注！,1.1345057576779272
NONAI01518_600235_20230111,600235,民丰特纸,2023-01-11,15.0,6,40,请问贵司截止2022年12月31日的股东人数是多少，谢谢。,尊敬的投资者，您好。公司将在2022年年报中披露截止2022年12月31日的股东人数。敬请届时查阅。谢谢！,1.6251621338952107
NONAI01519_600236_20230222,600236,桂冠电力,2023-02-22,15.625,5,32,您好，请问贵公司是否建立财务共享中心，如建立，请问具体是在哪一年？如果按照1-5分对财务共享相关的组织人员、业务流程、运营管理以及信息系统的运行水平进行评分（1代表水平较差，5代表水平极高）您对这四项分别打多少分？如果按照初建期，提升期，稳定期，成熟期，卓越期和衰退期来描述财务共享实施的阶段，您认为是在哪一阶段？如果没有建立，请问贵公司是否有使用大数据等信息技术进行财务集中核算处理？期待您的回答，感谢,公司于2019年9月成立财务共享中心，我们认为可以打4-5分，属于提升期阶段。,1.729787390588602
NONAI01520_600238_20230106,600238,海南椰岛,2023-01-06,5.405405405405405,2,37,请问抖音的椰树集团有限公司是公司吗？，为什么直播不卖酒只卖水？,尊敬的投资者：公司与椰树集团为不同主体的两家无关联企业。感谢您对公司关注与支持！,0.019023058169635416
NONAI01521_600241_20230307,600241,ST时万,2023-03-07,2.0833333333333335,1,48,庄总，你好！我从大连产权交易所查询得知，贵司正在转让沈阳隆盛房地产开发有限公司100%股权，为什么没有按规定完成信息披露？？是偿还资金占用的钱吗？？,尊敬的投资者，您好！公司未接到控股股东就其转让股权代为履行信息披露义务的通知。感谢您对公司的支持与关注。,-0.5370931711015439
NONAI01522_600243_20230103,600243,青海华鼎,2023-01-03,28.571428571428573,6,21,您好，请问截止12月30日股东户数是多少，谢谢！,您好！截止2022年12月30日公司股东人数为34870名，谢谢！,3.5991992847994347
NONAI01523_600246_20230313,600246,万通发展,2023-03-13,4.25531914893617,4,94,请问贵公司，可否理解为已经拿到5G相关频率的部分运营资格，在前期公告中还提到相控阵雷达等硬件技术，公司未来是以运营为主还是以硬件生产商为主进行转型发展？,尊敬的投资者，您好！关于公司在通信和数字科技方向的业务发展和规划，投资者可以查阅公司已披露的相关公告以及即将发布的定期报告，公司会严格按照相关要求予以披露，一切信息请以公司披露的公告为准。感谢您的关注。,-0.173501853514581
NONAI01524_600248_20230223,600248,陕西建工,2023-02-23,2.803738317757009,3,107,董秘好，陕西建工智能科技有限公司有没有相关人工智能技术？人工智能2.0时代的综合管廊陕西建工也有参与其中吧？谢谢,您好，感谢您的关注。陕建智能科技人工智能主要涉及楼宇智能化、物联网电梯、机电智慧管家等范围，具有自主知识产权和相关业绩，在智慧城市、智慧医疗、智慧交通等领域有成熟的技术合作伙伴；参建了西咸新区沣西新城综合管廊智能监测设备采购项目，谢谢。,-0.41649708083190273
NONAI01525_600251_20230103,600251,冠农股份,2023-01-03,1.8518518518518519,1,54,董秘你好，公司作为农业行业的头部企业，在国家大力提倡建设供销社系统之际，公司是否会响应号召，投入供销社实体运作？,尊敬的投资者，您好！公司与本地供销社有棉花、棉籽、农用物资等方面的业务合作，目前无参股供销社实体的相关计划。感谢您的关注！,-0.5758432661731703
NONAI01526_600252_20230213,600252,中恒集团,2023-02-13,6.25,10,160,中恒提出围绕广西打造千亿健康产业，请问千亿健康产业是什么概念？是由中恒哪位领导提出？千亿健康产业如何实施何时实现？中恒是否有千亿产业相关规划？,投资者您好，《广西大健康产业发展规划（2021—2025年）》中提出发展目标，到2025年全区大健康产业总产值达到4500亿元。公司围绕广西大健康产业发展目标，致力于做好自己的经营管理各项工作，按照“稳住基本盘、培育增长点、聚焦高质量、确保可持续”的思路，聚焦医药健康领域，在医药制造、健康消费、医药研发、中药资源、日化美妆、医药流通等板块综合发力，为高质量发展增添新活力。感谢您对公司的关注。,0.16040854018773187
NONAI01527_600255_20230329,600255,鑫科材料,2023-03-29,1.0638297872340425,1,94,公司为控股子公司提供担保是否有风险？如果风险出现 如何化解? 铜 锌 锡 镍 哪些是原材料哪些是产品？谢谢,您好！被担保人为公司及其控股子公司，公司对其日常经营活动风险及决策能够有效控制，可以及时掌握其资信情况、履约能力，担保风险可控。公司以铜合金板带材的生产和销售为主营业务，铜、锌、锡、镍均属于原材料。感谢您的关注！,-0.7077584834382815
NONAI01528_600256_20230105,600256,广汇能源,2023-01-05,6.030150753768845,12,199,您好董秘，根据您12月27日投资者问答的内容，您说贵公司主要产品LNG和煤炭四季度相对三季度环比无论销量还是售价均有提升，为什么公司四季度利润会比三季度利润反而环比下降了？,尊敬的投资者您好！第四季度广汇能源主营业务产品量升价涨，整体经营成果是符合预期的。公司2022 年度业绩预增数据系基于截至 12 月 31 日的整体生产经营状况所做合理预计。预测的主要依据包括：2022 年 1-12 月已实现的收入及利润情况，包括已确定的销售定单、出货量、主营业务产品销售价格以及合理预计的生产成本、期间费用等，在第四季度完成公司生产经营目标基础上，已合理考虑年度财务报表调整，经科学、审慎测算得出，本期业绩预增的主要因素为公司主营业务增长所致。,0.1236056860744787
NONAI01529_600258_20230117,600258,首旅酒店,2023-01-17,7.116104868913857,19,267,您好，年报和交流会承诺北京环球影视酒店注入事项到目前为止尚未完成，已给投资者完成较大困扰。肯定有不可抗力原因和难处，也肯定有不披露的法律依据，依然希望贵司能公告披露或通过与投资者交流的方式，告诉未能履行承诺的原因和打算，毕竟这也不涉及保密事项。很抱歉，我们选择了贵司。,将北京诺金酒店管理有限责任公司100%股权、北京首旅日航国际酒店管理有限公司50%股权、安麓（北京）酒店管理有限公司40%股权转让给首旅酒店或其下属公司，相关资产注入工作正在密集执行中，完成后将解决诺金系列酒店及管理的北京燕莎中心有限公司凯宾斯基饭店、首旅日航及管理的新世纪饭店、安麓公司的同业竞争问题。但由于安麓公司持有其他公司品牌产生的纠纷尚未妥善解决，同时2022年下半年北京地区疫情因素影响，前述资产注入的审计评估执行程序受到一定影响，导致股权转让完成时间滞后。随着当前疫情影响好转，预计前述股权转让工作将于2023年3月以前全部完成，股权转让事项不存在实质性障碍。感谢您对公司的关注。,0.3053948509613453
NONAI01530_600259_20230815,600259,广晟有色,2023-08-15,2.9411764705882355,2,68,公司每年能够生产多少万吨阴极铜？生产的铜和上海期货交易所的阴极铜有什么区别?谢谢,投资者您好，公司参股的大宝山公司主要生产铜精矿及硫精矿，铜精矿年产能为1.5万吨。铜精矿通过进一步加工后成为阴极铜，是阴极铜的主要原料。谢谢您的关注,-0.39348987760081056
NONAI01531_600261_20230103,600261,阳光照明,2023-01-03,28.0,7,25,请问，截至2022年12月30日，公司的股东数是多少？谢谢,"您好，感谢对公司的关注。截至2022年12月30日，股东总数42,138户。",3.5991992847994347
NONAI01532_600265_20230109,600265,ST景谷,2023-01-09,1.2987012987012987,1,77,尊敬的董秘您好：公司从2022年7月29日公布《筹划重大资产重组的提示性公告》至今已有5个多月了，受疫情影响推进缓慢，目前仍处在尽职调查、审计、评估等阶段。现在各地疫情均已放开，疫情影响因素已消失，并且公司一直强调尚未发现可能导致公司或者本次交易的交易对手方中止、取消本次交易或对本次交易造成重大障碍的事项。希望公司督促相关中介机构加快相关进程，尽早披露本次交易的预案或报告书。彻底扭转公司的连年亏损的局面。,尊敬投资者您好，非常感谢您的关注和建议！公司收购唐县汇银木业有限公司事项目前正在积极推进中，公司将严格按照相关法律法规的规定履行后续信息披露义务。再次谢谢您的建议！,-0.6684408959547191
NONAI01533_600267_20230106,600267,海正药业,2023-01-06,3.2967032967032965,3,91,目前全球药品紧缺，公司作为曾经的原料药巨头，未来的一年内有哪些打算？来打破A股医药上市公司资本市场表现最差公司的僵局。,您好！您可以通过公告了解公司近几年的各项重大工作，目前公司已经彻底摆脱困境，近四年来现金流持续增加，业绩持续向好，但股价涨跌确实受多种因素影响，我们相信公司价值终会被二级市场真实反映。感谢您的关注！,-0.3339745408909306
NONAI01534_600268_20230110,600268,国电南自,2023-01-10,7.2727272727272725,4,55,请问公司硬件设备方面，销售额最大的产品是什么？,尊敬的投资者，您好！公司主要产品为PS690U、PS640U系列保护装置及PSR660系列数字式综合测控装置等。感谢您对公司的关注，感谢您的理解和支持！,0.3316135056860086
NONAI01535_600271_20230118,600271,航天信息,2023-01-18,11.11111111111111,17,153,公司12月7日董事会通过“关于公司经理层成员 2019-2021 年任期和2021年度经营业绩考核结果及 2021 年度薪酬兑现标准的议案”，而公司在2021年年报中已披露了高管薪酬，年报中披露的数据是否准确，高管年度的薪酬实际数据是多少。,您好，非常感谢您对公司的关注。航天信息经理层成员年薪依据《航天信息股份有限公司经理层成员任期制和契约化管理办法（试行）》进行核算，相关考核、兑现等工作均在次年完成。因此根据相关规定，公司于2021年兑现并核算了2020年度年薪并在2021年年报中进行了披露，2022年12月7日，公司审议并通过了“2021年度薪酬兑现标准”，具体薪酬情况请参见公司年度报告中的相关章节。,0.9741605366918868
NONAI01536_600272_20230113,600272,开开实业,2023-01-13,8.88888888888889,12,135,开开实业今年业绩大增，业绩表现得很好，主要原因在哪里？,尊敬的投资者您好，公司将于2023年3月30日披露公司2022年年度报告，目前相关经营数据还在紧张地核算中，感谢您的关注。在此谨代表公司再次郑重提醒广大投资者，《上海证券报》和《香港商报》为本公司指定的信息披露报刊，上海证券交易所指定网站(www.sse.com.cn)为本公司指定信息披露的网站，请广大投资者理性判断，注意投资风险。,0.6021596240042733
NONAI01537_600273_20230109,600273,嘉化能源,2023-01-09,5.47945205479452,4,73,根据公司2022 年 11月 1日公告：管建忠先生收到浙江省金华市中级人民法院出具了《刑事判决书》[（2021）浙 07 刑初 42 号]，被告人管建忠犯操纵证券市场罪，判处有期徒刑三年，缓刑五年，并处罚金五千万元。该公告引用《判决书》内容中：《刑法》第一百八十二条第一款，是操纵证券市场罪。第一百九十一条，是洗钱罪。是不是管建忠先生还构成洗钱罪，没有公告？市场对这一问题很担心。,尊敬的投资者您好！公司公告援引的相关内容为浙江省金华市中级人民法院出具的《刑事判决书》[（2021）浙 07 刑初 42 号]原文，被告人未涉及您所提及的''洗钱罪''相关罪行。谢谢您的关注。,0.03141849768903014
NONAI01538_600280_20230510,600280,中央商场,2023-05-10,4.3478260869565215,3,69,最近为啥跌停,尊敬的投资者，您好! 公司股价受资本市场、所在的行业发展及公司经营等多方面因素的影响，目前公司经营管理正常，敬请理性投资，注意投资风险。感谢您对公司的关注！,-0.15801615409650274
NONAI01539_600281_20230103,600281,华阳新材,2023-01-03,9.30232558139535,4,43,"你好，请问贵公司华阳集团于2020年12月30日将其直接持有的阳煤化工股份287,337,300股质押给中国华融资产管理股份有限公司山西分公司，这部分已经解押了吗？",尊敬的投资者，您好！公司（600281）与阳煤化工（600691）为两家公司，请向阳煤化工咨询具体事宜。感谢您对公司的关注。,0.6713690961322014
NONAI01540_600282_20230104,600282,南钢股份,2023-01-04,1.5789473684210527,3,190,马钢股份（600808.SH）12月30日在投资者互动平台表示，公司预计2023年将和中国矿产资源集团公司开展合作，请问公司是否会和中国矿产资源集团业务合作？谢谢,尊敬的投资者您好！中国矿产资源集团有限公司是由中央直接管理的国有独资公司和国家授权投资机构，主要业务包括矿产资源（非煤矿山）开采、金属矿石销售等。组建中国矿产资源集团有限公司，是党中央、国务院着眼于用好国内国际两个市场、两种资源，增强我国重要矿产资源供应保障能力的重大举措，对于保障产业链供应链安全，促进高质量发展具有重要意义。公司将积极响应国家相关产业政策，为中国钢铁行业健康发展贡献力量。感谢您对公司的关注！,-0.6215275887839299
NONAI01541_600283_20230117,600283,钱江水利,2023-01-17,2.5316455696202533,2,79,请问贵公司在国企改革中是否会置入中国水务资产,尊敬的投资者，您好！公司主业发展战略规划紧跟国家产业政策和发展方向。公司积极进行主业拓展，提升市场份额。本公司若有该事项发生将按交易所规定及时发布公告。感谢您对公司的关注！,-0.46204551862105214
NONAI01542_600284_20230306,600284,浦东建设,2023-03-06,5.555555555555555,4,72,董秘，公司投资者电话是多少，能否保障与投资者联系畅通呢？,尊敬的投资者，您好！欢迎您在工作时间拨打021-58206677与我们做电话交流。此外，我们也开通了投资者联系邮箱pdjs600284@pdjs.com.cn，您随时可以通过邮件形式与我们沟通。感谢您对公司的关注！,0.04415825497285255
NONAI01543_600288_20230614,600288,大恒科技,2023-06-14,14.285714285714286,7,49,请问公司还持有大陆期货吗，谢谢。,您好，公司控股子公司中国大恒（集团）有限公司（持股比例72.7%）参股上海大陆期货有限公司，持股比例为49%。感谢您的关注！,1.5055904119599068
NONAI01544_600289_20230516,600289,ST信通,2023-05-16,1.1904761904761905,1,84,请问公司还有通信业务吗？,尊敬的投资人，您好，公司主要面向电信运营商及各大行业客户提供运营支撑系统（OSS）及管理信息化支撑系统（MSS）全面解决方案，支持行业客户通过信息化和数字化提升企业生产效率。感谢您对公司的关注。,-0.6865578235206743
NONAI01545_600292_20230310,600292,远达环保,2023-03-10,26.31578947368421,5,19,您好，请问，贵公司截止10月10日股东人数是多少？谢谢！,您好，截止2022年10月10日，公司股东人数为44739户。,3.519429939291349
NONAI01546_600295_20230130,600295,鄂尔多斯,2023-01-30,9.090909090909092,9,99,www.chinaerdos.com 是公司网址吗？PVC 40万吨 尿素210万吨是年产吗？硅铁64万吨，硅锰12万吨 煤炭500万吨 也是年产这么多吗？煤炭储量还有4.5亿吨吗？硅铁年产55万吨的生产能力现在可以了吗？硅铁生产能力目前还是位居国内第一吗？硅铁 锰硅 公司储量是多少？谢谢,A：尊敬的投资者过年好，公司目前PVC产能80万吨左右，尿素100万吨左右（参股企业100万吨左右），硅铁产能160万吨左右，硅锰37.6万吨左右，自有煤炭产能470万吨左右，储量约2.1亿吨左右，实际产量情况请关注公司定期报告。感谢您对公司的关注！,0.6359778887940564
NONAI01547_600298_20230119,600298,安琪酵母,2023-01-19,4.166666666666667,1,24,你好，我个人经常使用公司的甜酒曲（8克/袋）的用来做米酒，口感还是很好的。现反映一个使用中的问题，市面上做米酒的米酒机一次做米酒时用不了8克，剩下的还要冷藏保存，贵公司能否制作一种袋装一次4克左右的甜酒曲的包装，一袋正好做一次米酒的量。,您好！感谢对公司的关注！我们会将您的建议转至相关部门。,-0.18834231545690594
NONAI01548_600299_20230216,600299,安迪苏,2023-02-16,16.666666666666668,6,36,请问，截至2022年12月30日，公司的股东数是多少？谢谢,您好！感谢您对公司的关注与支持！截止至2022年12月30日，安迪苏的股东数约为：3.4万人。,1.9041628184109212
NONAI01549_600301_20230721,600301,华锡有色,2023-07-21,11.11111111111111,4,36,尊敬的董秘，公司锑营收占比多少？利润占比多少？,尊敬的投资者您好！感谢您对公司的关注，具体数据敬请关注公司2023年半年度报告！谢谢！,0.9741605366918868
NONAI01550_600302_20230103,600302,标准股份,2023-01-03,17.857142857142858,5,28,请问，截至2022年12月30日，公司的股东数是多少？谢谢,尊敬的投资者，您好。截至2022年12月30日，公司股东人数约为2.61万户。,2.1034490216364286
NONAI01551_600303_20231016,600303,ST曙光,2023-10-16,2.380952380952381,6,252,公司皮卡有没有海外（俄罗斯）订单,尊敬的投资者您好，感谢您的关注。目前公司海外业务根据公司的战略规划已成功开拓了韩国、中东、中南美和非洲等客车和皮卡市场，2023年截至目前已实现一定数量的出口，后续仍有订单在落实生产。未来一段时期，公司海外业务将继续推动现有市场的开发，重点拓展整个中东市场、南美市场以及非洲市场和部分亚洲市场。公司海外业务还将在整车出口的基础，积极拓展车桥的海外业务，提高公司的车桥销量。公司郑重提醒广大投资者，公司选定的信息披露媒体为《中国证券报》、《上海证券报》和上海证券交易所网站（http://www.sse.com.cn/），公司所有信息均以在上述指定媒体和网站披露的为准，请广大投资者注意投资风险。,-0.487271620295167
NONAI01552_600307_20230330,600307,酒钢宏兴,2023-03-30,1.4577259475218658,5,343,董秘您好，公司最近出口1万余吨锌铝镁产品至澳大利亚用于光伏项目建设。辛苦董秘回复几个问题:1、锌铝镁产品在新能源领域的主要用途及应用前景。2、酒钢锌铝镁的产品优势和行业占比如何。3、锌铝镁产品在境内和境外销售价格如何。,答：尊敬的投资者您好，公司生产的热镀锌铝镁钢板由于镀层中添加了Al、Mg 及Si 等合金元素，镀层腐蚀抑制效果大幅提高，耐腐蚀性能更为出色，是热浸镀锌钢板的10～20倍。目前该产品广泛应用于光伏支架、5G通讯基站、海上渔光互补项目、桥架管廊等场景。习近平总书记在党的二十大报告中提出：“积极稳妥推进碳达峰碳中和，建设人与自然和谐共生的现代化。”在国家大力发展新能源产业，扎实推进碳达峰、碳中和背景下，具有超耐蚀、自修复、长寿命、易加工、环境适应性强等特点的锌铝镁产品未来需求将有极大的增长潜力。 公司生产的中铝中镁锌铝镁产品，相较于其他钢厂生产的低铝低镁及低成分产品，耐腐蚀性表现更为优异，在产品应用领域和适用场景方面具有相对优势，目前尚处于该类产品行业领先地位。 从公司产品产销情况及综合效益来看，锌铝镁产品销售价格及效益整体上优于其他涂镀类产品。感谢您对我公司的关注！,-0.641820104429234
NONAI01553_600308_20230109,600308,华泰股份,2023-01-09,3.6363636363636362,2,55,截止1/5，华泰市值已经跌到第9名，跌出前10都是分分钟的事情。如此管理业绩，有管理担责的吗？这是公司经营出问题了,您好，感谢您对华泰股份的关注。目前公司生产经营稳定，公司目前股价没有反映公司应有的价值，欢迎广大投资者关注华泰、投资华泰。,-0.27711526053008656
NONAI01554_600310_20230112,600310,桂东电力,2023-01-12,0.0,0,17,截止目前公司收盘价3.07元，市值还有40多亿，被市场严重高估，建议公司应该多向投资者提示风险，让股价继续回归理性。谢谢！,尊敬的投资者，您好！谢谢您的咨询和关注。,-0.8858440267461817
NONAI01555_600312_20230228,600312,平高电气,2023-02-28,1.694915254237288,2,118,您好，请问，贵公司截止2月28日股东人数是多少？谢谢！,您好，为保证所有投资者可以平等获悉同一信息，公司会在定期报告中按要求披露对应时点的股东信息；此外，作为公司股东，如需查询特定时点的股东人数，需将查询日个人身份证明文件、持股证明以及联系方式发送至公司邮箱pinggao@pg.cee-group.cn，公司核实股东身份后予以回复。感谢您的关注！,-0.6021145170691882
NONAI01556_600315_20230109,600315,上海家化,2023-01-09,0.0,0,68,目前奥密克戎肆虐全国，n95口罩作为重要防护物资出现紧缺，贵公司是否可以像比亚迪一样将纸尿裤生产线调整出来，加紧生产n95口罩供应市场？,您好，非常感谢您对上海家化的建议！我司主要从事护肤、个护家清、母婴产品的研发、生产和销售，并将聚焦主营业务，持续不断地为消费者带来更好的产品与服务。谢谢！,-0.8858440267461817
NONAI01557_600316_20230619,600316,洪都航空,2023-06-19,9.090909090909092,2,22,亲爱的董秘你好，首届中国与阿拉伯国家峰会12月9在沙特召开，中阿关系提质增速的大事件，在中阿关系史上具有里程碑意义。2022年前三季度，中阿贸易额达3192.95亿美元，同比增长35.28%，接近2021年全年水平。请问公司产品在中东地区有业务吗？22年初有媒体报道：阿联酋一次购买12架L-15，中国教练机成功打入中东市场，L15教练机是公司研制的超音速喷气式教练机，L15教练机是公司产品吗？,您好，L15高级教练机的确是公司的主营产品。谢谢关注！,0.6359778887940564
NONAI01558_600318_20230103,600318,新力金融,2023-01-03,2.158273381294964,3,139,您好，请问公司截止到2022.12.17日股东人数是多少？然后公司的重组进度怎样？有没有动作？,尊敬的投资者您好!为保证所有投资者公平地获取公司的信息，公司在定期报告中会披露对应时点的股东信息。对于其他时点的股东人数，股东可以向公司电子邮箱提供其持有本公司股份的书面证明文件和身份证明，经公司核实股东身份后，公司将会提供相关信息。关于重组进度问题，具体情况以公司的公告为准，感谢您的关注与支持！,-0.5245481762941828
NONAI01559_600322_20230207,600322,天房发展,2023-02-07,2.9411764705882355,1,34,请问董秘，贵公司股东天津市房地产集团有限公司持有的“天房发展”40622450股股票已经于2022年12月14日被深圳中级人民法院公开拍卖，拍卖结果为买受人魏巍以92844900元竞得，请问公司，该股权变动属于5%以上股东股权变动，公司为何没有发布该股权过户结果公告？目前是否获得法院最终裁决书,投资者您好，公司未收到股东天津市房地产集团有限公司关于该事项的告知，谢谢。,-0.39348987760081056
NONAI01560_600326_20230206,600326,西藏天路,2023-02-06,2.7777777777777777,2,72,胡炳芳董秘：西藏天路管理层当前的价值观和团队能力对比以往是否有所加强？西藏天路两任前董事长、一个前任总经理、一个前任副总经理都因贪腐被法办，在此状况下，当前管理层与它们做了哪些切割，采取了哪些措施让能力强、正直有敬业心的人担当关键岗位、让贪腐者、蛀虫不再侵袭公司？请真诚回答！,尊敬的投资者您好！公司具有规范的法人治理结构、独立经营的能力。公司一直严格按照《公司章程》等相关规定加强公司制度、机制、文化等方面的建设。感谢您对西藏天路的关注！,-0.4208428858866646
NONAI01561_600328_20230103,600328,中盐化工,2023-01-03,0.0,0,44,请问公司近期与通辽市政府洽谈天然碱的开发利用合作，目前的进展如何？公司是否具备开发能力？,您好，该事项尚处于考察、协商阶段，如有达到相关信息披露标准的具体事项，公司将及时公告。谢谢您的关注。,-0.8858440267461817
NONAI01562_600330_20230112,600330,天通股份,2023-01-12,1.639344262295082,1,61,公司的那些机械设备出口多吗？,尊敬的投资者，您好！公司的光伏单晶炉和后段加工用的开方、倒磨设备有出口，目前占营收比例较小，暂不会对公司业绩造成明显影响。感谢您的关注！,-0.6114171239438437
NONAI01563_600331_20230131,600331,宏达股份,2023-01-31,12.571428571428571,22,175,请问，公司与四川信托的纠纷进展如何？事情解决了吗？另外，公司今年年报有审计非标风险吗？谢谢,您好！感谢关注！2020年12月22日公司收到四川银保监局《监管强制措施决定书》（川银保监强字5号），公司被限制参与四川信托经营管理的相关股东权利。公司持续关注四川信托相关情况，目前四川信托风险处置工作尚在进行中。敬请关注公司在指定媒体发布的相关公告和四川信托在其官网发布的相关信息。目前，公司2022年年度审计工作正在有序推进，公司将于2023年4月15日披露《2022年年度报告》和《2022年年度审计报告》，敬请关注。,1.2186182793151759
NONAI01564_600333_20231123,600333,长春燃气,2023-11-23,6.896551724137931,2,29,请问董秘，全球气候变暖对公司营业有无不良影响。,您好！全球气候变暖对公司营业无不良影响，非常感谢您对公司的关注。,0.26864156435330905
NONAI01565_600335_20230106,600335,国机汽车,2023-01-06,4.0,2,50,请问国机智骏引入战投可有进展？如今的特斯拉，小鹏汽车，法拉第未来等车型如火如荼，国机智骏旗下的新能源汽车只能叫处女作，建议先给大公司代产，不然生产线都要报废了，作为国机的长期股东，看着一块好肉烂在锅里，真心心疼呀,公司严格按照上市公司有关要求履行信息披露义务，目前没有应披未披事项，相关信息请以公司公告为准。感谢您的关注！,-0.21624238390847703
NONAI01566_600336_20230118,600336,澳柯玛,2023-01-18,25.0,6,24,贵公司年报为何迟迟没有发出？关于公司目前经营状况低迷和二级市场股价持续下降问题，贵公司如何处理？,您好，公司2022年年度报告将于2023年4月22日披露，感谢关注！,3.2991662409894724
NONAI01567_600338_20230208,600338,西藏珠峰,2023-02-08,9.58904109589041,7,73,请问贵公司与盛新锂能2500吨/年UT卤水提锂项目进展情况。,您好。公司孙公司阿根廷锂钾和UT联营体已取得和解（详见2022年8月13日披露的临时公告2022-055号），目前，公司已出售UT联营体约定库存中的可分配部分，以回收即期现金收益。谢谢。,0.719365391015439
NONAI01568_600339_20230111,600339,中油工程,2023-01-11,3.8461538461538463,2,52,请问公司200多亿的现金货币都是什么形式存在？一年带来多少利息或理财收益？,尊敬的投资者，按照公司财务管理要求，公司的现金资产均为银行存款，各期的利息收入均反映在当期的财务报表中，请您查阅。,-0.24199629324838873
NONAI01569_600343_20230104,600343,航天动力,2023-01-04,3.8461538461538463,1,26,新年新气象，新年伊始，希望公司积极争取航天六院优质资产注入,尊敬的投资者您好，感谢您对公司的关注和建议。祝您新年快乐！,-0.24199629324838873
NONAI01570_600345_20230427,600345,长江通信,2023-04-27,2.0,1,50,公司市值39亿，持有长飞光纤50亿。可流通股。 为啥不减持？如果是个人大股东，会这样吗？公司高管根本不在意小股东的利益！ 请管理层商议减持长飞一事！谢谢，,尊敬的投资者，您好！公司对长飞光纤公司的投资是一项持续经营活动，公司将根据自身经营情况综合决策。感谢您的关注！,-0.5510432053273293
NONAI01571_600346_20230104,600346,恒力石化,2023-01-04,1.4705882352941178,1,68,恒力沙特阿美原油采购是否采用。人民币交易的可能。,尊敬的投资者您好，感谢您的提问。公司将严格遵守国家相关政策的规定，如果后期可以使用人民币交易，我们会根据汇率情况择机选择。感谢您对公司的关注和支持。,-0.6396669521734961
NONAI01572_600348_20230214,600348,华阳股份,2023-02-14,0.0,0,19,董秘你好。请转告延春明先生，关注一下中科院宁波材料所姚霞银博士的低成本固态钠离子电池技术，或许可以强强合作，我们股民也跟着沾光。谢谢。,尊敬的投资者，您好！感谢您的宝贵意见和建议。,-0.8858440267461817
NONAI01573_600350_20230111,600350,山东高速,2023-01-11,11.764705882352942,8,68,请问山东高速集团合并了齐鲁交通后如何解决同业竞争问题？齐鲁交通原有的高速公路现在是否上市公司在运营管理？如果是托管收益如何？,感谢您对公司的关注。两大集团合并后，成立新的山东高速集团有限公司，对上市公司的承诺没有发生变化。目前，公司托管高速集团里程1273公里，托管收入约6.5亿元。,1.083572569835303
NONAI01574_600353_20230615,600353,旭光电子,2023-06-15,1.2820512820512822,1,78,参股子公司拥有从芯片封装到光电器件到光电模块的垂直整合产品线，请问是否属实？,感谢您的关注！公司参股子公司成都储翰科技股份有限公司是一家专注于接入网光模块和光组件、生产及销售的高新技术企业，拥有从芯片封装到光电器件到光电模块的垂直整合产品线。,-0.6712281155802508
NONAI01575_600354_20230306,600354,敦煌种业,2023-03-06,2.9411764705882355,2,68,请问公司截止到2.24股东人数是多少,尊敬的投资者，感谢您对公司的关注，根据信息披露的相关规定，公司将在定期报告中披露当期的股东人数，请您后续关注公司披露的定期报告，感谢您的关注和支持！,-0.39348987760081056
NONAI01576_600356_20230104,600356,恒丰纸业,2023-01-04,5.21978021978022,19,364,尊敬的董秘您好，从贵公司的去年的年报中了解到，公司将进一步重视研发投入，使公司在新型烟草用纸、数字经济等产品创新和工艺创新方面取得新的、更大的突破，请问贵公司目前在数字经济方面有哪些具体的产品和业务布局？,尊敬的投资者您好，公司积极顺应国家战略方向，聚焦“科技、智能、绿色”的发展理念，积极探索，勇于实践，力争成为传统制造业智能化转型升级的标杆型企业。近年来先后搭建智能包装生产线、智能包装立体库，实现了辅助及人工替代，提高企业生产效率；运用数字化技术，改造升级智能控制中心，搭建一体化智能平台，建立智能管控生态链，推动公司高质量发展。2022年，公司获评黑龙江省智能工厂，荣获国家级制造业单项冠军，《智能工厂一体化生产运营管控平台的研发》荣获全国智慧企业建设创新案例奖、中国数字化转型与创新评选创新案例奖和轻工业管理现代化创新成果一等奖等奖项。多项荣誉，标志着恒丰纸业智能工厂建设由信息化逐步向数字化和智能化加速提升。为更好地推动数字化建设，2023年公司成立数字化管理中心，推进企业数字化转型，以业务为中心，强化产品的全生命周期全过程、全价值链、企业运营管理的各环节的数字化应用，全面提升企业综合竞争力和运营效率。,-0.012050674142034087
NONAI01577_600359_20230118,600359,新农开发,2023-01-18,2.2222222222222223,1,45,公司股价近期严重落大盘和板块其他个股，请问公司4季度奖经营是不是较前三季度有明显下降？4季度的疫情封控，对公司有无严重影响？,尊敬的投资者您好，非常感谢您的关注。公司经营情况您可关注我公司年度报告及业绩预告等相关公告，谢谢。,-0.513843114058568
NONAI01578_600361_20230306,600361,创新新材,2023-03-06,0.0,0,152,董秘您好！据了解公司板带箔产品主要应用于建筑装饰、家居家电、包装材料、五金制品、汽车铝板、锂电池外壳等产品，为航空航天、汽车制造、包装印刷、建筑装饰、电器电子等行业提供原料支持。请问是否属实？请董秘有空了回复一下，谢谢。,您好，公司是专注铝合金及制品研究开发和生产加工的技术型企业，为铝合金加工领域提供综合解决方案，产品主要包括铝合金棒材、型材、结构件、板带箔、铝杆线缆等。公司板带箔产品主要应用于建筑装饰、家居家电、包装材料、五金制品、汽车铝板、锂电池外壳等产品，为我国航空航天、汽车制造、包装印刷、建筑装饰、电器电子等行业的发展提供有力的原料支持。感谢您的关注！,-0.8858440267461817
NONAI01579_600366_20230426,600366,宁波韵升,2023-04-26,0.0,0,64,尊敬的董秘，您好，听闻贵司承担了中国航天科工集团的超高速低真空管道磁浮交通系统的永磁同步直线电机动子磁极的研制任务，请问，此技术可用于航母的电磁弹射系统中吗？,尊敬的投资者，您好！公司生产的钕铁硼磁材均为定制化产品，会根据客户的需求提供应用解决方案，因此不可直接用于其他终端产品或用途，感谢您的关注！,-0.8858440267461817
NONAI01580_600367_20230105,600367,红星发展,2023-01-05,8.49056603773585,9,106,您好！请问贵公司是否生产烟花爆竹需要的原材料工业碳酸锶？麻烦介绍一下！谢谢！,投资者，您好。感谢您对公司的关注。公司控股子公司重庆大足红蝶锶业有限公司生产您关注的工业碳酸锶产品，该产品下游应用方向包含您所述的烟花爆竹产品，2022年1-9月份，重庆大足红蝶锶业有限公司生产工业碳酸锶1.79万吨，完成销售1.65万吨。谢谢。,0.5354802151263047
NONAI01581_600368_20240119,600368,五洲交通,2024-01-19,0.0,0,53,董秘您好，请问广西关于外省车辆进广西旅游的政策，五洲交通的经营路段有没有包括在内？如果有包括在内，政府有没有相应补贴或者优惠政策？该部分车流量占运营车流量比例大概多少？对经营的影响怎样？,"您好,五洲交通经营路段也包括在关于外省车辆进广西旅游的政策内,未来如收到政府相应补贴或者优惠政策将及时进行披露。",-0.8858440267461817
NONAI01582_600369_20230224,600369,西南证券,2023-02-24,2.5,1,40,请问，近期公司是否有重组计划？,尊敬的投资者，您好！公司若有此等重大事项则必将按相关规定以公告为准，感谢您对公司的关注。,-0.4673429999726163
NONAI01583_600370_20230117,600370,三房巷,2023-01-17,0.0,0,55,董秘，你好。请问2022年度业绩预告什么时候发布？qq,尊敬的投资者您好！公司严格按照相关法律法规的规定履行信息披露义务，如达到业绩预告披露标准，公司将依法披露。感谢您的关注！,-0.8858440267461817
NONAI01584_600373_20230321,600373,中文传媒,2023-03-21,0.0,0,27,你好董秘，请问公司在人工智能方面有技术或应用吗？,您好，公司积极关注AI对营销业务、数字文化业务的赋能，感谢关注。,-0.8858440267461817
NONAI01585_600375_20230131,600375,汉马科技,2023-01-31,3.4482758620689653,1,29,建议汉马科技搬迁到苏锡常等城市,尊敬的投资者您好，感谢您对公司的关注和对公司的发展提出的建议。,-0.30860123119643634
NONAI01586_600377_20230109,600377,宁沪高速,2023-01-09,1.9607843137254901,1,51,疫情防控行将结束，请问2020年提出的针对疫情期间免费通行高速公路的补偿方案目前是否有眉目了？,截至目前，江苏省尚未出台疫情免费补偿措施，公司将积极关注政策动向，切实维护投资者利益。感谢您对公司的关注和支持。,-0.5576079273159343
NONAI01587_600378_20230116,600378,昊华科技,2023-01-16,5.454545454545454,6,110,请问公司自宣布王军任总经理，大宗交易不断，股价接连下挫，是否机构不看好王总的上任，更不看好资源整合，另，面对盈通长达一年的减持，提议罢免其董事职位，既然不看好昊华未来的成长，郭涛何以担当其董事职位，建议罢免。其减持行为已不是单单的资金需要。带有明显的清仓甩卖,尊敬的投资者您好，感谢您对公司的关心和支持！昊华科技将秉持“科学至上”核心发展理念，坚持科技引领，创新驱动，追求卓越，聚焦核心业务，充分发挥自身科技优势，推动企业高质量、快速发展。同时注重投资者关系管理，增进上市公司市场认同和价值实现。感谢您的建议。,0.027249122577960982
NONAI01588_600379_20230302,600379,宝光股份,2023-03-02,1.0,1,100,中国电气装备集团成立之后，公司的业务会不会跟许继、平高产生同业竞争？,尊敬的投资者，您好，电气装备集团重组完成后，公司业务的部分领域可能与许继、平高产生同业竞争，目前尚未收到关于上级单位关于相关业务调整的方案或意见，公司将持续积极推动各个业务板块的正常发展和业务开展。感谢您的关注，谢谢！,-0.7184436160367556
NONAI01589_600380_20230112,600380,健康元,2023-01-12,2.608695652173913,3,115,您好，董秘，按照现在疫苗的采购价格来看，贵公司是不可能收回成本了，就别说厂房啊设备等的成本了，连研发成本都不可能收的回来，更加不可能赚钱。那对于做出进行疫苗研发这个决定的朱董，他现在是否后悔了当初的决定？毕竟他的一个决定导致的是十数万股东利益的损失，希望以后做出这种重大决定的时候必须通过全体股东的同意！！！,您好，公司疫苗作为公司新型重组蛋白技术平台下的首个疫苗产品，标志着公司进入与布局疫苗领域，社会效益大于经济效益。公司疫苗的研发初衷是为了参与全球抗疫，是我们作为药企的责任与担当，也希望给市场提供更适用于广泛人群的优质疫苗选择。感谢您对公司的关注！,-0.4491473031563743
NONAI01590_600382_20230106,600382,ST广珠,2023-01-06,3.409090909090909,3,88,根据《上海证券交易所上市公司股东及董事、监事、高级管理人员减持股份实施细则》第五条 大股东减持或者特定股东减持，采取大宗交易方式的，在任意连续90日内，减持股份的总数不得超过公司股份总数的2%。请问黄丙娣，截止12月26日大股东为什么减持达到了2480万股？接盘方有无限售时间？,尊敬的投资者，您好！ 公司严格按照《上海证券交易所上市公司股东及董事、监事、高级管理人员减持股份实施细则》等规定进行信息披露，截止目前不存在应披露而未披露的事项。感谢您对公司的关注、理解与支持。谢谢！,-0.31516080841859245
NONAI01591_600386_20230120,600386,北巴传媒,2023-01-20,6.0606060606060606,4,66,贵公司有与凤凰卫视凤凰金融业务往来吗，因为凤凰金融p2p在海南爆雷.投资人关心！！！,尊敬的投资者，您好！本公司与您留言所指平台没有合作关系。公司指定信息披露媒体为《中国证券报》、《上海证券报》和上海证券交易所网站（www.sse.com.cn），感谢您的关注。,0.12870391694731023
NONAI01592_600387_20230130,600387,海越能源,2023-01-30,8.411214953271028,9,107,要是公司一直不及时、准确披露子公司铜川海越能源科技有限公司从事的生产情况和孙公司铜川安容泰公司从事的铝电解质提锂项目。我将向证监会举报公司暗含内部交易和利益输送的可能,您好，公司全资子公司铜川海越新能源科技有限公司在铜川投资锂材料一体化项目，目前一期已完成厂房建设、设备安装、试生产。具体详见公司2023年1月20日披露的《海越能源关于全资子公司对外投资的公告》。安泰容公司非公司孙公司，与公司无任何关联关系。,0.5221968109966552
NONAI01593_600388_20230314,600388,ST龙净,2023-03-14,5.529953917050691,12,217,董秘您好！请问截止目前为止，公司去年造成非标的因素是否己消除？,尊敬的投资者，您好。对于2021年度内控审计报告中的非标意见，公司深表歉意，并在上述报告出具后积极解决、努力提升内控管理水平。截至2022年5月30日，非标审计报告中事项涉及的非经营性资金占用本金及剩余预付工程款已全部偿还和退回，资金占用所产生的占用利息也于2022年10月全额收取完毕，内控整改已完成。公司已委托审计机构出具专项报告，最终非标意见所涉事项的影响消除情况需以审计机构出具的专项报告为准，相关情况请关注公司3月18日的年度报告及年度董事会相关公告文件。感谢您的理解和支持！,0.03987253017230404
NONAI01594_600389_20230301,600389,江山股份,2023-03-01,16.666666666666668,12,72,董秘好，公司去年8.29在互动易里提到公司2022年上半年制剂收入17.18亿，今天公司微信公众号里制剂事业部任总说去年全年公司制剂收入12亿以上，这两个数据是否有矛盾？ 能否透露2022年全年制剂总收入是多少？谢谢,公司微信公众号里提及的2022年制剂收入仅指公司制剂事业部的制剂销售收入，公司2022年年报披露日期为2023年4月18日，2022年全年制剂总收入以公司公告为准。感谢您的关注！,1.9041628184109212
NONAI01595_600392_20230209,600392,盛和资源,2023-02-09,1.6666666666666667,1,60,根据商务部网站，1月28日，我国商务部会同科技部等部门关于《中国禁止出口限制出口技术目录中显示，拟限制出口稀土技术，请问这对公司业绩有什么影响吗？对盛和资源的海外项目是否有影响呢？,你好，此事项对公司业绩暂无具体影响。合规是海外项目成功的保障，公司在进行海外项目投资时会严格遵守相关法律法规的要求。谢谢你的关注！,-0.6068433422304713
NONAI01596_600395_20230106,600395,盘江股份,2023-01-06,6.25,9,144,600395经查明，截至2021年6月7日，贵州盘江精煤股份有限公司山东能源所持股份因公司非公开发行股票而被动稀释，且其通过集中竞价交易减持，导致其合计持股数量和比例减少。既然违反了法律，为什么没有惩罚？,尊敬的投资者您好！鉴于山东能源持股变动比例超过5%并非全部因主动减持所致，2022年4月公司非公开发行股票完成登记，存在非公开发行股票导致其所持股份被动稀释的情形，上海证券交易所对山东能源做出予以监管警示的监管措施决定，详情可查看上海证券交易所《关于对山东能源集团有限公司予以监管警示的决定》。感谢您对公司的关注！,0.16040854018773187
NONAI01597_600397_20230103,600397,安源煤业,2023-01-03,20.0,12,60,请问，截至2022年12月30日，公司的股东数是多少？谢谢,尊敬的投资者您好！公司2022年12月30日股东总数（户）将在2022年年度报告中披露，2022年年度报告预约披露日期为2023年4月22日。感谢您的关注和支持！,2.4621641874423417
NONAI01598_600406_20230104,600406,国电南瑞,2023-01-04,1.0869565217391304,1,92,请问贵公司股价为何一年持续低迷，公司能否拿出点诚意回馈一下股东，比如回购,二级市场的股价波动受诸多因素影响，请投资者客观看待市场波动并注意投资风险。公司坚持价值理念，持续提高发展质量提升企业价值，规范履行信息披露义务，加强与投资者的沟通交流工作。感谢您对公司的关注和建议。,-0.703887058583762
NONAI01599_600409_20230110,600409,三友化工,2023-01-10,0.0,0,44,纯碱期货最近涨幅明显，贵公司有没参与交易？从买单持仓看，某君单个席位持最高买单19万7000多手，也就是相当于197万吨，而贵公司一年产值也就几百万吨，期货行业内，有没有对单个客户或者关联客户持仓有没限制，对多账户实际控制人有没限制？异常走势其实对金融行业，比如以前的动力煤，伦敦的镍，每次都是大的风险！,尊敬的投资者，您好，公司近期未参与纯碱期货套期保值交易。期货具体持仓要求请查阅相关法规，感谢关注。,-0.8858440267461817
NONAI01600_600410_20230314,600410,华胜天成,2023-03-14,0.0,0,51,目前公司投资的泰凌微距离上次暂缓审议已经2个月过去了，一直没有看到有什么消息，请董秘介绍一下目前的进展情况。也请公司作为投资方督促泰凌微尽快完成相关工作。,尊敬的投资者您好！公司将根据相关事项进展情况，严格按照法律法规的规定与要求，及时履行信息披露义务，感谢您的关注！,-0.8858440267461817
NONAI01601_600415_20230105,600415,小商品城,2023-01-05,5.095541401273885,8,157,您好：尊敬的董秘：请问公司的跨境支付业务是否是目前全国唯一的跨境支付唯一平台？展望2023年、公司有什么具体规划？希望公司不再是单纯的收房租过日子？争取发展主要产业、聚焦科技创新！深化国有企业改革！谢谢！,Yiwu Pay是浙江中国小商品城集团股份有限公司旗下的持牌的第三方支付服务平台，以“支付结算”为着力点，为企业提供合规、安全、高效的全链路贸易支付服务。目前已打通400家主流银行，与Chinagoods平台、银联云闪付等渠道建立合作，开展互联网支付业务、跨境人民币业务、数字人民币业务等，其中跨境人民币业务通过CIPS系统结算，目前支持海外采购商用16种货币与国内开展贸易。感谢您的关注。,-0.03284830338604838
NONAI01602_600416_20230106,600416,湘电股份,2023-01-06,22.22222222222222,6,27,请问，截至2022年12月30日，公司的股东数是多少？谢谢,"您好，截至2022年12月30日，公司的股东户数为32,390户，感谢您的关注。",2.834165100129955
NONAI01603_600420_20230112,600420,国药现代,2023-01-12,2.0,2,100,国家发布新冠病毒感染者用药目录指引。请问董秘，贵公司旗下所有公司都有哪些药品入选？请全部列举让全民都了解一下，谢谢。,尊敬的投资者您好：根据北京市卫健委近期发布的《新冠感染者用药目录（第一版）》，公司产品涉及对乙酰氨基酚片、双氯芬酸钠缓释片、小儿氨酚黄那敏颗粒、复方氨酚烷胺胶囊、氨溴特罗口服液、氨溴索片、板蓝根颗粒、维C银翘片、藿香正气水等。谢谢。,-0.5510432053273293
NONAI01604_600423_20230308,600423,柳化股份,2023-03-08,4.166666666666667,2,48,董秘 公司这样存在的意义是什么 养活这点高管？不如大力发展新兴产业啊 不行就搞螺蛳粉啊 盼回复,投资者您好，非常感谢您对公司的关注！也很感谢您给公司发展提出的意见和建议，我会把您的建议上报经营层考量。,-0.18834231545690594
NONAI01605_600428_20230104,600428,中远海特,2023-01-04,0.0,0,79,董秘你好，11月运量106.4万吨 同比下降13.3%】中远海特公告，11月运量为106.4万吨，同比下降13.3%；前11月累计运量为1307.67万吨，同比增长7.1%。这个主要是因为什么具体原因导致的。,感谢您的关注！公司月度生产数据统计口径均按已完航次统计，未完成航次未统计在本月，待航次完成后统计入相应的月份，因为当月完成航次数量不同，导致会出现月度运量变动的情况。谢谢！,-0.8858440267461817
NONAI01606_600433_20230412,600433,冠豪高新,2023-04-12,5.882352941176471,3,51,什么时候进行2022年度分红？,感谢您对公司的关注！根据有关规定，公司利润分配方案需在股东大会审议通过后2个月内完成实施，详情请关注公司公告！,0.09886427154456055
NONAI01607_600438_20230103,600438,通威股份,2023-01-03,0.0,0,58,公司生产的硅是广交所要上市的硅吗？原材料还是豆粕 玉米吗？豆粕占生产成本百分之几?公司有参与上游豆粕生产吗？比如合资参股 股票股权等,您好，公司生产的高纯晶硅不属于您所提到的期货交割品种。公司饲料生产的原料包括鱼粉、豆粕、玉米等，饲料成本中原料成本占比较高。谢谢！,-0.8858440267461817
NONAI01608_600446_20230113,600446,金证股份,2023-01-13,0.0,0,61,请问贵公司有参与到证券结算的DVP改革中吗？,尊敬的投资者，您好！公司全程参与货银对付（DVP）的相关业务安排和系统改造，目前业务、技术等方面已准备就绪，多家柜台客户开始启用。感谢您的关注！,-0.8858440267461817
NONAI01609_600449_20230105,600449,宁夏建材,2023-01-05,2.197802197802198,2,91,由于某些部门的人员失岗，导致重组进程遇阻。如果下个月依然难产，强烈建议终止重组行为！作为行业最低市盈率，还有我找车智能物流平台、大数据中心等概念做支撑，还担心什么？就因为不得人心的重组，导致股价跌到行业最低市盈率。再说了水泥行业也就覆盖几百公里的半径，宁夏的水泥和新疆的有什么同业竞争？谢谢！,您好，公司本次重组在解决同业竞争的同时，拟整合中建信息、赛马物联等中国建材集团内数字化、信息化服务的资产。本次交易前期受到疫情等因素影响，交易进程滞后，目前公司和交易各方仍在积极推进中。感谢您的关注。,-0.5179310361760142
NONAI01610_600452_20230104,600452,涪陵电力,2023-01-04,2.4691358024691357,2,81,董秘您好，今年公司有没有新增的配电网节能改造项目进入收益分享期，到目前为止有几个新增项目，由于目前结算电价普遍上涨，配电网节能改造项目的结算电价是否也进行了上调，谢谢。,您好，公司目前在运配电网节能改造项目覆盖全国多个省、市、自治区，2022年在建项目主要有新疆三期、四期项目， 浙江二期项目等；公司配电网节能改造项目根据合同签订相关条款进行结算。感谢关注！,-0.4725096793154998
NONAI01611_600455_20230203,600455,博通股份,2023-02-03,20.0,6,30,董秘，你好！请问贵公司截止2023年1月31日的股东人数是多少？谢谢,您好，我公司将在2022年度报告中披露2022年12月31日的股东人数。感谢关注。,2.4621641874423417
NONAI01612_600458_20230710,600458,时代新材,2023-07-10,3.0303030303030303,1,33,贵公司的减震降噪产品可以用于机器人么？,尊敬的投资者，您好。公司目前没有涉及机器人相关的业务。感谢您对公司的关注！,-0.37857005489943574
NONAI01613_600463_20230104,600463,空港股份,2023-01-04,1.0638297872340425,1,94,请问贵公司有具体的转型计划吗？是否通过重组并购还是借壳方式进行转型呢？需要国资委的具体指导吗？,尊敬的投资者，您好，公司如有重大投融资、并购、重组或其他重大事项且达到披露标准的，公司将严格按照法律法规及上交所对重大事项的相关规则履行审议及披露程序，及时、真实、准确、完整的披露相关信息，感谢您对公司的关注。,-0.7077584834382815
NONAI01614_600468_20230106,600468,百利电气,2023-01-06,0.0,0,37,公司目前只开展原材料铜的套期保值吗？后期有想过直接从交易所里交割铜 绕过经销商 谢谢,您好！公司目前只开展原材料铜的套期保值，目前没有直接从交易所里交割铜的计划。谢谢。,-0.8858440267461817
NONAI01615_600469_20240105,600469,风神股份,2024-01-05,6.976744186046512,3,43,请问贵公司今年上半年的业绩如何？与去年同期相比上涨多少？,尊敬的投资者您好，请查阅公司在指定信息披露媒体披露的2023年半年度报告的相关信息。感谢您的关注！,0.28206581541260556
NONAI01616_600470_20230315,600470,六国化工,2023-03-15,3.225806451612903,1,31,董秘你好：公司拟建28万吨/年电池级精制磷酸项目是否与新能源电池相关联，这个项目的建设周期有几年。,你好，电池级精制磷酸是锂电池的前驱体材料，该项目建设周期为2年。谢谢！,-0.34584270187706506
NONAI01617_600476_20230306,600476,湘邮科技,2023-03-06,2.380952380952381,1,42,您好 请问公司及实控人在未来半年内是否有重大资产重组计划？,尊敬的投资者，您好！您所提及的问题，公司未收到相关信息，所有信息请以公司对外披露为准。感谢关注！,-0.487271620295167
NONAI01618_600477_20230109,600477,杭萧钢构,2023-01-09,15.151515151515152,5,33,请问，截至2022年12月30日，公司的股东数是多少？谢谢,投资者您好，截至2022年12月30日，公司股东户数为82852户。感谢您对杭萧钢构的关注。,1.6505258324875483
NONAI01619_600479_20230105,600479,千金药业,2023-01-05,0.0,0,20,网上千金蒙脱石散全部无货，线下药店也全部脱销，公司有何对策能为全国人民解忧？,感谢关注。公司正在加大生产力度，全力保障供应。,-0.8858440267461817
NONAI01620_600481_20230111,600481,双良节能,2023-01-11,0.0,0,68,董秘你好，公司是否有销售光伏设备相关产品。,投资者你好，公司在光伏设备领域主要销售多晶硅还原炉及其撬块，是改良西门子法生产多晶硅料的核心设备。同时，公司的空冷及换热器等设备也切入了光伏领域。,-0.8858440267461817
NONAI01621_600482_20230222,600482,中国动力,2023-02-22,5.2631578947368425,1,19,请问随着疫情的反复，贵公司的开工率是多少？,尊敬的投资人，您好！目前公司已全部复工复产。,-0.004789233538675474
NONAI01622_600486_20240902,600486,扬农化工,2024-09-02,5.2631578947368425,2,38,请问董秘，安道麦的销售模式是什么样的？费用主要包含哪些？为何占营业收入的比例高达18%。全世界也没有比你们公司更高的吧！比同类公司要高10-20倍！,您好！谢谢您对扬农化工的关注！关于其他上市公司的销售运营，建议您向相关上市公司问询。,-0.004789233538675474
NONAI01623_600488_20230103,600488,津药药业,2023-01-03,20.0,6,30,请问，截至2022年12月30日，公司的股东数是多少？谢谢,"投资者新年好！截至2022年12月30日，公司股东人数为48,306户。感谢您的关注。",2.4621641874423417
NONAI01624_600493_20230608,600493,凤竹纺织,2023-06-08,5.882352941176471,2,34,董秘您好，请问贵公司有没有开通或打算开通类似微博、微信、抖音等新媒体沟通平台？如果有会不会在官网公示一下？,尊敬的投资者，公司目前设有“凤竹纺织”微信公众号平台，感谢您对凤竹纺织的关注。,0.09886427154456055
NONAI01625_600495_20230119,600495,晋西车轴,2023-01-19,0.0,0,93,你好，晋西股价长期低迷，连续跌了九年，波动极小无活力，账上含有大量现金，负债极低，主业低迷盈利极差，作为大型国有企业的子企业，未来有没有考虑充分利用现有资金进行企业并购延伸，使企业恢复活力，为国家战略奉献一分力量,您好，并购重组是企业快速做大的一个途径，我们会结合具体情况科学论证，目前没有确定的规划，公司会始终把握高质量发展的工作主线，积极调整产品结构，沿着高端装备及先进工艺等方向，不断拓展产品领域。感谢您的关注。,-0.8858440267461817
NONAI01626_600496_20230118,600496,精工钢构,2023-01-18,3.4482758620689653,2,58,尊敬的公司领导，请问贵司1.为何每年4季度的净利润环比都大幅下滑 2.为何去年营收大增32%，净利润同比却只增长了8.6%，是行业属性导致的吗？这种现状后面会改善吗？,您好，感谢您的关注。建筑施工企业一般二、三季度是旺季，一、四季度是淡季，既与天气有关，也与工程款的结算周期、业主的投资决策周期等有关。,-0.30860123119643634
NONAI01627_600497_20230103,600497,驰宏锌锗,2023-01-03,5.2631578947368425,4,76,董秘您好！请问公司截止12月31日的股东户数是多少？谢谢！,尊敬的投资者，您好！根据《公司章程》规定，如需查询股东人数，可将持股证明和身份证扫描件发送至公司证券部邮箱chxz600497@chxz.com，待我们核实股东身份后将第一时间回复。感谢您对公司的关注!,-0.004789233538675474
NONAI01628_600498_20230210,600498,烽火通信,2023-02-10,0.0,0,49,董秘你好，公司股价持续下跌，大股东可有对策，或则说公司是否认可现在的二级市场的价格！,尊敬的投资者您好，公司严格参照相关法律法规进行信息披露，如有相关重大事项会第一时间进行公告，感谢您的关注。,-0.8858440267461817
NONAI01629_600499_20230106,600499,科达制造,2023-01-06,2.3255813953488373,1,43,公司有没有在非洲寻找锂矿资源？,您好，公司目前在非洲东部拥有超200平方公里锂矿勘测权，正在积极进行考察及勘探工作。感谢您的关注！,-0.49654074602658593
NONAI01630_600500_20230112,600500,中化国际,2023-01-12,7.317073170731708,6,82,新冠疫情管控放开对公司C3项目的全面投产计划有何影响？ 全面投产时间这一次延后到什么时候？,尊敬的投资者您好，感谢您的提问。目前公司碳三项目酚酮、双酚A装置已陆续投料试车，预计2023年第一季度PDH装置投料试车，第二季度PO装置建成调试，届时碳三项目将全线贯通。感谢您对公司的关注。,0.3390370272252294
NONAI01631_600501_20230118,600501,航天晨光,2023-01-18,3.7735849056603774,2,53,董秘你好，现在技术型劳动力缺口很严重，贵司有没有跟一些职业院校合作，补充劳动力缺口压力？,您好，公司与南京及周边多所职业类院校开展长期合作，并针对公司紧缺岗位开展招聘工作，为地区就业做出相应贡献。谢谢关注。,-0.2541443636917433
NONAI01632_600502_20230120,600502,安徽建工,2023-01-20,9.722222222222221,14,144,董秘你好，现在国家对房地产行业的支持力度空前之大。请问贵公司在房地产的销售及建筑方面的业务比重如何？有没有做积极的布局。谢谢。,尊敬的投资者，您好！2021年度，本公司实现营业收入713.40亿元，其中建筑施工业务收入529.43亿元，房地产业务收入71.44亿元。2022年度房地产和建筑业务的营收占比情况请关注公司2022年度报告。房地产开发为公司主业之一，是公司产业链的重要组成部分。公司将积极把握政策机遇，进一步增强房地产业务专业化水平，切实提升项目开发效益。感谢您的关注！,0.7416599662621282
NONAI01633_600503_20230303,600503,华丽家族,2023-03-03,2.272727272727273,1,44,请问，截止到2023年2月20日收盘，股东数量多少？,您好，公司将在定期报告中披露报告期末的股东人数，敬请留意公司最近一期定期报告中的相关信息。谢谢！,-0.5053885478611222
NONAI01634_600507_20240422,600507,方大特钢,2024-04-22,17.333333333333332,13,75,董秘你好，请问2023年毛利率为什么只有5.8%，去年没有分红今年会有分红吗？,感谢您对公司的关注！公司2023年度拟每股派发现金红利 0.10 元（含税），不送红股，不进行资本公积金转增股本，详见公司于2024年4月9日披露的《方大特钢2023年度利润分配预案调整公告》。,2.0157630922172047
NONAI01635_600510_20230105,600510,黑牡丹,2023-01-05,5.714285714285714,22,385,贵公司四季度不停贱卖资金并大举借债，是不是资金链断裂，或者有重大灾难性利空？按正常情况如资金流动不出现现重大异常，为什么贵公司贱卖艾特网能后又卖其它项目，而且还发行20亿项目，从贵公司公告看没有新的投入，贱卖资产收回近20个亿足够运转了，又借债20个亿干什么啊？而且贵公司有息借债竟然0利率借出去，是否存在利益输送？难道贵公司在学雷锋？,您好，非常感谢您对公司的关注！1、为进一步拓宽公司融资渠道，优化负债结构，降低资金成本，保证公司可持续发展，根据相关法律法规及规范性文件的规定，公司向中国银行间市场交易商协会申请注册的20亿元的绿色债务融资工具于2022年12月获批，上述绿色债务融资工具公司将在注册有效期内，根据市场情况择机发行；2、房地产项目公司向少数股东或少数股东指定的借款对象提供财务资助符合地产项目的运作惯例，且控股子公司以同等条件按黑牡丹置业持有项目公司的股权比例为黑牡丹置业提供借款，有利于提高控股子公司的资金使用效率，保障公司及合作各方的经济利益。资金收支及融资安排均系公司根据业务发展需要进行的整体统筹，目前公司经营情况良好，现金流稳定，公司严格按照相关信息披露规则及时履行信息披露义务，不存在应披露而未披露的重大信息，相关事项的情况请以公司在指定信息披露媒体上海证券交易所网站（www.sse.com.cn）及《中国证券报》、《上海证券报》上刊登的公告及定期报告为准。谢谢！,0.07072974873625358
NONAI01636_600515_20230131,600515,海南机场,2023-01-31,10.227272727272727,9,88,公司此前披露了《关于子公司股权转让进展暨调整计提土地出让金及相关税费的公告》，该事项预计将增加公司合并报表归母净利润18.64亿元。所以公司2022年度业绩相比2021年肯定增加50%以上，为何没有如期披露业绩预告呢？,尊敬的投资者：您好！根据《上海证券交易所股票上市规则》第5.1.2条，上一年年度每股收益绝对值低于或者等于0.05元的可以免于披露相应业绩预告。公司2021年度每股收益低于0.05元，符合豁免标准。感谢您的关注！,0.8262056282365858
NONAI01637_600517_20230103,600517,国网英大,2023-01-03,25.0,6,24,请问，截至2022年12月20日，公司的股东数是多少？谢谢,"您好，截至2022年12月20日，公司股东总数为75,839户。多谢关注！",3.2991662409894724
NONAI01638_600518_20230222,600518,ST康美,2023-02-22,3.1818181818181817,7,220,公司领导，你好。国务院下发了《关于做好新冠肺炎互联网医疗服务的通知》联防联控机制医疗发〔2022〕240号。提出医疗机构(包括互联网医院、开展互联网诊疗服务的医疗机构)可以通过互联网诊疗平台，为新冠肺炎患者，在线开新冠处方，并鼓励委托符合条件的第三方将药品配送到患者家中。贵司既有医院又有药房，做了哪些工作？,尊敬的投资者您好，感谢您对公司的关注。公司以中药饮片生产、销售为核心，以智慧药房为抓手。自新冠肺炎以来，公司积极参与抗疫工作，勇于承担社会责任。康美智慧药房为各医疗机构、卫健委等政府部门及民众提供中药“防感汤”及治疗处方等的代煎煮和配送服务。据统计，自2020年新冠肺炎疫情发生以来，康美智慧药房（成都）运营中心累计煎煮配送近10万剂中药汤剂，康美（重庆）智慧药房已累计煎煮配送超45万袋中药汤剂。康美医院成立医疗队驰援揭阳市揭东区参加疫情防控工作，为当地疫情防控工作贡献中医药企业的积极力量。,-0.35320635630709846
NONAI01639_600521_20230110,600521,华海药业,2023-01-10,1.4492753623188406,1,69,请问华海现在又生产辉瑞新冠药品吗，除了在国内合作，双方有在国外市场合作代工生产吗？麻烦回复下，谢谢,您好：谢谢您对公司的支持和关注！公司正积极配合辉瑞加速推进Paxlovid本土化项目的各项工作，以保障Paxlovid在中国市场的充足供应，持续满足中国患者的新冠治疗需求。谢谢！,-0.6432347358629553
NONAI01640_600522_20230120,600522,中天科技,2023-01-20,3.0303030303030303,1,33,董秘您好。请问公司的背板产品是否需要应用铝箔以实现更高的水氧阻隔要求？对铝箔的性能有何要求？从趋势看，应用铝箔的背板产品是否会更加匹配下游需求、呈现高增长？,尊敬的投资者，您好。公司的背板产品暂未使用铝箔。感谢您对公司的关注和支持！,-0.37857005489943574
NONAI01641_600523_20230112,600523,贵航股份,2023-01-12,6.024096385542169,5,83,请问成飞集团未借壳贵公司，给你们造成多大影响？能直接一字跌停？这股市不是价值投资，而是儿戏吗？,您好！ 成飞集团借壳上市，不会影响我公司的经营业务，目前公司经营正常。近年来，公司一直积极开拓市场，今年新增订单同比有较大增幅，且新能源业务新增订单占比提升20个百分点。感谢对公司的关注！,0.1225921823467471
NONAI01642_600526_20230109,600526,菲达环保,2023-01-09,0.0,0,47,请问贵司何时公布2022年度业绩预报,您好，公司会结合实际经营情况以及相关法律法规对信息披露的要求，在指定信息披露媒体上进行披露，感谢关注！,-0.8858440267461817
NONAI01643_600528_20230522,600528,中铁工业,2023-05-22,3.553299492385787,14,394,作为央企先进制造业请问公司近年在智能装备制造方面有哪些投入？,感谢您对中铁工业的关注！中铁工业多年来始终坚持创新驱动发展战略，积极把握智能化行业发展趋势，不断完善科技创新顶层设计，智能化水平持续提高。在隧道施工装备及相关服务业务领域，建成了智能化高端装备产业园，建立并进一步完善产业发展基础能力和核心部件自制能力，大幅提升了隧道掘进机智能化制造水平和工艺技术水平。在工程施工机械及相关服务业务领域，建立了数字化智慧生产管理平台，打通了生产现场各种生产要素信息桥梁，被认定为国家级“绿色工厂”。在道岔业务领域，建成的重载高锰钢辙叉生产基地达到国内一流、世界领先水平，实现了全工序链的智能制造。在钢结构制造与安装业务领域，在国内率先建成了首个钢结构智能生产示范线，搭建了国内首个钢桁梁数字化建造平台，完成了钢结构智能拼接板检测系统开发，可实现制造车间生产过程的自动化、信息化、网络化、数字化的管理与控制。公司的四项主营产品——“全断面隧道掘进机”“架桥机”“道岔”“桥梁用钢铁结构”均通过国家工信部制造业单项冠军企业（产品）认证。谢谢！,-0.2910202323472055
NONAI01644_600529_20230109,600529,山东药玻,2023-01-09,1.3157894736842106,1,76,请问公司医疗器械有没有做呼吸机相关产品 ？疫苗容器有用到公司产品吗？,尊敬的投资者，您好。公司产品结构未涉及呼吸机相关产品，公司目前生产销售的一类模制瓶、一类管制瓶、预灌封等相关产品，可用于盛装生物制剂等相关领域。感谢您对公司的关注，谢谢！,-0.6655803284443051
NONAI01645_600530_20230320,600530,交大昂立,2023-03-20,2.127659574468085,1,47,请问公司在京东和淘宝上旗舰店都停掉，平台上也卖不到公司产品是怎么回事？是否是产品供不应求？,您好，谢谢您的关注和支持！公司目前正在进行经营模式的调整，后续请关注公司在法定媒体披露的相关公告，谢谢！,-0.5296729401303814
NONAI01646_600531_20230216,600531,豫光金铅,2023-02-16,2.4390243902439024,2,82,董秘，您好!贵公司现有职工多达7000名，请问公司现在是否采取数字化办公管理方式呢，比如泛微数字化管理系统？,公司现有员工3600余人。公司不断深化智能化信息化建设，使用专门的软件进行人员管理和信息化办公，如使用浪潮Hcm Cloud 系统、浪潮ERP系统、炎黄盈动Aws OA系统等进行人事、财务、协同办公等管理。感谢您的关注。,-0.47755034208904473
NONAI01647_600535_20230113,600535,天士力,2023-01-13,0.0,0,99,脊痛宁片是从301医院收购的配方，原来是脊痛宁胶囊，患者反馈很好。为什么改成片剂？脊痛宁片二期临床试验结果不好吗？为什么迟迟不能推进到三期临床试验？,目前该品种研发工作按照研发计划正在推进当中，公司会按照信息披露相关规定进行披露，医药产品具有高风险性的特点，新药研发或相关产品从研制、临床试验报批到投产的周期长、环节多，也容易受到诸多不确定因素影响。感谢您的关注。,-0.8858440267461817
NONAI01648_600536_20230206,600536,中国软件,2023-02-06,3.8461538461538463,1,26,您好，请问贵公司是否建立财务共享中心，如建立，请问具体是在哪一年？如果按照1-5分对财务共享相关的组织人员、业务流程、运营管理以及信息系统的运行水平进行评分（1代表水平较差，5代表水平极高）您对这四项分别打多少分？如果按照初建期，提升期，稳定期，成熟期，卓越期和衰退期来描述财务共享实施的阶段，您认为是在哪一阶段？如果没有建立，请问贵公司是否有使用大数据等信息技术进行财务集中核算处理？期待您的回答，感谢,尊敬的投资者，您好!公司的财务共享中心正在逐步建立中。谢谢！,-0.24199629324838873
NONAI01649_600537_20230110,600537,亿晶光电,2023-01-10,12.5,6,48,"股东大会通过非公开增发方案至今快满1年了,请问什么具体原因导致现在还没上报,定增计划是否出现了变化?",您好，公司向中国证监会提交的非公开发行A股股票申请已于2023年1月6日被受理，详见公司同日发布的公告。谢谢！,1.2066611071216455
NONAI01650_600540_20230411,600540,新赛股份,2023-04-11,1.7241379310344827,1,58,董秘，您好!请问公司现在是否采取数字化办公管理方式呢，比如泛微数字化管理系统？,答：尊敬的投资者您好，当前公司财务、人力资源等部分业务在采用数字化办公，公司正在考虑逐步扩大数字化办公的业务范围。感谢您的提问！,-0.5972226289713091
NONAI01651_600545_20230213,600545,卓郎智能,2023-02-13,4.675324675324675,18,385,请问大股东关联的欠款什么时候能归还？,尊敬的投资者您好，感谢您对公司的关注。2022年上半年公司关联方利泰醒狮向卓郎支付设备款共计人民币145万元。公司管理层高度重视利泰醒狮的回款问题，持续跟踪利泰醒狮的项目进度及融资到位情况，积极催收，已采取及计划采取的催收措施包括：发送催收函、委派专人跟踪利泰醒狮所在行业以及自身经营和财务情况、与利泰醒狮管理层商议还款来源等，以保障上市公司利益。经过公司与利泰醒狮的沟通，利泰醒狮计划于2022年及2023年完成剩余货款的支付。还款来源主要包括：利泰醒狮运营现金流结余、利泰醒狮应收政府的补贴款等。公司关注到新疆自治区人民政府于2022年7月印发的“自治区贯彻落实国发〔2022〕12号文件精神推进经济稳增长一揽子政策措施”，包括财政税收退税政策、加快财政支出进度政策、加大贷款支持力度以及推动实际贷款利率稳中有降等措施，将对利泰醒狮加快补贴款的收回以及改善流动性起到扶持作用。目前与利泰醒狮支付货款相关的项目正在有序推进中，公司也将对还款进度进行持续跟踪。,-0.10319275589691652
NONAI01652_600546_20230109,600546,山煤国际,2023-01-09,1.1494252873563218,1,87,尊敬的董秘，请问您目前上市公司经营如何？为什么第四季度公司股价天天在二级市场下跌与公司高分红优秀的业绩不符，公司能否公布今年业绩的预告，提振我们股民持有公司股票的信心,尊敬的投资者您好，公司目前生产经营情况正常。公司将严格按照《上海证券交易所股票上市规则》规定履行信息披露义务，若满足业绩预告披露条件，公司将在会计年度结束后的一个月内进行披露。感谢您的关注!,-0.6934297615629332
NONAI01653_600548_20230113,600548,深高速,2023-01-13,5.405405405405405,2,37,请问贵公司今年三季度业绩（相比二季度大幅度）增长主要来自哪里？谢谢！,您好，三季度业绩较二季度大幅增长主要来自于联合置地减资事项带来的盈利贡献，谢谢。,0.019023058169635416
NONAI01654_600549_20230130,600549,厦门钨业,2023-01-30,8.411214953271028,9,107,贵公司的钨丝新建产能投产了多少，营销情况怎样，公司作为国有企业市值上不去，国企改革有无引进战略投资的计划,尊敬的投资者“夏夏夏”，您好！公司权属企业厦门虹鹭新增年产88亿米细钨丝产线设备项目已建成投产；厦门虹鹭新增年产200亿米细钨丝产线设备项目已经基本建设完成。根据《厦门钨业2022年年度业绩快报公告》中数据，2022年度细钨丝销量约272亿米。感谢您的关注！,0.5221968109966552
NONAI01655_600552_20230203,600552,凯盛科技,2023-02-03,4.301075268817204,4,93,请问公司装入3个低端玻璃厂从托管到收购，不超过2个月，其他托管的资产托管几个月甚至1、2年，都不见有什么动静。建议公司作为国企，首先想着怎么把上市公司做大做强，不仅是把上市公司作为集团的融资平台。,答：尊敬的投资人，您好，非常感谢您的建议，我们一直围绕“显示材料和应用材料”两大主业，关注集团内、外与公司发展战略相符的各类新技术、新业务以及相关资产等，会加快推进资源和管理整合，做大做强上市公司。感谢您的关注。,-0.16584226025402618
NONAI01656_600556_20230217,600556,天下秀,2023-02-17,6.25,5,80,公司元宇宙业务是否已经有营收并产生利润？,尊敬的投资者您好，根据2021年年报数据，红人经济生态链创新业务板块营业收入占到公司整体营业收入的5%。创新业务的探索具有较大的不确定性，敬请广大投资者注意投资风险。感谢您的关注。,0.16040854018773187
NONAI01657_600557_20230103,600557,康缘药业,2023-01-03,2.904564315352697,7,241,请问贵公司的创新中药苓桂术甘汤颗粒在新冠排湿化痰等症状方面的治疗和阳后康复中有无效果？国家批准该药上市后，市场需求如何，公司是否已经开足马力生产？,尊敬的投资者，您好。2022年12月29日我公司收到苓桂术甘颗粒《药品注册证书》，该药品功能主治为温阳化饮，健脾利湿，用于中阳不足之痰饮，症见胸胁支满，目眩心悸，短气而咳，舌苔白滑，脉弦滑。该药品处方来源于汉·张仲景《金匮要略》苓桂术甘汤，苓桂术甘汤为温化水湿的代表方，具有温阳化饮，健脾利湿功效，用于中阳不足之痰饮，自古以来有较多医案证据作为支撑，而现代又进行了大量的临床及实验研究，其结果为各类医药教材所借鉴，业内认可度高。作为中医常用方剂之一，在慢性心力衰竭、心率失常、冠心病、慢性支气管炎、非酒精性脂肪肝、眩晕、哮喘、水肿等疾病的治疗上被广泛应用。谢谢！,-0.399618767424197
NONAI01658_600558_20230214,600558,大西洋,2023-02-14,4.918032786885246,3,61,请问公司5万吨新型特种材料项目投产了吗，高端特种焊接材料填补国内行业空白，用于航母、核电等国家保密军工产业！,您好！截至目前，公司5万吨特种焊条生产线搬迁及技术改造项目，除1条生产线正在进行调试、试生产外，其余3条生产线已进入生产阶段。感谢关注！,-0.06256331833916773
NONAI01659_600559_20230104,600559,老白干酒,2023-01-04,0.0,0,63,公司老白干产品全国化战略进行得怎样，有向全国商超铺货吗？另外老白干酒在网络平台卖得比线下明显偏贵是基于怎样的考量，这样的操作会利于全国推广吗？,您好，衡水老白干作为地方区域酒企，目前主要聚焦省内区域，在不断深化本地区域市场建设的同时，有序扩展省外市场，在全国大多数省份均有销售网点。,-0.8858440267461817
NONAI01660_600560_20230202,600560,金自天正,2023-02-02,9.523809523809524,6,63,贵公司在智能制造中，是否涉及了人工神经网络技术的应用。如有在人工智能制造上有更详细的技术储备或者业务进展。烦请您予以告知,感谢您对公司的关注！公司在2002年取得“人工神经元网络开发平台【简称：AriNeuroV1.0】”计算机软件著作权。目前在部分工艺模型开发中会用到人工神经网络的算法。,0.7084455990578771
NONAI01661_600561_20230504,600561,江西长运,2023-05-04,25.0,7,28,公司领导！您好，请问截止2023.04.28我们公司股东人数是多少？谢谢。,"感谢您对公司的关注。截至2023年3月31日，公司股东总户数为12,807户。",3.2991662409894724
NONAI01662_600563_20230213,600563,法拉电子,2023-02-13,5.2631578947368425,2,38,"贵司2019年年报中，合并资产负债表的其他应收款减值准备计提（3068.78），收回（18000.00）,收回与计提的差值（14931.22），收回大于计提，为何在合并利润表中的信用减值里，其他应收款的坏账损失是负值（-14931.22），不应该是正值吗？",您好，报表注释第69项“信用减值损失”中其他应收款坏账损失以负值填列表示转回计提，谢谢。,-0.004789233538675474
NONAI01663_600567_20230105,600567,山鹰国际,2023-01-05,1.0638297872340425,1,94,公司近十年在资本市场融资了125个多亿。公司现在的整个市值也能有那么多。你们给投资者们带来了什么？难道就是会来资本市场融资吗？,您好，公司根据资金需求和业务发展，结合自身情况以及外部市场因素综合选择合适的融资工具进行募资。未来公司将持续做好经营管理，努力提升盈利能力和可持续增长能力，为股价提供稳固的基本面支撑，努力做好股东回报。,-0.7077584834382815
NONAI01664_600568_20230525,600568,ST中珠,2023-05-25,3.7037037037037037,6,162,请问可以查询到该公司 股东 在贵公司的持股比例 占 上市公司总持股比例的占比吗？在行情软件只能查到前十的占比。,您好！根据信息披露的公平性原则，公司将按照证券监管的相关规定，在定期报告中面向所有投资者统一披露截至报告期末的股东户数。如您为公司股东，根据《公司法》及《公司章程》有关规定，可通过邮件、传真或专人送达方式向公司发送您本人证券账户卡扫描件、持股凭证扫描件及身份证扫描件等资料，上述资料经公司核对无误后，您即可通过来电、邮件等方式查询公司定期股东人数信息。谢谢！,-0.2658425056001588
NONAI01665_600570_20230505,600570,恒生电子,2023-05-05,12.76595744680851,12,94,分红什么时候,感谢您的关注！公司于2023年4月24日召开了2022年度股东大会，审议通过《关于公司2022年度利润分配方案的议案》，按照规定，在股东大会审议通过利润分配方案后2个月内完成权益分派的实施，请您近期及时关注公司相关实施公告。,1.2511824929486204
NONAI01666_600571_20230323,600571,信雅达,2023-03-23,0.0,0,20,你好，董秘！当初沪市巅峰6000多点，现在还剩下一半，贵司巅峰破百，目前股价只剩下十分一。在新的注册制下，贵司业绩下滑亏损这么多，是否会被ST或者退市？其实，作为散户投资者，我深知只有公司高管和大股东才是真正知道公司的情况。贵司业绩下滑这么恐怖，股东频繁减持，是否又暴雷情况或者是看不到公司的未来？感谢您的回复。,你好！感谢您的关注。股市有风险，投资需谨慎，谢谢！,-0.8858440267461817
NONAI01667_600572_20230109,600572,康恩贝,2023-01-09,4.285714285714286,3,70,董秘，请问公司跟英特集团有销售蒙脱石散吗？,尊敬的投资者您好！康恩贝牌蒙脱石散由公司位于金华兰溪的康恩贝植物药产业园厂区生产，并由子公司浙江康恩贝医药销售有限公司负责销售。感谢您对公司的关注。,-0.16841369513435528
NONAI01668_600573_20230105,600573,惠泉啤酒,2023-01-05,2.0,1,50,北控不摇莲对吗 董秘 习酒会通过贵公司实现上市计划吗董秘？,您好，感谢您对公司的关注！公司目前主要是做好主业经营。截止目前，公司无重大事项，不存在应披露而未披露的事项。谢谢！,-0.5510432053273293
NONAI01669_600575_20230105,600575,淮河能源,2023-01-05,10.344827586206897,3,29,请问，截至2022年12月30日，公司的股东数是多少？谢谢,"根据中登公司最近一期发送的股东名册，本公司的股东总数为48,776户。",0.8458843599030546
NONAI01670_600576_20230206,600576,祥源文化,2023-02-06,2.127659574468085,2,94,请问公司认为公司合理估值是多少？,您好，上市公司市场估值和二级市场股价密切相关，其在短期内受到经济形势、行业发展现状及未来趋势、股指波动以及投资者心理预期等诸多因素影响，从长期来看，市场估值会与上市公司内在价值形成动态平衡。感谢您的关注！,-0.5296729401303814
NONAI01671_600579_20230309,600579,克劳斯,2023-03-09,0.0,0,58,您好，领导！近期股吧等论坛，流传中国化工装备，装入公司，合并后公司简称改名中化装备，是否存在重大事项未披露？感谢回答！,尊敬的投资者您好！公司如有应披露信息或重大事项，会严格按照有关法律法规和规范性文件规定履行信息披露义务。感谢您的关注和支持！,-0.8858440267461817
NONAI01672_600580_20230106,600580,卧龙电驱,2023-01-06,1.2658227848101267,1,79,公司原材料包括铜 铜占生产成本百分之几?目前公司有参与上游铜的生产吗？比如股权股票投资等。,公司的产品类型较多，各种产品的材料成本率也相差较大。总体而言，铜线和硅钢占电机BOM成本的比例较大。公司没有进入上游原材料行业，但是冶金行业是公司电机电控的主要行业市场之一。,-0.6739447726836169
NONAI01673_600581_20230120,600581,八一钢铁,2023-01-20,3.1914893617021276,6,188,花旗、惠誉、ING等投资和研究机构都对2023年铁矿石价格走势进行了预判，分歧较大。惠誉和ING均预测：2023年铁矿石价格将大幅下跌。ING认为将跌至90美元/吨;而惠誉则认为，铁矿石在2023年将跌至85美元/吨，“随着全球钢铁需求持续放缓”，在2024年将跌至75美元/吨CFR，请问公司如何研判2023铁矿石走势，公司采购战略是？,尊敬的投资者您好：对于铁矿石市场来说，供需关系是决定价格变动的主要因素。根据目前我们对铁矿石供需面的分析，及国家政策层面的了解，铁矿石价格上涨动能不足。公司作为新疆本地最大的钢铁上市公司，把控疆内资源，平衡进口资源量是我们的基本方向。2023年公司将继续坚持共商、共建、共享、共赢原则，进一步深化与矿山的战略合作关系，完善定价机制，维护疆内原料市场稳定和双方企业利益，共同构建健康、稳定、可持续发展生态圈产业链。感谢关注。,-0.3515873968224812
NONAI01674_600582_20230404,600582,天地科技,2023-04-04,3.7037037037037037,1,27,董秘您好！请问“20诚控EB”可交债的换股价是多少？谢谢！,尊敬的投资者您好，相关问题请询问北京诚通金控投资有限公司。,-0.2658425056001588
NONAI01675_600583_20230206,600583,海油工程,2023-02-06,7.8431372549019605,12,153,听闻贵公司今年业绩不错，年终奖都超高，近些年股东经历了公司管理层因腐败等问题被查，海外项目巨亏，股东可以说是损失惨重，既然员工有份，管理层有份，请问董秘今年计划给全体股东分红多少？,您好！公司现金管理主要作用于三个方面：一是用于公司的扩大再生产；二是向股东提供必要的回报；三是保证公司账面的基本流动性。公司根据经营情况、现金流等综合因素考量，积极实施分红，分红比例持续提高，近三年现金分红金额分别为2.7亿、3.1亿、3.5亿，现金分红占当年净利润比例分别为950%、85%、96%，目前分红率已高于公司净利率，未来回报率会有进一步增长。谢谢！,0.42710037097480785
NONAI01676_600584_20230109,600584,长电科技,2023-01-09,4.318936877076412,13,301,董秘你好，2022年即将结束，贵公司的股价简直是一团糟，另外业绩已经出现明显下降。对此管理层有何应对方法？？希望管理层能多费心思，不要满足于一两年的盈利增长！！,尊敬的投资者，您好。2022年面对行业周期性下行和客户库存调整，公司1-3季度实现营业收入和归母净利润同比增长双位数的逆势业绩。公司2022年3季度收入和归母净利润也均实现同环比增长，并未出现您所述的业绩下降的情况。公司管理层从未满足于过去取得的成绩，自始至终致力于加强公司治理、优化公司运营、积极发展公司业务。哪怕是在不利的市场形势下，公司仍持续以创新、专业化、国际化，实现高质量发展为经营方向，加速产品结构从消费类向需求持续增长的5G，高性能运算，存储，汽车电子和工业控制类应用结构优化的战略布局，继续加大对先进技术的投入，积极开拓国内外潜力客户和新的业务机遇，拼高份额，精简效率，做好各方面的风险管控和预案准备，以实现可持续的高质量成长。感谢您对公司的关注和支持。,-0.16285221969550384
NONAI01677_600585_20230104,600585,海螺水泥,2023-01-04,4.597701149425287,8,174,请问公司会发行低碳转型挂钩公司债券吗,感谢您对海螺水泥的关注！近年来，公司紧紧围绕“创新引领、数字赋能、绿色转型”的发展思路，加快推进绿色低碳转型发展，为满足绿色低碳转型发展项目的资金需求，降低资金成本，公司于2022年10月14日已在中国银行间市场交易商协会成功注册100亿元中期票据。在规定的注册有效期内，公司将根据需要和市场情况分期发行，首期拟择机发行绿色中期票据，募集资金用于水泥窑综合能效提升、光伏发电等绿色债券支持项目。,-0.11618696601318786
NONAI01678_600587_20230103,600587,新华医疗,2023-01-03,4.081632653061225,2,49,请问，公司有生产氧气机吗？目前销量如何？,您好！感谢您对公司的关注。公司生产制氧机，产品包括医用分子筛制氧机、5L医用制氧机等。公司产品请关注www.shinva.net，谢谢！,-0.20257704425872794
NONAI01679_600588_20230217,600588,用友网络,2023-02-17,7.547169811320755,4,53,股东人数？,投资者您好，公司根据《公司章程》及相关法律法规，已在定期报告中面向所有投资者披露了截至2022年三季度报告期末的股东人数。,0.3775552993626951
NONAI01680_600589_20230314,600589,ST榕泰,2023-03-14,5.747126436781609,5,87,年报后将加星，留给公司保壳仅9个月时间了，时间非常紧迫。公司可以主动申请预重整，宜早不宜晚。,您好，感谢您的建议！公司选定信息披露媒体为《中国证券报》《上海证券报》《证券日报》《证券时报》及上海证券交易所网站（www.sse.com.cn），有关公司信息均以公司在上述选定媒体刊登的公告为准。敬请理性投资，注意投资风险。,0.0762272991700606
NONAI01681_600594_20230109,600594,益佰制药,2023-01-09,0.0,0,25,请问董秘，公司是不是有违法的或者损害中小股东的行为未披露，问了董秘留下文字记录，以便以后法律证据。如果没有做为公司为什么不把中小股东的利益放第一位？,您好，公司信息披露均符合相关法律法规要求，感谢您的关注！,-0.8858440267461817
NONAI01682_600595_20230106,600595,中孚实业,2023-01-06,8.484848484848484,14,165,1、请问公司一直到2017年还在投资的中孚特铝项目目前盈利情况如何，它与贵公司破产清算的中孚特铝公司是什么关系？2、请问公司投资的河南省云计算数据中心进展如何，是否盈利？,回复：感谢您对公司的关注！（1）根据公司已披露的2017年年度报告，中孚特铝项目为公司铝精深加工项目一部分，其与高精度铝板带热连轧项目、年产13万吨高精度铝板带冷轧项目和年产5万吨高性能特种铝材项目共同组成公司铝精深加工项目。该项目与河南中孚特种铝材有限公司无关联关系。（2）关于河南云计算数据中心项目进展问题，具体详见公司已披露的临2017-074号公告及同期相关公告信息。,0.5345230944247069
NONAI01683_600597_20230106,600597,光明乳业,2023-01-06,0.0,0,50,我听闻近期有商贩使用植脂末冒充全脂乳粉销售，对贵公司全脂乳粉销售业绩有影响吗？2022年全脂乳粉销售量是否达到预期？,尊敬的投资者，您好！公司严格遵守国家食品安全法律法规的相关规定，产品配料表与实际用料相符。感谢您的关注和支持！,-0.8858440267461817
NONAI01684_600598_20230203,600598,北大荒,2023-02-03,5.2631578947368425,4,76,你好黄秘，公司在集团的定位是农地运商吗，未来运营面积能否扩大业务,尊敬的投资者，您好!公司发展的方向是成为高科技农地运营商。未来如有重大项目或经营计划，将依据公司章程及监管要求及时进行披露，请您随时关注公司公告。感谢您对公司的关注！,-0.004789233538675474
NONAI01685_600602_20230217,600602,云赛智联,2023-02-17,5.084745762711864,6,118,请问介绍一下公司目前的IDC业务，包含该业务的市场占有率，毛利率，净利率。营收，净利润，和分别占公司营收和净利润百分比。谢谢,尊敬的投资者，您好！公司坚持“做优IDC、做强云服务、做深大数据”的战略路径，持续打造为城市数字化转型业务服务的坚实数字底座。目前公司松江IDC数据中心一期项目正式交付使用，云服务、大数据和“两网建设”项目不断落地。公司将于3月29日对外披露年报，请关注公司公告，感谢您的关注。,-0.03465549771520121
NONAI01686_600605_20230103,600605,汇通能源,2023-01-03,5.454545454545454,3,55,公司在未来会进行重组或者卖壳吗？公司和绿都地产是什么关系？为什么绿都地产承诺不和汇通能源同业竞争？,尊敬的投资者，您好。绿都地产是公司间接控股股东。有关同业竞争的承诺可查阅公司年报第六节“一、承诺事项履行情况”。感谢您的关注。,0.027249122577960982
NONAI01687_600606_20230112,600606,绿地控股,2023-01-12,1.694915254237288,1,59,近年来，格林兰对公司巨大负债造成重大影响，且公司各板块业态均大而不强，造成公司陷入美债延期危机。公司管理层是否会主动降低工资？,您好！为主动应对当前深刻变化的外部环境，公司将在坚持市场化导向和业绩挂钩导向的基础上，调整优化高管薪酬方案。感谢您对公司的关注！,-0.6021145170691882
NONAI01688_600608_20230220,600608,ST沪科,2023-02-20,0.9174311926605505,1,109,你好！董秘关于南京斯威特集团处置工作进展到什么程度！债权转让在进行吗,尊敬的投资者，您好。公司持有的南京斯威特及其关联方产生的债权及其他或有债权的转让工作仍在进行中，截至目前，相关债权的评估备案工作尚未结束，公司将在相关工作完成后，及时履行董事会和股东大会（如需）等审批程序并予以披露。请您关注公司后续公告。,-0.7322656682971669
NONAI01689_600610_20230207,600610,中毅达,2023-02-07,8.24742268041237,16,194,贵公司提交的重组申请，请问公司提交了吗？为何迟迟没有证监会恢复申请公告！,尊敬的投资者您好，公司于2023年2月7日收到《中国证监会行政许可申请恢复审查通知书》（220017号），中国证监会根据《中国证券监督管理委员会行政许可实施程序规定》第二十三条的有关规定，决定恢复对公司行政许可申请的审查，具体内容详见公司于2023年2月8日披露的《关于收到＜中国证监会行政许可申请恢复审查通知书＞的公告》（公告编号：2023-006）。本次重组尚需取得中国证监会核准，能否获得核准及最终获得核准的时间尚存在不确定性，请您注意投资风险，谨慎投资。谢谢！,0.49477791724908554
NONAI01690_600611_20230113,600611,大众交通,2023-01-13,2.140672782874618,7,327,贵公司子公司上海数讯信息技术有限公司主要开展什么业务？是否有数据确权业务？,上海数讯信息技术有限公司目前从事的业务分为数据通信和信息化服务，公司主营数据中心（IDC）、宽带接入（ISP）、网络线路（NSP）及其他IT增值服务（ITSP），致力于为企业、金融机构和政府部门提供包括数据中心托管、Internet接入、数据网络及通信增值服务等整体解决方案。自成立以来，公司从集成工程和园区宽带接入业务起步，逐渐确定了数据通信的主业定位，基本实现了向数据中心（IDC）及增值服务为主的业务转型，目前已成为上海本地领先的数据中心服务商。互联网数据中心（InternetDataCenter）简称IDC，属于互联网底层应用服务。IDC服务商通过租用电信运营商的标准机房、带宽资源，为客户提供服务器托管、租用、带宽以及增值服务。互联网内容提供商将互联网内容存储在IDC机房的托管服务器中，并通过IDC服务商的带宽端口供用户访问接入。用户通过电脑、手机、IPAD等设备在互联网上查看和使用互联网企业的网站和服务。,-0.5274945236984804
NONAI01691_600612_20230113,600612,老凤祥,2023-01-13,3.389830508474576,2,59,你好，请问公司近三年（2019-2021）现金流量表中，投资支付的现金均达到19亿左右，到底投资了什么？年报中没查到,你好，感谢关注。现金流量表中投资支付的现金主要是公司购买理财产品。详见公司关于控股子公司上海老凤祥有限公司委托理财的公告。谢谢,-0.3183850073921947
NONAI01692_600613_20230421,600613,神奇制药,2023-04-21,0.0,0,39,"董秘，您好！公司的产品兼具处方药和OTC品种,主要在销品种有八大领域产品,141个国药准字号产品,在全国31个省(市、自治区)100多个地级以上城市销售，请问贵司是否有上线泛微协同办公平台，将客户、订单、供应商、询比价、采购订单等进行有效控制，降低过程存在的风险，建立高效的销售管控平台、可控的采购管理机制呢？",投资者您好！感谢您对神奇制药的关注。公司已建立了符合行业特点的、成熟的产供销管理体系。,-0.8858440267461817
NONAI01693_600615_20230208,600615,丰华股份,2023-02-08,9.090909090909092,5,55,董秘您好，公司董事长李红军先生进入成都海威华芯董事会，并且当选为海威华芯董事，请问是否属实？,尊敬的投资者您好！公司于2023年1月完成新一届董事会换届，并选举李红军先生为公司董事长，相关信息详见公司公告。谢谢您的关注！,0.6359778887940564
NONAI01694_600617_20230104,600617,国新能源,2023-01-04,5.0,2,40,董秘你好，疫情因素业绩被不断拉低，公司是否考虑在公司总部太原布局液化气站及配送等轻资产业务开拓公司新的增长点？,您好，目前公司在太原附近没有LNG加气站，后续也没有继续建设的计划，感谢您对公司的关注，谢谢！,-0.04884197319905085
NONAI01695_600621_20230131,600621,华鑫股份,2023-01-31,11.666666666666666,14,120,请问贵公司被限制了沪港通买入的权限，是什么原因导致的，能否说明？,您好。根据上海证券交易所发布的《沪港通业务实施办法》第十七条规定，上证180指数成份股属于沪股通标的证券。根据上交所2022年5月27日《关于上证50、上证180、上证380、科创50等指数定期调整结果的公告》，华鑫股份（600621）被调出上证180指数样本名单，公司目前不属于沪股通股票范围。感谢您的关注。,1.0671607648637902
NONAI01696_600622_20230228,600622,光大嘉宝,2023-02-28,8.75912408759124,12,137,董秘你好，贵司现在持有光大安石51%的股份，有没有考虑将另外49%的股份也收购注入公司？谢谢,尊敬的投资者，您好！感谢您对本公司的关心和支持。公司分别持有光大安石(北京)房地产投资顾问有限公司、光大安石(北京)资产管理有限公司（以下简称“光大安石、安石资管”）51%的股权，光大安石、安石资管剩余49%的股权由EBA Investments (Advisory) Limited（中文名称“光大安石投资（咨询）有限公司”）持有。截止目前，公司不涉及光大安石、安石资管剩余49%股权的收购事宜。,0.5804369429714198
NONAI01697_600628_20230227,600628,新世界,2023-02-27,2.6548672566371683,3,113,董秘好！贵公司大股东新世界集团以12。37元/股的价格收购沈国军的股份，是否以这个价格收购二级市场投资者的股份，是否造成国有资产流失？麻烦董秘函询新世界集团，给个回复,感谢您的提问。本次交易系综合考虑上市公司资产质量、品牌价值、消费市场前景、上市公司发展潜力以及巩固控制权等因素，经双方充分协商后确定的收购行为。关于股东后续计划等信息详见公司对外披露的详式权益变动报告书及相关财务顾问核查意见、法律意见书。谢谢。,-0.4414181576061122
NONAI01698_600629_20230608,600629,华建集团,2023-06-08,0.0,0,36,请问当前股东人数是多少？,您好，关于股东户数，公司按照信息披露相关规定在定期报告中予以披露。感谢您的关注。,-0.8858440267461817
NONAI01699_600630_20230106,600630,龙头股份,2023-01-06,3.896103896103896,3,77,你好，请问公司旗下三枪集团是否有发行数字资产产品？,尊敬的投资者，您好！公司以品牌经营和国际贸易为主营业务，公司旗下“三枪“品牌近期有推出三枪数字产品，相关产品信息您可登录三枪微信公众号查看https://mp.weixin.qq.com/s/gZftL299ViCxjY_UwRT0Ig。谢谢您的关注！,-0.23363463437179402
NONAI01700_600633_20230110,600633,浙数文化,2023-01-10,6.666666666666667,4,60,董秘你好！今晚国家相关部门出台了统筹构建规范高效的数据交易场所，构建数据安全合规有序跨境流通机制 相关政策，请问贵公司目前持有浙江大数据交易中心有限公司多少股份，该交易所可不可以进行数据交易，数据确权？,感谢您的关注。公司目前持有浙江大数据交易中心48.2%股权，该交易中心可以提供数据产品、数据服务等流通交易业务。请注意投资风险，理性投资。,0.2301587113166595
NONAI01701_600636_20230327,600636,国新文化,2023-03-27,1.7857142857142858,1,56,董秘你好，国新控股总经理在公司年度工作会议中强调，全面推进央企上市公司高质量发展方案，在产教融合、职业教育、项目并购、资本运作等方面实现破题、落地。请问，我们公司在落实总经理提出的，项目并购和资本运作方面有哪些具体的举措？谢谢。,尊敬的投资者您好，公司将持续围绕教育信息化和职业教育两个领域，稳慎开展投资并购，具体进展请以公告为准。感谢您对公司的关注。,-0.5869147219079207
NONAI01702_600637_20230105,600637,东方明珠,2023-01-05,4.761904761904762,1,21,有没有想过给看NBA比赛的小伙伴抽奖，给点福利，比如东方购物优惠券，球衣等等？,投资者您好，您的建议已收到，感谢您对公司的关注。,-0.08869921384415232
NONAI01703_600640_20230113,600640,国脉文化,2023-01-13,3.8461538461538463,3,78,董秘好！公司所在的上市公司分类媒体行业有130多家，而公司每天交易换手率基本上在排在末尾十几名，为什么无人问津？三年央企改革，加上近期证监会鼓励炒央企股，为何几十天过去了，公司还是被边缘化？请问有什么规划纠正？谢谢 一股东,您好！公司股票交易受多种市场因素影响，公司致力于做强做优主业，夯实公司核心竞争力，改善公司业绩表现，同时公司积极做好与投资者的沟通交流，严格履行信息披露义务。感谢您的关注。,-0.24199629324838873
NONAI01704_600641_20230214,600641,万业企业,2023-02-14,1.935483870967742,3,155,尊敬的董秘您好，公司子公司嘉芯半导体成功中标PVD设备。而PVD除了用于芯片生产之外，也可用于光伏电池生产线，尤其是极具发展前景的钙钛矿电池。目前，PVD镀膜设备的价值量占钙钛矿整线的比例近50%。请问，未来公司的PVD设备是否具备打入钙钛矿生产线的可能性？能否满足相关技术需求？,尊敬的投资者，您好！嘉芯半导体致力于开拓国内集成电路设备领域市场。自2022下半年开始，公司旗下嘉芯半导体多次中标采购，其中薄膜沉积设备包括高密度等离子薄膜沉积设备（HDP-CVD）、二氧化硅等离子薄膜沉积设备（PECVD）、铜铝金属溅射设备（PVD）等并已逐步启动交付工作。对于公司经营相关信息，公司将根据相关规定及时履行信息披露义务，请您关注公司相关公告，感谢您的关注！,-0.5618432318247117
NONAI01705_600643_20230323,600643,爱建集团,2023-03-23,10.75268817204301,10,93,请问截止2023年3月21日 股东人数是多少？,您好，公司按照相关规定在每年的定期报告中披露报告期末的股东户数，根据公司目前最新一期披露的2022年第三季度报告，截止2022年9月30日，公司股东户数为61550，公司按照上市公司相关规定履行信息披露义务，感谢您的关注！,0.9141603894842071
NONAI01706_600648_20230404,600648,外高桥,2023-04-04,5.46875,7,128,董秘：您好！外高桥属浦东开发区，是国内首个自贸区，公司董事长还在浦东开发30周年时发言，这说明外高桥30年来有很大发展。但贵公司高管忽视市值管理和投资者权益回报，为了低价定增却把股价砸到30年K线低位11.7元附近！贵公司这么任由股价连续多年大跌而不积极作为，让本股民2015年看好贵公司整体上市-重仓投资外高桥8年-不仅无回报却还亏损惨重！请外高桥高管重视股价从60多元跌到当前11.7元惨状-并已伤股民太久太深-需改变啦！,您好，感谢您对公司的关注。近年来，公司经营状况良好，每股收益逐年增长，且坚持按不低于上市公司净利润的30%向股东分派权益。为了确保股东的未来利益，公司已经制定了《未来三年（2023-2025）股东回报规划方案》，具体内容详见公告。但二级市场股票价格受到市场流动性、投资者偏好、市场走势等多种因素的综合影响。,0.029626969320992673
NONAI01707_600649_20230113,600649,城投控股,2023-01-13,1.8518518518518519,1,54,公司有没有再招战投的打算！,尊敬的投资者您好，感谢您对公司的关注。公司严格按照上交所相关规则履行信息披露义务，目前没有应披露而未披露的事项。谢谢！,-0.5758432661731703
NONAI01708_600650_20230110,600650,锦江在线,2023-01-10,4.761904761904762,5,105,最近上海疫情肆虐，请问对锦江在线的预制菜业务有什么影响？公司的仓储、冷链物流业务对当前疫情下的城市生活起到什么作用？,感谢关注公司。锦江在线严格落实疫情防控与复工复产各项政策要求，以“数字化+食品冷链”战略为指引，创新举措、提质增效，努力做到疫情防控和业务发展“两手抓、两手硬”，有效降低了疫情对公司业务开展带来的冲击，相关内容可以关注公司披露的定期报告。,-0.08869921384415232
NONAI01709_600653_20230615,600653,申华控股,2023-06-15,0.0,0,34,公司属下各风力发电项目上同比传统火力发电节约煤炭124万吨、减少向大气中排放二氧化碳326.5万吨，并且公司在计划进一步开发新能源项目，请问公司在日常管理上是否有采取无纸化办公呢？比如泛微OA系统，尽量减少公司运营和办公环节中的纸张使用，进一步为公司的节能减排做贡献,公司日常办公使用OA系统，最大程度减少审批和资料传阅过程中的纸张消耗。谢谢！,-0.8858440267461817
NONAI01710_600655_20230117,600655,豫园股份,2023-01-17,5.882352941176471,1,17,中国十大特色面包括兰州牛肉面、武汉热干面、北京炸酱面、山西刀削面、四川担担面、延吉冷面、河南烩面、杭州片儿川、昆山奥灶面和镇江锅盖面。 以上面食不论南方还是北人员都喜欢吃，为什么去连锁一个只有很少数人吃的惯的苏式面？,尊敬的投资者，您好！感谢您对公司的关注。,0.09886427154456055
NONAI01711_600661_20230113,600661,昂立教育,2023-01-13,8.620689655172415,5,58,请问传闻有大公司打算借壳贵公司上市是否为真？,您好！公司相关信息请以公司在《上海证券报》、《中国证券报》、《证券时报》和上海证券交易所网站（http://www.sse.com.cn）披露的公告为准，感谢您对公司的关注。,0.5572629621281819
NONAI01712_600662_20230111,600662,外服控股,2023-01-11,2.18978102189781,3,137,贵公司您好，我是一位个人投资者，近期有关注外服控股股票。简单了解了贵公司的财务报表，我有几个小问题想请问一下。一、贵公司的流动资产占比超90%，其中货币资金又占七成，这主要原因是什么？有什么进一步的投资计划吗？二、贵公司最新2022三季报数据中，营业收入同比增长25.7%，而净利润同比增长仅有10%，另外营业成本却同比增长超30%。这其中成本增长为何那么多，是具体哪部分影响了利润？谢谢，希望得到贵公司的回复！,尊敬的投资者，您好！公司流动资产占比较高且以货币资金为主，主要与公司从事的人力资源服务业务特性相关，流动资产中包括了为客户代扣代缴的工资、社保等。三季报中，营收和营业成本增长较多是因为公司业务外包业务发展迅速，而该业务的利润低于其他主营业务，所以营收和营业成本的增幅高于利润。感谢您对公司的关注。,-0.5192737843167813
NONAI01713_600664_20230208,600664,哈药股份,2023-02-08,5.555555555555555,3,54,董秘号好，道圣康膜是哈药公司生产的产品吗？黑龙江大众安泰药业有限公司是你们的下属企业吗？,尊敬的投资者，您好！道圣康膜不是本公司生产的产品，黑龙江大众安泰药业有限公司不是本公司的下属企业。感谢您对公司的关注。,0.04415825497285255
NONAI01714_600665_20230216,600665,天地源,2023-02-16,0.0,0,19,董秘您好，请问贵司有打算在A股的名称“天地源”改为“西安高新”吗？,您好，公司无应披露未披露信息，感谢您的关注。,-0.8858440267461817
NONAI01715_600666_20230516,600666,*ST瑞德,2023-05-16,5.128205128205129,2,39,公积金10转15，2月17日股票登记日，今天我的账户股票还没有增加，股价下降，赔了很多钱，请问我新增的股票何时才能到账？,您好，根据公司《重整计划》，转增的股票不向原股东进行分配，由重整投资人有条件受让。 谢谢关注！,-0.027380382082457674
NONAI01716_600671_20230106,600671,ST目药,2023-01-06,6.976744186046512,3,43,您好，公司第四季度的业绩什么时候预告，会稳步提升吗,尊敬的投资者，您好，公司将按照《上市规则》履行信息披露义务，同时关注公司的公告，感谢您对公司的关注！,0.28206581541260556
NONAI01717_600673_20230228,600673,东阳光,2023-02-28,2.1052631578947367,2,95,公司和宁德时代有合作没,尊敬的投资者，您好！公司作为面向新能源领域的新材料平台公司，目前已有产品供应给宁德时代。未来，公司将继续提升客户服务质量，打造良好的客户体验，为新能源优质客户提供一揽子新能源材料供应服务。感谢您对公司的关注。,-0.5334221094631793
NONAI01718_600674_20230110,600674,川投能源,2023-01-10,0.0,0,19,贵公司目前还有多晶硅项目吗？,尊敬的投资者您好，公司目前没有多晶硅项目。,-0.8858440267461817
NONAI01719_600676_20230511,600676,交运股份,2023-05-11,1.5748031496062993,2,127,一季度疫情已经结束了，请问是什么因素导致一季度亏损？亏损因素短期内能否消除？,尊敬的投资者，您好！截止去年年末，由于主业承压，营业收入下降，故归属于上市公司股东的扣除非经常性损益的净利润呈现下降。今年一季度，公司在持续推动主业转型、完善项目任务管理机制、实现协同发展等方面仍面临困难。公司将加强数字化转型顶层设计，强化管控体系建设，聚焦主责主业，做好经营发展。,-0.6222213327155893
NONAI01720_600678_20230104,600678,四川金顶,2023-01-04,4.301075268817204,4,93,董秘你好，我想查看股东人数，我看说要股东持股证明，请问这个是什么？提供姓名身份证号码还查不到吗？,尊敬的投资者，您好。如需查询股东人数，请您将本人身份证（正反面）、股东账户卡及持股证明原件扫描发邮件到公司指定邮箱（scjd600678@scjd.cn）或携带上述证件原件联系公司董事会办公室核实股东身份后进行查询。感谢您对公司的关注。,-0.16584226025402618
NONAI01721_600684_20230130,600684,珠江股份,2023-01-30,4.4609665427509295,12,269,别人重组股价上涨，你重组股价下跌，是不是应该停牌了,尊敬的投资者您好！公司已于2023年1月20日发布了《广州珠江发展集团股份有限公司重大资产置换及重大资产出售暨关联交易报告书（草案）》及其摘要等相关公告。通过本次交易，上市公司将实现业务转型，聚焦于稳定运营与盈利的物业管理与文体运营业务，从而增强上市公司的资产质量及竞争力、提升上市公司盈利的稳定性及持续性，符合公司股东的利益。本次交易尚需根据法律、法规及公司章程等相关规定履行公司股东大会及公司债券持有人会议等相关批准程序并经有权监管机构核准后方可正式实施。公司将继续推进相关工作，严格按照相关法律法规的规定和要求及时履行信息披露义务。公司股价受多种因素影响，敬请您注意投资风险！,-0.13907639532866717
NONAI01722_600685_20230113,600685,中船防务,2023-01-13,2.5974025974025974,2,77,公司股价这么个跌法，难道你们都不知道吗？股价有涨跌可以理解，但是也不能像贵公司这样，一年涨一毛钱，一个月跌八块钱吧？,尊敬的投资者，您好！股价走势受诸多因素影响，如宏观经济形势、大盘走势、行业情况、投资者偏好等。公司将始终积极做好业务经营、投资者关系等工作，以提升公司价值。感谢您对公司的关注。,-0.4510377651632566
NONAI01723_600690_20230307,600690,海尔智家,2023-03-07,14.0625,9,64,请问最近公司有回购吗？,尊敬的投资者，您好！截至2023年1月31日，公司通过集中竞价交易方式已累计回购公司股份5976.81万股，占公司总股本的比例为0.63%。详情请关注公司公告，谢谢。,1.4682242488551236
NONAI01724_600697_20230120,600697,欧亚集团,2023-01-20,2.6548672566371683,6,226,董秘您好，请公布一下公司免税店资质申请的进展，海南儋州商城的建设进展，公司未来几年业绩预测，谢谢。,投资者您好，公司向吉林省及长春市政府相关部门递交了关于支持公司申请免税商品经营资质的请示，仅代表公司意愿，目前尚未收到任何政府部门的相关文件，并不知晓免税资质审批部门相关意志。海南商业项目由公司联营企业儋州欧亚置业有限公司具体负责实施，该项目目前有序推进中。鉴于上证E互动并非公司的指定信息披露媒体，为保证全体股东享有平等知情权，公司对类似经营业绩这样可能对股价产生较大影响的事项，在临时公告或者定期报告中发布，届时详见上海证券报、中国证券报及上海交易所网站。感谢您对公司的关注。,-0.4414181576061122
NONAI01725_600698_20230119,600698,湖南天雁,2023-01-19,5.555555555555555,2,36,目前我看到公司有生产增压器，能否供应给特斯拉或者比亚迪这种新势力汽车工厂,尊敬的投资者，您好，目前公司暂未直接向上述公司提供相关产品，感谢您对公司的关注。,0.04415825497285255
NONAI01726_600699_20230516,600699,均胜电子,2023-05-16,9.202453987730062,15,163,董秘您好，理想一季度交付量和营收再创新高，请问公司和理想是否有合作，主要合作理想的哪款车型？,公司与理想汽车从首款量产车型理想ONE开始，就已建立深度持续的合作关系。除理想ONE以外，公司目前正在为理想L7、L8车型提供汽车安全相关产品，为理想L7、L8和L9车型提供智能座舱人机交互产品，助力其打造更安全、更智能的出行体验。凭借优异的产品品质及稳定可靠的交付能力，在2021年、2022年理想汽车全球合作伙伴大会上，公司子公司均胜安全分别荣膺理想汽车“最佳供应奖”及“理想精神奖”。,0.6546505503344273
NONAI01727_600704_20230106,600704,物产中大,2023-01-06,0.0,0,69,茅台公司已经发布业绩预告，希望公司能及时发布2022业绩预告，作为规范的上市公司，业绩应该是每个月都有统计，这2年，公司在业绩预告这块做的很差。还有期待今年分红能提高分红比例，不能再下调分红比例了。,公司严格按照上交所相关规定要求履行年报、业绩预告等信息披露事项。公司将兼顾股东长短期利益和持续发展需要保持积极稳健的分红政策。感谢您的关注和支持！,-0.8858440267461817
NONAI01728_600706_20230103,600706,曲江文旅,2023-01-03,4.838709677419355,9,186,董秘，您好！请介绍下曲江数科经营范围和未来规划，谢谢,您好，曲江数科公司主要经营范围：数字内容制作服务；数字文化创意软件开发；数字文化内容应用服务；图文设计制作；文艺创作；物联网技术研发；物联网技术服务；人工智能公共数据平台；互联网销售（除销售需要许可的商品）；艺术品代理；艺（美）术品、收藏品鉴定评估服务等（具体以工商为准）。成立曲江数科公司是为了响应实施文化产业数字化战略的要求，主动融入数字经济发展体系，详情请参见公司于2022年12月27日披露的相关公告。感谢您对公司的关注！,-0.07584203944250666
NONAI01729_600712_20230111,600712,南宁百货,2023-01-11,0.0,0,50,公司在或许免税资质工作是不是没有做到位 广西地理位置优势明显越南 老挝 柬埔寨 缅甸都很靠近 希望早日取得免税资质更好的发展广西经济 有没有明确的具体时间规划推进步骤？ 谢谢,您好！公司申请免税品经营资质目前仍无新进展，暂无明确的具体时间规划，能否取得该资质存在不确定性。谢谢您的关注！,-0.8858440267461817
NONAI01730_600715_20230220,600715,文投控股,2023-02-20,5.806451612903226,9,155,尊敬的董秘您好，请问贵公司游戏业务都有哪些？谢谢！,尊敬的投资者您好。公司游戏板块主要包括网络游戏的研发及运营，目前主要产品包括自主研发的卡牌类策略手游《攻城三国》《攻城天下》。2021年4月上线以来，《攻城天下》游戏总流水突破10亿元（公司确认的收入以实际分账为准）。未来，公司将持续加强上述两款游戏的运营及发行，积极拓展海外发行渠道。同时，公司也将依托自主研发能力，持续打造更多优秀游戏产品。感谢您的关注。,0.08615835801822835
NONAI01731_600718_20230508,600718,东软集团,2023-05-08,11.224489795918368,11,98,董秘好，在东软集团发布的年报预告里面，东软集团2022年度业绩预亏主要原因为密集回款的第四季度疫情复杂，影响项目验收和回款所致。请问董秘，东软集团第一季度是否加大项目验收和回款力度？今年一季度订单情况与预期相比如何？,您好，2023年第一季度，公司积极推进项目的交付与客户验收的进度，并坚定执行既定策略，持续拓展市场，从经营角度来看的新签合同额同比保持增长。关于2023年一季度更详细的情况，您可参见公司已披露的《2023年第一季度报告》。感谢您的关注！,0.9931401750943162
NONAI01732_600719_20230214,600719,ST热电,2023-02-14,1.1494252873563218,1,87,请问年报披露之时是否同时递交摘帽申请？谢谢！,投资者您好，理论上根据公司每个月披露其他风险警示进展公告，经公司自查不存在关联方资金占用问题，但内控否定意见影响是否消除得以年审会计师最终出具标准无保留内控审计意见为准。感谢您的关注。,-0.6934297615629332
NONAI01733_600720_20230104,600720,祁连山,2023-01-04,4.761904761904762,1,21,请问祁连山董办地址在哪里？,您好，公司位于兰州市城关区酒泉路力行新村3号。,-0.08869921384415232
NONAI01734_600721_20230106,600721,百花医药,2023-01-06,14.583333333333334,7,48,荆韬是否离职？,您好，根据公司《轮值总经理管理制度》，荆韬先生2022年度轮值总经理履职届满，由夏燕先生担任公司2023年度轮值总经理。,1.5554119627662835
NONAI01735_600722_20230522,600722,金牛化工,2023-05-22,6.0606060606060606,2,33,尊敬的董秘， 大股东名下的高速类资产已经不允许上市了，目前可供注入的只有燕赵驿行集团。 想了解下燕赵驿行集团最近3年的营收发展状况。,您好，公司没有燕赵驿行集团的营收情况等财务信息，感谢您对公司的关注，谢谢。,0.12870391694731023
NONAI01736_600724_20230110,600724,宁波富达,2023-01-10,0.0,0,64,请问贵司有境外业务吗？疫情持续几年对公司影响大吗,公司不涉及境外业务，公司以市场化为导向，整合提升稳基础，产业拓展谋发展，规范运作强管理，努力克服近几年经济回调和新冠疫情的影响。感谢您的关注！,-0.8858440267461817
NONAI01737_600725_20230420,600725,云维股份,2023-04-20,0.0,0,18,公司每年贸易11.59万吨铁矿石吗？公司生产的铁矿石和大连期货交易所里面的铁矿石有什么区别，谢谢,公司近期未开展铁矿石业务，感谢您的关注。,-0.8858440267461817
NONAI01738_600728_20230105,600728,佳都科技,2023-01-05,2.112676056338028,3,142,贵公司的交通大脑IDPS和警务视频云，这两种产品都依赖于图像识别的技术，都可以服务于公共安全，有合二为一的可能性吗？谢谢,尊敬的投资者您好，目前公司已自主研发形成的数字孪生行业级平台，该平台是佳都科技沉淀过去数年项目经验所开发形成的技术中台，致力于为公司主赛道行业客户提供数字孪生行业解决方案，无论是” IDPS”城市交通大脑，还是警务视频云，均可使用该中台的核心技术，若下游客户有相关需求，该技术完全可以实现场景应用合并，感谢您的关注！,-0.532181187219225
NONAI01739_600729_20230103,600729,重庆百货,2023-01-03,9.56175298804781,48,502,请贵公司大股东因为国企混改在2020年发起的全面要约收购，是大股东主动发起的要约，还是根据监管要求被动发起的要约，多谢、多谢！,您好，谢谢您对公司的关注！ 2019年9月26日，公司发布《重庆百货大楼股份有限公司关于要约收购的进展公告》（公告编号：临2019-039）：2019年6月25日，重庆市国有资产监督管理委员会（以下简称“重庆市国资委”）、商社集团分别与物美科技集团有限公司（以下简称“物美集团”）、天津滨海新区物美津融商贸有限公司（以下简称“天津物美”）以及步步高投资集团股份有限公司（以下简称“步步高集团”）、深圳步步高智慧零售有限公司（以下简称“步步高零售”）签署了《重庆市国有资产监督管理委员会、重庆商社（集团）有限公司与物美科技集团有限公司、天津滨海新区物美津融商贸有限公司关于重庆商社（集团）有限公司的增资协议》及《重庆市国有资产监督管理委员会、重庆商社（集团）有限公司与步步高投资集团股份有限公司、深圳步步高智慧零售有限公司关于重庆商社（集团）有限公司的增资协议》（以下简称“《增资协议》”）。根据《增资协议》，本次增资完成后，重庆市国资委、物美集团指定全资公司天津物美与步步高集团指定全资公司步步高零售所持商社集团股权比例分别为45%、45%和10%（以下简称“本次交易”），导致商社集团层面股东结构发生重大变化。为赋予投资者充分选择权，向除商社集团外的其他所有持有重庆百货无限售条件流通股的股东发出全面收购要约。 具体详见公司发布的《重庆百货大楼股份有限公司要约收购报告书摘要》（公告编号：临2019-021）。,0.7147973505551045
NONAI01740_600730_20231130,600730,中国高科,2023-11-30,3.9215686274509802,4,102,请问：换届后新的决策层和经营班子都做了哪些具体工作？听说最近平安智慧城市（平安知鸟）和几家公司在与公司洽谈合作，有何进展？,您好，公司决策层及管理层均致力于推动公司经营业绩及核心竞争力的提升，具体经营举措请参见请见公司通过上交所披露的定期报告以及公司官网和微信公众号的相关报道。关于公司的业务进展，请以公司公开披露的信息为准，感谢您的关注。,-0.22937182788568694
NONAI01741_600733_20230106,600733,北汽蓝谷,2023-01-06,2.0,1,50,请问董秘，公司定增今年能完成吗？,尊敬的投资者您好！感谢您对公司的持续关注。定增事项相关进展，公司会在触发相关披露义务后依法合规进行披露，谢谢！,-0.5510432053273293
NONAI01742_600734_20230106,600734,ST实达,2023-01-06,14.285714285714286,8,56,尊敬的董秘：您好！以下问题烦请及时回复，谢谢： 1、2022度年报，预计何时发布？ 2、目前是否有应披露而未及时披露的重大信息？ 3、距离自然人投资者股权解禁日越来越近，是否已采取相应措施？,尊敬的投资者，您好！公司2022年年报预披露时间为2023年3月31日，目前公司不存在应披露而未披露的重大信息，感谢您对公司的关注，谢谢。,1.5055904119599068
NONAI01743_600735_20230103,600735,新华锦,2023-01-03,7.2727272727272725,8,110,优秀的董秘，您好，现在全国解除疫情防控要求，进出口跨境电商业务如火如荼恢复，贵司参股上海荔之股权比例多少？是否继续推进跨境电商战略?增发实施完毕了吗？海淘公司这一块业务恢复是否正常?,您好，上海荔之是本公司的控股子公司，公司持有上海荔之60%股权。跨境电商业务是公司“进口+出口”新贸易体系的重要组成部分，公司会继续推进跨境电商的发展，为消费者带来更多更好的产品。公司于2022年4月初已完成定增的股票发行工作，定增已实施完毕，谢谢关注。,0.3316135056860086
NONAI01744_600736_20230113,600736,苏州高新,2023-01-13,2.0689655172413794,6,290,公司除房地产业务外，还有什么其他项目？苏州乐园是否是公司的？,感谢您对公司的关注！2022年，公司逐步确立了“新兴产业投资运营和产城综合开发服务商”的战略定位，立足园区运营、产业投资、产城综合开发三大业务。园区运营方面，聚焦医疗器械和绿色低碳两大新兴产业，通过收购医疗器械产业园，加快绿色低碳产业园的运营、建设及招商，同时借助前期运营环境与可靠性试验服务产业园和生命健康小镇的经验，进一步拓展产业园运营规模；产业投资方面，围绕转型方向及战略定位，加大医疗器械、绿色低碳、战略新兴等高新产业投资力度，促进产业转型升级；产城综合开发方面，做优做精城市住宅及商业开发、丰富文旅商贸业态、完善市政环保配套等，推动产城融合发展。苏州乐园森林世界、苏州乐园森林水世界为公司旅游集团旗下文旅资产，隶属于产城综合开发板块。,-0.5394983494163345
NONAI01745_600742_20230704,600742,一汽富维,2023-07-04,4.651162790697675,4,86,"你好，1月8日一汽红旗举办全球新能源智能汽车发布会,未来3年投放15款智能电动车，到2025年销量达到100万辆其中电动车占50万辆，年均增长138%，其中有今年下半年陆陆续续投放智能电动车。请问公司有参与红旗智能电动车零部件研发吗？请公司具体介绍一下，谢谢！",您好，公司一直都是一汽集团零部件研发的战略伙伴，目前也正全面参与一汽集团新能源汽车的零部件研发相关工作，尤其是在座椅、内外饰、车灯和轻量化冲压件等领域进行了深度合作，感谢您对公司的关注。,-0.10723746530699016
NONAI01746_600743_20230321,600743,华远地产,2023-03-21,1.3513513513513513,2,148,经查询，控股股东北京西城区国资委旗下还有一家控股上市公司“金融街”，其经营主业和华远地产经营主业高度重合。请问未来控股股东有没有解决这种“同业竞争”的想法？,您好，上市公司金融街控股股份有限公司的控股股东北京金融街投资(集团)有限公司和我公司的控股股东北京市华远集团有限公司均为北京市西城区国资委的下属企业，因此北京市西城区国资委是我们的实际控制人。通常受同一国有资产管理机构控制的同类企业一般不认定构成同业竞争，公司也未知晓实际控制人有相关方面安排，非常感谢您的关注。,-0.6596272555172275
NONAI01747_600745_20230118,600745,闻泰科技,2023-01-18,0.0,0,31,董秘你好，公司的半导体产业的毛利率很高，公司作为稀缺性车规级半导体企业，半导体产品供不应求的状况在短期内难逆转。建议公司趁势扩大对半导体产业的投资，积极扩大产能。减少在毛利率低的代工产业上的投入。希望提高公司的毛利率，做强产业，而不是光做大不赚钱，才有前途。,尊敬的投资者，您好！感谢您的建议！预祝您和广大投资者春节快乐，兔年吉祥！,-0.8858440267461817
NONAI01748_600748_20230403,600748,上实发展,2023-04-03,5.882352941176471,4,68,请问公司出售上海实森公司的所有股权，而实森公司拥有上实中心地产项目的百分比股权，公司是出于什么发展战略，出售上海如此核心地段的地产项目,尊敬的投资者，您好！该交易为公司梳理盘活存量资产的经营性活动，有利于公司回笼资金充实现金流，更好地集中资源投入到公司重点项目，保障公司平稳经营。谢谢！,0.09886427154456055
NONAI01749_600754_20230120,600754,锦江酒店,2023-01-20,3.278688524590164,2,61,公司好，请问公司在季报、半年报、年报中披露的开业房间数和签约房间数是互相独立的两个统计口径，还是签约房间数统计包含了开业房间数，谢谢！,尊敬的投资者：您好！公司在定期报告（季报、半年报、年报）中披露的签约酒店客房间数等于“开业+筹建”酒店客房间数。感谢您对公司的关注！祝您生活愉快！,-0.33699022114150573
NONAI01750_600755_20230111,600755,厦门国贸,2023-01-11,5.660377358490566,6,106,业绩说明会的以下问题为什么不回复？1.四季度确认收入的2个楼盘预计利润是多少？众所周知，楼盘的收入往往很可观，是否需提前公告？2.明年没有楼盘的收入后，为保持持续增长，确保年增长目标的实现，有什么举措？,公司剩余在手房地产项目已于2022年第四季度交付，具体利润请以公司定期报告披露为准。公司将继续落实“十四五”战略规划要求，以“高质量发展”为核心发展目标，进一步聚焦链通产业、推动数字进阶、加速国际布局，确保实现年度目标。感谢您对厦门国贸的关注。,0.061705467835475813
NONAI01751_600757_20230120,600757,长江传媒,2023-01-20,2.2388059701492535,3,134,董秘你好，3亿逾期账款已经一年多时间了，公司居然还没有司法诉讼，请问是什么原因？,投资者，你好！公司已通过与交易对手方对账确认函、要求提供资产抵押保证和电话催收等措施催收账款，后续将通过包括但不限于司法诉讼在内的法律手段及其他途径追索应收账款，尽最大可能保障公司及广大股东的合法权益，并严格按照《上海证券交易所股票上市规则》的规定及时履行信息披露义务。感谢您的关注，谢谢！,-0.5110669878444813
NONAI01752_600760_20230106,600760,中航沈飞,2023-01-06,1.3888888888888888,1,72,您好，从公司重组上市起F一31就是研发资产的重要组成部分！这一年又一年过去了，航母都下水三艘了，请问今年我们能看到歼35的起飞吗？而且歼三五的进度基本由外网暴料，公司作为上市公司主体应该主动披露部分进展！,您好，公司按行业客户需求和计划确保完成科研生产任务，如有应披露信息将严格按照有关法律法规的规定和要求及时履行信息披露义务。感谢您对公司和国防军工的关注！,-0.6533434563164231
NONAI01753_600761_20230113,600761,安徽合力,2023-01-13,7.258064516129032,9,124,尊敬的董秘，您好，请问贵公司可转债在中登公司登记日期是哪一天？可转债前十大持有人在可转债上市半年内能否减持？若董监高持股低于5%，认购可转债，在可转债上市半年内能否减持?,投资者您好，公司可转债于2022年12月21日在中国证券登记结算有限责任公司上海分公司完成登记。根据《上海证券交易所股票上市规则》等相关规定，持股5%以上股东以及董监高减持可转债须遵守短线交易相关规定，公司董监高认购的可转债6个月内不可以减持。其他可转债持有人无减持期限限制。,0.3291589542093308
NONAI01754_600763_20230103,600763,通策医疗,2023-01-03,3.0303030303030303,1,33,尊敬的董秘，英特集团的市值，物流运输以及医药储备明显无法满足浙江省福建省人民的需求，很多医药药店依旧没货，请问浙江省政府是否会更换大市值有能力的医药企业来负责浙江省的医药储备以及流通供应？只有大公司才有足够的能力跟信誉来满足我们老百姓的用药需求，而不是让一些没能力却靠背景的企业来垄断资源，导致老百姓无药可买，企业无法正常经营！,您好，通策医疗是以口腔医疗服务为主的上市公司，不涉及药品生产及供应，谢谢。,-0.37857005489943574
NONAI01755_600765_20230320,600765,中航重机,2023-03-20,10.256410256410257,12,117,1.公司2022年报中，年末股东人数写成股本数了，请尽快更正。2.中航产融减持2%股份进展如何？3.2022年报中披露的2023年收入及利润增速异常低（只有4%）是否意味着行业及公司经营不景气（衰退）了吗？,1.年末股东人数已经更正，详见《中航重机关于2022年年度报告及其摘要的更正公告》（2023-016）；2.中航产融减持尚未达到总股本的1%，也未到达减持时间过半的披露要求，公司会在达到披露标准后及时披露减持进展；3.公司2023年收入及利润受到多方面因素影响，公司目前经营保持良性增长。,0.8310832625812664
NONAI01756_600768_20230417,600768,宁波富邦,2023-04-17,4.3478260869565215,1,23,今年预盈好多，年报总能送点红利或红股了吧,谢谢您的关注，有关信息请以公司披露的相关公告为准。,-0.15801615409650274
NONAI01757_600769_20230328,600769,祥龙电业,2023-03-28,2.7027027027027026,1,37,2019年公司中止与软通动力的重大资产重组。当时公司董事长明确表示，而中止并不是终止。公司依托实际控制人转型之路没有改变。2023年成公司有十分理由赓续传承使命，在同一实控人的统一部署下完成与武汉新芯的重组，结果武汉新芯将花落航锦科技，请问公司与控股股东有没有进行相关沟通和接触？请问祥龙电业以后只守着水塔卖水了?东湖高新区就这样抛弃亲生儿子的不管了?公司的业务和出路在哪里?,感谢您的关注。公司将继续致力于高质量发展，公司业务发展的相关信息请关注公司公告。,-0.43341048428827317
NONAI01758_600770_20230103,600770,综艺股份,2023-01-03,0.0,0,44,请问贵公司的大股东收购了五家酱酒公司，能否详细介绍一下情况？,尊敬的投资者您好，公司实际控制人近几年先后在贵州、湖北、四川等地投资了多家白酒企业，感谢您的关注！,-0.8858440267461817
NONAI01759_600771_20230109,600771,广誉远,2023-01-09,2.1052631578947367,2,95,2021年报表披露中销售费用高达7.82亿元，销售费用率高达91.56%，2022年半年报销售费用是2.55亿元，销售费用率53.24%，三季报销售费用是4.66亿元，销售费用率56.76%，我也看过贵公司的销售费用的相关披露，以2022年半年报为例，其中市场推广费金额高达1.94亿元，占比高达76%，请问贵公司董秘，能否详细解释一下销售费用占比最高的市场推广费主要包括哪些费用？是否包括销售返利？,您好，感谢您对公司的关注。市场推广是医药行业主要的销售方式，与公司销售通过自有营销网络实现产品销售的模式相适应。市场推广费主要包括商业主题活动费、学术推广费、样品、市场管理费、市场调研费、渠道分销费及其他费用。,-0.5334221094631793
NONAI01760_600774_20230111,600774,汉商集团,2023-01-11,5.555555555555555,5,90,公司收购同济生殖是非常好的一步，请问什么时候把低效的商业板块剥离？这样才能更好地聚焦医疗医药,尊敬的投资者，您好！推进“大健康+大商业”双主业发展是公司发展战略，公司将紧扣“效益”和“发展”两大主题，加快商业项目重塑和提档升级，在医药、医疗器械、医疗服务、辅助生殖、健康饮品等多个领域寻求新突破。感谢您的关注！,0.04415825497285255
NONAI01761_600775_20230601,600775,南京熊猫,2023-06-01,2.2222222222222223,1,45,董秘，您好：公司有参与基于脑接口技术的研发吗？,答：脑基接口研发项目是由公司、相关院校和苏州的脑基研究所共同申报的，目前项目还处于最初的科研阶段。,-0.513843114058568
NONAI01762_600776_20230615,600776,东方通信,2023-06-15,5.405405405405405,4,74,尊敬的董秘你好，中国移动5G重大突破，5G新通话技术无需安装APP就可以远程操控智能终端，请问我公司有5G新通话相关技术和专利么？谢谢。,尊敬的投资者您好！公司的具体业务请详见公司定期报告。公司注重在新领域的重点研发投入，截至公司最新年报披露日，公司5G 新通话已顺利通过外场测试。感谢您对公司的关注！,0.019023058169635416
NONAI01763_600778_20230112,600778,友好集团,2023-01-12,0.9345794392523364,2,214,国家都是一直大力支持新疆发展！公司申请的免税资质也是新疆唯一的一家上市公司！为何相关政府部门还没有结果？,感谢您的关注。公司免税品经营资质申请工作目前仍处在初期阶段，公司前期向政府相关部门递交了关于申请免税品经营资质的请示，截至目前尚未收到任何政府部门的相关文件，没有就免税品经营事项与任何客户或合作方进行商业洽谈，也没有签署任何相关合同或协议。免税品经营资质属于特许经营资质，公司最终能否取得该资质存在重大不确定性，目前尚不知晓何时能取得新的进展以及能否获得政府部门的相关反馈。公司后续将根据相关工作进展情况及时履行信息披露义务，敬请投资者注意投资风险。,-0.7293950447747555
NONAI01764_600779_20230221,600779,水井坊,2023-02-21,5.747126436781609,5,87,您好：上次回复新一代水井坊井台的500毫升与375毫升品鉴酒是同样的酒体，但是我从京东水井坊官方旗舰店买的井台跟品鉴酒比较品质不一样有差距。请问旗舰店是不是公司自己开的。怎样鉴定酒的真假。,尊敬的投资者您好，京东平台上的水井坊官方旗舰店由公司开设。您可以通过扫描产品包装盒、瓶盖内外侧的二维码来辨认产品真伪。后续如有产品相关问题，欢迎致电公司消费者热线400-9199-600，将由专人与您对接。,0.0762272991700606
NONAI01765_600780_20230412,600780,通宝能源,2023-04-12,4.545454545454546,2,44,1、公司近2个月未发布公告，难道没有什么可公告的吗？工商信息显示，公司成立了几个清洁能源公司，为何不公告一下？2、集团清洁能源公司资产评估进行得怎么样了？公司作为清洁能源平台，有没有开始参与集团清洁能源项目的运作？,感谢您的关注。公司严格按照上市公司有关规定履行信息披露义务。后续进展请您持续关注公司公告。谢谢。,-0.12493306897606267
NONAI01766_600783_20230104,600783,鲁信创投,2023-01-04,6.666666666666667,9,135,尊敬的董秘，近三天公司股价突然下跌近10%，远超其他同类公司。故提问：1.公司是否存在应当公告而未公告的消息，特别是公司经营不善或者存在重大财务风险的消息。2.公司资产注入公告已一年有余，至今未有任何实质性进展和消息，公司管理层是否存在怠于履行义务的情况。3.截止到目前，公司营业收入和净利润是否达标，四季度共退出多少投资项目，回收多少现金，是否可能会被退市警示。盼回复！,尊敬的投资者您好。股价波动的影响因素较多，但公司基本面并未发生变化。公司经营情况正常，不存在应披露而未披露的信息。资产注入是相对较为复杂的交易，公司将严格按照相关法律法规要求履行信息披露义务。公司2022年年度报告的预约披露时间为2023年4月29日，相关经营数据请参见公司后续披露的2022年年度报告，谢谢！,0.2301587113166595
NONAI01767_600784_20230105,600784,鲁银投资,2023-01-05,1.2048192771084338,1,83,公司的盐资源丰富，请问一下公司的盐是否含锂，含量多少？,尊敬的投资者，您好！目前我公司盐类矿物的化学成份主要为 NaCl、硫酸盐和碳酸盐，地下盐矿层可能存在微量锂，根据矿层不同略有变化，公司各类食盐产品微量元素含量符合食品安全标准。感谢您的关注！,-0.684156784927596
NONAI01768_600785_20230216,600785,新华百货,2023-02-16,5.0,1,20,董秘好，贵司在人工智能方面有无相关布局，或持股相关企业？,您好！公司无人工智能布局或相关企业持股。谢谢！,-0.04884197319905085
NONAI01769_600787_20230119,600787,中储股份,2023-01-19,2.5316455696202533,2,79,贵司自2021年签订武汉地块拆迁补偿协议后至今已一年半有余，总拆迁款高达42.81亿元，但贵司至今仅仅收取13.8亿元的拆迁款，尚有接近30亿元的拆迁款未取得，请问剩余拆迁款何时可以到位，今年是否可以按协议约定全部到位；贵司针对该拆迁事项是否有与当地政府拆迁部门保持沟通，当地政府是否存在违约逾期支付拆迁补偿款的情况？若逾期付款，何时能追讨，逾期期间是否应该计取利息？,您好！公司与武汉市江岸区城区改造更新局签署的补偿协议正在履行中，资产移交是根据当地建设计划及协议约定时间逐步推进，目前未发生补偿款逾期支付的情况。感谢您对本公司的关注！,-0.46204551862105214
NONAI01770_600789_20230829,600789,鲁抗医药,2023-08-29,0.0,0,29,董秘你好！公司在研项目CIGB-814是与古巴方面合作的项目。请问该项目在合作当中是否涉及到美国制裁？产品是否有机会在欧美上市？谢谢！,您好！目前该药品尚处于研发阶段，不会涉及到美国制裁。感谢您的关注！,-0.8858440267461817
NONAI01771_600790_20230905,600790,轻纺城,2023-09-05,4.385964912280702,5,114,想问一下，贵公司增加了9亿元的短期贷款，用途是什么，如果用于物流项目，为什么不采用长期贷款或其他融资方式,考虑到长期贷款或者其他融资方式贷款审批时间较长、实操较难，结合各融资方式的落地规模、项目周期、实操难度、融资成本等多方面因素，公司首先采用了流动资金贷款用于公司资金补充。截至6月底，公司已申请6亿元项目贷款，同时也在积极调研适合公司的其他融资方式。,-0.15163169907325985
NONAI01772_600791_20230103,600791,京能置业,2023-01-03,0.8620689655172413,1,116,董秘你好！房地产行业普遍低迷，之前明星房企恒大，华夏幸福等雷声不断，是否预示着房地产黄金期终结？贵司坐拥北京地区优质地块，似乎经营稳健有余，然而前景朦胧，是否管理层居安思危，对贵司未来发展方向有新的审视？,您好，非常感谢您对公司的关注。公司聚焦京津冀区域，紧抓城市结构发展机遇，精益发展住宅开发业务，强化区域聚焦与城市深耕。探索推动低碳、低能耗建筑，打造融生态、科技、环保于一体的低碳智慧型住宅产品。公司紧抓内控管理工作，降成本、提效益，全力做好房地产开发与经营工作。,-0.7415333278587454
NONAI01773_600795_20230118,600795,国电电力,2023-01-18,4.545454545454546,3,66,公司十四五要建设1000万千瓦煤电，其中公司权益占比有多少？,投资者您好！公司“十四五”期间规划的煤电机组均由公司控股子公司建设，具体权益装机数据请关注公司在上海证券交易所网站披露的定期报告。感谢您的提问！,-0.12493306897606267
NONAI01774_600797_20230106,600797,浙大网新,2023-01-06,2.0618556701030926,2,97,请公司积极考虑回购公司股份，维护公司的形象,尊敬的投资者，您好！公司会继续努力做好自身经营管理，不断提升核心竞争力和盈利能力来提高公司发展质量及企业价值。目前公司暂无回购计划，后续如有回购计划，公司将按照相关规定履行信息披露义务。感谢您对浙大网新的关注。,-0.5406885407473649
NONAI01775_600798_20230110,600798,宁波海运,2023-01-10,5.555555555555555,1,18,董秘，英特集团几十年都发展不起来，目前还在行业底部，作为浙江省龙头企业市值不到百亿，无法满足浙江省的医药储备跟医药流通需求！英特集团的几个大股东，不想把英特集团做大做强，只想着低价定增通过英特集团获利损害中小股东利益！请问公司大股东可以放弃低价定增维护广大投资者的利益吗？,您好！英特集团不属于公司大股东旗下企业。,0.04415825497285255
NONAI01776_600802_20230510,600802,福建水泥,2023-05-10,3.3333333333333335,2,60,你好，公司近几年利润不高，是否有实质性的工作来提升，谢谢！,尊敬的投资者，感谢您对公司的关注！公司将根据自身实际情况，采取切实措施，不断提到公司质量，努力做好经营发展，争取以更好的业绩回报股东。,-0.3278426577147611
NONAI01777_600803_20230313,600803,新奥股份,2023-03-13,2.3529411764705883,2,85,公司主要竞争对手有哪些上市公司?我在2021年度报告没有找到 在哪里可以找到相关信息 原油 甲醇 动力煤 哪些是公司原材料？哪些是产品 谢谢,您好，新奥股份是中国最大的民营天然气生态运营商之一，公司所处行业格局及发展趋势等信息可查阅公司定期报告“管理层讨论与分析”章节。公司能源生产业务中的产品主要为煤炭及甲醇。感谢您的关注。,-0.4919607074298848
NONAI01778_600804_20230111,600804,ST鹏博士,2023-01-11,2.1201413427561837,6,283,杨总，请问出售鹏云科技项目能在4月份前完成吗？还有海底光缆出售项目什么能完成，有没有时间限制？作为公司的小股东来说目前亏损严重，今年摘帽是公司的考核目标吗？,尊敬的投资者您好，关于鹏云科技股权转让事宜，公司已收到部分股权转让款，交割手续正在正常办理过程中，具体时间尚未确定。公司将根据相关法律法规及时披露进展情况。关于出售海底光缆事项，买方已按协议约定向第三方划付1600万美元的定金，现等待买方完成相关审批事项，具体时间尚未确定。公司被实施其他风险警示后，公司董事会充分重视，重新修订了《内部审计管理办法》等规章制度，并结合公司经营规划，增加了内审部人员编制。年度内开展了募集资金、关联方交易与大额资金收支等专项审计工作。公司不断完善内控体系，夯实基础工作，为解除其他风险警示而努力。在此期间，公司将遵照相关规定，至少每月发布一次提示性公告，分阶段披露涉及事项的解决进展情况，谢谢。,-0.5309314952067623
NONAI01779_600805_20230208,600805,悦达投资,2023-02-08,5.136986301369863,15,292,董秘好！工信部在全国范围内启动公共领域车辆全面电动化试点先行工作，要求城市公交、出租、环卫、邮政快递物流配送领域力争达到80%。新能源政策往公共领域电动化方向倾斜，重点在城市物流配送、环卫车辆、商用重卡三个方向。悦达专用车已形成了以垃圾收集转运、道路清扫保洁、电动环卫车、清洁能源和绿色环保车辆等六大门类20个系列103个型号的产品。请问上述新能源环卫车销量如何？另外，悦达有生产新能源快递物流配送车吗？,尊敬的投资者，您好！2023年2月3日，工信部发布《工业和信息化部等八部门关于组织开展公共领域车辆全面电动化先行区试点工作的通知》，此次全国范围内启动的公共领域车辆全面电动化先行区试点，车辆包括公务用车、城市公交、出租、环卫、邮政快递、城市物流配送、机场等领域用车，试点期间目标推广新能源汽车目标为204万辆（标准车），试点期为2023—2025年。 通知披露，试点领域新增及更新车辆中新能源汽车比例力争达到80%，将有助于悦达专用车公司快速向新能源环卫车转型升级，逐步淘汰传统燃油车产品。目前我司拥有纯电动环卫车16款，涵盖压缩式垃圾车、自装卸式垃圾车、车厢可卸式垃圾车、餐厨垃圾车、洗扫车、清洗车、抑尘车、洒水车等主力车型，部分车型已批量服务于北京、上海、江苏、浙江、福建等重点区域。,-0.025910410088170605
NONAI01780_600808_20230119,600808,马钢股份,2023-01-19,0.0,0,45,请问，截至2022年12月30日，公司的股东数是多少？谢谢,尊敬的投资者，您好。公司根据相关法律、法规、规章、规则及规范性文件的规定，履行信息披露义务。谢谢您的关注。,-0.8858440267461817
NONAI01781_600810_20230111,600810,神马股份,2023-01-11,2.158273381294964,3,139,公司股东的转融通业务出借股票是否有风险？能按期收回股票么？出借的利息应该不高的，股东做这个业务是出于什么考虑？,投资者通过交易所业务平台向证券金融公司出借证券，在不影响相应股票权益的情况下获得出借利息收入。证券出借业务最鲜明的特点在于其安全、稳定的收益（证金公司以国家信用为担保，多种制度安排保障证券按期归还），类似于证券的“定期存款”业务，为长期股权持有者提供了一种盘活资产、获取稳定收益的创新工具。感谢您的关注。,-0.5245481762941828
NONAI01782_600812_20230118,600812,华北制药,2023-01-18,5.882352941176471,2,34,疫情开放对公司业绩影响大吗？,感谢您对公司的关注，公司的经营及业绩情况请关注公司定期报告以及相关公告。,0.09886427154456055
NONAI01783_600814_20230103,600814,杭州解百,2023-01-03,1.492537313432836,1,67,2022年马上就过完了，新的一年马上开始。请问管理层、董事会、大股东，上市公司提出的纵向和横项并购、引进战略投资者为什么迟迟没有动作啊？作为A股市场基本面最好的商业上市公司之一，公司市值已经严重滞后于内在价值了！,尊敬的投资者，您好。相关事项如有进展情况，公司将按照相关法律法规的要求及时履行信息披露义务，具体请以公司在上交所网站披露的公告为准。感谢您的关注。,-0.6359926674783815
NONAI01784_600815_20230120,600815,厦工股份,2023-01-20,2.7777777777777777,2,72,时代在发展，社会在进步，2022年10月份将迎来20大的胜利召开！厦工将以什么姿态向20大献礼？,尊敬的投资者，您好！公司将坚定不移地贯彻落实中央、省、市决策部署，结合实际情况，稳步推动各项工作进展，积极履行上市公司的职责，努力提升经营业绩。感谢您对公司的关注！,-0.4208428858866646
NONAI01785_600816_20230512,600816,ST安信,2023-05-12,3.8461538461538463,4,104,请问公司联系电话86-21-63410710，打过去就自动挂断，是没有人接听吗？打了1天都没人接听，发了邮件也没人回，请问如何让投资者联系你们？,公司董监事会办公室设有投资者联系电话（021-63410710）和电子邮箱（600816@anxintrust.com），并有专人负责接听、查阅投资者来电、来邮。公司高度重视投资者关系管理工作，积极通过电话、邮件、上证e互动等形式与广大投资者保持日常沟通交流，提升投资者对公司的了解和认知。,-0.24199629324838873
NONAI01786_600818_20230316,600818,中路股份,2023-03-16,0.0,0,19,绩溪并网到哪一步了,投资者您好，目前正在继续试验，谢谢您的关注！,-0.8858440267461817
NONAI01787_600820_20230111,600820,隧道股份,2023-01-11,5.970149253731344,4,67,您好，董秘。隧道股份在城市数字建设中，担任着哪一方面的项目和角色，谢谢。,投资者您好，公司于2021年成立了数字集团，积极推进在基建产业的数字化建设，主要在智慧城市、智慧交通和全生命周期的智能运维养护等领域发力，感谢您的关注！,0.11356141032501939
NONAI01788_600821_20230403,600821,金开新能,2023-04-03,15.555555555555555,7,45,请问公司2022年有多少比例的电量参与市场化交易？预计今年会有多少比例？,"尊敬的投资者您好。2022年市场化交易的总电量为189,152.22万千瓦时，占总上网电量的30.51%。感谢您对公司的关注！",1.7181623620671145
NONAI01789_600826_20230411,600826,兰生股份,2023-04-11,19.607843137254903,10,51,您好，请问截止2023.4.7日，股东人数为多少？谢谢,尊敬的投资者，您好！股东人数情况敬请参阅公司定期报告，公司2022年年度报告及2023年第一季度报告将于2023年4月27日披露。,2.3965169675562925
NONAI01790_600828_20230113,600828,茂业商业,2023-01-13,1.6129032258064515,1,62,随着疫情的好转，请问公司业绩未来还有可能达到2019年十来亿的水平吗？,投资者您好！疫情放开后，公司旗下各门店的客流和销售情况将逐步回暖。目前，公司上下一心，全力以赴，为早日实现公司业绩回升而努力。感谢您的关注！,-0.6158433643116233
NONAI01791_600829_20230403,600829,人民同泰,2023-04-03,15.0,9,60,您好！请问贵公司目前股东人数是多少？谢谢！,"尊敬的投资者您好,公司的股东人数在2023年3月28日披露的公司2022年年度报告中已经披露，敬请查阅公司的定期报告，感谢您对公司的关注,谢谢！",1.6251621338952107
NONAI01792_600830_20230103,600830,香溢融通,2023-01-03,0.0,0,16,请问公司现在属于浙江的国企还是央企？谢谢,尊敬的投资者，您好！央企，感谢您的关注！,-0.8858440267461817
NONAI01793_600831_20230106,600831,广电网络,2023-01-06,4.0,1,25,你好，公司与西凤酒是否有业务往来？,尊敬的投资者，您好。感谢您对公司的关注。暂无业务往来。谢谢。,-0.21624238390847703
NONAI01794_600834_20230109,600834,申通地铁,2023-01-09,5.376344086021505,5,93,董秘您好！想清楚地了解一下，贵公司投资建元基金的收益模式？贵公司多次提到预期收益是7.8%，请问预期收益是固定收益还是浮动收益？实际收益的兑现与建元基金的投资水平有没有关系？,您好。公司在建元基金中为有限合伙人，不执行合伙事务，公司只是财务投资者，不参与日常经营管理，只获得投资收益，预期年化收益在7.8%，无其他收益。详细情况请参见公司关于市场传闻的澄清公告（编号：临2020-017），谢谢您的关注。,0.014158181369012712
NONAI01795_600837_20230103,600837,海通证券,2023-01-03,3.8461538461538463,2,52,打公司电话95553居然是空号.查了半天居然要加区号。其他证券公司都可以直接拨通.你们的服务条件这么差吗.我的最大持仓可是你们公司啊.哎......,尊敬的投资者，您好。如果您在没有客服热线接入点的地区拨打95553，需要加拨区号，请拨打02195553。我们将不断完善服务，感谢您的建议！,-0.24199629324838873
NONAI01796_600838_20230308,600838,上海九百,2023-03-08,4.651162790697675,2,43,你好 公司领导，请问截止目前贵公司持有东方证券多少股？另外，贵公司还持有哪些上市公司股份，股数多少？烦请告知 谢谢,尊敬的投资者，您好！本公司持有的上市公司股份，请详见公司披露的定期报告及相关公告，感谢您的关注！,-0.10723746530699016
NONAI01797_600839_20230104,600839,四川长虹,2023-01-04,1.3157894736842106,1,76,去年公司获数字货币硬钱包业务，今年公司的数字货币业务有新的进展吗？,尊敬的投资者，您好！公司旗下四川长虹网络科技有限责任公司在该领域持续保持必要的技术投入和前瞻研究，并积极融入产业链协作，目前暂无更多需披露的相关信息。感谢您的关注！,-0.6655803284443051
NONAI01798_600845_20230413,600845,宝信软件,2023-04-13,0.0,0,23,2021年9月7日，宝武与沙特阿美签署《谅解备忘录》，并于2021年9月9日发布公告，确定双方共同开展建设世界一流的全流程厚板厂。请问届时宝信是否参与建设。,公司对相关行业信息一直保持高度关注。感谢您的关注。,-0.8858440267461817
NONAI01799_600847_20230130,600847,万里股份,2023-01-30,2.857142857142857,2,70,您好，贵公司的下属公司重庆万里电源科技有限公司于2022年12月出现1次污染物(包括化学需氧量)排放超标。该超标在微博中也有相关的关注，具体参见：环境我知道。请调查整改并反馈超标原因，希望公司要重视和控制排污问题。,感谢您对公司的关注！经了解，公司此次数据异常是由于运维公司维护人员对我公司在线监测仪器进行季度比对测试高标质控样导致的，公司已向环保部门进行了说明。,-0.40755713900496404
NONAI01800_600850_20230313,600850,电科数字,2023-03-13,28.571428571428573,6,21,请问贵公司什么时候更新股东人数？半年了！,"您好！截至2023年2月28日，公司股东人数为26,477。谢谢！",3.5991992847994347
NONAI01801_600851_20230104,600851,海欣股份,2023-01-04,0.0,0,28,董秘您好，疫情放开，老年人病症增加，心脑血管疾病，心肌病例增加，公司是否有生产这类药物，谢谢？,投资者您好，公司控股的医药企业没有生产该类药物。感谢您的关注。,-0.8858440267461817
NONAI01802_600853_20230104,600853,龙建股份,2023-01-04,8.823529411764707,3,34,根据本人个人统计龙建股份2022全年新增订单大约三百五十亿元左右创历史最高记录，为明后年企业收入和利润大幅增长提供了有力保障，贵公司是否能在2023年在市值上一鼓作气突破2015年6月的69.7853亿，向百亿市值进发！,投资者您好！公司2022年新增订单情况请以公司公开披露的信息为准，感谢您的关注！,0.5912184206899317
NONAI01803_600854_20230113,600854,春兰股份,2023-01-13,3.3333333333333335,1,30,董秘您好:很久也看不到股份公司及集团公司有啥生产及产品的新闻报道了，请问公司最近生产经营正常吗？地产公司咋样？谢谢,投资者你好，公司经营基本正常，具体情况详见将于4.28披露的年度报告。,-0.3278426577147611
NONAI01804_600855_20230411,600855,航天长峰,2023-04-11,5.0,4,80,董秘好，公司去年十月份定增多少股份，为什么现在就能解禁上市，公司业绩下滑厉害，有什么好的解决方案！谢谢,您好。公司22年10月获得核准的非公开发行尚未实施完毕，不具备解禁条件，请您关注公司披露的相关公告。公司将不断提升市场开拓力度和研发投入，提升管理能力，提升公司业绩。感谢您的关注！,-0.04884197319905085
NONAI01805_600858_20230224,600858,银座股份,2023-02-24,0.6802721088435374,1,147,“传统零售全面数字化和完整电商解决方案，不仅是单一电商交易APP，中间牵扯会员、商品、供应链、生产体系、履约体系、风控等方面，还要兼顾电商和原有门店的业务关系与流程，更要考虑到零售业低毛利经不起折腾现状。同时互联网技术高速迭代和需要对标顶级互联网平台用户体验要求也决定了这是一个巨大且持续投入的事情，对于单一的零售企业来说投入产出比极其不合适。整个零售体系纷杂且琐碎，痛点多多”请提交董事会审议,尊敬的投资者，您好，公司以数字化技术服务企业转型的整体思路，着力推进数字化新零售服务场景建设，在会员营销、商品管理、智能调度、订单履约、供应链优化等方面的效率都得到大幅提升。未来公司将加强业务协同，综合评估建设成本及业务风险、关注数字化与业务结合后的业务价值与整体收益，合理规划信息系统建设及业务需求。感谢您的建议与关注。,-0.7719661963316061
NONAI01806_600859_20230103,600859,王府井,2023-01-03,1.5625,1,64,免税牌照包括离岛免税、机场免税、市内免税等多种，请问贵公司是全牌照吗？如果不是全牌照，请问贵公司具有哪几种免税牌照？谢谢,答：您好，感谢您对公司的关注。公司被授予的免税品经营资质，并无经营类型限制。根据具体项目审批情况，公司可以从事离岛免税、口岸免税、市内免税等项目。,-0.6242808850127033
NONAI01807_600860_20230627,600860,京城股份,2023-06-27,4.0,1,25,尊敬的董秘，你好！据悉在氢能“制取—储存—运输—应用”的产业链中，储存、运输装备的效率一直是制约行业发展的关键瓶颈，容积更大、重量更轻、抗疲劳寿命更高的四型高压储氢瓶，成为了行业突围的重要技术方向。请问贵司是否具备生产四型高压储氢瓶的技术实力？若有，请问贵司是否已经向相关客户供货？谢谢！,您好！公司的四型瓶实现了商业化应用。感谢您对公司的关注。,-0.21624238390847703
NONAI01808_600861_20230511,600861,北京城乡,2023-05-11,3.6363636363636362,4,110,请问，北京外企公司自有员工数量是多少？,您好，感谢您对公司的关注！目前的员工人数请查阅公开的工商登记信息，如您还有疑问，欢迎来电咨询，会有专人为您解答。公司一直认真履行信息披露义务，请您届时关注公司在指定信息披露媒体《上海证券报》、《中国证券报》和上海证券交易所网站（www.sse.com.cn）的公告，谢谢。,-0.27711526053008656
NONAI01809_600863_20230109,600863,内蒙华电,2023-01-09,19.047619047619047,4,21,公司预计何时披露年报预告？,投资者您好，预计2023年4月28日披露年报，感谢关注。,2.3027352248619355
NONAI01810_600864_20230315,600864,哈投股份,2023-03-15,0.0,0,21,既然公司是多元金融，应该改名叫哈投财富，剥离亏损非主业，专心经营主业,你好。公司目前是热电业务和证券业务双主业运营。,-0.8858440267461817
NONAI01811_600867_20230106,600867,通化东宝,2023-01-06,2.4193548387096775,3,124,董秘您好，为何贵司需要与科兴生物合作推广海外市场？此举为公司带来多少收益？,感谢您对公司的关注。科兴制药拥有20多年海外商业化经验和优势，尤其在海外新兴市场具备深厚的基础。通过本次合作，通化东宝与科兴制药将发挥各自优势，共同推动国产糖尿病产品利拉鲁肽实现全球商业化。公司也将由此加速自身产品出海进程，进一步开拓潜在市场空间，实现产品价值最大化。,-0.4808430330943442
NONAI01812_600869_20230321,600869,远东股份,2023-03-21,1.0101010101010102,1,99,董秘你好，我看到子公司做的钠电池已经进行送样了，请问目前子公司钠电池做到哪一步了？,尊敬的投资者，感谢您对公司的关注！远东电池抢抓钠离子电池发展机遇，力争为客户提供更多样的电池产品选择，不断加大钠离子电池的研发力度，第一代钠离子电池产品现已进入A样优化阶段。相关信息请以公告为准，敬请注意投资风险。,-0.7167527027972663
NONAI01813_600871_20230104,600871,石化油服,2023-01-04,11.014492753623188,38,345,公司负债率一直居高不下，且基本上没有下降趋势，透露出管理层的不作为。公司目前是否有具体的降低负债率的措施和计划，高负债迟早会害死公司的。,感谢您对公司的关注和建议。2016年-2017年，公司经历了油服行业寒冬期，出现巨额亏损，公司通过非公开发行募集资金76亿元，将资产负债率从2017年底的103%降低到2018年底的90.6%，截至2022年9月末公司资产负债率已经降低到88.8%，但目前还是处于相对较高位置。从公司获得的信贷额度来看，目前公司从中石化和外部金融机构获得的授信额度为552亿元，其中中石化财务公司及盛骏公司借款额度200亿元，中石化财务公司票据及保函额度118亿元，外部银行综合授信额度234亿元。公司将多措并举降低资产负债率：1.通过市场开拓、科技研发、降本减费和挖潜增效，提升公司毛利率水平，增加公司盈利，实现内源性资本积累；2.建立“两金”清收与应付款项清欠联动机制，防范逾期风险，减少资金占用；3.实施差别利率政策，对付息债务进行过程管控和有效压降；4.发挥上市公司平台优势，在合适窗口期探索资本市场融资路径，逐步降低公司资产负债率。,0.9579865839663383
NONAI01814_600872_20230105,600872,中炬高新,2023-01-05,4.878048780487805,6,123,请问公司，高端化的酱油、醋、耗油、料酒等调味产品的今年已实现的销售量价情况如何？明年的计划销售量价情况如何？高端化产品对公司的毛利率、净利率拉动作用如何？公司对现有高中低端产品有没有提价的计划？,您好，公司高端产品今年销售逐步提升，公司将继续大家对高端产品的研发及销售投入，提高公司高端产品矩阵，高端产品一般情况下，毛利润水平相对高一些，对公司整体毛利率和净利润水平有正向作用。公司暂时没有对产品有提价的计划，2023年生产经营计划以公司公布的2023年经营目标为准，谢谢！,-0.06925665743190772
NONAI01815_600874_20230103,600874,创业环保,2023-01-03,0.6944444444444444,1,144,贵公司于2022年7月9日发布公告开展REITS相关申报工作，请问最近进展如何？申报计划是否有变更？预计何时向相关监管机构正式报送相关材料？谢谢,您好！截至目前，本公司基础设施REITs处于待申报阶段，尚需相关监管机构审核同意，交易条款、时间安排、最终方案尚未确定。本公司将及时关注政策动向，积极与相关监管机构保持密切沟通，根据相关政策要求不断完善申报材料，积极推动基础设施REITs申报发行工作的开展，并严格按照法律法规的规定与要求及时履行信息披露义务。感谢您对公司的关注！,-0.7695937415313024
NONAI01816_600875_20230119,600875,东方电气,2023-01-19,0.0,0,95,公司主营业务是什么，董秘,本公司为全球能源运营商及其他用户提供各类能源、环保、化工等产品及系统成套、贸易、金融、物流等服务。公司主要经营模式是开发、设计、制造、销售先进的清洁高效能源电力成套设备，以及向全球能源运营商提供工程承包及服务等。,-0.8858440267461817
NONAI01817_600876_20230301,600876,洛阳玻璃,2023-03-01,8.053691275167786,12,149,请问公司截至2.15号股东人数多少，公司什么时候更名,尊敬的投资者，您好！您可携带持股证明及本人身份证原件至公司董事会办公室，由公司工作人员核实股东身份后查阅公司股东名册。公司在定期报告中按照中国证监会、上交所的相关要求对相应时点的股东人数进行披露。公司最近一期（2022年10月31日）的普通股股东总数为35616。公司已于2023年2月17日披露名称变更的相关公告。感谢您对公司的关注与支持。谢谢！,0.4623472004438279
NONAI01818_600877_20230220,600877,声光电科,2023-02-20,0.0,0,66,中瓷电子重组后也有氮化镓射频芯片业务，会和公司在芯片方面形成同业竞争吗？该如何解决啊？,尊敬的投资者，您好！ 公司主营业务为硅基模拟半导体芯片及其应用产品的设计、研发、制造、测试、销售，与中瓷电子重组后的氮化镓射频芯片业务不存在同业竞争。,-0.8858440267461817
NONAI01819_600879_20230109,600879,航天电子,2023-01-09,2.926829268292683,6,205,问8个问题:1、问上次定增52亿，6年了净利润为何没有增长？2、问本次定增后42亿，什么时候产生收益，每年能增加利润不能？3、问公司会不会是通过不断定增，募取资金延续公司生产经营和职工福利？否则无法生存了！4、问国际空间站已经组建完毕，每年发射50多次，为何没有对公司产生额外收益？,感谢您对公司的关注。关于2016年重大资产重组置入资产和2017年募集配套资金项目的收益情况请参阅公司相关公告。2021年非公开发行股票募集资金尚未到位，关于募集资金项目未来收益等情况请参阅可行性报告、发行报告书等相关公告。空间站建设经历了从研发到实施漫长的过程，公司作为航天电子产品研发生产企业，为空间站建设提供了大量产品，收益已在相关年度财务指标中体现，并非集中于某一年集中结算。近几年来，公司航天产品营收稳步增长，正是得益于国家航天事业的快速发展。,-0.3958916051576173
NONAI01820_600880_20230323,600880,博瑞传播,2023-03-23,1.5544041450777202,3,193,请问董秘关于新注册制全面落实的情况下，将要怎样完善进行投资者关系管理活动，是否设有专门的投关部？构成人员和薪资如何？是否能做到将公司的实际价值与股价相对应起来，这是我们投资者现在也在考虑是否购入你们公司股票的重要依据之一了。,尊敬的投资者您好。我们认为专业的IR管理需要以有效的企业治理、合规的信息披露及扎实的经营业绩为基础，通过与监管机构、宣传媒介、机构、投资者等展开全面沟通，发现、引导并传递公司投资价值，最终实现股东与公司的共赢。 公司历来重视投资者关系管理，设职了专人专岗推进相关工作，并要求IR岗的小伙伴必须对资本市场、对公司业务、对行业更迭发展等都要有较为全面的了解。我们欢迎您有机会时能亲临指导或电话交流，谢谢您对公司的关注，祝您投资愉快。,-0.6256361344517368
NONAI01821_600883_20230320,600883,博闻科技,2023-03-20,4.733727810650888,24,507,麻烦介绍下贵公司的食用菌业务情况，谢谢。另外万辰生物也是食用菌领域的上市公司，请问是否为竞争对手？谢谢。,衷心感谢您对公司的关注！公司食用菌经营业务主要开展松茸及其制品、食用菌制品的采购、销售和生产加工（含代加工/委托加工）经营业务，主要产品包括新鲜松茸、松茸速冻品、其他食用菌产品等。松茸属于野生食用菌，不易人工繁殖繁育，产量及品质受自然因素影响较大，处于自然供给状态。截至2022年第三季度末，公司食用菌业务实现营业收入同比减少83.36%，食用菌产品综合销售毛利率同比减少67.40个百分点。一方面由于受到自然气候影响的主要因素，区域内新鲜松茸产量大幅减少，品质下降，报告期内公司新鲜松茸销售量同比减少约91.85%，实现的销售收入减少，销售毛利率约11.35%，同时因采购成本居高不下，销售毛利率同比下降约20.23个百分点。另一方面基于公司2022年度市场营销策略，二季度以来适度增加部分松茸速冻品和其他食用菌产品销量，由于部分产品生产成本较高，导致食用菌业务综合销售毛利大幅下降（前述生产经营数据未经审计），更多关于公司食用菌经营业务的信息请详见上海证券交易所网站http://www.sse.com.cn上的《云南博闻科技实业股份有限公司2022 年第三季度报告》等相关定期报告。根据万辰生物定期报告等相关信息，该公司专注于鲜品食用菌的研发、工厂化培育与销售，主要产品包括金针菇和真姬菇（真姬菇包括蟹味菇、白玉菇、海鲜菇）。截至目前，公司食用菌经营业务未涉及该公司的主要业务及产品。,-0.09341604705659033
NONAI01822_600884_20230209,600884,杉杉股份,2023-02-09,2.459016393442623,3,122,衢州杉杉出售，而东莞杉杉为何未一并出售，那么东莞杉杉往后何去何从呢？,根据协议约定，公司控股子公司东莞杉杉电池材料有限公司在竞业过渡期内，可以继续从事并逐步收缩电解液等业务，直至在竞业过渡期内完全终止电解液等业务；或者在竞业过渡期结束前30天内，根据交易对方届时书面认可的方式、范围和期间，继续从事电解液等业务。感谢您对我公司的关注。,-0.4742036725426747
NONAI01823_600885_20230307,600885,宏发股份,2023-03-07,3.125,1,32,董秘，您好!贵公司涉及研制生产和销售继电器等机械设备、货物或技术的进出口业务、技术推广服务;、电工仪器仪表制造销售、对电子行业证券投资、物业管理等各类业务，请问公司现在是采取何种方式签署各业务合同呢，有采取电子合同签署方式吗，比如契约锁电子合同？,您好！公司签署合同业务符合内控管理规定，暂未使用契约锁等电子合同方式。,-0.3627177432792249
NONAI01824_600886_20230308,600886,国投电力,2023-03-08,1.7543859649122806,3,171,你好，我发现下属公司江苏利港电力有限公司于2022年11月出现16次污染物(包括烟尘)排放超标。烦请核查改正，并也说明一下超标的原因，希望公司要重视和控制排污问题。,尊敬的投资者，您好。江苏利港电力有限公司属于公司联营合营企业，公司尚未直接参与生产管理环节，在其董事会派驻了相应董事。行业内可能因为启停机出现短时的污染物排放超标问题被实时监控到，主要原因是在启停机的时候环保设施不能完全发挥效用，属于正常现象。如果长时间污染物排放超标是违反国家法律法规及相关规定的，因此具体情况还请您联系江苏利港电力有限公司。感谢您对公司的关注。,-0.592159095677013
NONAI01825_600887_20230103,600887,伊利股份,2023-01-03,4.069767441860465,7,172,贵公司要实现社会价值领先，目前践行社会责任行动涉及哪些领域？,尊敬的投资者您好，公司搭建了企业可持续发展的“WISH”体系。在社会责任方面，公司在疫情期间，驰援国内外抗疫行动。在环境方面，作为行业内首个具有自主碳盘查能力的企业，公司发布了行业首个双碳目标及路线图，并建立了行业首个“零碳工厂”、中国首款“零碳牛奶”和中国乳品行业首个“零碳联盟”。在可持续发展领域，公司收获了诸多奖项。具体信息您也可查阅公司每年发布的可持续发展报告。感谢您对伊利股份的关注！,-0.20456328548688912
NONAI01826_600888_20230105,600888,新疆众和,2023-01-05,0.0,0,36,董秘，您好!贵公司涉及等机电产品的制造安装和销售、技术的进口业务各类业务，请问公司现在是采取何种方式签署各业务合同呢，有采取电子合同签署方式吗，比如契约锁电子合同？,您好，公司不涉及机电产品的制造安装和销售、技术的进口业务各类业务，感谢您的关注。,-0.8858440267461817
NONAI01827_600894_20230227,600894,广日股份,2023-02-27,2.0080321285140563,5,249,你好，2023年2月20日，经过两次改革，广日股份每股净资产10。06元，股价6。97元，康力电梯3。95元，股价7。71元，快意电梯每股净资3。49元，股价7。72元，梅轮电梯每股净资3。68元，股价7。61元。。。。能不能认真给投资者一个不忽悠人的解释！！！,感谢您的关注！二级市场股价波动受宏观政策、市场环境、投资偏好等多种因素影响，请投资者注意投资风险。公司始终重视维护股东利益，一方面，公司围绕“十四五”战略规划，贯彻落实“创新驱动+资本驱动”的双轮驱动发展模式，积极通过内生式增长和外延式发展夯实壮大主营电梯业务，并持续向（新能源）汽车零部件、工业机器人及互联网、生产性服务业、智能车库、智慧照明等相关多元化领域进军，加快打造公司新的利润增长点，努力用良好的业绩及稳定的分红为股东带来效益回报；另一方面，公司将继续优化投资者关系管理工作，着力维护公司与投资者之间的良性互动关系，积极向市场传递公司价值。谢谢！,-0.5496986237152054
NONAI01828_600895_20230216,600895,张江高科,2023-02-16,6.25,4,64,您好！请问23年有融资计划嘛,尊敬的投资者您好，公司正积极研究市场融资政策，并结合自身发展需求研究融资方案，公司2023年融资计划请关注公司股东大会资料。感谢您对公司的关注！,0.16040854018773187
NONAI01829_600897_20230131,600897,厦门空港,2023-01-31,10.714285714285714,3,28,董秘，您好!贵公司涉及商务信息咨询、旅客票务代理、航空运输辅助活动、装卸搬运、国内货运代理等各类业务，请问公司现在是采取何种方式签署各业务合同呢，有采取电子合同签署方式吗，比如契约锁电子合同？,您好，目前公司主要以纸质方式签署合同。感谢您对公司的关注！谢谢！,0.9077318022833843
NONAI01830_600905_20230214,600905,三峡能源,2023-02-14,7.5,6,80,董秘您好，请问公司的风电设备和光伏设备分别按多少年折旧？谢谢！,尊敬的投资者，您好！我司陆风和光伏电站的设计寿命通常为20年、25年，按照企业会计准则规定，对所有固定资产计提折旧，其中，房屋及建筑物类折旧年限为8-50年，机器设备类折旧年限为5-32年。,0.36965905357451456
NONAI01831_600906_20230519,600906,财达证券,2023-05-19,3.5294117647058822,6,170,公司自从上市后股价一直处于下跌状态，二级市场投资者系数被套，而公司还不断抽血推出定增方案，巨额融资，而且融资目的还只是增加基本业务板块而无法创新业务模式，公司管理层真心很差毫无活力，公司能不能多学习优秀券商公司经营模式，立足雄安应该创新经营啊，不然没有出路的？,尊敬的投资者您好，二级市场股价的波动会受到很多因素的影响，比如大盘走势、资金偏好等。公司经营层带领全体员工专注主业，以“活机制、强团队、提质量、增效益”为抓手，扎实推进公司各项改革任务向纵深发展。通过向特定对象发行A股股票方式募集资金，有助于增强公司资本实力，从而进一步提升公司综合竞争能力，聚焦主责主业，持续稳健经营，符合证券公司在资本市场的功能定位。感谢您对公司的关注，谢谢！,-0.29501904777173643
NONAI01832_600909_20230111,600909,华安证券,2023-01-11,1.4619883040935673,5,342,请问公司深入践行“十要素”开启高质量发展新征程具体体现在哪？,投资者您好，作为国有控股上市券商，华安证券始终聚焦行业高质量发展主题主线，践行行业文化建设“十要素”各项要求，全面推动行业文化建设在公司落地见效。公司坚守服务实体经济和服务人民生活初心和使命，专注主责主业，将“诚信、稳健、专业、和谐”的经营理念和“敬业、担当、协同、进取”的价值观念贯穿于发展全过程，公司在行为层方面，落实合规风控和廉洁自律要求，建立长效激励约束机制，涵养专业诚信的行为规范；在组织层方面，聚焦融合发展，强化文化认同，多管齐下激发组织活力；在观念层方面，秉承守正创新理念，崇尚专业精神，全面推动可持续发展。华安证券将坚持以行业文化“十要素”为指引，在党的二十大精神的引领下，坚守金融报国初心，更加主动融入资本市场发展大局和经济社会发展全局，坚定不移走专业化发展道路，尽责服务国家战略、服务实体经济发展、服务居民财富管理，为资本市场高质量发展持续贡献力量。,-0.6411065841885412
NONAI01833_600916_20230106,600916,中国黄金,2023-01-06,0.0,0,74,董秘，您好!贵公司涉及对外派遣国外工程项目所需的劳务人员、工程招标、黄金生产的副产品及其品的销售、仓储、技术咨询、承包国外工程项目等各类业务，请问公司现在是采取何种方式签署各业务合同呢，有采取电子合同签署方式吗，比如契约锁电子合同？,尊敬的投资者： 您好！本公司未涉及对外派遣国外工程项目所需的劳务人员、工程招标、黄金生产的副产品及其品的销售、仓储、技术咨询、承包国外工程项目等各类业务。感谢您的关注！,-0.8858440267461817
NONAI01834_600918_20230206,600918,中泰证券,2023-02-06,11.25,9,80,贵司是否2020年3.81元/股的信达证券原始股？收到信达2021或2022年分红是多少？十二个月解禁后希望贵司继续持有今年增长的优秀生信达，因为大股东信达实力也跟贵司一样雄厚,尊敬的投资者您好。非常感谢您对公司的建议。公司全资子公司中泰创业投资（上海）有限公司2020年入股信达证券，持有信达证券1.4亿股。2021年信达证券未进行利润分配。感谢您对公司的关注。谢谢！,0.9974105937348627
NONAI01835_600919_20230119,600919,江苏银行,2023-01-19,0.6134969325153374,1,163,你好，最近债券投资市场波动很大，收益下降，我关注到贵行债券投资收益占营收一定的比例，请问近期债券投资收益的波动是否会给贵行四季度收益带来很大的变化？是否会对明年贵行的收益带来较大的负面影响？,您好，我行持续加强投研一体化体系建设，不断提升应对市场波动的专业能力，最大限度降低市场大幅波动影响。一方面，把握市场机遇做好长期资产配置、捕捉中短期交易机会，持续提高金融市场板块效益贡献。另一方面，抢抓波段操作，及时建仓和止盈，提升债券整体投资收益水平。总体看，债券投资收益的波动对我行去年四季度和今年的收益影响有限，我行经营效益保持稳健增长。感谢您的关注！,-0.7831443882741411
NONAI01836_600925_20230403,600925,苏能股份,2023-04-03,3.225806451612903,2,62,请问贵公司地处徐州，与在徐高校例如中国矿业大学，江苏师范大学等高校是否有合作关系？谢谢,尊敬的投资者您好，公司研发策略以自主研发、自主创新为主，平台与高等院校、科研院所开展产学研合作为辅，合作院校不限于徐州本地。感谢您的关心。,-0.34584270187706506
NONAI01837_600926_20230314,600926,杭州银行,2023-03-14,2.2988505747126435,2,87,美国硅谷银行出现流动性危机被政府接管，贵行与硅谷银行是否有业务往来，是否会受影响？,尊敬的投资者，您好！我行注意到美国硅谷银行因流动性危机被美国联邦存款保险公司（FDIC）接管，初步排查，我行未发现与硅谷银行有资金、外汇、债券投资等业务往来，不存在交易清算及相应资产风险。感谢您的关注。,-0.5010154963796848
NONAI01838_600927_20230303,600927,永安期货,2023-03-03,1.875,9,480,公司自从上市以来业绩变脸，股价破发，多年辛苦经营造就的行业地位也岌岌可危。公司把这些归咎于新冠疫情影响以及俄乌战争引发国际形势动荡，且不断强调二级市场的股价受多种因素的影响。公司市值缩水近6成，反观同行业江苏国资的弘业期货，市值暴增近10倍。难道浙江国资这么不堪吗？请问公司管理层和实控人是否想过如何主动改善这些情况？具体如何实施？另外公司在自营业务规模上也大幅缩水，后期是否考虑扩大自营业务规模?,尊敬的投资者，您好！上市公司的股价表现、市值主要受国内外经济形势、政策环境、行业发展以及市场总体行情等多方面影响。2022年，受到新冠疫情影响以及俄乌战争引发国际形势动荡，证券市场出现较大波动，公司经营状况及业绩表现相应受此影响产生波动。针对目前市场波动对公司经营产生的诸多影响，公司将继续围绕大类资产和大宗商品产业链业务领域，为投资者提供资产配置、风险管理、投融资服务的综合性金融服务，同时不断拓展新的品种业务，深耕产业，在利用金融工具助力我国实体经济发展的同时也进一步增加业务与产品的多元性，实现经济价值与社会价值的统一。 公司将更加严格谨慎地开展自有资金投资业务，优化自有资金投资结构，以减少市场波动对公司整体业绩的影响。与此同时，伴随资本市场的稳健发展，公司将进一步通过资源、客源、人才优势等方面的相互赋能，不断增强公司市场竞争力，为广大投资者创造更多价值。未来，公司将在传统业务的基础上，充分利用资本市场的力量，进一步提升公司经营管理水平和市值规模，把推动公司长期发展和为投资者创造真实价值作为市值管理的出发点，不断提升内在价值，持续做大做强，在提升自身抵御风险能力和盈利水平的同时进一步稳固自身行业地位。再次感谢您对公司的关注，谢谢！,-0.5719682566660076
NONAI01839_600928_20230314,600928,西安银行,2023-03-14,15.584415584415584,12,77,请问贵公司是否开展了住房贷款业务，现存已发放房贷金额数目大概多少？,尊敬的投资者您好，截至2022年6月末，本公司个人住房贷款余额250.79亿元，占本公司贷款和垫款总额的13.40%。截止2022年末的相关数据请您关注我行即将披露的2022年年度报告。感谢您的关注。,1.722993542751369
NONAI01840_600933_20230505,600933,爱柯迪,2023-05-05,2.3255813953488373,1,43,您好，请问贵公司压铸过程中脱模剂的用量大概是多少？,尊敬的投资者，您好！基于工艺技术保密的原因，无法就您的问题进行解答，敬请谅解。感谢您对公司的关注！,-0.49654074602658593
NONAI01841_600935_20230103,600935,华塑股份,2023-01-03,13.513513513513514,5,37,请问，截至2022年12月30日，公司的股东数是多少？谢谢,尊敬的投资者，您好。截止2022年12月30日，公司的股东数为68052。感谢您对华塑股份的关注，谢谢。,1.3763236855433614
NONAI01842_600936_20230707,600936,广西广电,2023-07-07,20.833333333333332,5,24,董秘，您好，请问截止2023年1月20日收盘，咱们的股东户数是多少，谢谢。,"感谢关注!截至2023年3月31日,公司普通股股东总数为45858户。",2.6016645297001966
NONAI01843_600938_20230103,600938,中国海油,2023-01-03,0.0,0,54,请问公司是否有天然气销往欧美？如有，营收占比是多少？当前外围环境复杂，公司预计未来扣非净利是否还有提升空间，有什么客观数据支撑？,您好，公司对中国境外的收入不按国别披露营收情况。未来，公司将坚持既定战略，秉持高质量发展理念，不断提升价值创造能力。谢谢！,-0.8858440267461817
NONAI01844_600941_20230118,600941,中国移动,2023-01-18,2.9220779220779223,18,616,董秘您好，請問如果通過港股通購買中國移動（hk0941），分紅時總共需扣除20%稅金還是總共28%稅金呢？,尊敬的投资者您好，感谢您对公司的关注。根据《中华人民共和国企业所得税法》《中华人民共和国企业所得税法实施条例》及《关于境外注册中资控股企业依据实际管理机构标准认定为居民企业有关问题的通知》，本公司向非居民企业香港股份持有人派发股息时，需代扣代缴百分之十的企业所得税，并以本公司为扣缴义务人。对于在股权登记日名列本公司股东名册的所有以非个人名义登记的香港股份持有人（包括香港中央结算（代理人）有限公司，其他企业代理人或受托人如证券公司、银行等，或其他组织及团体），本公司在扣除百分之十的企业所得税后派发股息；对于在股权登记日名列本公司股东名册的所有自然人香港股份持有人，本公司不就股息代扣代缴个人所得税。经上海证券交易所或深圳证券交易所投资香港股份之投资者（沪港通或深港通投资者），无论是自然人还是企业，均属于透过香港结算持有香港股份的投资者，按照上述规定，本公司将代扣代缴百分之十的企业所得税后向香港结算支付股息款项。相关情况请详见公司于香港联合交易所有限公司网站（www.hkexnews.hk）披露的股息所得税事项相关公告。关于内地投资者通过港股通投资香港联合交易所有限公司上市股票的税务问题请详见《关于沪港股票市场交易互联互通机制试点有关税收政策的通知》（财税〔2014〕81号）、《关于深港股票市场交易互联互通机制试点有关税收政策的通知》（财税〔2016〕127号）等相关税收政策文件。关于中国证券登记结算有限责任公司（中国结算）对港股通红利派发中汇率等相关事宜的处理，请以中国结算相关业务规则为准。公司长期以来高度重视股东利益，严格按照相关税收法律法规办理股息涉税事宜。,-0.3966869824653909
NONAI01845_600956_20230106,600956,新天绿能,2023-01-06,2.3529411764705883,2,85,公司是一个好公司，但是，公司港股，A股跌得这么多，是不是考虑回购一些股票维护一下公司形象，哪怕回购1个亿也行啊，至少代表了公司的态度啊！这完全放任不管，丢给市场不是一个明智的做法,您好，如有相关回购计划，公司将会及时对外披露公告。未来公司仍将持续发展主营业务板块，并致力于做好各项经营管理工作，通过努力提升业绩为股东创造更多价值回报。感谢您对公司的关注和宝贵建议！,-0.4919607074298848
NONAI01846_600958_20230113,600958,东方证券,2023-01-13,2.1739130434782608,1,46,董秘，您好!贵公司涉及证券业务、证券投资咨询等各类业务，请问公司现在是采取何种方式签署各业务合同呢，有采取电子合同签署方式吗，比如契约锁电子合同？,尊敬的投资者，您好。公司根据业务场景和需求，在符合监管、内控和效率的前提下，采取合适的合同签署方式。谢谢！,-0.5219300904213422
NONAI01847_600959_20250206,600959,江苏有线,2025-02-06,6.896551724137931,2,29,董秘你好，江苏有线有考虑更改名称吗？现在业务比较广泛，为了公司长期发展有考虑更换一个更合适的名称吗？,您好！如有相关变化公司会及时履行信息披露义务，还请关注公司公告。,0.26864156435330905
NONAI01848_600960_20230222,600960,渤海汽车,2023-02-22,0.0,0,28,董秘您好，请问贵公司掌握毫米波雷达的技术吗？感谢回答,尊敬的投资者您好，公司业务范围未涉及毫米波雷达，感谢您的关注。,-0.8858440267461817
NONAI01849_600962_20230202,600962,国投中鲁,2023-02-02,5.1020408163265305,5,98,中鲁董秘，新年好！我是公司的小散股东，我想请教几个问题，第一个，贵司新开发的含气果汁沽嘟时光在春节的销售情况如况，未来发展己经做好规划了吗？是否考虑网络直播销售方式？其二，过去的一年贵公司能扭亏为盈，更多可能得益于人民币贬值，但未来很长一段时间人民币可能会继续升值，是否会影响贵公司营利？第三，贵公司产品长期过于单一，为什么不多元化更多参与国内市场呢，比如说收购或并购一些食品饮料或牛奶类的企业？,公司“十四五”发展规划中提出公司在“十四五”期间将围绕主业，积极探索新业务模式。由于公司现有产品以出口为主，公司将持续跟踪汇率变动，通过开展远期结售汇、优化市场结构及销售策略等举措积极应对汇率波动。感谢您对公司的关注。,-0.03176029863686452
NONAI01850_600963_20230103,600963,岳阳林纸,2023-01-03,3.4482758620689653,1,29,董秘，您好!贵公司涉及环保设备销售、环保技术研发咨询服务、营养土生产及销售、化工产品的生产等各类业务，请问公司现在是采取何种方式签署各业务合同呢，有采取电子合同签署方式吗，比如契约锁电子合同？,感谢您对岳阳林纸的关注。公司目前使用纸质方式签署业务合同。谢谢。,-0.30860123119643634
NONAI01851_600965_20230116,600965,福成股份,2023-01-16,1.7543859649122806,1,57,公司大股东开始着手解决持股比例过高的问题，对公司来说是个好的信号。请问第二大股东何时可以交割完毕？未来是否会派驻高管到公司？,目前尚未完成已披露权益变动公告的股份转让交割。根据股权转让协议，受让方将可以向公司董事会提名一名非独立董事。感谢您的关注！,-0.592159095677013
NONAI01852_600970_20230616,600970,中材国际,2023-06-16,11.11111111111111,8,72,一带一路高峰论坛将在下半年举行，公司在一带一路沿线国家项目挖掘和进展如何，方便的话可否披露一带一路沿线项目占营收的比例以及中标情况。,公司积极响应国家“走出去”发展战略及“一带一路”倡议，不断拓展“一带一路”沿线国家市场。2022年公司境外主营业收入占比约43%，境外业务主要在非洲、中东、东南亚、中亚等地区开展。,0.9741605366918868
NONAI01853_600971_20230103,600971,恒源煤电,2023-01-03,29.41176470588235,5,17,请问，截至2022年12月30日，公司的股东数是多少？谢谢,截至2022年12月30日，公司的股东数是43557人,3.5991992847994347
NONAI01854_600975_20230105,600975,新五丰,2023-01-05,3.875968992248062,5,129,公司有黑猪产能规划吗,尊敬的投资者，您好！感谢您对公司的关注！公司生猪养殖以杜长大品种为主，有少量的藏香猪饲养。2021年，为积极探索发展特色养殖产业链，以实际行动产业护疆、产业固边，公司参股并负责运营西藏隆子县玉麦湘科技发展有限公司，在西藏山南市隆子县饲养藏香猪。目前玉麦湘项目已投产，年可出栏藏香猪10000头。谢谢！,-0.2370052255468555
NONAI01855_600977_20230119,600977,中国电影,2023-01-19,0.0,0,34,董秘，您好!贵公司涉及电影摄制、电影发行、电视剧制作、影视器材生产销售租赁、影视设备、车辆的租赁、影视技术服务、电影新媒体的开发等各类业务，请问公司现在是采取何种方式签署各业务合同呢，有采取电子合同签署方式吗，比如契约锁电子合同？,您好。公司采用数字化与传统模式相结合的管理体系，根据具体业务特性予以适用。,-0.8858440267461817
NONAI01856_600981_20230103,600981,汇鸿集团,2023-01-03,4.477611940298507,3,67,董秘，你好。请问这次沪港通再次扩大标的股，要求流通市值达到50亿。请问汇鸿可以入围沪股通吗？谢谢。,尊敬的投资者您好！根据《上海证券交易所沪港通业务实施办法（2022年修订）》规定，公司不在范围内，具体请以香港交易所公布的沪股通名单为准。谢谢您的关注与支持！,-0.13628994894278101
NONAI01857_600982_20230109,600982,宁波能源,2023-01-09,5.0,1,20,您好，请问贵公司是否建立财务共享中心，如建立，请问具体是在哪一年？如果按照1-5分对财务共享相关的组织人员、业务流程、运营管理以及信息系统的运行水平进行评分（1代表水平较差，5代表水平极高）您对这四项分别打多少分？如果按照初建期，提升期，稳定期，成熟期，卓越期和衰退期来描述财务共享实施的阶段，您认为是在哪一阶段？如果没有建立，请问贵公司是否有使用大数据等信息技术进行财务集中核算处理？期待您的回答，感谢,公司目前尚未建立财务共享中心，感谢您的关注。,-0.04884197319905085
NONAI01858_600983_20230111,600983,惠而浦,2023-01-11,2.272727272727273,1,44,请问公司2022年业绩预告什么时候有？大股东增持还有动作吗？上市公司名称变更为格兰仕还有机会吗？谢谢。,投资者您好。公司严格按照中国证监会和上海证券交易所相关规定履行信息披露义务，敬请关注公司公告。,-0.5053885478611222
NONAI01859_600984_20230130,600984,建设机械,2023-01-30,4.166666666666667,1,24,董秘，您好!贵公司涉及机械设备的研发生产及销售、工程机械设备的租赁、机械设备零配件和原辅材料的进出口等各类业务，请问公司现在是采取何种方式签署各业务合同呢，有采取电子合同签署方式吗，比如契约锁电子合同？,您好，公司的合同目前主要以签署线下纸质合同为主，谢谢。,-0.18834231545690594
NONAI01860_600985_20230201,600985,淮北矿业,2023-02-01,16.129032258064516,5,31,请问，截至2022年12月30日，公司的股东数是多少？谢谢,"尊敬的投资者，您好! 截止2022年12月30日,公司股东户数为34529户。感谢您的关注！",1.8141625975994016
NONAI01861_600986_20230320,600986,浙文互联,2023-03-20,7.7272727272727275,17,220,从今日召开的2023浙江数字教育大会上获悉，人工智能将成为中小学基础性课程和必修课程，中小学科学、数学等学科，都将大篇幅融入人工智能教学内容。作为浙江本地上市公司，请问公司是否有人工智能领域的课程设计，未来是否会积极争取这一块的蛋糕？,"根据公司3月4日披露的《浙文互联集团股份有限公司2021年度向特定对象发行股票方案论证分析报告 （修订稿）》，公司拟募集资金80,000.00万元，用于AI智能营销系统项目、直播及短视频智慧营销生态平台项目、偿还银行借款及补充流动资金项目。其中，AI智能营销项目，通过虚拟数字人领域技术研发，公司将对虚拟人开发路径的“生 人”、“养人”和“育人”阶段进行进一步探索，重点推动虚拟数字人实时交互技术的突破与落地，直击现有多元化业务开展痛点，为公司AI技术营销相关业务的商业化变现及业态建设提供坚实的技术支撑。感谢关注！",0.40770460146302057
NONAI01862_600987_20230110,600987,航民股份,2023-01-10,5.128205128205129,6,117,贵公司的下属公司杭州澳美印染有限公司于2022年11月出现68次污染物(包括非甲烷总烃)排放超标。该超标在微博中也有相关的关注，具体参见：环保我知道。请您关注留意，及时核查改正，并反馈超标原因，希望公司要重视和控制排污问题，感谢。,您好！经核查，实际情况并不是网上反映的排放超标。乃是2022年11月澳美印染车间高压静电除尘装置开关跳闸，造成静电装置不工作2分钟左右，导致定型机烟气排放量增多，澳美公司当时立即停产并抢修恢复正常，目前公司也已做了预防措施。公司已将情况向当地环保部门汇报备案。,-0.027380382082457674
NONAI01863_600989_20230106,600989,宝丰能源,2023-01-06,2.898550724637681,2,69,您好，请问董秘，现在所用来制氢的的电解水槽都是哪家生产的？内蒙项目所采用的电解水槽是由谁来供货？谢谢,尊敬的投资者您好！关于供货商是属于公司与客户之间的商业秘密，不便于公开披露。公司所合作的电解槽供应商均为技术最先进、规模最大的国内头部企业。感谢关注。,-0.400625444979729
NONAI01864_600990_20230201,600990,四创电子,2023-02-01,4.761904761904762,1,21,董秘，您好!贵公司涉及卫星电视广播地面接收设备设计生产安装和销售、境外建筑智能化系统集成工程的勘测咨询、软件开发销售、电子元器件制造销售等各类业务，请问公司现在是采取何种方式签署各业务合同呢，有采取电子合同签署方式吗，比如契约锁电子合同？,您好！公司目前主要以常规纸质方式签署合同。谢谢。,-0.08869921384415232
NONAI01865_600993_20230202,600993,马应龙,2023-02-02,5.0,2,40,董秘，您好!贵公司涉及第一类医疗器械生产销售、货物进出口、技术进出口、医用包装材料制造等各类业务，请问公司现在是否采取数字化办公管理方式呢，比如泛微数字化管理系统？,感谢您的关注。公司持续加强信息化建设，着力提升工作效能，您提及的泛微系统公司已部署使用。,-0.04884197319905085
NONAI01866_600995_20230105,600995,南网储能,2023-01-05,1.6597510373443984,4,241,尊敬的董秘：您好，从贵司公众号上看到，12月27日，南网储能广东佛山南海电网侧独立电池储能项目正式启动，建设规模达到300MW/600MWh，请问这个项目有什么特别之处，建成之后将起到什么成效，能否作个介绍，谢谢！,尊敬的投资者，您好！佛山南海电网侧独立电池储能项目是广东省能源局批准的示范项目，位于广东省佛山市南海区狮山镇新境村，是建设规模为300MW/600MWh的大型电池储能电站。该项目在城市负荷中心建设，采用双站点接入系统，可同时为珠三角核心负荷地带两个110kV供电片区提供服务。项目采用多技术路线，拟基于磷酸铁锂电池，在同一电站同一调度方式下，对不同电池、不同冷却方式、不同变流器拓扑的运行性能进行对比验证。项目建成后将在电网侧起着调峰填谷、调频调相、助力新能源消纳等作用，并将探索运营机制、投资回报机制以及对比储能技术路线，发挥示范作用。感谢您的关注！,-0.6080010214193332
NONAI01867_600996_20230104,600996,贵广网络,2023-01-04,13.333333333333334,6,45,董秘您好！请问贵公司2022年12月26日-12月30日五个交易日，股东总人数分别是多少？,"尊敬的投资者您好，公司在定期报告中披露股东人数，2022年9月30日普通股股东总数为62,309户。感谢您的关注！",1.3461614493795009
NONAI01868_600998_20230106,600998,九州通,2023-01-06,7.762557077625571,17,219,这两天国家发文推进中药在新冠救治中的作用，公司的九信中药是否在从事有关工作？有什么进展吗？,投资者您好！公司旗下九信中药一直积极发挥中医药力量，广泛参与并支持疫情防控工作，从2022年12月初至2023年1月4日，分布在全国的9家煎药中心已累计供应超过213万袋中药方剂与汤剂。九信中药还与11省33个县级公立医院合作，开设“智慧中药房”，通过互联网提供中药代煎与配送服务，据公开报道显示，九信中药与安徽庐江县中医院开设的智慧中药房在12月中旬日均熬制4000~5000副，全力发挥中医药防治作用。此前，在武汉、上海等地的疫情防控中，九信中药积极保供，供应超过数千万袋中药汤剂。感谢您的提问，请注意投资风险。,0.41361121620370184
NONAI01869_600999_20230104,600999,招商证券,2023-01-04,7.766990291262136,8,103,2022年公司内忧外患，管理层目前稳定下来没有，ipo恢复没有，自八月份后就没有成功的ipo？是否招商证券已经日薄西山，管理混乱，跟不上时代？,尊敬的投资者，感谢您对公司的关注！公司目前经营正常，2022年四季度完成A股IPO 项目2单。证券行业正在规范与创新中快速稳健发展，公司不断向“以客户为中心的现代投资银行”转型变革，在实现自身高质量发展的同时，为经济社会发展贡献“招证力量”。,0.41435333798722546
NONAI01870_601003_20230110,601003,柳钢股份,2023-01-10,0.0,0,45,请问公司如何防止高层内部腐败和不作为？谢谢,您好！公司党委和纪委充分发挥领导干部管理及监督职能，并制定有一系列管理制度督促领导干部规范履职。,-0.8858440267461817
NONAI01871_601005_20230103,601005,重庆钢铁,2023-01-03,8.823529411764707,3,34,马钢股份2022.12.30在上交所互动平台答复，2023年马钢股份计划和中国矿产资源集团有业务合作，请问公司是否与中国矿产资源集团有业务合作？,尊敬的投资者，您好！公司暂未与中国矿产资源集团开展合作。感谢您对公司的关心！,0.5912184206899317
NONAI01872_601007_20230301,601007,金陵饭店,2023-03-01,4.3478260869565215,2,46,董秘，您好!贵公司涉及住宿、食品零售、房地产开发销售、商业地产销售、物业管理、计算机网络工程及软件的开发等各类业务，请问公司现在是采取何种方式签署各业务合同呢，有采取电子合同签署方式吗，比如契约锁电子合同？,尊敬的投资者您好！公司目前合同签署方式为纸质合同，暂未使用契约锁等电子合同方式。感谢您对公司的关注！,-0.15801615409650274
NONAI01873_601018_20230210,601018,宁波港,2023-02-10,8.695652173913043,2,23,董秘，您好!贵公司涉及码头开发经营、自有房屋租赁、招标及代理、工程造价咨询等各类业务，请问公司现在是采取何种方式签署各业务合同呢，有采取电子合同签署方式吗，比如契约锁电子合同？,您好！公司按照常规方式签署合同。感谢您对公司的关注。,0.5698117185531762
NONAI01874_601019_20230105,601019,山东出版,2023-01-05,0.0,0,50,您好，已将股东相关信息发送至邮箱，烦请核实后告知股东人数信息。谢谢~,尊敬的投资者： 您好！我们已对您提供的信息进行了核对，并将您所需要的信息通过电子邮件回复，请您查收。感谢您的关注！,-0.8858440267461817
NONAI01875_601021_20230120,601021,春秋航空,2023-01-20,3.3333333333333335,1,30,您好，请问贵公司是否建立财务共享中心，如建立，请问具体是在哪一年？如果按照1-5分对财务共享相关的组织人员、业务流程、运营管理以及信息系统的运行水平进行评分（1代表水平较差，5代表水平极高）您对这四项分别打多少分？如果按照初建期，提升期，稳定期，成熟期，卓越期和衰退期来描述财务共享实施的阶段，您认为是在哪一阶段？如果没有建立，请问贵公司是否有使用大数据等信息技术进行财务集中核算处理？期待您的回答，感谢,您好！公司已建立财务共享中心，未来将持续优化完善，谢谢！祝您新春快乐！,-0.3278426577147611
NONAI01876_601022_20230105,601022,宁波远洋,2023-01-05,2.0833333333333335,1,48,公司做什么的,您好，公司主营业务为国际、沿海和长江航线的航运业务、船舶代理业务及干散货货运代理业务，感谢您对公司的关注。,-0.5370931711015439
NONAI01877_601058_20230113,601058,赛轮轮胎,2023-01-13,7.142857142857143,2,28,请问，截至2022年12月30日，公司的股东数是多少？谢谢,尊敬的投资者您好，详情请参阅公司相关公告。感谢您对公司的关注。,0.30987319260686247
NONAI01878_601059_20230406,601059,信达证券,2023-04-06,0.0,0,49,请问贵公司不回答投资者的问题吗？,公司通过电话、邮件、e互动等多种方式与投资者保持互动，认真对待投资者的提问，相关问题需进行核实确认。感谢关注！,-0.8858440267461817
NONAI01879_601066_20230117,601066,中信建投,2023-01-17,2.1739130434782608,1,46,请问贵公司和中信证券合并的事进度如何,您好。本公司不存在应披露而未披露的重大信息。有关本公司的重大信息请以本公司的公告为准。感谢您的关注。,-0.5219300904213422
NONAI01880_601077_20230302,601077,渝农商行,2023-03-02,1.8867924528301887,1,53,董秘，您好!贵公司涉及吸收公众存款、中期和长期贷款、代理收付款项业务、办理票据承兑与贴现等各类业务，请问公司现在是采取何种方式签署各业务合同呢，有采取电子合同签署方式吗，比如契约锁电子合同？,尊敬的投资者，您好！本行签署的业务合同包括纸质合同和电子合同，其中电子合同是通过CFCA进行电子认证。感谢您对本行的关注！,-0.5699941952189626
NONAI01881_601088_20230209,601088,中国神华,2023-02-09,3.1746031746031744,4,126,煤炭现在业绩和现金流都非常好，国家又鼓励低市盈率国有企业进行市值管理，公司有没有考虑过回购流通股然后注销？,尊敬的投资者，您好！公司已于2020年开展H股股票回购工作，当年回购金额位列H股市场前10名。近几年，公司均于年度股东周年大会上审议通过了《关于授予董事会回购H股股份的一般性授权的议案》。公司管理层将结合市场情况，用好回购措施，争取最大程度保护全体股东的利益。感谢您的关注和建议！谢谢！,-0.35441415147816213
NONAI01882_601089_20230113,601089,福元医药,2023-01-13,2.7777777777777777,2,72,万星宁盐酸莫西沙星是不是公司的产品，最近万星宁在各大平台卖断货，价格也是成倍上涨，公司是否有扩产计划以满足市场需求，为抗疫做贡献？,尊敬的投资者：您好！目前公司生产经营一切正常。未来若有扩大产能的计划，公司会按有关规定及时通过上海证券交易所指定信息披露网站进行披露。感感谢您对公司的关注！,-0.4208428858866646
NONAI01883_601098_20230103,601098,中南传媒,2023-01-03,4.819277108433735,4,83,董秘好！贵公司账面现金上百亿，上市十几年股价还是破发状态，能不能向茅台学习一下，派发一次特别股息？,您好！中南传媒非常注重对投资者的回报，自2010年上市以来，公司已经累计分红12次，发放现金股息84.95亿元。我们也一直扎根主业，稳健经营，提升资金运营效率，力争为股东创造更大的价值。谢谢您的关注！,-0.07909505947183863
NONAI01884_601108_20230203,601108,财通证券,2023-02-03,6.8807339449541285,15,218,您好，贵公司有22年业绩预告吗？谢谢！,尊敬的投资者，您好！根据《上海证券交易所股票上市规则》相关规定，如上市公司预计年度经营业绩和财务状况将出现下列情形之一的，应当在会计年度结束后1个月内进行预告：1.净利润为负值;2.净利润实现扭亏为盈;3.实现盈利，且净利润与上年同期相比上升或者下降50%以上;4.扣除非经常性损益前后的净利润孰低者为负值，且扣除与主营业务无关的业务收入和不具备商业实质的收入后的营业收入低于1亿元;5.期末净资产为负值;6.交易所认定的其他情形。公司预计不存在上述情形，未披露2022年度业绩预告。谢谢关注！,0.26599366162142957
NONAI01885_601117_20230301,601117,中国化学,2023-03-01,3.125,4,128,董秘你好，最近贵司成立的中化学国际工程公司是否为沙特氢能项目准备？,尊敬的投资者，感谢您对公司的关注。公司成立中化学国际工程公司，将发挥牵头抓总、统筹管控、归口管理的关键作用，履行海外经营“统筹、监管、考核、协调、服务”职能，是为加快国际化发展步伐，推动海外业务高质量发展而做出的顶层设计和重大决策，中国化学旗下三公司承接了沙特氢能项目的部分施工建设工作。,-0.3627177432792249
NONAI01886_601121_20230316,601121,宝地矿业,2023-03-16,1.3513513513513513,1,74,宝地矿业做煤炭生意是否会给公司发展带来阻碍，与发展绿色背道而驰？,首先感谢您对我司的关注！我司始终贯彻绿色可持续发展战略，其中涉及煤炭贸易业务占主营业务比例极小，不影响公司经营发展，再次感谢您对我司关注，股市有风险，投资需谨慎。,-0.6596272555172275
NONAI01887_601126_20230105,601126,四方股份,2023-01-05,7.534246575342466,11,146,截至三季度末，贵司账上资金17.7亿元，远超合理安全的营运资金需要。如果贵司不能合理利用闲置资金，建议贵司进一步提高分红比例。贵司尚有未分配利润有14亿元，足以支撑高比例分红。请贵司认真考虑股东们的强烈呼声和建议，要么采取实际行动提高资金利用效率，要么高比例分红！,尊敬的投资者，您好，公司贯彻稳健经营理念，对经营资金进行合理管理来保持经营现金流合理充裕。同时，公司十分注重股东回报，上市12年连续分红，累计分红约24亿元 ，分红融资比130%，中国上市公司协会发布A股上市公司现金分红榜单，公司荣登“上市公司真诚回报榜单”第16名，为电力设备与新能源领域名列前茅的上榜企业。感谢您对公司的关注与支持！,0.37539194435223466
NONAI01888_601127_20230104,601127,赛力斯,2023-01-04,0.0,0,83,请问公司是否有公关部门？ 平时都做了什么工作？ 建议公司多跟小米公司学一学公关 及时回复市场关切。,尊敬的投资者，您好！公司通过调研、上证E互动、电话、邮件等方式与投资者保持交流，回复市场关切。公共关系部等相关部门也将进一步加强与大家的交流，让更多人认识赛力斯、了解赛力斯。感谢您的关注！,-0.8858440267461817
NONAI01889_601128_20230306,601128,常熟银行,2023-03-06,0.0,0,69,董秘，您好！常熟农商银行在全国共有营业网点154家，请问公司对各分部印章是如何管理的呢，有采取数字化管理吗，比如契约锁电子合同？,尊敬的投资者您好，我行自主研发印章管理系统，对印章使用实施全周期管理，各分支机构行政印章通过印章管理系统进行统一管理、分级授权、审批使用，感谢您的关注。,-0.8858440267461817
NONAI01890_601136_20230109,601136,首创证券,2023-01-09,1.8987341772151898,3,158,董秘您好，贵司旗下分别有哪些奥特莱斯项目？是否开业？疫情防控放开对贵司旗下的奥特莱斯项目有什么影响？,尊敬的投资者，感谢您对首创证券的关注。公司主营业务为证券经纪；证券投资咨询；与证券交易、证券投资活动有关的财务顾问；证券承销与保荐；证券自营；证券投资基金销售；证券资产管理；融资融券；代销金融产品；为期货公司提供中间介绍业务等，同时，公司通过全资子公司从事期货业务、私募股权投资业务和另类投资业务等。有关公司信息请以公司在法定媒体披露的信息为准，谢谢。,-0.5679951456523346
NONAI01891_601137_20230103,601137,博威合金,2023-01-03,27.77777777777778,5,18,请问，截至2022年12月30日，公司的股东数是多少？谢谢,您好，截至2022年12月30日，公司的股东数为33767。,3.5991992847994347
NONAI01892_601138_20230109,601138,工业富联,2023-01-09,22.727272727272727,10,44,请问公司是否回购已经完成？,投资者您好，公司回购计划已实施完毕， 请查阅公司2022年9月23日，2022年12月23日发布的公告，感谢您的关注。,2.918710762104413
NONAI01893_601139_20230110,601139,深圳燃气,2023-01-10,1.4492753623188406,1,69,董秘您好，贵公司4月已经公告启动江苏斯威克申请上市准备工作，到现在已历时8个月整，2022年都结束了，请问一下已经准备到什么阶段了？？,尊敬的投资者：您好！江苏斯威克申请上市准备工作，目前已完成聘请保荐人（主承销商）、律师事务所等中介工作，相关中介已进场开展尽职调查工作。感谢您对公司的关注！,-0.6432347358629553
NONAI01894_601162_20230105,601162,天风证券,2023-01-05,0.0,0,123,什么样的管理层就注定具备什么样的股价！公司管理层是否有反思公司股价长期低迷的真正原因？,尊敬的投资者，您好！公司股价属于二级市场行为，受宏观经济、市场资金供求、行业整体情况和投资者情绪等诸多因素的综合影响。公司管理层始终坚持稳健经营，大力提升内部管理，强化落实经营决策，争取为投资者带来更好的回报。敬请各位投资者注意投资风险，理性投资。感谢您对天风证券的关注。,-0.8858440267461817
NONAI01895_601166_20230203,601166,兴业银行,2023-02-03,0.8130081300813008,1,123,公司股价不断下跌，国际形势和金融形势不容乐观，请问公司一定但面临挤兑情况，以当前的政策法规和公司内部规定应当如何应对？能否同时保全储户利益和公司利益？,您好，我行作为国内首批系统重要性银行，在防范金融风险、服务实体经济等方面肩负着巨大的责任与义务。目前，我行资产负债业务保持健康稳定发展，流动性平稳运行，各项指标均符合监管要求。后续，我行将始终贯彻执行央行维持流动性合理充裕的政策，进一步维持流动性平稳，保障客户利益。谢谢！,-0.7497461318604693
NONAI01896_601168_20230106,601168,西部矿业,2023-01-06,11.11111111111111,3,27,请问贵公司：贵公司2022年有没有商誉减持？,尊敬的投资者您好！公司2022年没有商誉减值。感谢您对公司的关注。,0.9741605366918868
NONAI01897_601169_20230223,601169,北京银行,2023-02-23,3.468208092485549,6,173,董秘你好，我有三个问题，请逐一解答：一、北京银行股价市净率只有0.39，如果外资大量买入，算不算国有资产流失？二、公司每月每股盈利大概0.1元，股价却长期在低位徘徊，这正常吗？公司对维护市值有何考虑，有何举措？三、公司未分配利润高企，是否应该考虑加大分红比例？作答请明确回复，不要用模棱两可的“官方”语言，谢谢。,投资者您好！北京银行始终坚持以高质量党建统领各项业务高质量发展，资产规模稳健增长、业绩品牌显著提升。我行高度重视投资者关系管理工作：一方面持续深化转型，推动公司各项业务稳健发展，以业绩赢得市场认可；另一方面，通过召开业绩说明会，主动拜访机构投资者，接待投资者调研等多种方式积极向资本市场推介我行投资价值。自2017年以来，北京银行现金分红比例均保持在30%以上，持续为股东创造稳定收益。,-0.30526456763834525
NONAI01898_601186_20230116,601186,中国铁建,2023-01-16,9.722222222222221,7,72,你好，根据三季报，第三季度未延续第一、二季度的增长趋势，且单季营收、扣非净利都同比下滑，能解释是什么原因导致的吗？,您好，感谢您对公司的关注。公司前三季度营业收入同比增长8.56%，稳中有升，第三季度增速有所放缓，主要原因：一是受疫情影响，个别项目施工受到影响。二是2021年同期基数较大。,0.7416599662621282
NONAI01899_601187_20230227,601187,厦门银行,2023-02-27,4.232804232804233,8,189,公司公告与福建三盛借款合同官司，请问福建三盛的抵押物是否安全？存不存在抵押给多家金融机构的情况,尊敬的投资者，您好。截止目前，公司未发现福建三盛实业有限公司存在抵押物抵押给多家金融机构的情况。该诉讼事项涉及贷款有相应抵押物且本公司已对该笔贷款按预期信用损失计提了相应贷款损失准备，预计该诉讼事项不会对本公司的本期利润或期后利润产生重大影响。详情请查阅公司于2023年2月21日在上海证券交易所网站（www.sse.com.cn）披露的相关公告。该诉讼事项目前尚未开庭，公司将积极跟进该事项进展并及时履行信息披露义务，感谢关注。,-0.17727085972215562
NONAI01900_601188_20230228,601188,龙江交通,2023-02-28,4.137931034482759,6,145,董秘你好！贵公司具体主要产业有哪些？贵公司控股集团有哪些具体行业！,答：您好，感谢您对公司的关注！公司主营业务为哈大高速公路收费管理。在立足主业的基础上，公司不断开展多元化经营，发起设立了龙运现代出租车运营公司，目前为哈尔滨市出租车龙头企业；参股龙江银行成为其第三大股东；发起设立黑龙江信通房地产开发有限公司开发群力040地块项目涉足房地产行业；发起设立龙源公司投资兴建安达服务区等。,-0.19315267208648715
NONAI01901_601198_20230104,601198,东兴证券,2023-01-04,8.37696335078534,16,191,公司上市七年融资共136亿，公司原来董事长管理高达16亿每年的管理，工资年年给自己涨，市值越来越少 问题出在哪里?,尊敬的投资者您好！公司严格按照股东大会审议通过的《东兴证券股份有限公司董事、监事薪酬管理办法》相关规定发放董监高薪酬，并按照公司治理要求，将内部董事及高管薪酬方案提交公司董事会审议。公司2021年业绩稳中有进，实现归母净利润16.52亿元，同比增加7.31%。2022年国内资本市场波动较大，证券行业估值及公司股价均面临一定压力。未来公司管理层持续提升公司治理，加快推进业务转型升级，全力服务实体经济发展，推动公司高质量发展取得更大进展。,0.5164630786730952
NONAI01902_601199_20230630,601199,江南水务,2023-06-30,2.857142857142857,1,35,红米您好，请问公司的对外业务拓展是否是局限于江苏省？具体方向是哪里？谢谢！,您好，感谢您对公司的关注。公司对外业务拓展不限于江苏省，可向其他省外拓展。谢谢！,-0.40755713900496404
NONAI01903_601208_20230906,601208,东材科技,2023-09-06,0.0,0,115,请问贵公司有没有引进战略投资者改善公司治理结构？现阶段进展如何？,尊敬的投资者，您好！截至目前，公司暂无引进新的战略投资者的计划。未来，公司将根据战略规划、业务发展、资金需求及市场环境等因素，选择实施适当的再融资计划，为公司可持续发展提供强有力的资金支持，并严格按照法律法规的相关规定，及时履行信息披露义务，感谢您的关注！,-0.8858440267461817
NONAI01904_601211_20230104,601211,国泰君安,2023-01-04,4.918032786885246,3,61,作为小股东，能否问一下，公司每年在证监会制定的纸媒信息披露费用大概是？谢谢,尊敬的投资者您好！公司严格按照上交所《股票上市规则》规定，在上交所网站和符合中国证监会规定条件的媒体披露公司公告。感谢您对公司的关注！,-0.06256331833916773
NONAI01905_601212_20230224,601212,白银有色,2023-02-24,1.8181818181818181,2,110,请问贵司研发的核聚变超导电缆是否可以应用于人造太阳和航空航天上？,您好！感谢您对白银有色的关注。经了解，公司下属子公司白银有色长通电线电缆有限责任公司生产核聚变装置用超导电缆，该产品可以应用于人造太阳等相关项目。其他相关信息请以公司在指定的信息披露媒体和上海证券交易所网站（www.sse.com.cn）上披露的公告为准。,-0.5814796436381341
NONAI01906_601229_20230111,601229,上海银行,2023-01-11,16.95906432748538,29,171,董秘您好，最近这几天，江苏银行，南京银行等发布公告，都被当地国资增持，而且在股价高位强力增持。而上海银行跌成这样无人问津，是什么原因，是否说明前十大股东他们自己都对公司经营管理没有信心，对未来十分悲观，说不定还随时想退出。以上您怎么看。,股价走势受多重因素影响，上市以来，联和投资、上港集团、桑坦德银行、TCL科技等持股5%以上的股东，基于对公司未来发展前景的信心和长期投资价值的认同，相继增持公司股份。截至2022年9月末，联和投资持股比例由上市时的13.30%提升至14.68%，上港集团持股比例由上市时的6.48%提升至8.30%、桑坦德银行持股比例由上市时的6.48%提升至6.54%、TCL科技持股比例由上市时的3.36%提升至5.76%。目前，公司主要股东持股稳定。,1.953110306922449
NONAI01907_601231_20230109,601231,环旭电子,2023-01-09,8.16326530612245,4,49,请问公司这次客户头显设备中的Sip模组和WiFi6E模组公司已经开始正式出货了么？,您好，谢谢您对公司的关注。公司正在与客户合作开发XR相关产品的无线通信与系统级模块，2022年有少量相关收入产生。,0.48068993822872585
NONAI01908_601236_20230110,601236,红塔证券,2023-01-10,2.3728813559322033,7,295,公司在绿色金融领域，是否有发力布局？,尊敬的投资者，感谢您对红塔证券的关注！公司坚决贯彻国家提出的“创新、协调、绿色、开放、共享”的新发展理念，积极践行ESG理念，发展绿色金融，赋能实体经济。2022年8月，公司召开第七届董事会第十一次会议，审议通过了《关于董事会发展战略委员会更名及修订委员会议事规则的议案》，将公司董事会发展战略委员会更名为董事会发展战略与ESG委员会，并在议事规则中增加了委员会对于ESG发展的相关职责，充分彰显公司对于发展绿色金融的重视与关注。今后，公司将积极践行ESG理念，以公司治理为核心，加强顶层设计，积极支持环境改善、应对气候变化和资源节约高效利用等方面的实体经济活动，同时注重在环保、节能、清洁能源、绿色交通、绿色建筑等领域提供优质高效专业的金融服务。再次感谢您对公司的关注，谢谢。,-0.4886227131983908
NONAI01909_601238_20230110,601238,广汽集团,2023-01-10,1.7391304347826086,2,115,网上关于广汽生产的日系车皮薄钢材强度低的消息你们怎么看，在对待国内消费者上，广汽是否一直贯彻低标准？,感谢您对公司的关注与支持。公司旗下各品牌汽车产品始终将安全放在首要地位，广汽集团秉持多年不变的对卓越品质的不懈追求，始终尽心尽力为客户提供品质卓越的汽车产品和服务。事实上，公司产品在碰撞测试等安全实验中表现优异，多年来始终接受着市场的检验。谢谢！,-0.5947128776863102
NONAI01910_601318_20230109,601318,中国平安,2023-01-09,1.183431952662722,2,169,"你好:公司营运利润一直稳步增长,投资拖累公司业绩.既然公司投资能力不强,为何公司不放弃投资专注公司营运?以给投资者提供更好回报.谢谢!","您好，平安保险资金运用的目标始终是保险资金的保值增值，服务保险主业，实现安全性、流动性、收益性的平衡，讲求资产负债在收益率、期限、流动性等方面的合理匹配，并严格遵守偿付能力、大类品种比例等监管规定，实际上，公司过去十年的平均综合投资收益率达5.7%，是一份穿越经济周期的优秀业绩。公司将贯彻坚守底线、把握机遇、穿越周期、领先价值""的投资理念，继续找寻投资机会，并积极做好风险防范，谢谢。""",-0.6877370318237839
NONAI01911_601319_20230221,601319,中国人保,2023-02-21,2.7522935779816513,3,109,您好，请问公司进行数字化转型建设主要依赖内部研发中心等自行开发还是向软件开发公司采购?公司对于与软件外包公司合作开发过程中可能产生的知识产权归属问题、核心技术外泄风险等是否进行了有效的管理?公司在进行供应商评估与选择过程中是否会考虑与同行业竞争对手选择不同的供应商以防止核心技术等外泄风险?,尊敬的投资者，您好，感谢您的关注！我公司数字化转型建设采取了统筹利用内外部资源的方式。我公司对于与软件外包公司合作开发过程中可能产生的知识产权归属问题、核心技术外泄风险等，在采购、合作开发环节制度了一系列的制度规定，实施严格有效的管理。,-0.42510895139913724
NONAI01912_601360_20230106,601360,三六零,2023-01-06,5.0691244239631335,11,217,董秘！为何公司360杀毒软件总是偷偷给用户安装360浏览器，有什么方法避免?,尊敬的投资者，您好。感谢您对公司产品的信任与支持。360的软件安装操作均遵从用户本人意愿选择，360杀毒软件在运行过程中，不存在未经过用户同意而进行静默操作的违规行为，不会偷偷给用户安装360浏览器。如您有涉及产品技术及使用体验方面的问题，欢迎您登陆www.360.cn或者致电公司客服热线400-669-3600，将有专业人员为您服务。公司始终秉持“客户至上”的理念，认真听取和研究用户的意见和建议，不断完善产品矩阵，以期望带给用户更极致、更安全、更高效的产品服务体验，积极回报各位对公司的支持和厚爱。感谢您的关注。,-0.03727051623756981
NONAI01913_601366_20230504,601366,利群股份,2023-05-04,2.4752475247524752,5,202,请问贵公司在淄博有多少家店，淄博烧烤是否对公司业绩有积极的影响？,投资者您好，利群股份目前在淄博拥有大型门店三家，其中购物中心一家、综合超市两家，分别为淄博购物广场、淄博莲池超市、淄博柳泉路店。近期火热的淄博烧烤为当地消费市场带来活力，对此公司积极应对，推出“五一烧烤季”、“学生凭车票送早餐”等系列促销活动，带动到店消费。随着烧烤旺季到来，公司丰富烧烤相关品类商品，包括自有品牌福记农场、禛禛有等优选食材、淄博特色烧烤调料、烧烤用具等产品，旨在紧抓市场热点，吸引客流，更好服务本地消费者和游客，实现销售提升。感谢您的关注。,-0.4714865744951268
NONAI01914_601368_20230208,601368,绿城水务,2023-02-08,0.0,0,86,尊敬的公司领导您好，贵公司近年的毛利和净利润水平不断小幅下行，请问成因是什么？,为满足南宁市城市发展的供水和污水处理需求，进一步提升企业生产能力，公司持续投入水务基础设施建设，项目建成投产后，使得折旧摊销等费用增加，另外还受直接材料价格上涨等影响，导致企业成本增长。,-0.8858440267461817
NONAI01915_601369_20230110,601369,陕鼓动力,2023-01-10,5.555555555555555,7,126,董秘你好！贵公司与投资者互动较少，投资者提出的问题点好长时间不回，作为西安本地优秀的国企，更应该关注资本市场投资者的关注点、问题点；公司二级市场股价表现可以反映公司经营管理实际情况，得不到投资者认可的企业很难成为一个优秀企业。,尊敬的投资者您好，2022年公司共开展投资者线上交流会31次，业绩说明会16次，线下调研16次，参加策略会5次，与投资者保持充分交流。后期，公司将会一如既往与投资者保持密切沟通，通过投资者热线、上证E互动、机构路演、投资者实地调研、业绩说明会、投资策略会等线上线下多种方式开展投资者交流工作。,0.04415825497285255
NONAI01916_601377_20230116,601377,兴业证券,2023-01-16,6.25,3,48,董秘您好，你公司软件优理宝财富版的行情列的屏幕中的证券名称栏不能拖移非常不好，如上市公司名称增加字数，这样占用了屏幕很多空间，希改过来，显示字数应默认不超过5字，余者隐藏起来，使用者如需自己拖移；不然今后会有上市公司名称更多的字数，如现在就有达10字，严重占用行情等屏幕空间。,尊敬的投资者，您好！感谢您对公司的关注和宝贵的建议。如有其他疑问，欢迎致电公司客服热线电话95562。祝您生活愉快！,0.16040854018773187
NONAI01917_601388_20230207,601388,怡球资源,2023-02-07,0.0,0,22,你好，请问贵公司有没有锂电池回收业务,感谢您对我司的关注，公司没有锂电池回收业务。谢谢！,-0.8858440267461817
NONAI01918_601390_20230105,601390,中国中铁,2023-01-05,1.0101010101010102,1,99,为什么每次中标重大工程公告，股价都是下跌的？难道每中标都是亏损的吗？,尊敬的投资者您好，感谢您对公司的关注。公司股价受宏观经济、行业政策、市场投资偏好、市场情绪、经营生产等多重因素影响。公司将坚持做强企业、积极开展投资者关系和市值管理活动，努力以更好的业绩回报广大股东，希望您继续支持，谢谢。,-0.7167527027972663
NONAI01919_601398_20230130,601398,工商银行,2023-01-30,2.8901734104046244,5,173,你好，据悉公司部分支行存在月末买存款的情况，购买部分花费平均每月0.15%-0.3%个百分点，提升年付息率2%以上。该现象近年来愈演愈烈，严重影响公司利润，贵公司作为银行业的老大哥，是否应带头作出表率并通过银行业协会共同倡导抵制这种无意义的内卷行为？,尊敬的投资者：感谢您的关注。工商银行历来强调合规经营，严禁违规返利吸存。近年来，工行认真落实加强存款利率监管导向，推动完善存款利率市场化调整机制，积极发挥大行市场引领作用，维护市场秩序，2022年9月率先调整存款挂牌利率，引导银行负债成本下行。下一步，我行将继续发挥综合服务优势，健全金融生态，夯实客户基础，优化存款结构，加强行业自律协调，促进存款量价协调高质量发展，提高服务实体经济质效。,-0.40202781082298467
NONAI01920_601500_20230524,601500,通用股份,2023-05-24,2.5,6,240,董秘好，想问下近期咱们通用股份海外基地轮胎产销和运营情况如何？欧美出口预期变差对工厂是否有影响？,尊敬的投资者您好！公司依托海外双基地优势，产品性价比高，竞争力凸显。目前泰国生产基地产销两旺，5月份订单远超工厂现有产能，供不应求，公司正在进行最大限度产能挖潜，以更好的满足市场需求。柬埔寨生产基地于5月22日正式投产，柬埔寨首相洪森及中国驻柬埔寨大使王文天等领导亲临现场为公司柬埔寨基地开业剪彩，目前柬埔寨基地产能已达成与美国，巴西等多家头部客户的战略合作，项目投产后将逐步爬坡上量，加速实现全面达产。公司管理层将继续坚持稳健经营，持续提升企业国际市场竞争力，努力为股东创造更大价值。请注意投资风险，感谢您对公司的关注。,-0.4673429999726163
NONAI01921_601528_20230117,601528,瑞丰银行,2023-01-17,2.1390374331550803,4,187,请问公司在2023年会在哪几个方面发力？作为地方农商行业务开展具有局限性，公司是否考虑在互联网金融和数字人民币业务上进行布局？,尊敬的投资者您好！2023年，本行将持续深化大零售转型和数字化改革，全力服务区域经济，积极践行普惠金融，助力推进共同富裕。在互联网金融业务方面，本行将依托数字化改革契机，不断丰富我行产品类别，进一步推广“共富贷”等线上产品，快速扩大普惠金融覆盖面。在数字人民币业务方面，我行将从提高零售支付的便捷性、安全性和防伪水平的角度，进一步加大部署和推进数字人民币业务，深化场景建设和场景应用。衷心感谢您对瑞丰银行的关注与支持！,-0.5277682819131845
NONAI01922_601555_20230221,601555,东吴证券,2023-02-21,2.6315789473684212,1,38,"董秘您好,今天网传江苏省内券商有整合计划，东吴证券作为江苏省内的中大型券商，是否有参与其中？ 个人看法国内的券商太多，整合并组成券商航母是大趋势，公司应该抓住时机参与其中。早动手可以整合别的小券商，晚动手那只能成为别人整合的对象了！",尊敬的投资者您好，公司目前不存在任何应披露而未披露的重大信息，感谢您对公司的关注！,-0.4453166301424286
NONAI01923_601566_20230508,601566,九牧王,2023-05-08,0.0,0,22,董秘，您好！现在很多服装公司为了提高订货会效率，都在使用电子签约，我们现在的订货会用吗？比如契约锁电子合同平台。,尊敬的投资者，感谢您对九牧王的关注！公司没有使用。,-0.8858440267461817
NONAI01924_601595_20231103,601595,上海电影,2023-11-03,1.976284584980237,5,253,您好，请问咱们有没有真人互动剧的产品？,公司控股股东上海电影集团已于前期在上海影视乐园启动真人互动剧游项目，相关剧本策划、演员统筹、投资测算正在积极推进中。首个项目源于上海影视乐园大型沉浸式体验项目《新世界》。日占时期的上海城中，地下党与调查局、青帮、日本间谍，暗战不断，危机四伏。在上海抗战时期大背景，展现小人物的英勇反帝斗争。公司尚未参与上述事项，如公司有相关合作事项且触及信息披露标准，将及时履行信息披露义务，敬请投资者注意投资风险。真人互动剧为IP+游戏提供了新的变现思路，公司拥有60个经典IP，通过AI技术的推广，这种类“短剧+游戏”的模式会越来越普遍，更多优质的应用作品或将问世，IP的变现能力增强。,-0.5550131755417821
NONAI01925_601598_20230117,601598,中国外运,2023-01-17,5.47945205479452,8,146,董秘好：目前的外交环境日趋恶化，脱钩已成趋势，外贸也将进入长时期的寒冬，公司对这样的形势有没有成熟的应对之策？另外，近一段时间，外资抛售公司股票，结合当前的外交环境，公司股票势必长期处于低位，公司股权激励势必难以实施，公司有没有考虑调整股权激励政策？,您好，感谢您对公司的关注。1）在复杂多变的内外部环境下，中国外运将继续坚持“稳中求进”的工作总基调，努力提升自身经营质量。2）公司目前实施的股权激励计划已经公司股东大会审议批准，如有调整，公司将根据相关法律法规以及《中国外运股票期权激励计划(第一期)》第十一章“股票期权的调整方法和程序”等相关规定提交公司董事会或股东大会审议。,0.03141849768903014
NONAI01926_601599_20230104,601599,浙文影业,2023-01-04,0.8403361344537815,1,119,董秘你好！后疫情时代来临，复苏就在眼前，贵公司是否开始准备或已经在准备影视类的投资？贵公司哪些产品有线上销售的渠道呢？贵公司国外收入以什么业务为主？,您好，公司在积极寻找、接洽优秀的影视项目并积极推进中，公司计划的重点项目已按计划开机。公司毛纺织业务的主要产品为精纺纱线、半精纺纱线和高档精纺呢绒等，产品主要面向企业用户，线上销售渠道也在积极拓展中；海外业务主要收入主要是毛纺织业务贡献。感谢您对公司的关注！,-0.7451714127046472
NONAI01927_601600_20230116,601600,中国铝业,2023-01-16,22.727272727272727,10,44,请问贵公司：贵公司2022年有没有商誉减持？,您好！关于公司2022年商誉情况，请持续关注将于2023年3月份披露的公司2022年年度报告。感谢您对公司的关注。,2.918710762104413
NONAI01928_601601_20230112,601601,中国太保,2023-01-12,1.4184397163120568,2,141,"尊敬的董事会（长）秘书，你好啊,鉴于西南某县城城投债近乎无限期展期的风险，而保险公司通常拥有大量城市投资建设债券，请问贵司资产端的城投债比重有多大？哪个地区（东南|华南|华东|南方、北方|东北|华北、西北、西南）的比例是多少呢？或者哪个地区占比最大？！",感谢您的关注。我司始终坚持“稳健投资、价值投资、长期投资”，基于负债特性，考虑收益性、安全性、流动性等多方面要求，在战略资产配置的引领下灵活进行战术资产配置。 公司整体信用持仓资产状况良好，偿债主体综合实力普遍较强，信用风险管控情况良好。同时，公司持仓行业分布广泛，风险分散效应良好。具体资产配置情况，请关注公司定期报告。,-0.6483966356689814
NONAI01929_601608_20230112,601608,中信重工,2023-01-12,1.0256410256410255,2,195,公司研发的高转速高效汽轮发电机组，高倍安全储能电池，超级动力电池，都用于什么地方？,尊敬的投资者，您好！公司研发的多兆瓦高转速高效汽轮发电机组，针对不同用户有多方应用场景，目前已服务于钢铁、冶金、石油化工、焦化等工业领域余热余能应用、高速拖动领域，并同步向生物质发电、垃圾发电等节能环保领域拓展。公司合营公司洛阳储变电主要产品有特种电源、高倍率电源、启动电源、锂电池储能系统等，其中高倍率、宽温域电池和超高压系统具有领先优势，既满足特种装备要求也可应用于车辆启动、无人机、矿用车辆等倍率电源领域。感谢您对公司的关注。,-0.7141512978134369
NONAI01930_601611_20230118,601611,中国核建,2023-01-18,4.0,1,25,您好董秘，波兰核电站四百亿美元订单没给法国给了美国，不知道股公司有没有参与建设,感谢您对公司的关注。公司未参与波兰第一座核电站的建设。,-0.21624238390847703
NONAI01931_601633_20230606,601633,长城汽车,2023-06-06,1.1764705882352942,1,85,坦克车系什么时候能把网传的坦克100（即三门版小型越野车）实现生产下线，打破国外的类似车型的高价低配。相信不少消费者都期待坦克三门版小型越野车的出现,您好，坦克以“铁汉柔情”为品牌主张，开启全新品类市场，迅速占有硬派越野一半以上的市场，坦克已经布局了成体系、清晰化的新能源路径，也将实现全系产品全球战略落地，目前暂无相应产品的计划，感谢关注。,-0.6889023670880332
NONAI01932_601665_20230112,601665,齐鲁银行,2023-01-12,10.227272727272727,9,88,尊敬的董秘，您好，请问贵公司可转债在中登公司登记日期是哪一天？可转债前十大持有人在可转债上市半年内能否减持？若董监高持股低于5%，认购可转债，在可转债上市半年内能否减持?,尊敬的投资者您好！公司可转债在中登公司的登记日期是2022年12月7日。根据相关法律法规，持有公司5%以上股份的股东、董事、监事和高级管理人员，若持有公司可转债，应严格遵守短线交易相关规定。感谢您的关注！,0.8262056282365858
NONAI01933_601668_20230118,601668,中国建筑,2023-01-18,5.2631578947368425,4,76,您好，请问公司aecmate软件的底层三维图形平台是自研的还是采购autodesk的平台？另外，请问公司如何看待智慧工地与第三方品台例如广联达的关系，是竞争还是合作呢？谢谢！,感谢您的关注。中建AECMate软件的底层三维平台是由公司自主研发、具有自主知识产权。关于智慧工地，目前国内智能建造处于快速发展阶段，需要各方共建生态，维护良性的合作与竞争关系。,-0.004789233538675474
NONAI01934_601669_20230109,601669,中国电建,2023-01-09,2.380952380952381,10,420,使用低碳能源是绿色发展的必然趋势，为什么说公司是全球清洁低碳能源的引领者呢？请问公司未来对低碳能源方面的发展有什么规划？,尊敬的投资者您好，谢谢您对公司的关注。中国电建立足国内国际双循环新发展格局，集成投建营三大环节，聚焦“水能砂城数”五大领域，凭借规划、勘察、设计、施工、运营和投融资等全产业链服务能力，已成为全球清洁低碳能源、水资源与环境建设领域的引领者，全球基础设施互联互通的骨干力量。中国电建立足国内国际双循环新发展格局，集成投建营三大环节，聚焦“水能砂城数”五大领域，凭借规划、勘察、设计、施工、运营和投融资等全产业链服务能力，已成为全球清洁低碳能源、水资源与环境建设领域的引领者，全球基础设施互联互通的骨干力量。“十四五”期间，公司将大力新增风电、光伏新能源装机总量，以实际行动助力国家“碳达峰”战略的实现，努力成为A股上市公司中最具发展潜力的规模效应的新能源发电企业之一。计划到十四五末期，公司能源电力领域收入占比、投资运营类发电业务对公司收入、利润的贡献占比提高，力争形成“电力能源工程总承包+新能源、抽水蓄能电站运营”两轮驱动格局，进一步强化公司在全球清洁低碳能源的引领地位。中国电建将充分发挥规划及设计优势，结合转型契机，实现公司高质量发展。,-0.487271620295167
NONAI01935_601677_20230203,601677,明泰铝业,2023-02-03,4.225352112676056,3,71,请问公司有航空铝材的生产吗？订单是否稳定？,您好，公司成立以来深耕铝加工行业，目前已开发积累200余种规格型号产品， 广泛应用于国民生产的各个领域，公司部分2/7系产品，可应用于军工、航空等领域。谢谢您的关注！,-0.17851834769226835
NONAI01936_601696_20230119,601696,中银证券,2023-01-19,4.225352112676056,6,142,贵公司管理团队怎么把公司做到同行业倒数去的？且没有办法应对风险，董秘的回复都是市场有风险，投资需谨慎。除去这些客观因素，难道主观因素一点都没有吗？管理层、治理层有没有真正采取政策去维护、发展、巩固企业市值呢？,尊敬的投资者，您好！二级市场股价波动受多重因素影响，具有不确定性。公司经营保持稳健，整体发展状况良好。在证券行业2022年前三季度业绩普遍下滑的情况下，公司2022年前三季度营业收入和净利润均跑赢行业平均水平。未来，公司将持续致力于提升经营管理水平，高质量聚焦发展，夯实核心竞争力，努力为股东带来长期稳定回报。感谢您的关注！,-0.17851834769226835
NONAI01937_601717_20230526,601717,郑煤机,2023-05-26,3.5294117647058822,3,85,国家能源局近日对2023年能源工作要求发挥煤炭兜底保障作用，加快实施“十四五”煤炭规划，积极推进智能化煤矿核准建设，推动在建煤矿尽快投产达产，全面增强煤炭安全增产保供的能力和韧性。请问公司如何为煤炭增产保供部署工作？,尊敬的投资者，您好！公司持续调整优化生产组织方式，推动结构件智能工厂新产能的释放，全力提升产能，保障客户的需求；同时，持续开展煤炭智能化开采相关技术的研发，积极推进煤矿智能化建设。感谢关注！,-0.29501904777173643
NONAI01938_601718_20230103,601718,际华集团,2023-01-03,8.620689655172415,5,58,贵司生产的空气消毒机在什么平台销售，急需购买，盼董秘回复,尊敬的投资者，您好！感谢您对公司产品的关注，具体可点击链接：https://h5.bestpay.com.cn/subapps/bestpaymall-client-h5/main.html#/ownShopDetails?hybridVersion=3.0&spuId=20221221030100344883338856653837进行相关产品的选购，谢谢您的关注。,0.5572629621281819
NONAI01939_601728_20240208,601728,中国电信,2024-02-08,0.0,0,45,星星之火，可以燎原。现在好多民企董事长提议上市公司回购，增加大家对资本市场信心，公司作为国有企业是不是应该考虑响应，适当回购，增加对A股信心贡献一份力量?,尊敬的投资者，您好。感谢您的关注与建议，公司会充分听取股东意见，积极研究包括增持、回购在内的各种方案。,-0.8858440267461817
NONAI01940_601777_20230131,601777,力帆科技,2023-01-31,3.7037037037037037,3,81,董秘您好：看到公司的年报预告有点懵，有点不可思议有点失望。三季度净利润已经1.52亿了，四季度每个月的产销报告几乎都是每个月都同比增长环比也是增长的。现在看预告四季度销量增长这么多不但没赚钱甚至还亏损吧？是什么原因呢？又有大笔计提吗？,您好，本次业绩预告为初步测算结果，财务部门根据公司的实际状况，遵循会计准则及会计政策的相关规定进行会计处理，公司2022年度经审计的财务数据请关注后续披露的定期报告。感谢您的关注！,-0.2658425056001588
NONAI01941_601788_20230113,601788,光大证券,2023-01-13,0.0,0,41,请问贵公司最近三个月有没有融资计划？或已在申请。最近华泰证券的大手融资方案，市场用脚投票,尊敬的投资者，您好。公司目前没有您提及的相关事项，公司未有应披露而未披露信息。谢谢您的关注。,-0.8858440267461817
NONAI01942_601789_20230216,601789,宁波建工,2023-02-16,0.0,0,24,董秘您好，参股数据公司中经云，作为新基建的专精特新企业，是否已申请上市，目前进度如何？,尊敬的投资者您好，中经云目前未申请上市，感谢您的关注。,-0.8858440267461817
NONAI01943_601798_20230309,601798,蓝科高新,2023-03-09,0.0,0,40,优秀的董秘，据了解中国能源所持公司股份累计被轮候冻结的数量为1.81亿股，占其所持公司股份总数的比例为100%，占公司总股本的比例为51%。如此高比例被司法冻结，有没有可能被收购?是否会导致控股股权变更?,感谢关注蓝科高新！ 公司未接到相关书面通知，如有相关事项，公司会按照相关规定及时公告，谢谢！,-0.8858440267461817
NONAI01944_601799_20230202,601799,星宇股份,2023-02-02,0.0,0,48,董秘您好，请问公司23年新能源项目的发包更多集中在第几季度？ 今年（23年）一季度是否有相关新能源车型定点发包？,投资者您好，公司客户分布德系/日系/及自主品牌，新能源车型全年均有来自于不同主机厂的项目发包，感谢您的关注。,-0.8858440267461817
NONAI01945_601800_20230103,601800,中国交建,2023-01-03,11.764705882352942,4,34,请问公司是否完成2022年计划目标,您好，根据三季报，公司营业收入同比增长5.0%，新签合同额同比增长2.5%。谢谢关注。,1.083572569835303
NONAI01946_601801_20230113,601801,皖新传媒,2023-01-13,3.508771929824561,2,57,贵司您好！请问未来董事长选举在什么时候？建议安徽省政府能委派一个能够盘活存量业务的实干家来操持公司，向多元化发展。省政府应当考虑如何让省内两家传媒企业合并，统一化带动整个省传媒发展，保持传统业务，激活新传媒业务，元宇宙。与腾讯，科大等合作搞活数智文化。,尊敬的投资者您好，公司将按照法定程序尽快完成董事补选和新任董事长选举等相关工作。已收到您对公司的建议，感谢您对公司的关注。,-0.2984741646078443
NONAI01947_601811_20230106,601811,新华文轩,2023-01-06,0.0,0,95,董秘您好，最近公司完成了对凉山州新华书店的股权收购。投资者关注到该书店2021至2025年度属于免征企业所得税阶段。公司是否计划大幅增加此通道销售业绩，从而达到合理合法避税，扩大企业利润比例。此外有了此免税牌照对公司未来业绩有到少影响？,谢谢关注！本公司在企业所得税及增值税方面均已享受国家税收优惠政策，具体情况详见定期报告中的税收优惠部分。在完成凉山州新华书店股权收购后，公司将继续致力于发展主营业务，努力提升业绩水平，从而回报广大投资者。,-0.8858440267461817
NONAI01948_601825_20230417,601825,沪农商行,2023-04-17,0.8403361344537815,1,119,您好，董秘，请问贵行和海航有联系吗？在海航破产重整中有损失吗？谢谢。,尊敬的投资者，感谢您对本行的关注！本行高度重视风险管理和资产质量工作，资产质量长期保持稳定良好，不良分类审慎严格。本行海航系业务涉入不多、对本行影响较小。未来本行将继续秉持“提升风险经营能力，风险管理创造价值”的理念，采取合理、审慎的风控策略，持续夯实资产质量。谢谢！,-0.7451714127046472
NONAI01949_601827_20230106,601827,三峰环境,2023-01-06,8.108108108108109,6,74,请问2022年贵司入库垃圾数量是多少？,尊敬的投资者您好，截至2022年6月底，公司各控股项目合计完成垃圾处理量605.22万吨，同比增长约21.2%。去年全年的垃圾处理量会在年报中予以披露，敬请关注。感谢您的理解和支持。,0.47145660062754413
NONAI01950_601828_20230119,601828,美凯龙,2023-01-19,5.504587155963303,6,109,请问贵公司三份招股说明书内数据为何差异大，特别是2014年招股说明说内2013年度没有投资性房地产这一报表项目，而2016年招股说明书内2013年（同一年）竟出现了五百多亿的投资性房地产，而固定资产暴减至一亿多，请问是为什么会出现这么大的差异？,尊敬的投资者您好，2014年的招股说明书公司持有的已建成的商场物业按固定资产-经营性资产进行核算，由于公司2015年6月于港股上市，依据《香港会计准则》规定，公司对自持已建成的商场物业按投资性房地产核算并采用公允价值模式进行后续计量。感谢您的关注！,0.03562612394790729
NONAI01951_601838_20230530,601838,成都银行,2023-05-30,8.0,2,25,请问，蓝光发展在成都银行的贷款和坏账占比情况，以及对净利润可能产生的影响有多大,投资者您好，目前公司和相关企业无信贷合作。感谢您的关注！,0.4533592589292277
NONAI01952_601858_20241111,601858,中国科传,2024-11-11,5.2356020942408374,10,191,你们作为央国企，目前看你们二级市场股价和自身名号不太匹配并且股息率一般，有什么计划如何做好市值管理，真正做到汇报广大投资者。,您好，公司高度重视对投资者的合理回报，自上市以来一直保持稳定的现金分红政策，坚持每年进行现金分红，目前已累计现金分红金额超过人民币12亿元，其中，2023年度现金分红金额2.06亿元，占当年归母净利润的40.04%。公司将持续加强经营管理工作，努力提升盈利能力及核心竞争力，推动公司高质量发展，提升公司内在价值，为公司市值增长奠定坚实基础。二级市场股价受宏观环境、行业发展状况等多方面因素影响，敬请广大投资者理性投资、注意投资风险，谢谢。,-0.009402085859133727
NONAI01953_601860_20230322,601860,紫金银行,2023-03-22,0.684931506849315,2,292,1、公司在江苏省内除了南京只有2个地市有分行，扩展停滞不前，2023有没有在江苏其他未设分行的地市扩展计划？2、分红是长期投资银行股的基石，公司每年都是1毛让人看不到进步，能不能每年多少增加点，让人越来越有希望。,尊敬的投资者，感谢您对我行的关心和支持。根据我行发展战略与网点建设规划，我行将不断调整优化网点布局，提高辖内网点在农村、街道、社区覆盖面，推动网格下沉，重点在辖内金融服务空白、未来发展潜力较大等区域加强布局，为本行高质量发展提供网点支撑。根据公司《章程》规定，“本行的利润分配应重视对投资者的合理回报并兼顾本行的可持续发展，结合本行的盈利情况和业务未来发展战略的实际需要，建立对投资者持续、稳定的回报机制。董事会在综合考虑本行所处行业特点、发展阶段、自身经营模式、盈利水平以及是否有重大资金支出安排等因素后，可提出差异化的现金分红政策”。未来，我行将在保障各项业务持续健康发展的基础上，平衡好资本金需求与分红的关系，努力提升对广大股东的回报。,-0.7711862111917802
NONAI01954_601865_20230117,601865,福莱特,2023-01-17,0.0,0,34,尊敬的董秘，英特集团的市值，物流运输以及医药储备明显无法满足浙江省福建省人民的需求，很多医药药店依旧没货，请问浙江省政府是否会更换大市值有能力的医药企业来负责浙江省的医药储备以及流通供应？只有大公司才有足够的能力跟信誉来满足我们老百姓的用药需求，而不是让一些没能力却靠背景的企业来垄断资源，导致老百姓无药可买，企业无法正常经营！,尊敬的投资者，您好，我司主要生产光伏玻璃，不涉及医药行业，感谢您对我司的关注！,-0.8858440267461817
NONAI01955_601866_20230112,601866,中远海发,2023-01-12,5.045871559633028,11,218,海发秘书长你好：中远的兄弟单元的公司价值均在股价上有所体现，而海发盈利也很好，市盈率才7点多，而为什么股价一直那么低？公司有维护股东利益和公司市值管理措施吗？,您好！ 资本市场以及上市公司股价波动受宏观经济、政策面变动以及投资者偏好等多重因素影响。公司管理层始终在关注公司股价走势，为维护公司股价表现做多方面积极努力。公司努力提升高质量发展，增加整体投资回报的同时，通过多维度的方式提升股东价值回报，公司推进积极、稳定的分红方案，连续四年向股东进行现金分红，并逐年提高分红比例。2021年度现金分红占公司 2021 年度归属于上市公司股东及其他权益持有者净利润的50.12%。公司完成了授予董事会回购H股的一般性授权，旨在进一步维护公司价值和股东权益。,-0.04116305527660004
NONAI01956_601868_20230303,601868,中国能建,2023-03-03,14.634146341463415,12,82,新能源建设你们自有投资建设占多大比例？不占股权仅施工的项目占多大比例？,感谢您对公司的关注！2022年上半年，公司工程建设业务营业收入为1304亿元，其中新能源及智慧能源为351亿元；投资运营业务为117亿元，新能源及综合智慧能源为9亿元。具体信息敬请查阅公司定期报告。,1.5639180811966407
NONAI01957_601869_20230628,601869,长飞光纤,2023-06-28,2.73972602739726,2,73,请问公司股价大幅下跌的原因是什么？受国际局势的影响，大股东荷兰德拉科会不会被迫抛售所持公司股份？,感谢您对公司的关注！公司股价波动受多种因素影响。目前公司股东结构较为稳健，暂不知悉主要股东减持意向。若主要股东有相应减持计划，公司将严格按照相关规定予以披露。,-0.42721276452857576
NONAI01958_601872_20230308,601872,招商轮船,2023-03-08,1.2987012987012987,1,77,请问，截至2023年2月28日，公司的股东数是多少？谢谢,请参考之前同类问题的答复。我们希望中小投资者理性投资，不建议过度关注股东人数短期变化这种可能算是偏博弈的指标。我们会在定期报告中披露股东人数和前10大股东情况，谢谢！,-0.6684408959547191
NONAI01959_601878_20230526,601878,浙商证券,2023-05-26,0.0,0,30,二级市场由结构化行情升级为极端化行情，请问是否隐藏着巨大风险？,您好！股票二级市场价格受诸多方面因素的影响，敬请注意投资风险。谢谢！,-0.8858440267461817
NONAI01960_601880_20230313,601880,辽港股份,2023-03-13,17.142857142857142,6,35,请问公司年报什么时间公布？,尊敬的投资者，您好！公司2022年年报预计在2023年3月31日正式披露。感谢您的持续关注！,1.9838772997011238
NONAI01961_601881_20230315,601881,中国银河,2023-03-15,0.8982035928143712,3,334,董秘您好！《2022胡润财富报告》出炉，中国财富家庭拥有总财富高达164万亿元。其中北京富裕家庭高达74.4万户，位列全国第一。公司坐拥地利优势，但资管业务发展不甚理想，规模仅有5亿元。请问问题出在哪里？什么时候能够突破瓶颈得到快速发展？,尊敬的投资者，您好。公司高度重视资管业务，近年来，公司积极推动资管业务转型发展，回归主动管理本源，在巩固传统业务优势的基础上，持续加强自身专业投研能力建设，围绕长期目标积极探索主动管理业务优势，不断在以“固收+”产品为核心、权益、混合类fof产品等为重点的多元产品体系上深耕细作，现有管理产品中，主动管理产品占比稳步提升，类型日益丰富，资管收入结构持续优化，较好满足和适应了客户的综合金融需求。下一步，公司将继续加强对资管业务的全面支持力度，认真贯彻公司正在制订的新发展战略，从战略的层面、从资源的角度和协同的机制等方面，全面推进和加快创新发展和业务转型。同时，通过巩固优势存量和开拓机构增量，继续加强多元化产品服务，并通过重点推进营销管理体系、产品运营管理和合规风控体系建设，进一步提升运营效率，做好各项保障支持工作。感谢您对公司的关注。,-0.7354843764083737
NONAI01962_601886_20230208,601886,江河集团,2023-02-08,3.7974683544303796,6,158,尊敬的董秘您好！公司2022年投资的湖北浠水江河智慧光伏目前是否已经建成投产？若是没有投产，预计2023年何时投入生产经营？集团切入光伏建筑项目预计对公司未来业绩产生大多比例的影响？光伏建筑2023年预计占收入的比例大概会是多少？天合光能以前叫天合幕墙也是做幕墙起家，后来做光伏业务现在市值1500亿左右，江河集团高管团队是否有能力带领江河集团成为像天合光能一样的企业发展下去？谢谢！,谢谢您的关注。公司在建的异型光伏组件工厂预计在今年6月份投产，公司2022年度中标约8.5亿BIPV工程，有关BIPV项目及异型光伏组件对经营业绩的影响请您随时关注公司公告。公司认为幕墙是BIPV业务的流量入口，光伏建筑也是幕墙业务的延伸和升级。公司在幕墙行业领先优势明显，龙头效应显著，公司高管团队有信心、有能力抓住行业发展的窗口期，做大企业业务规模来回报股东。,-0.25014626455848743
NONAI01963_601888_20230116,601888,中国中免,2023-01-16,5.882352941176471,1,17,请问海口国际免税城项目的公寓什么时候开始销售？,尊敬的投资者，您好！感谢您对公司的关注。,0.09886427154456055
NONAI01964_601898_20230118,601898,中煤能源,2023-01-18,1.1764705882352942,1,85,董秘您好，请问公司近十年完整的环境会计信息是否公开披露？如已公开披露，那么从哪里可以看到？如未公开，是否可以提供？,感谢您对中煤能源的关注。公司生产经营过程中发生的环境恢复、土地复垦等方面的投入，公司根据费用所属期间，按照会计准则规定确认了预计负债或计入当期成本费用核算，详见公司披露的各定期报告。,-0.6889023670880332
NONAI01965_601908_20230113,601908,京运通,2023-01-13,3.8461538461538463,1,26,董秘好，今晚工业和信息化部办公厅等部门关于开展第三批智能光伏试点示范活动的通知，请问贵公司是否符合标准，是否有意申报？谢谢！,您好，公司已申报第三批智能光伏试点示范企业。感谢您的关注。,-0.24199629324838873
NONAI01966_601916_20230216,601916,浙商银行,2023-02-16,4.054054054054054,3,74,尊敬的董秘，英特集团的市值，物流运输以及医药储备明显无法满足浙江省福建省人民的需求，很多医药药店依旧没货，请问浙江省政府是否会更换大市值有能力的医药企业来负责浙江省的医药储备以及流通供应？只有大公司才有足够的能力跟信誉来满足我们老百姓的用药需求，而不是让一些没能力却靠背景的企业来垄断资源，导致老百姓无药可买，企业无法正常经营！,感谢您的关注！您提及的英特集团股票代码为000411，相关问题建议您直接咨询对方。我行（股票代码：601916）在日常经营活动中，持续践行金融服务实体经济理念，立足浙江，面向全国，稳健发展。,-0.2071937130593188
NONAI01967_601919_20230103,601919,中远海控,2023-01-03,2.3323615160349855,8,343,近期公司公司股價低迷，嚴重低估、破淨值，公司管理層如何維護股價、估值？,您好！一方面，公司坚持“以客户为中心”，积极通过“航运+港口+相关物流”三位一体发展脉络，夯实集装箱主业发展韧性、加大全球数字化供应链布局、促进绿色低碳化转型升级，不断增强企业核心竞争力和抵御外部风险冲击的能力，保障公司的可持续发展，夯实价值创造的基础。另一方面，公司高度重视企业价值的传递和投资者关系的维护，克服疫情不利因素的影响，通过参加境内外券商策略会、提升信息披露质量、及时回复上证E互动、设有专人接听投资者热线、回复投资者来信、接待分析师及机构投资者调研、加大品牌价值推广等多样化的方式，持之以恒地加强与资本市场的沟通，努力推动公司价值发现和估值水平的提升。从市场风险偏好来看，近期集装箱海运即期运价出现较大幅度下跌并处于低位，市场对2023年全球通胀压力、地缘局势等不利于商品贸易的因素仍然存有疑虑，导致二级市场股价波动，敬请注意投资风险。谢谢关注！,-0.49540575103906526
NONAI01968_601921_20230103,601921,浙版传媒,2023-01-03,0.0,0,22,尊敬的董秘，英特集团的市值，物流运输以及医药储备明显无法满足浙江省福建省人民的需求，很多医药药店依旧没货，请问浙江省政府是否会更换大市值有能力的医药企业来负责浙江省的医药储备以及流通供给？要不耽误了老百姓用药跟公司经营怎么办？,您好！公司不涉及医药相关业务。感谢您的关注和支持！,-0.8858440267461817
NONAI01969_601928_20230220,601928,凤凰传媒,2023-02-20,2.127659574468085,1,47,请问贵公司与移动的股权转让进入到哪一步了，中移投资的 保证金到账了么,经公司向控股股东凤凰集团了解，本次股权转让中移投资的保证金已到账，其他后续事宜正按协议约定稳步推进。,-0.5296729401303814
NONAI01970_601929_20230206,601929,吉视传媒,2023-02-06,16.428571428571427,23,140,公司2022年是不会会亏损?,"您好，感谢关注公司。公司于2023年1月31日发布了吉视传媒股份有限公司2022年年度业绩预亏公告（临2023-002）。经公司财务部门初步测算，预计2022年年度实现归属于母公司所有者的净利润为-9,320万元到-11,640万元，与上年同期（法定披露数据）相比，将出现亏损。预告数据仅为初步核算数据，具体准确的财务数据以公司正式披露的2022年年度报告为准。",1.8643055777658193
NONAI01971_601939_20230117,601939,建设银行,2023-01-17,0.4149377593360996,1,241,国常会提出金融让利，请问公司执行时会损害到股东利益吗？,感谢您对我行的关注。我行坚决贯彻落实党中央、国务院决策部署，坚持稳中求进的工作总基调，完整准确全面贯彻新发展理念，切实履行国有大行的政治责任、经济责任和社会责任，统筹服务疫情防控和经济社会发展，多措并举坚决执行国家降低社会融资成本、减费让利和惠企利民的各项政策号召，大力支持实体经济发展。银行与实体经济同生共荣，金融稳经济稳，金融活经济活。合理让利维持市场主体和居民就业稳定，有助于银行的长期可持续发展。短期看，银行向企业合理让利会对盈利产生影响。长期看，只有让实体经济尽快恢复平稳健康发展，银行业才能更好地发展和防范风险。,-0.8163832754144695
NONAI01972_601952_20230116,601952,苏垦农发,2023-01-16,4.411764705882353,3,68,你好董秘，请问公司的麦芽产品是否有供应给啤酒生产企业.,尊敬的投资者您好，公司麦芽加工业务由全资子公司苏垦麦芽运营，苏垦麦芽是百威啤酒、华润雪花、燕京啤酒、珠江啤酒等知名啤酒集团的合作供应商，感谢您的关注。,-0.14731280302812502
NONAI01973_601956_20230224,601956,东贝集团,2023-02-24,4.761904761904762,7,147,董秘您好呀！据了解公司在海外开拓市场，请问贵公司在一带一路有什么作为？请回复一下，谢谢了。,答：尊敬的投资者您好！本公司产品已远销印度、土耳其、俄罗斯等多个“一带一路”沿线国家。 “一带一路”作为国家战略，为我国企业走出去提供了重要助力，并提供了巨大潜在市场。公司受益“一带一路”政策支持，未来将在稳固现有市场布局的同时，不断加强 “一带一路”沿线等海外市场的开拓，形成公司新的利润增长点，持续做强公司品牌影响力。感谢您对公司的关注！,-0.08869921384415232
NONAI01974_601963_20230203,601963,重庆银行,2023-02-03,0.0,0,25,尊敬的董秘，你好。请问贵公司是否开通微博？如有开通，请问微博开通时间和微博名是什么？,尊敬的投资者，您好！本行暂未开通微博。感谢您对本行的关注！,-0.8858440267461817
NONAI01975_601965_20230105,601965,中国汽研,2023-01-05,2.5316455696202533,6,237,您好，贵司在“中国汽研2023年新年贺词”中提到：北京信息安全国检中心批筹，请问这一块的业务布局主要是基于什么考虑？建成后的能为国家或者行业带来哪些专业服务？达产后能够为公司的年营收带来多少增量？谢谢！,您好，感谢您的关注！随着汽车进入“新四化”时代，数字信息属性已成为汽车的重要基础属性之一。中国汽研筹建的“国家车联网信息安全产品质量检验检测中心”拟主要提供车联网信息安全领域的检验检测服务。按照整体规划，中心将具备车联网“云-管-端”全覆盖的检验检测能力，开展车联网安全核心技术的研究与攻关。该项目按照可研预测在十四五末营收将达到亿元级水平。但项目投产后会受到经济形势、市场环境、行业情况或公司实际发展情况变化等因素的影响，可研预测数据并不代表公司对未来业绩的预测，亦不构成对股东的业绩承诺，敬请广大投资者注意投资风险。,-0.46204551862105214
NONAI01976_601966_20230220,601966,玲珑轮胎,2023-02-20,11.864406779661017,7,59,您好，很看好贵司的发展，看到贵司最近两年产品在提价，请问贵司产品从2021年1月1日开始，到2022年12月31日，平均售价提高了多少？或者说TBR、PCR这两年分别提价了多少？谢谢,尊敬的投资者，您好！2021年-2022年公司旗下TBR、PCR各品牌产品价格在替换市场均进行了多次不同程度上调，每次上调幅度均在3%左右。感谢您的关注！,1.1002625409927729
NONAI01977_601969_20230113,601969,海南矿业,2023-01-13,2.9761904761904763,5,168,公司如何看待未来的油气产业？,作为当今社会最主要的能源之一，石油与天然气消费量合计占全球一次能源消费量的50%以上。中国石油消费量位居全球前列，同时是全球天然气净进口量第一的国家。“双碳目标”大背景将促进全球能源消费结构优化和油气产业的转型升级，未来全球能源消费结构中可再生能源占比将不断提高，油气行业的发展将趋于构建稳油增气，同时积极布局新能源等多元互补能源供给新体系。感谢您对公司的关注！,-0.3876285186824133
NONAI01978_601985_20230111,601985,中国核电,2023-01-11,2.9411764705882355,1,34,您好！请问公司核电项目的银行长期贷款利率是多少？,感谢您的关注！目前，公司核电项目的银行长期贷款利率能够享受一定程度的优惠。,-0.39348987760081056
NONAI01979_601988_20230215,601988,中国银行,2023-02-15,5.46875,7,128,请问贵银行有没有考虑过每年分红两次每年分红两次能让持有的股东手里有足够的流动资金请贵银行领导慎重考虑一下,"尊敬的投资者，您好。感谢您的建议。中行一直致力于为股东创造最大的价值回报。上市以来，中行累计向普通股股东派发现金分红超过7,338亿元，位居国内上市公司第4位，并且分红比率一直保持在30%以上的较高水平。下一步，中行将根据实际情况合理安排，科学制定分配方案，充分保障股东收益权。感谢您的关注。",0.029626969320992673
NONAI01980_601990_20230111,601990,南京证券,2023-01-11,2.7027027027027026,2,74,请问一下公司是否也会有公开配股计划？如果有这个想法建议立即取消，贵公司规模不大，和一线券商没法比，如果股民客户团结一致销户对公司长期危害很大的。,尊敬的投资者您好，公司目前不存在应披露未披露的重大事项。公司将继续积极推动发展质量和投资价值的提升，努力实现公司和投资者利益的共赢。感谢您对公司的关注和建议！,-0.43341048428827317
NONAI01981_601992_20230103,601992,金隅集团,2023-01-03,2.9411764705882355,3,102,作为金隅集团两大核心主业之一的房地产业，在同花顺，东方财富网等所属板块中均没有房地产，请问公司是否主动作为，添加上相关房地产概念，增强在房地产行业的品牌影响力。,尊敬的投资者您好，根据中国证监会最新的上市公司行业分类结果，金隅集团属于制造业中的非金属矿物制品业。市场各类交易软件对股票概念题材划分没有统一规范的标准，建议您依据上市公司实际情况判断甄别，注意投资风险。感谢您的关注！,-0.39348987760081056
NONAI01982_601995_20230112,601995,中金公司,2023-01-12,3.225806451612903,6,186,网传中金公司2022年十大预测错了九个，中金作为投行翘楚，如何提高研究能力？,您好，研究是公司业务的重要基础。公司拥有一支国际化、富有才干和经验丰富的研究团队，通过覆盖全球市场的研究平台为境内外客户提供客观、独立、严谨和专业的研究服务。公司发布的研究报告基于独立、客观的数据分析，并严格按照监管要求履行质量审核及合规审查流程。但经济及市场的发展存在不确定性，2022年，地缘冲突等非经济因素进一步使问题复杂化。报告所呈观点仅供投资者参考，不构成投资推荐或操作建议。感谢您对中金公司的关注。,-0.34584270187706506
NONAI01983_601997_20230203,601997,贵阳银行,2023-02-03,0.0,0,36,请问公司的城投债规模有多少呢？如果有，对业绩影响有多大？,尊敬的投资者，本行城投债规模不会对经营业绩产生较大影响，风险可控，感谢您的关注！,-0.8858440267461817
NONAI01984_601998_20230116,601998,中信银行,2023-01-16,0.0,0,95,你好，请问贵公司当前股价大幅折价每股净资产，现在配股，如按现价折扣配股，将大幅度稀释了每股净资产，会严重损害现有股东的权益。,感谢您的关注！我行本次配股对于夯实业务发展所需的资本基础，提升我行综合竞争力及增强风险抵御能力均具有重要意义。本次募集资金到位后，我行将持续做好经营管理，推动业务转型，提升市场竞争力，进一步为股东创造价值。,-0.8858440267461817
NONAI01985_601999_20230105,601999,出版传媒,2023-01-05,2.8846153846153846,3,104,请介绍下贵公司控股子公司北方国家版权中心的业务情况，是不是数据确权方面的业务？新的董事长有没有选好？,尊敬的投资者，您好！北方国家版权交易中心的主营业务主要是版权及知识产权的登记（确权）、交易、开发及会展培训等。 公司新任董事长一经按照法定程序选举产生后，公司将按照上市公司信息披露有关要求及时进行披露，敬请关注公司披露的相关信息。,-0.402958226622837
NONAI01986_603000_20230103,603000,人民网,2023-01-03,3.1914893617021276,3,94,您好！公司主营业务有哪些？,尊敬的投资者，您好。人民网是由人民日报社控股的上市公司，从事的主要业务包括：广告及宣传服务业务、内容科技服务业务、数据及信息服务业务、网络技术服务业务以及其他服务业务。详情请参见公司定期报告中相关内容，谢谢。,-0.3515873968224812
NONAI01987_603005_20230206,603005,晶方科技,2023-02-06,0.5586592178770949,1,179,贵公司有没有逻辑芯片小颗粒封装技术储备？,您好，公司专注于集成电路先进封装服务，依靠晶圆级封装，TSV硅通孔，扇出型封装等先进工艺为包含影像传感芯片、生物身份识别芯片、MEMS芯片等各类数字和模拟集成电路产品提供高密度集成工艺，封装的产品广泛应用于智能手机、安防监控数码、汽车电子、机器视觉、AR/VR等应用领域。公司持续为集成电路客户前沿封装需求提供客制化服务，并通过一系列国内外知识产权在多种封装封装工艺发展方向进行了相关布局。谢谢您的关注。,-0.7923242442269492
NONAI01988_603009_20230223,603009,北特科技,2023-02-23,4.3478260869565215,1,23,董秘您好！ 公司有无华为有业务往来吗？比如华为赛力斯汽车。,尊敬的投资者您好！赛力斯是公司的客户。感谢您的关注!,-0.15801615409650274
NONAI01989_603011_20230113,603011,合锻智能,2023-01-13,2.7777777777777777,5,180,您好请问公司的产品在工业机器人方面有什么应用？最新的股东人数是多少？谢谢,1、您提到的产品在机器人方面应用应理解为机器人在产品方面应用。我们在整个工业自动化上面得到很大的应用，很多的机器人用于我们设备的自动化、搬运自动化方面。2、为了保证所有投资者平等获悉公司信息，公司会在定期报告中披露对应时点的股东信息。除此之外，股东如需查阅股东人数等有关信息，可以将身份证、联系方式及相关持股凭证发送至公司邮箱（xuqin@hfpress.com），公司经核实股东身份无误后进行回复。感谢您对公司的关注！,-0.4208428858866646
NONAI01990_603012_20230216,603012,创力集团,2023-02-16,1.3953488372093024,3,215,"首先.感谢你们不厌其烦的回复我们提出的问题。請問把带有时间和姓名的股票交易软件持仓截图和身份证一并扫描发送至公司邮箱，可以获知 非定期报告相关时点的股东人数吗？盼你们具体，明确答复。顺祝你们，身体健康，万事如意, 【比如截至到2023年2月10日贵公司的股东人数是多少？.",尊敬的投资者，您好！公司股东人数会在定期报告内披露，定期报告对应时点之外的股东人数不属于规则规定的强制信息披露范畴。如您确需查询相关信息，根据《公司章程》第三十三条 “股东提出查阅前条所述有关信息或者索取资料的，应当向公司提供证明其持有公司股份的种类以及持股数量的书面文件，公司经核实股东身份后按照股东的要求予以提供。”以及《公司法》的有关规定，如需查询股东人数，需持有本人身份证及股票账户卡，来公司本部，在公司相关部门确认本人身份后，可提供您所需的相关资料。感谢您的关注。,-0.6522620583144243
NONAI01991_603015_20230427,603015,弘讯科技,2023-04-27,1.4184397163120568,2,141,董秘您好，贵公司有无在AI+工业方面的布局？谢谢！,投资者您好，在工业自动化（智能制造）业务板块，公司掌握工业控制技术、驱动技术、通讯总线技术、运动模组技术、机器人控制技术、物联网技术，是各领域智能制造解决方案的核心。在工业互联网板块，有工厂数字化管理相关软件类产品与解决方案，用于塑料加工行业、工厂能源管理及储能管理、智慧农业管理等。具体请参照公司定期报告相关章节。,-0.6483966356689814
NONAI01992_603017_20251226,603017,中衡设计,2025-12-26,6.976744186046512,3,43,贵公有航天概念的业务吗？有的话…正板块都在发展…市值升值…贵公司不升反降…是不是业绩出现亏损啊？,您好！公司商业航天相关业务及投资情况请参阅公司发布的定期报告及临时公告。感谢您对公司的支持！,0.28206581541260556
NONAI01993_603018_20230222,603018,华设集团,2023-02-22,2.0,5,250,您好，贵公司长期以来的应收账款都是不少于30亿元。22年三季度更加达到了38亿元，对比同行业上市公司这个数额的应收款算是较高的。现在对于应收账的回款工作是怎样的？公司是不是以大量垫资完成工程的方式来换取中标？这样资金的大量占用是否会为公司带来财务风险。基于这些情况公司采取了什么样的措施来控制这些风险项？谢谢！,您好，感谢您对公司的关注和支持！工程咨询行业特点收款具有滞后性，勘察设计在项目最先完成，收款往往和施工进度同步。公司针对这些情况制定了风险控制机制，在项目投标阶段，针对一定金额以上的项目业主，会进行风险判断评价，根据风险可控承担，决定是否承接，一般情况下不会采取垫资方式。2022年收款较2021年有所增长。在项目开展过程中，搜集各种外部证据和相关资料，确保项目应收款真实性和法律上有效性，同时对于达到合同收款条款的项目，第一时间进行催款和收取；在绩效考核和薪酬发放上，部分薪酬发放和收款金额进行挂钩，提高项目收款率。从近年财务情况看，公司经营性现金流良好。,-0.5510432053273293
NONAI01994_603019_20230110,603019,中科曙光,2023-01-10,5.2631578947368425,1,19,请问，中科曙光二级市场上的这种独立于自身所属任何板轮动利好，独立下跌不止，腰斩不止，请问公司是否有退市风险？,您好，公司目前经营正常，感谢您对公司的关注。,-0.004789233538675474
NONAI01995_603025_20230103,603025,大豪科技,2023-01-03,3.3333333333333335,1,30,公司重组授权6月份就要到期了。请问公司还会开股东大会来延迟授权吗？,尊敬的投资者您好，公司近期暂无召开股东大会的安排，请关注公司公告。,-0.3278426577147611
NONAI01996_603030_20230912,603030,*ST全筑,2023-09-12,4.296875,11,256,董秘您好！贵公司在华证、万得等主流ESG评级体系中得分都很低（CCC）。在社会日益重视ESG的背景下，公司如何回应社会关切？是否有环境保护、节能低碳方面的计划？谢谢。,公司将“节能、环保”写入公司的经营宗旨，并制定了相应的垃圾控制制定，做好施工项目的环保工作。公司致力于推广绿色施工的装配式技术。公司在2018年就打造了国内首个100%全装配式的住宅楼盘，并不断拓展装配式技术的应用场景和落地项目。参与了国家和上海市政府多项关于住宅建设、装修、节能环保等课题的研发。2022年11月进博会期间，相应国家双碳战略，全筑总部大楼经过零碳楼宇改造，预计运行一年后总体节能减排11%，可运用方舟数字化能碳管理系统，形成“碳账本”，实现系统化、可视化及常态化。公司根据国家生态文明建设要求，大力推动生态环境保护和改善工作，参与节能和环保计划，共同建设美好和谐的环境。,-0.1665453869791161
NONAI01997_603031_20230331,603031,安孚科技,2023-03-31,3.4482758620689653,2,58,请问最近定增进展怎样？谢谢。,尊敬的投资者：您好！公司向特定对象发行股票事宜目前尚在上海证券交易所审核过程中，相关进展敬请关注公司公告。感谢您对公司的关注！,-0.30860123119643634
NONAI01998_603035_20230111,603035,常熟汽饰,2023-01-11,2.127659574468085,1,47,尊敬的董秘，按贵司《公司章程》第32、33条，股东可以通过向公司提供持股证明等文件查询股东数——请问将相关文件发去贵司邮箱，你们会按照公司章程规定办理查询业务嘛？,尊敬的投资者，您好！有关股东人数问题还请以公司在法定信息披露媒体上披露的公告为准。感谢您的关注与支持！,-0.5296729401303814
NONAI01999_603038_20230103,603038,华立股份,2023-01-03,18.42105263157895,7,38,请问，截至2022年12月30日，公司的股东数是多少？谢谢,尊敬的投资者您好！截至2022年12月30日的股东数量将在公司2022年年报中披露，感谢您的关注！,2.19784774948009
NONAI02000_603039_20240709,603039,泛微网络,2024-07-09,1.2903225806451613,2,155,你好，请问您们现在涉及低代码开发平台等产品吗？具体情况如何？,尊敬的投资者，您好！公司低代码平台e-builder，融合了无代码、低代码、全代码的模式来构建应用，支持通过导入和配置的方式快速构建应用和搭建流程，结合数据中心提供的图表元素，支持快速构建报表，不仅支持PC和移动端的同步，且可通过云商店随需调用已配备的千余种成熟管理应用场景，帮助组织便捷地搭建更多、更丰富的业务场景，从而满足更多个性化需求。感谢您的关注！,-0.669843496798535
NONAI02001_603042_20230404,603042,华脉科技,2023-04-04,6.25,3,48,董秘你好，请问贵司低压配电柜是不是可以应用于智能电网项目？,尊敬的投资者您好！感谢您对公司的关注。低压配电中的智能配电柜等产品，适用于智能电网中配网智能化部分。谢谢！,0.16040854018773187
NONAI02002_603056_20230106,603056,德邦股份,2023-01-06,0.6369426751592356,1,157,董秘你好，疫情放开后，我发现贵公司在山东聊城临清市的物流节点因为阳性问题年前已经不再接单，流通存在很大问题，这也违背国家保持物流节点畅通的规定。我想问的是这是贵公司的个别现象还是普遍现象？这种情况会对贵公司的业绩产生何种影响？谢谢！,尊敬的投资者您好，自疫情优化政策出台以来，快递员陆续出现感染情况，出现小部分网点因快递员出勤率低而影响揽收的情况。公司已全力进行调度与部署，通过调动临时资源、对上岗人员进行激励补贴、做好快递员健康保障等举措，最大限度地保障在岗人员的正常作业以及末端网络的畅通。经过一段时间的努力，快递员的出勤率已明显上升，快递服务已有效恢复，感谢您的关注。,-0.7792195613261651
NONAI02003_603057_20230117,603057,紫燕食品,2023-01-17,8.219178082191782,6,73,公司股价近期严重落大盘和板块其他个股，请问公司4季度奖经营是不是较前三季度有明显下降？4季度的疫情封控，对公司有无严重影响？,您好，股价涨跌取决于宏观经济形势、资本市场走势，存在一定的波动风险，当前公司经营状况一切正常。4季度的经营数据和公司经营情况可以关注公司2022年年报，感谢您的关注！,0.4900497599066363
NONAI02004_603060_20230302,603060,国检集团,2023-03-02,0.0,0,36,集团有设立人工智能、自动驾驶类的认证吗？如果没有未来五年有计划吗？,您好，公司可以开展汽车用制动器衬片产品强制性产品认证及相关工作。感谢您的关注！,-0.8858440267461817
NONAI02005_603062_20231114,603062,麦加芯彩,2023-11-14,0.7142857142857143,1,140,请问贵公司的业务有没有涉及军工行业的外涂材料？,尊敬的投资者，您好！公司目前业务未涉及军工行业。麦加芯彩是国内风电叶片、集装箱领域领先的涂料供应商。公司将继续围绕新能源、远洋运输、大基建三大业务板块发展，基于现有风电叶片涂料和集装箱涂料的优势，不断拓展在风电塔筒涂料、船舶涂料、海工涂料、储能设备涂料、光伏涂料等领域的技术储备及市场推广。感谢您对公司的关注！,-0.7662723048108773
NONAI02006_603066_20230112,603066,音飞储存,2023-01-12,1.5625,2,128,公司当前生产状态是否饱满？,谢谢您的问题。安徽马鞍山智能工厂一期项目随着MES等信息化系统的导入，产能得以充分释放，处于满负荷运行；二期项目已完工，马鞍山智能工厂将实现产能的持续增长；景德镇堆垛机工厂已投产，音飞及罗伯泰克联合团队协作帮助其产能提升。公司也在加快泰国工厂的建设以应对海外市场旺盛的订单需求。,-0.6242808850127033
NONAI02007_603068_20230119,603068,博通集成,2023-01-19,3.409090909090909,3,88,您好，请问贵公司是否建立财务共享中心，如建立，请问具体是在哪一年？如果按照1-5分对财务共享相关的组织人员、业务流程、运营管理以及信息系统的运行水平进行评分（1代表水平较差，5代表水平极高）您对这四项分别打多少分？如果按照初建期，提升期，稳定期，成熟期，卓越期和衰退期来描述财务共享实施的阶段，您认为是在哪一阶段？如果没有建立，请问贵公司是否有使用大数据等信息技术进行财务集中核算处理？期待您的回答，感谢,尊敬的投资人您好！公司已建立相对完善的财务体系，并设有严谨的内部控制制度，现有财务管理制度及人员配置等符合公司现阶段的发展的需求，公司会持续升级系统，完善信息化体系建设。感谢您对公司的关注！,-0.31516080841859245
NONAI02008_603081_20230329,603081,大丰实业,2023-03-29,2.5,1,40,您好，请问贵公司是否建立财务共享中心，如建立，请问具体是在哪一年？如果按照1-5分对财务共享相关的组织人员、业务流程、运营管理以及信息系统的运行水平进行评分（1代表水平较差，5代表水平极高）您对这四项分别打多少分？如果按照初建期，提升期，稳定期，成熟期，卓越期和衰退期来描述财务共享实施的阶段，您认为是在哪一阶段？如果没有建立，请问贵公司是否有使用大数据等信息技术进行财务集中核算处理？期待您的回答，感谢,尊敬的投资者，您好。公司已建立规范的财务管理流程，以支持公司业务发展的需要。感谢您的关注。,-0.4673429999726163
NONAI02009_603082_20240201,603082,北自科技,2024-02-01,2.857142857142857,1,35,请问人形机器人标准化工作组成立，北自所任组长单位，此消息是否属实？,北自所是北自科技控股股东，关于北自所相关问题请关注北自所相关公开信息，谢谢！,-0.40755713900496404
NONAI02010_603083_20230508,603083,剑桥科技,2023-05-08,2.9411764705882355,1,34,尊敬的董秘，您好！请问贵公司是否与华为有业务往来？,尊敬的投资者，您好！目前，公司与华为在多个领域有业务往来。感谢您对公司的关注。,-0.39348987760081056
NONAI02011_603089_20230410,603089,正裕工业,2023-04-10,0.0,0,86,请问公司是否有磁流变减振器、电磁阀控制液压减震器的产品研发与销售？,您好，感谢对我司的关注！公司努力抓住机会积极投入研发高端减震器，并且取得了新能源汽车减震器、空气悬架减震器和阻尼可调式减震器等多种新品种的研发成果，部分高端新品减震器已经实现销售。谢谢！,-0.8858440267461817
NONAI02012_603091_20240926,603091,众鑫股份,2024-09-26,0.0,0,34,请问公司涉及手机等电子产品礼盒包装吗？,尊敬的投资者，您好! 公司有电子产品礼盒包装等精品工业包装业务，感谢您的关注。,-0.8858440267461817
NONAI02013_603096_20230103,603096,新经典,2023-01-03,5.2631578947368425,4,76,请问公司董秘，宫崎骏的电影《你想活出怎样的人生》已经定档，这本书同名小说中文版是否在公司出版，目前销量情况如何？电影是否会对图书销量有影响？公司如何抓住这个机会扩大此书影响力？,投资者您好，公司于2019年推出《你想活出怎样的人生》，截止目前累计销量超60万册。公司将会同步电影上映的契机开展该作品的相关营销活动，加强向读者的宣传推广力度。感谢您的关注！,-0.004789233538675474
NONAI02014_603103_20230109,603103,横店影视,2023-01-09,1.7543859649122806,1,57,请问公司是否与凤凰集团、凤凰卫视、凤凰网、吴小莉等合作？,尊敬的投资者您好，公司主营业务为影视投资、制作、发行、电影放映及相关衍生业务，目前暂时没有与上述媒体及个人的合作，感谢您的关注。,-0.592159095677013
NONAI02015_603106_20230130,603106,恒银科技,2023-01-30,2.7027027027027026,2,74,请问国民信托那笔未兑付理财处理什么进展了,尊敬的投资者您好，公司会严格按照《上海证券交易所股票上市规则》等相关规定履行相关信息披露义务，相关信息请以公司在指定信息披露媒体上披露的公告为准。感谢您的关注！,-0.43341048428827317
NONAI02016_603108_20230112,603108,润达医疗,2023-01-12,2.2058823529411766,3,136,董秘好，疫情管理降低等级，住院人数增多，对于公司业务有促进作用吗？公司业务与住院人数还是去就诊人数是什么关系？,尊敬的投资者您好！公司作为公立医疗机构院内医学检验实验室综合服务商，公司主营业务的增长与医院门急诊量及住院床位量息息相关。随着新冠病毒感染由“乙类甲管”调整为“乙类乙管”，各级医疗机构医疗救治工作平稳有序运行，医院门急诊，住院等诊疗活动已逐步恢复正常，公司主营业务亦保持快速复苏增长。感谢您的关注。,-0.5165784148871534
NONAI02017_603110_20230413,603110,东方材料,2023-04-13,8.0,8,100,公司收购Td tech 对公司有什么好处，天天跌！,尊敬的投资者，您好！关于此次交易事项的相关情况您可以查阅公司在上海证券交易所网站（www.sse.com.cn）及公司指定信息披露媒体刊登的《关于收购公司标的资产股权的公告》（公告编号：2023-026）、《关于收购标的资产股权的风险提示公告》（公告编号：2023-032）。,0.4533592589292277
NONAI02018_603111_20230208,603111,康尼机电,2023-02-08,1.9230769230769231,1,52,公司恒竞路厂区靠近南京地铁6号线，请问该厂区是否有搬迁计划？如有，何时实施？,尊敬的投资者，您好：据向有关部门了解，公司厂区不在地铁6号线规划范围内，公司生产厂区目前没有搬迁计划。感谢您的关注！,-0.5639201599972852
NONAI02019_603112_20230210,603112,华翔股份,2023-02-10,2.5210084033613445,6,238,2023年1月6日，山西省企业联合会、山西省企业家协会第30次年会暨2022山西企业100强发布会在太原举行，会上发布了2022山西企业100强排行榜，2022山西企业100强排行榜数据显示，华翔股份2022年营收53.82亿元，排名第64位。请问榜单数据是否真实？,尊敬的投资者您好，公司主要从事各类定制化金属零部件的研发、生产和销售业务，目前已经形成包括铸造工艺、机加工工艺、涂装工艺、生铁冶炼等综合服务体系，具备跨行业多品种产品的批量化生产能力，产品主要应用于白色家电、工程机械、汽车零部件等领域。公司聚焦核心主业，完善产业链布局，通过内部改善和资本投资双重驱动，进一步构建公司差异化的核心竞争能力，促进各项主营业务稳健增长。关于公司的2022年的经营情况，公司将按照法律法规及规范性文件的要求，按时披露相关定期报告，具体经营数据以定期报告为准，请您关注公司定期报告，感谢您对公司的关注！,-0.46382618462157793
NONAI02020_603118_20230220,603118,共进股份,2023-02-20,2.0,1,50,2023年订单充足吗？,投资者您好！公司订单为滚动获取，目前生产经营情况稳定，具体订单情况请参考公司后续披露的定期报告，感谢您的关注！,-0.5510432053273293
NONAI02021_603121_20230105,603121,华培动力,2023-01-05,8.333333333333334,2,24,董秘您好！ 请问贵司是否与华为及其子公司有业务往来？,目前，公司没有与华为及其子公司进行合作。感谢您的关注。,0.5091593958323698
NONAI02022_603122_20230104,603122,合富中国,2023-01-04,3.0303030303030303,12,396,请问董秘，公司属于什么板块，什么概念？之前还是新冠，现在变动这么大？最近股票大跌，为什么没有公告？只能跌不能涨？公司价值在哪里？请如实回答,尊敬的投资者，您好！感谢您对公司的关注。公司属于医药商业板块，主要营业项目是医院体外诊断试剂及耗材集约化平台业务，即为各级医疗机构提供病患日常看诊所需的所有体外诊断检测试剂及耗材。一直以来，新冠核酸检测试剂及新冠抗原自测产品都并非公司主营产品，仅为在疫情防控期间根据客户需求提供，具体可参考2022年12月21日的e互动问答回复。公司近日股票价格虽有浮动，但尚未触发需进行公告的情形，故未有单独公告。股价走势受诸多因素影响，如宏观经济形势、大盘走势、行业情况、投资者偏好等。作为一个为各级医疗机构提供全面的体外诊断产品集约化采购服务的平台，公司以客户需求为导向，利用公司本身与供应商之间无代理义务且不排除竞品的多品牌合作供应链平台，为医院提供符合政策趋势的降本降耗服务；同时利用自身两岸医疗资源优势，通过搭建两岸医疗交流平台，为客户提供符合国家政策要求的提质增效服务。随着防疫政策的放开，公司的价值也将更好地体现在所服务客户身上。希望广大投资者持续关注公司。,-0.37857005489943574
NONAI02023_603123_20230131,603123,翠微股份,2023-01-31,0.0,0,59,尊敬的董秘，您好！目前线下因疫情影响，贵公司是否有开展电商业务？谢谢！,公司零售业务主要通过线下实体百货门店开展，同时积极推进线下线上的融合，整合APP、官微、小程序、直播间等渠道促进线上营销。感谢您的关注。,-0.8858440267461817
NONAI02024_603129_20230222,603129,春风动力,2023-02-22,3.0303030303030303,2,66,"请问：查看公司三季度报告，其中有投资收益-95,722,704.54 ，其他权益工具投资公允价值变动-123,872,546.22。 请问具体都是些什么投资？谢谢！",尊敬的投资者您好，投资收益主要系美元远期结售汇业务和银行理财产品收益；其他权益工具公允价值变动系公司持有的KTM AG股票投资产生。感谢您的关注，谢谢！,-0.37857005489943574
NONAI02025_603130_20230206,603130,云中马,2023-02-06,17.647058823529413,6,34,公司的年报什么时候发布？,尊敬的投资者，您好！公司已预约于2023年4月18日披露2022年报。感谢您的支持与关注！,2.068280868126045
NONAI02026_603135_20230413,603135,中重科技,2023-04-13,1.6042780748663101,3,187,请介绍下贵公司智能机器人相关情况，另外是否可以人机对话？,尊敬的投资者：您好！公司主要产品为智能装备及生产线。整个生产线通过中央控制室下达指令实现高度自动化的运行，该生产线中包含了智能打包机器人、智能标识机器人、拆辊机器人、码垛机器人等机器人。生产线自动化系统包括轧制模型、层流冷却模型、主令控制算法、AGC、AWC、AJC 自动控制模型等，具备自感知、自学习、自决策、自执行、自适应等功能。具体内容请见招股说明书。公司持续关注和研发前沿技术，融合发展并逐渐实现技术的迭代升级。感谢您的关注。,-0.6172872181214338
NONAI02027_603138_20230110,603138,海量数据,2023-01-10,2.0618556701030926,2,97,请问公司产品在信创方面的份额有多大？,尊敬的投资者您好，海量数据作为国产数据库技术的领航企业，以“坚持自主创新、掌握核心技术”为己任，专注于数据库产品的研发、生产、销售和服务。相关信息请以公司在指定信息披露媒体披露的定期报告及临时公告为准。感谢您的关注。,-0.5406885407473649
NONAI02028_603162_20230404,603162,海通发展,2023-04-04,1.492537313432836,1,67,公司生产经营正常吗？,投资者您好，公司目前经营状况健康稳定，公司将积极做好经营管理工作，提升经营业绩，持续推动公司健康发展，以良好的经营业绩回报广大投资者，感谢您的关注。,-0.6359926674783815
NONAI02029_603163_20230130,603163,圣晖集成,2023-01-30,2.3255813953488373,2,86,老美最近打压国内半导体，公司的客户有半导体公司，老美的打压是否会对公司的经营产生不利影响？,尊敬的投资者，您好！美国对中国芯片业的制裁对国内产业链有一定影响，但随着国家产业扶持和相关政策的推动，国产替代化的不断发展，目前并未对公司的生产经营产生重大不利影响，感谢您对公司的关注。,-0.49654074602658593
NONAI02030_603165_20230105,603165,荣晟环保,2023-01-05,3.90625,10,256,尊敬的董秘您好，从贵司的年报中了解到公司近年来加大新兴产业的布局，通过人才、项目储备，打造传统产业向数字经济升级示范版，那么请问贵司在数字经济方面有哪些具体的业务布局和产品？,尊敬的投资者，您好！公司一直致力于推动造纸、包装生产、销售、仓储物流全过程的数字化升级，以提升整体效率。公司先后与浙江中控技术公司、广州博依特智能信息科技公司就智能化、数字化工厂打造结成了战略合作伙伴关系。通过引进高端智能制造设备，实现生产高度自动化。主要生产过程采用信息物联网全覆盖，依托ERP平台构建市场、供应商、客户等基础数据库，以现代信息技术、网络通讯技术、知识管理和持续管理创新为基础，实现工业化与信息化深度融合，从而构建生产、供应链、运营等紧密结合的协同制造体系。荣晟环保纸基新材料工业互联网平台已入围2022年省级工业互联网平台创建名单。感谢您对公司的关注！,-0.23193617241248574
NONAI02031_603167_20230118,603167,渤海轮渡,2023-01-18,5.208333333333333,5,96,宁总您好，公司是否考虑过收购黄海造船的计划？当初公司上市口口声声说要做大做强，而这么多年都没有明显的效果。收购上下游企业可以迅速发展壮大，很多上市公司都是这么做的。另外公司对于明年的目标是什么？只是恢复到历史常态吗？,公司没有收购黄海造船厂的计划。2020年3月公司收购了威海海大公司，是公司从战略角度考虑做大做强主业的重要举措。收购威海海大使公司进一步扩大了运力规模、丰富了航线布局、提高了市场份额，增强了竞争优势。感谢您的关注！,-0.01396688763458711
NONAI02032_603171_20230220,603171,税友股份,2023-02-20,3.9215686274509802,10,255,您好，请问贵司有没有关乎人工智能方面的投资，研发或者未来规划,答：尊敬的投资者，您好！公司在人工智能、大数据、知识图谱等技术方面的研究及应用一直走在行业的前列，人工智能技术已深度运用于公司财税信息化服务领域。如：由公司自主研发的AI机器人咨询服务，已经实现了较大规模的应用。截至2021年末，公司线上服务方面AI服务已超过60%，问答服务范围包括办税、政策应用、发票实务、财务处理等。公司同时也是“中国人工智能产业发展联盟（AIIA）”理事单位，并联合国内各大高校、研究所等组建了税务大数联盟、上海市人工智能与财务转型发展研究院等。未来，公司将持续开展新技术研究，加大人工智能在财税服务方向的研发投入，加速推动中国财税数字化、智能化转型。谢谢您的关注！,-0.22937182788568694
NONAI02033_603173_20230202,603173,福斯达,2023-02-02,1.0362694300518134,2,193,董秘你好，贵公司是否开展天然气、煤化工、工业气体等相关业务？,尊敬的投资者，您好！公司长期致力于深冷技术领域，专业从事各类深冷技术工艺的开发及深冷装备的设计、制造和销售，为客户提供深冷系统整体解决方案。公司产品主要包括空气分离设备、液化天然气装置（LNG装置）、绕管式换热器、化工冷箱和低温储罐等深冷装备。近年来，公司与国内天然气、煤化工、石油化工、冶金、核电、航空航天、半导体、多晶硅片、新能源电池等行业客户以及中东等海外地区客户建立了业务合作关系，提供了多套空分设备和LNG装置。感谢您对公司的关注！,-0.7123720985498851
NONAI02034_603180_20230104,603180,金牌厨柜,2023-01-04,2.4691358024691357,4,162,您好 公司模式为以销定产 在库存增加的情况下是否代表了有大量在手订单,您好！感谢您对公司的关注。公司从事定制家居业务，采取“以销定产”的生产模式，根据客户订单需求、未来销售、在手订单等情况进行相应的备货、排产，一直以来公司产品产销率保持较高水平。近年来公司库存有所增加，主要是随着营收的快速增长、产能规模的提升，产成品余额相应增长，以及为应对疫情导致原材料供应受到影响和原材料价格上涨等情况，公司适当增加了原材料的库存储备。谢谢！,-0.4725096793154998
NONAI02035_603185_20230106,603185,上机数控,2023-01-06,6.956521739130435,8,115,股价的下跌真实反应了贵司的现状吗？管理能力有限,尊敬的投资者您好！二级市场股票价格受宏观经济、市场情绪、投资者偏好等多种因素影响。2022年前三季度，公司实现归属于上市公司股东的净利润28.31亿元，同比增长101%，公司盈利能力正在持续提升。公司目前生产经营情况正常，公司将持续关注并努力做好日常经营，提升业绩水平。,0.27868056949330466
NONAI02036_603189_20230316,603189,网达软件,2023-03-16,3.4482758620689653,4,116,贵司在卫星互联网方面有哪些项目和应用？,尊敬的投资者，您好！公司《北斗+5G融合通信网下的智慧海洋监管系统》成功入选全国“移动物联网应用优秀案例”。目前，公司已中标全国唯一渔船渔港精密智控建设试点工程，实现浙江沿海船舶运输数字化智能化，为公司在智慧交通物联网领域的业务发展打下示范基础。感谢您的关注。,-0.30860123119643634
NONAI02037_603194_20250108,603194,中力股份,2025-01-08,1.9083969465648856,5,262,请问木蚁机器人等群体搬运解决方案提供商的兴起对公司传统叉车业务的影响如何？公司有无群体机器人搬运解决方案？有哪些优势？,尊敬的投资者，您好！近年来，受人力成本持续上涨、生产制造企业转型升级等外部因素影响，传统依靠人力搬运的物流作业环节开始出现由机械化向自动化、智能化转型的趋势。叉式移动机器人是在叉车上加载各种导航技术，构建地图算法，辅以避障安全技术，实现叉车的无人化作业。叉式移动机器人广泛应用于重复性搬运、搬运强度大、工作环境恶劣等搬运场景，有着广阔的应用前景。相比于传统叉车，叉式移动机器人能保证操作精度、效率和安全性，协助实现整个生产流程的无人化作业，维持 24 小时全天候稳定运转，有效提高搬运效率。公司推出的 X-Mover 搬马机器人已应用于物流公司转运中心，有效提高搬运效率。感谢您对公司的关注。,-0.566377594094605
NONAI02038_603195_20230130,603195,公牛集团,2023-01-30,4.0,1,25,董秘您好，贵公司使用共聚硅作为原料吗？供货商是哪家？,您好！生产经营情况请以公司披露的信息为准，感谢您的关注！,-0.21624238390847703
NONAI02039_603197_20230223,603197,保隆科技,2023-02-23,12.727272727272727,7,55,您好! 特斯拉新HW4.0或标配4D毫米波雷达。请问保隆科技在4d毫米波雷达方面是否有布局?是否量产？进展如何?客户情况? 谢谢!,公司于2021年底开始布局4D毫米波雷达研发，现在还处于优化调试阶段，预计今年8月份会对外开展客户推广，初步量产时间是24年Q1。,1.2447066550101513
NONAI02040_603205_20241113,603205,健尔康,2024-11-13,1.408450704225352,1,71,请问公司会积极开拓国内市场吗？,尊敬的投资者您好，感谢您对健尔康的关注与关心。公司一直在积极开拓国内市场，包括OTC药房、医院院线以及其他渠道，可关注公司相关的公开披露信息。再次感谢您的关注！,-0.6500688003948772
NONAI02041_603206_20230223,603206,嘉环科技,2023-02-23,0.0,0,26,公司在元宇宙，虚拟现实方面是否有布局？,尊敬的投资者您好，公司暂未在元宇宙、虚拟现实方面布局，谢谢。,-0.8858440267461817
NONAI02042_603208_20230109,603208,江山欧派,2023-01-09,6.015037593984962,8,133,请问贵司2022年12月30日的股东人数是多少？,"尊敬的投资者，您好！截至2022年9月30日，公司股东人数为9,107户。根据信息披露公平性原则，公司将在定期报告披露对应时点的股东人数，请您及时关注。若您确有需要了解某个时间节点的股东人数，可携带持股证明及本人身份证原件至公司董秘办，由公司工作人员核实股东身份后查阅公司股东名册。感谢您的理解和关注！",0.12107573691953957
NONAI02043_603209_20230614,603209,兴通股份,2023-06-14,6.0,3,50,请问董秘，近期的船舶利用率同比 环比情况如何？,尊敬的投资者，您好，感谢您对公司的关注！目前公司船舶运营情况良好，具体的经营数据请参考公司披露的相关公告，谢谢！,0.11855843751037533
NONAI02044_603211_20230223,603211,晋拓股份,2023-02-23,2.0833333333333335,1,48,公司有毫米波雷达相关产品吗？,尊敬的投资者，您好！公司用于自动驾驶毫米波雷达控制器的配套产品已进入小批量量产阶段，感谢您对公司的关注！,-0.5370931711015439
NONAI02045_603214_20230111,603214,爱婴室,2023-01-11,16.129032258064516,5,31,请问，截至2022年12月30日，公司的股东数是多少？谢谢,尊敬的投资者，您好! 截至2022年12月30日，公司股东人数为17380人。感谢您的关注!,1.8141625975994016
NONAI02046_603216_20230612,603216,梦天家居,2023-06-12,1.2345679012345678,1,81,请问二季度截止到目前公司在手的房屋装修订单充足吗？一季度公司的业绩不理想，公司的股价也是上市以来一直创新低，跌破发行价，请问公司有什么维稳的措施吗？,尊敬的投资者您好！公司目前经营正常。公司股价的波动会受到宏观经济、产业政策以及市场波动等诸多因素影响，请您注意投资风险；公司将继续做好生产经营来提升公司内在价值，感谢您的关注！,-0.6791768530308407
NONAI02047_603218_20230203,603218,日月股份,2023-02-03,0.411522633744856,1,243,公司股价连续大跌，之前有投资者询问过公司经营情况，公司答复“公司目前生产一切正常，公司内外部经营环境也未发生重大变化，不存在应披露而未披露的重大信息”。刚刚发布业绩，利润下滑近80%，扣非净利润下滑近90%。这算一切正常？ 公司对“正常”二字如何理解？下降了90%，也算经营正常。请教，按公司逻辑，什么情况，属于“经营不正常”？,尊敬的投资者您好，公司严格按照中国证券监督管理委员会和上海证券交易所的规定履行信息披露义务，若有达到披露标准的事项，公司将及时进行披露。对于您说的内容，在上海证券交易所的上市规则中已经有明确的定义，公司严格按相关规则进行信息披露。二级市场股价受市场环境等多重因素的影响，行业发展具有一定的周期性，也具有一定的不确定性，在您做投资决策时，奉劝您一定要做好规划和一定的心理承受能力，公司上市以来，也经历了行业强装期，也经历了行业低谷期，相信做好内部管理提升工作，总有一天会迎来“山花烂漫”时，但愿那时您还在灯火阑珊处。谢谢您的关注！,-0.816954968841068
NONAI02048_603219_20230419,603219,富佳股份,2023-04-19,3.125,4,128,截至到2023年4月10日贵公司的股东人数是多少？.,尊敬的投资者您好！根据上市公司信息披露相关规定以及信息披露原则，公司将在定期报告中披露公司主要股东情况及股东数量，如需了解其他时间点的股东人数，根据《公司章程》和相关法律规定，您可以将持股证明及本人有效身份证件发送至公司邮箱furja@furja.com，公司核实股东身份后将予以提供，感谢您的关注。,-0.3627177432792249
NONAI02049_603220_20230320,603220,中贝通信,2023-03-20,4.651162790697675,4,86,请问公司生产的光子器件产品有哪些,公司生产的光器件主要为光无源器件，产品主要应用于以下几个方面：1、波分复用产品，用途主要应用在5G、传输网、接入网；2、光纤耦合器，主要应用在光纤放大器和FTTR；3、激光雷达组件，主要应用在车载激光雷达。,-0.10723746530699016
NONAI02050_603221_20230505,603221,爱丽家居,2023-05-05,19.29824561403509,11,57,贵公司目前经营是否正常？生产线利用率如何？销售情况怎样？,亲爱的投资者您好！公司生产经营正常，公司经营情况具体请参见2023年4月29日披露的《2023年第一季度报告》及《2022年年度报告》。感谢您的关注！,2.3446902150146745
NONAI02051_603222_20230209,603222,济民医疗,2023-02-09,3.75,3,80,你好 ，请问公司国外的试剂盒是不是满产满销呢，面对国内爆发的巨大试剂盒需求，公司为什么不能对国内进行销售呢，公司有没有开拓国内市场的规划呢。利国利民利己。,尊敬的投资者您好，感谢您对公司的关注！公司全资子公司西班牙LINEAR公司的相关产品尚未取得国内注册证，暂不能在国内销售。对于西班牙LINEAR公司的优势产品，公司将积极引入国内申报注册，谢谢。,-0.25809248658583356
NONAI02052_603226_20230103,603226,菲林格尔,2023-01-03,0.0,0,78,请问贵公司参投的临港和海南两大基金所投的企业是否有已上市或待上市企业？,尊敬的投资者您好，公司参投的临港产业基金和海南产业基金中暂无已上市企业。公司将密切关注两个基金的投资进展，如涉及信息披露事项将严格按照相关规定进行披露。感谢您的关注。,-0.8858440267461817
NONAI02053_603228_20230302,603228,景旺电子,2023-03-02,4.49438202247191,4,89,董事长您好，请问公司是否有4D毫米波雷达的产品？是否给特斯拉供货？,尊敬的投资者，感谢您对本公司的关注！公司为国内外汽车零部件商批量供应车载雷达产品，包括超声波雷达、激光雷达及毫米波雷达（含4D毫米波雷达）等，公司的高频PCB板可用于77Ghz及79Ghz的毫米波雷达，目前已量产。谢谢。,-0.13348263029932245
NONAI02054_603230_20230110,603230,内蒙新华,2023-01-10,4.316546762589928,12,278,请问贵公司在助力教育行业高质量发展方面有什么新技术的应用？说一下公司对新一年的展望布局，有望带来新利润增长点的方面？谢谢！,尊敬的投资者，您好，公司长期以来持续建设升级覆盖全区的教育服务网络及教育服务专员体系，为内蒙古自治区中小学校及师生提供教材教辅、教育装备、教育信息化、数字教育产品等相关教育服务，同时也在不断扩展数字化创新业务，加强数字出版内容投送平台建设和管理，深入探索读者阅读行为和阅读习惯的数字化转型，提供更便捷、人性化的数字化阅读技术服务，全面推进全民阅读的多媒体、多平台融合。未来公司会不断立足文化消费、教育服务、现代物流三大主体产业，以“互联网+”为路径，以“创新驱动、融合发展”为战略，以重点项目为抓手，开创公司产业发展和转型升级的新格局，成为自治区文化产业的领跑者，最新情况请关注公司2022年年度报告，感谢您对公司的关注。,-0.16325232584218388
NONAI02055_603232_20230712,603232,格尔软件,2023-07-12,0.5714285714285714,1,175,您好！贵司在数据要素领域有何布局呢？,答：尊敬的投资者您好，感谢对公司的关注。公司紧跟数字经济繁荣发展、数据安全需求增强、信创产业加速推进的行业趋势，在确保商用密码领域市场优势的基础上，进一步加大密码技术与产品在各类场景中的应用与推广，积极探索与推进密码技术在关基行业的应用和产品布局，积极开展数据要素、车联网、工业互联网、物联网、区块链、企业数字化转型等场景下的数据安全、密码应用、身份认证、隐私保护技术的研究与产品应用。,-0.7901866491979382
NONAI02056_603233_20230118,603233,大参林,2023-01-18,7.142857142857143,7,98,您好，请问贵公司是否建立财务共享中心，如建立，请问具体是在哪一年？如果按照1-5分对财务共享相关的组织人员、业务流程、运营管理以及信息系统的运行水平进行评分（1代表水平较差，5代表水平极高）您对这四项分别打多少分？如果按照初建期，提升期，稳定期，成熟期，卓越期和衰退期来描述财务共享实施的阶段，您认为是在哪一阶段？如果没有建立，请问贵公司是否有使用大数据等信息技术进行财务集中核算处理？期待您的回答，感谢,尊敬的投资者你好，公司已建立财务共享中心并在2022年正式投入运营，是行业内率先建立财务共享中心的公司之一。其落地运营提升了公司财务人员人效，未来公司将持续加大对IT的投入，逐步向信息化、数字化和智能化的方向迈进，谢谢。,0.30987319260686247
NONAI02057_603236_20230213,603236,移远通信,2023-02-13,1.5384615384615385,1,65,请问公司现在是否编制年度社会责任报告或类似ESG报告？,您好，公司持续坚持社会责任同自身的长期发展相结合，积极履行社会责任，相关内容可参阅公司在上海证券交易所网站披露的历次年度报告。感谢您的关注！,-0.6283049333470645
NONAI02058_603256_20230104,603256,宏和科技,2023-01-04,9.89010989010989,9,91,"银河证券发布研报称高端电子布的市场格局为日本企业、中国台湾企业与宏和科技三分天下，公司市占率全球第一。与直接竞争对手相比，公司在原材料成本、燃料价格、人工成本及制造效率方面均具备优势，募投项目产能释放在即，营收有望增厚：募投项目5,040万米高端电子布项目将于今年年末建成。请问公司募投项目何日开工，还是已经开工？谢谢董秘！",尊敬的投资者：您好！非常感谢您的支持和关注！宏和科技于2023年1月1日，黄石宏和年产5040万米5G用高端电子级玻璃纤维布项目首批装置启动试生产，在完成试生产阶段各项工作后，项目预计将于今年Q2季全面投产。谢谢！,0.7697644308195717
NONAI02059_603257_20250408,603257,中国瑞林,2025-04-08,0.0,0,105,请问公司或者子公司涉及稀土吗？,感谢您的提问。公司主要业务聚焦于为境内外有色金属采矿、选矿、冶炼、加工产业链客户提供工程设计咨询、工程总承包、装备集成等工程技术服务，同时业务延伸至环保、市政等领域，本公司目前未直接涉及稀土的开采、选矿、冶炼、生产及销售等核心业务环节 。,-0.8858440267461817
NONAI02060_603261_20230130,603261,立航科技,2023-01-30,1.2121212121212122,2,165,董秘你好，请问公司是否为成飞提供配套？或为成飞公司提供产品或合作吗？,尊敬的投资者，您好。公司主要客户为航空工业集团下属多家主机厂及院所单位，最终用户主要为军方；公司主营飞机地面保障设备及工艺装备设计制造、飞机零件加工及部件装配等业务，产品线涉及多型号军用飞机（包括现役及最新一代战斗机、轰炸机及运输机）、民用飞机。根据军工保密要求，具体军工客户名称、军机机型不得对外披露，望理解。公司与主要客户的合作长期稳定，订单充足，感谢您的关注！,-0.6829344380074833
NONAI02061_603272_20230117,603272,联翔股份,2023-01-17,0.0,0,103,最近家居板块非常活跃，公司没有进入家居板块，但公司应该是真正的家居板块，请问公司生产的墙布是可以用于装修装饰的吧？公司产品用于个人家庭装饰装修的比例有多少？用于企事业装饰装修的比例有多少？,尊敬的投资者您好! 公司将艺术文化与家居装饰相结合，主要从事墙布的研发、设计、生产与销售业务。公司主要产品为墙布，包括刺绣墙布和非刺绣墙布两大类。公司产品及服务主要应用于室内墙面装饰领域，目前客户主要为家装消费者。 感谢您的关注！,-0.8858440267461817
NONAI02062_603280_20230106,603280,南方路机,2023-01-06,0.8,1,125,公司上市是为了什么？股价上市就持续下跌如果投资者从公司上市买入到现在还是亏损？公司是否需要提振公司股票价值？,您好，公司密切关注自身股价情况，股价的波动受市场多种因素的影响，在短期内具有不确定性，请注意投资风险。公司认为，提升企业市值、维护股价良好运行的核心是持续增强公司的核心竞争力和持续盈利能力。公司将持续做好经营管理，提升内部价值，争取用更好的经营业绩回报投资者。感谢您的关注!,-0.7519236981786408
NONAI02063_603286_20230131,603286,日盈电子,2023-01-31,3.8461538461538463,1,26,董秘你好，请问公司有无产品应用到电子后视镜？,尊敬的投资者，您好！目前公司没有电子后视镜产品的销售。谢谢！,-0.24199629324838873
NONAI02064_603289_20230215,603289,泰瑞机器,2023-02-15,8.620689655172415,5,58,请问，截至2022年12月30日，公司的股东数是多少？谢谢,截至2022年12月30日，公司的股东人数为19436户！股东人数随着交易的进行实时在变化，能给各位投资者提供的价值有限，股市有风险，入市需谨慎！,0.5572629621281819
NONAI02065_603296_20230815,603296,华勤技术,2023-08-15,5.864197530864198,19,324,董秘您好，随着5G和算力需求的爆发，贵司在数据中心领域有着怎样的优势？,您好，公司在数据中心领域沉淀了比较丰富的行业经验及技术积累，可以根据不同应用场景，提供从规划、设计、实施到运维的整套数据中心解决方案；具备先进的数据中心架构设计能力，能够满足大规模、高效率、高可靠性等要求；拥有完善的服务体系，提供从设计、方案、实施到维护的全方位服务。公司从2016年开始布局数据中心领域，横向扩张产品领域，持续夯实经营稳健增长的可持续性。2022年公司数据业务实现营收5倍增长。同时也是国内为数不多能够提供从通用服务器、异构人工智能服务器、交换机数通产品到存储服务器等全栈式产品组合的厂商。当前，公司数据产品业务发展迅速，并正在发力企业级数据中心蓝海市场。未来公司将打造2+N+3（“智能手机+笔记本电脑”+“消费类电子产品”+“企业级数据中心产品+汽车电子产品+软件”）的产品结构，实现全球智能产品硬件平台的战略目标。谢谢。,0.09582504840168787
NONAI02066_603300_20230612,603300,华铁应急,2023-06-12,4.932735426008969,11,223,尊敬的董秘，高空作业平台替代部分人力是大趋势，请问目前高空作业平台渗透率提升到多少了？,投资者您好，高空作业平台运用广泛，可替代大部分传统登高作业设备，总体市场空间广阔。由于其作为通用工具类产品，渗透领域广等因素，目前市场尚无官方的机构或组织对渗透率情况进行统计及公布。公司高空作业平台产品主要应用于房屋修缮、外墙修缮、工程施工、场馆建设、市政绿化、影视拍摄等多元化场景，目前仍处于渗透率提升阶段。自2018年以来，高空作业平台的市场保有量年复合增速超过40%，截至目前，国内高空作业平台设备保有量已突破50万台，预计未来几年仍将保持较快增长，2025年市场保有量有望突破100万台。感谢您的关注！,-0.06010209051134408
NONAI02067_603303_20230214,603303,得邦照明,2023-02-14,1.8018018018018018,2,111,尊敬的董秘，欧美消费降级对公司有何影响？,尊敬的投资者您好，公司对外部经济环境保持持续关注，目前公司在欧美地区的产品主要为绿色节能环保的照明产品，需求较为刚性，受能源危机的影响较小，其次，公司财务状况良好，是行业头部企业，抗风险能力较强，目前公司订单和生产都保持稳定，非常感谢您的关注。,-0.584221665107576
NONAI02068_603311_20230323,603311,金海高科,2023-03-23,0.0,0,44,董秘您好，请问公司的抗病毒材料目前在国内是否有应用和推广？,尊敬的投资者，您好！公司生产的抗病毒材料已远销国内外，详细进展请关注后续定期报告及临时公告。谢谢！,-0.8858440267461817
NONAI02069_603313_20230302,603313,梦百合,2023-03-02,0.0,0,38,贵公司今年订单量，有没有所提升？未来行情怎么样？,目前来看，部分市场需求逐步在好转，公司具体经营情况请关注后续定期报告，感谢您的关注！,-0.8858440267461817
NONAI02070_603317_20230206,603317,天味食品,2023-02-06,4.069767441860465,7,172,邓老板手握大量资金，上次增发的资金都没用完，闲置理财，在资金非常充裕的情况下，为什么还要搞GDR增发?对公司发展有什么积极的意义？,投资者您好，公司非公开发行募集资金主要用于生产基地改扩建以及营销服务网络升级改造。公司作为复合调味品行业头部企业，本次发行GDR并在瑞士证券交易所上市，是为了进一步发展公司核心业务和开展战略投资，在海外新建或投资合资工厂，加强在西式复合调味料领域的研究和开发，拓展公司海外销售渠道，持续提升公司品牌的国际知名度和竞争力，符合公司长远的战略规划和布局。感谢您对公司的关注！,-0.20456328548688912
NONAI02071_603322_20230308,603322,超讯通信,2023-03-08,1.639344262295082,1,61,请问公司有没有web3.0技术储备和应用。,尊敬的投资者，您好！公司始终关注行业前沿技术的迭代，将在web3.0有更成熟的应用场景后适时展开对相关新技术的研究。感谢您的关注与支持！谢谢。,-0.6114171239438437
NONAI02072_603323_20230112,603323,苏农银行,2023-01-12,12.5,6,48,"请问贵司截止2022年12月31日的股东人数是多少,非常感谢，点赞关注。",尊敬的投资者您好，根据相关规定，本行截至2022年12月31日的股东户数将在2022年年度报告中予以披露，敬请关注。谢谢。,1.2066611071216455
NONAI02073_603341_20240308,603341,龙旗科技,2024-03-08,0.0,0,37,杭州有个百亿量化也叫龙旗科技，是子公司？,尊敬的投资者，您好！公司并未涉及量化投资业务，公司与杭州龙旗没有关联。感谢您的关注。,-0.8858440267461817
NONAI02074_603350_20240710,603350,安乃达,2024-07-10,3.3333333333333335,1,30,请问公司会积极推动人工智能在电动车行业的应用吗？,尊敬的投资者您好！目前公司业务暂未涉及人工智能领域，感谢您的关注。,-0.3278426577147611
NONAI02075_603353_20230404,603353,和顺石油,2023-04-04,1.694915254237288,1,59,尊敬的董秘，请问贵司与嘉臣道开发商长沙和顺阳光置业有限公司是什么关系？,尊敬的投资者您好！长沙和顺阳光置业有限公司系公司控股股东湖南和顺投资发展有限公司的参股公司，公司与之无直接关系。感谢您的关注！,-0.6021145170691882
NONAI02076_603357_20230404,603357,设计总院,2023-04-04,1.8867924528301887,2,106,请问你公司在人工智能 数字经济 算力方面有何优势？,您好！公司一直以来致力于工程领域知识图谱建设，持续推进智慧商务平台建设，通过自行开发已取得阶段性成果，现已建成企业私有云平台，形成可支撑大型工程计算、三维模型渲染、AI模型训练的强大算力，除满足自用外，可对外承接计算业务。感谢您的关注！,-0.5699941952189626
NONAI02077_603368_20230119,603368,柳药集团,2023-01-19,0.0,0,49,"请问贵司截止2022年12月31日的股东人数是多少,非常感谢，点赞关注。",您好！公司严格按照有关法律法规的规定和要求履行信息披露义务，公司股东人数将在定期报告中予以披露，敬请关注！,-0.8858440267461817
NONAI02078_603369_20230131,603369,今世缘,2023-01-31,4.545454545454546,1,22,请问今年有股东送酒活动吗？,您好，感谢您对公司的关注！公司目前没有类似的计划。,-0.12493306897606267
NONAI02079_603373_20231221,603373,安邦护卫,2023-12-21,1.0526315789473684,1,95,公司有安防大数据吗？,尊敬的投资者您好，公司是一家综合性的安全服务提供商，目前主营业务覆盖金融安全服务、综合安防服务和安全应急服务三个领域，正积极拓展海外安保业务，其中综合安防服务中包含智能安防系统的销售及施工。感谢您的关注！,-0.7096330681046805
NONAI02080_603377_20230120,603377,东方时尚,2023-01-20,1.1111111111111112,1,90,请问大股东不断减持股份意图是怎么？股份公司是否存在重大利空因素？或大股东公司有流动性风险是否有破产风险？,尊敬的投资者，您好！大股东减持系其自身安排，不会对上市公司的治理结构和持续性经营产生影响。公司不存在重大利空因素。公司将依据证监会、上交所相关规定，及时履行相关信息披露义务。感谢您对东方时尚的关注！,-0.6998435704023748
NONAI02081_603378_20230529,603378,亚士创能,2023-05-29,6.081081081081081,9,148,请问贵公司今年一季报净利润亏损的具体原因是什么？估计今年全年能够盈利吗？股价跌成这样，建议采取回购、增持等措施稳定一下股价。,您好！受冬季施工及春节因素影响，一季度通常是本行业企业全年营收的淡季。2023年一季度，本公司受益于综合毛利率提升等积极因素，净利润与扣非净利润亏损大幅收窄。2023年，公司经营主基调是“量的合理增长和质的显著提高”，各季度及全年盈利情况，请您届时关注公司定期报告披露信息。若公司后续推出回购、增持计划，我们将按规定及时披露相关信息。谢谢。,0.1321314437841125
NONAI02082_603383_20230106,603383,顶点软件,2023-01-06,1.7857142857142858,2,112,公司有没有涉及能源电子交易方面的软件？谢谢,感谢您的关注！公司聚焦金融科技，为金融行业提供全面、创新的全域产品与服务，同时开展非金融行业信息化业务。其中：要素交易市场是公司长期持续投入和积极开拓的市场；公司为包括产权、区域性股权、金融资产、环境能源等要素交易市场的机构提供信息化产品与服务。,-0.5869147219079207
NONAI02083_603385_20230208,603385,惠达卫浴,2023-02-08,1.7857142857142858,2,112,希望公司在产品外观设计和智能化加大投入，看了下公司产品公司马桶连个壁挂式都没有，未来的消费群体是年轻人，只是质量上是无法打动年轻人的，产品设计要摆在第一位，同时加大综艺节目的广告投放。。。,投资者您好，公司始终坚持以市场需求为导向，做到始于颜值、忠于品质，公司的智能马桶和普通马桶均有壁挂式产品，您可前往当地城市实体门店了解产品详情。公司也将进一步通过产品设计和研发创新，不断满足消费者多样化的需求。感谢您对公司的关注，祝您生活愉快。,-0.5869147219079207
NONAI02084_603386_20230224,603386,骏亚科技,2023-02-24,0.0,0,43,董秘，你好！请问贵公司的在毫米波雷达方面有哪些产品，谢谢！,尊敬的投资者，您好！公司有供应车载毫米波雷达相关PCB产品，但目前以样板及小批量为主。感谢您的关注。,-0.8858440267461817
NONAI02085_603390_20230106,603390,通达电气,2023-01-06,2.3076923076923075,3,130,10.07这么高的发行价是怎么确定的？现在的股价于你而言都是高的。董秘的回复好像机器人，就只有一个模板，有口号没行动，上市后从没有好公告，不是亏损就是违规，管理层没能力，怎么不考虑引进一下战略投资者？！,感谢您对公司的关注和建议！根据相关法规、业务规则，公司股票具体发行价格系经网下初步询价后确定，具体定价方法详见公司于上海证券交易所披露的《首次公开发行股票发行安排及初步询价公告》；二级市场股价受宏观经济形势、市场环境等多重因素影响，在一定时间内存在波动风险，敬请投资者注意投资风险。,-0.49953538664750596
NONAI02086_603396_20230316,603396,金辰股份,2023-03-16,2.857142857142857,1,35,董秘，你好，公司此前提交倒晋能的hjt设备目前测试结果如何？是否可以量产？在线等回复，谢谢！,尊敬的投资者，您好！公司目前提交给晋能的hjt设备达到量产标准。感谢对公司的关注。,-0.40755713900496404
NONAI02087_603398_20230110,603398,沐邦高科,2023-01-10,7.142857142857143,2,28,近期硅料硅片价格波动较大，公司硅片销售情况如何,您好，关于硅片具体销售情况请关注公司后续发布的定期报告，谢谢！,0.30987319260686247
NONAI02088_603416_20230111,603416,信捷电气,2023-01-11,9.375,3,32,您好，请问截止1月31日收盘的股东人数，谢谢，祝工作顺利！,尊敬的投资者您好，欢迎您致电0510-85134136转分机号8100查询股东人数，感谢您的关注！,0.6835348236546887
NONAI02089_603421_20230103,603421,鼎信通讯,2023-01-03,9.75609756097561,4,41,请问，截至2022年12月30日，公司的股东数是多少？谢谢,感谢您对公司的关注！相关数据请及时关注公司即将在上交所官网披露的2022年年度报告相关内容。,0.7473307118823663
NONAI02090_603439_20230208,603439,贵州三力,2023-02-08,4.166666666666667,1,24,是否有贵州企业会通过贵公司进行上市？,尊敬的投资者，您好！目前公司暂无此类计划。感谢您的关注！,-0.18834231545690594
NONAI02091_603444_20230626,603444,吉比特,2023-06-26,2.380952380952381,1,42,请问下。《问道外传》的版权在贵公司吗？,尊敬的投资者，您好！《问道外传》为公司开发的客户端游戏，公司享有该产品的软件著作权。感谢您的关注！,-0.487271620295167
NONAI02092_603456_20230403,603456,九洲药业,2023-04-03,23.80952380952381,10,42,董秘，您好。请问公司有没有2022年报业绩快报，或者业绩预告？20223年一季度业绩预告，有没有？,您好，感谢您对公司的关注与支持，公司2022年年度报告及2023年一季度报告将于2023年4月18日披露，谢谢！,3.099880037763965
NONAI02093_603466_20230316,603466,风语筑,2023-03-16,8.333333333333334,8,96,你好，股东减持完毕了吗？,尊敬的投资者，您好！公司于2023年1月发布了《上海风语筑文化科技股份有限公司大股东集中竞价减持股份计划公告》（公告编号：2023-002），公司将会关注股东减持计划后续的实施情况，并按照相关规定及时履行信息披露义务。感谢您的关注！,0.5091593958323698
NONAI02094_603486_20230512,603486,科沃斯,2023-05-12,7.142857142857143,4,56,请问什么分红？,您好！公司计划于5月26日召开年度股东大会。待2022年度现金分红方案获得股东大会审议通过后，公司将着手安排现金分红的派发。谢谢！,0.30987319260686247
NONAI02095_603496_20230306,603496,恒为科技,2023-03-06,1.8181818181818181,1,55,公司在调研活动中多次提到信创领域的布局，当前该领域方向的收入有没有实际体现在财务报告中，具体是属于哪个领域的业务收入。,公司信创业务主要涉及党政办公、网络安全、行业信创等领域。公司智能系统平台中包含了信创业务，相关收入已体现到定期报告。谢谢！,-0.5814796436381341
NONAI02096_603499_20230616,603499,翔港科技,2023-06-16,8.0,2,25,我是贵公司的一名投资者，请问截止2023年5月31日，公司的最新股东人数是多少？,您好！公司截至五月底股东人数为7532人，感谢您对公司的关注。,0.4533592589292277
NONAI02097_603500_20230601,603500,祥和实业,2023-06-01,1.36986301369863,1,73,公司领导！您好，请问截止2023.05.19我们公司股东人数是多少？谢谢！,尊敬的投资者您好！根据相关规定，除季度末外，其他时间点股东人数不属于公开信息，公司在信息披露方面为遵循谨慎公平原则，故不在互动平台上披露股东人数信息，还望谅解！,-0.6565283956373787
NONAI02098_603501_20230106,603501,韦尔股份,2023-01-06,0.6451612903225806,1,155,公司今年跌达到70%，严重高于行业水平，请问公司对于高位时仍提高库存，导致贬值严重，这种战略性的失败有人负责么？不要业绩涨了就想着加工资各种激励，而出现决策失败的时候又没人担责。这种决策者应该有所惩戒。弄不好公司都会被搞垮的,尊敬的投资者您好！今年受到下游终端市场需求疲软的影响，以消费电子为主的行业供应链各环节库存都处于较高水平。公司积极的进行产品线及供应链策略的调整，消化库存，降低库存风险。公司也将持续调整供应链和销售策略，高度重视并跟踪库存消化进展，相信随着下游库存的逐渐消化，电子元器件的供需情况实现再平衡，将对公司的业绩带来正向影响。谢谢您的关注！,-0.7778437617723584
NONAI02099_603505_20230217,603505,金石资源,2023-02-17,1.7543859649122806,1,57,董秘你好，请问公司江西宜春提锂项目进展如何，何时能投产。该项目经济效应如何,投资者您好！公司位于江西宜春丰城的细泥提锂项目进展顺利，目前正在快速推进中。按照计划，该项目将在一季度建成并进行带料试生产。,-0.592159095677013
NONAI02100_603506_20230112,603506,南都物业,2023-01-12,6.402439024390244,21,328,尊敬董秘：公司在科技投入方面如何？公司如何运用以物联网和云计算技术打造的集物业服务、社区商务和公共服务，办公财务自动化及远程管理于一体的智慧型社区运营平台。 物业市场拓展方面很重要，是否设立区域物业服务拓展中心，利用品牌效应使物业服务形成了覆盖全国的发展态势。,投资者您好，公司秉承“智慧管理、人文服务”的理念，2022年前三季度公司研发费用较去年同期增长58.64%。公司通过自主开发和外部合作等方式，同时引入智能设施设备，搭建了匹配各类场景的智慧服务平台，如悦嘉家智慧社区服务平台等，并通过智慧车管、远程监控等实现了在管项目管理效率与经济效益的提升。 作为一家独立第三方物业企业，公司多年来依靠自身品牌效应、专业能力等进行市场拓展，持续获取物业项目。在区域布局方面，公司从“浙”出发，按照“1+N”区域布局，深耕“1”个长三角经济圈，同时辐射至周边“N”个城市，在现有全国化布局基础上，提升已进入区域项目密度。截至2022年9月30日，公司服务版图已覆盖全国40余个城市，总签约项目699个，总签约面积8389.85万平方米。未来，公司将以国内领先的城市运营综合服务商为战略定位，践行高质量发展，用自身稳健优质表现，给予投资者积极反馈。,0.18592689547880292
NONAI02101_603508_20230320,603508,思维列控,2023-03-20,1.9083969465648856,5,262,蓝信老大赵建州周五发布减持公告，加上之前几位公司高管的减持计划，让投资者很郁闷也很受伤，想请问一下，赵总和高管减持公司股票的目的和用途是什么？是不看好公司未来的发展还是有其它不得已的苦衷？能否具体说明一下。,尊敬的投资者，您好！公司是我国列车控制系统、铁路安防系统的主要供应商和中国高铁车载综合监测系统的核心供应商，在我国列车车载信息化领域占据核心地位，盈利能力较强。近年来，公司积极顺应铁路系统改革发展，通过提升市场占有率、加大调车防护系统等新产品推广等措施，努力降低铁路客运量下滑及设备投资下降等对公司的不利影响，实现了稳健的发展，2022年下半年以来公司业绩稳中向好。公司管理层持续看好铁路行业发展，对公司未来发展充满信心。公司部分股东、高管减持主要基于筹集资金缴纳前期重大资产重组股权转让个税、股权激励个税、偿还个人借款之需要，并非不看好发展。感谢您对公司的持续关注。谢谢！,-0.566377594094605
NONAI02102_603515_20230420,603515,欧普照明,2023-04-20,4.651162790697675,4,86,我想提个建议欧普能不能重视一下护眼灯产品？作为中国头部的照明企业，我想买一款欧普的护眼灯…但是发现贵公司的产品没有很好的。基本都是中低端，中端的价位在400-500的在网上的测评中，也不是最好的。高端的产品线更加是没有反而一些非上市的小公司有更好的产品，更贵的产品。例如孩某宝等护眼灯起码是个百亿级别市场，而且可以往高端线发展别错过了,尊敬的投资者，您好。感谢您的建议！公司近年来持续在线上补齐中高端产品线，包括新一代护眼灯元睿2Pro，三重控光技术，有效呵护双眼。该产品指标领先行业水平，并荣获2022年“企业标准领跑者”称号。谢谢您的关注！,-0.10723746530699016
NONAI02103_603516_20230616,603516,淳中科技,2023-06-16,1.9607843137254901,1,51,您好，贵公司何总称2022年能够芯片流片成功，现在已经过了2022年，公司芯片流片的事一直没有成功，是不是这个项目遇到了什么困难，后续是成功的概率大还是失败的概率大？2023年能成功吗？,尊敬的投资者，您好，公司自研ASIC芯片的设计和验证仿真工作已经完成，具体流片等信息请关注公司后续公告。感谢您的关注。,-0.5576079273159343
NONAI02104_603528_20230103,603528,多伦科技,2023-01-03,24.0,6,25,董秘您好！请问贵公司最近股东总人数是多少？谢谢！,尊敬的投资者您好！截至2022年12月30日公司股东总数是29060户。,3.131765830280046
NONAI02105_603529_20230117,603529,爱玛科技,2023-01-17,1.694915254237288,2,118,董秘你好最近b站有up主曝光贵司电动车存在缺陷请问是否属实？？,尊敬的投资者，您好！公司始终将技术研发、质量稳定作为立足之本，在生产过程中精益求精，保证高品质的产品输出。在整车制造及检验方面，公司实施精益生产模式提高效益，通过首检、自检、互检、抽检及专检的“五检制”来保证品质。公司高度重视产品的品质与安全。非常感谢您对公司的关注！,-0.6021145170691882
NONAI02106_603533_20230320,603533,掌阅科技,2023-03-20,11.439114391143912,31,271,请问股东量子跃动2023年3月16号减持百分之2的股份，没有提前通知，是不是有意违规？请问怎么处罚？,"尊敬的投资者，您好，根据《上市公司股东、董监高减持股份的若干规定》、《上海证券交易所上市公司股东及董事、监事、高级管理人员减持股份实施细则》的相关规定，大股东、董监高计划通过集中竞价交易减持股份，应当在首次卖出股份的15个交易日前向上海证券交易所报告并预先披露减持计划。2023年3月16日，公司收到持股5%以上股东北京量子跃动科技有限公司的通知，其于2023年3月16日通过大宗交易方式减持公司股份4,510,000股，占公司总股本1.03%。同时，由于公司2020年度非公开发行股票公司总股本增加，致使量子跃动持有的公司股份被动稀释0.97%，合计权益变动比例达到总股本的1%，公司已按照相关规定履行信息披露义务。感谢您对公司的关注，谢谢。",1.0290684204834166
NONAI02107_603535_20230104,603535,嘉诚国际,2023-01-04,4.280155642023346,11,257,请问海南自贸区三亚云智世界港项目是否涉及供应链数据要素？,您好，该项目将建设成为节能低碳环保的智能绿色数字园区。以“物联网+大数据+云计算+人工智能+数字物流”为依托，定位于打造成为具有中国领先的线上线下相结合、低碳环保、现代化、智慧性、综合性、多功能特色的海南最具影响力和标杆的数智物流中心、商品展示展览中心、国际贸易中心、全球分拨中心、航空货栈楼超级转送中心、新零售体验中心等一体化的现代化国际贸易综合体。可为入园企业提供商品展示展览、大数据云服务，智能物流服务、商品线下零售，国内及跨境电子商务全程供应链服务、移动支付服务等。主要服务于嘉诚国际及子公司的长期合作伙伴——世界顶级家电及美妆企业进口产品对华销售的商流物流。谢谢。,-0.1693442143712059
NONAI02108_603556_20230522,603556,海兴电力,2023-05-22,1.8518518518518519,5,270,董秘，你好。请问公司在可再生能源方面的进展如何？希望能够具体聊一聊储能、充电桩及分布式发电业务。,尊敬的投资者，您好。公司已将新能源业务定位为公司发展的第二增长曲线，并已设立了新能源事业部作为推动新能源业务发展的组织机构。近年来，公司通过资源整合、自主开发并结合公司在智能配用电、IoT、系统软件、通信等领域的技术优势，在国内外开展实施微电网、分布式能源、综合能源管理、光储充等新能源相关业务。2022年，公司借助在南非市场的本土化优势，布局了新能源系列产品在南非市场销售的渠道业务样板点，通过与国内优质新能源产品供应商开展合作，打造集光伏组件、逆变器、储能电池等新能源系列产品一站式销售的渠道业务。目前，公司在国内外已实施了离网微电网、综合能源管理、工商业储能、光储充等多个新能源项目，感谢您的关注。,-0.5758432661731703
NONAI02109_603557_20230104,603557,ST起步,2023-01-04,4.545454545454546,2,44,回顾贵公司换了大东家后，并无一点亮点可言，请问贵公司对2022年经营是否满意？新的一年有无调整计划？,尊敬的投资者，您好！在新的一年公司将进一步聚焦主业，做好经营和发展，提高公司投资价值。感谢您的关注！,-0.12493306897606267
NONAI02110_603566_20230105,603566,普莱柯,2023-01-05,2.7777777777777777,3,108,新的一年开始了，首先祝公司继续高速发展做大做强！请问动保行业在2022年因为养殖行业的不景气受到了影响，2023年从行业面是否整体将处于复苏和景气周期？另外，公司的兽药产能改造和南京扩产进展如何？,尊敬的投资者，您好。首先，非常感谢您对公司的关注与支持！目前从相关行业研究报告分析来看，2023年下游养殖业整体景气度可期；另外，公司所有生产基地已按照新版GMP完成改造并通过验收，普莱柯（南京）兽用灭活疫苗生产项目已完成主体建设，正在进行净化装修。,-0.4208428858866646
NONAI02111_603568_20230207,603568,伟明环保,2023-02-07,7.407407407407407,4,54,请问贵公司实控人增持计划时间已经过半，增持情况如何了？,您好！截至目前，公司实控人通过上海证券交易所系统以集中竞价交易方式合计增持公司股份570多万股，增持金额约1.2亿元。谢谢！,0.35415901554586404
NONAI02112_603579_20230105,603579,荣泰健康,2023-01-05,5.797101449275362,4,69,您好，公司与小米合作共同生产的米家按摩椅，什么时候在小米店面能买到？贵司是否考虑与小米更进一步合作，利用小米在全国的门面优势和销售渠道？,尊敬的投资者您好：1、共同合作研发的产品目前还在研发制造中，产品出来后会第一时间和消费者见面，敬请期待；2、公司会考虑进一步合作。感谢您对荣泰健康的关注！,0.08459313678672364
NONAI02113_603598_20230419,603598,引力传媒,2023-04-19,11.538461538461538,9,78,董秘，你好！请问2023年一季报发布时间？今年和往年公司业务板块和业务目标有何变化？,尊敬的投资者您好，公司拟于2023年4月29日披露2023年第一季度报告。公司信息披露以公司在上海证券交易所网站（www.sse.com.cn）和公司指定信息披露媒体刊登的公告为准。感谢您对公司的关注！,1.0456991737471972
NONAI02114_603600_20230511,603600,永艺股份,2023-05-11,0.0,0,51,您好，请问：公司自2021年以来员工人数持续下降，尤其是在2022年，员工人数由前一年的近8000人，锐降到5800余人，减少了2000多人，其中，母公司减少约500人，子公司减少约1700人，主要减少的为生产人员，约2200人，原因是什么？谢谢,尊敬的投资者您好！公司持续推进精益生产和降本增效，同时根据业务规模相应调整人员配置，人效有所提升。谢谢您的关注！,-0.8858440267461817
NONAI02115_603602_20230210,603602,纵横通信,2023-02-10,0.0,0,24,请问贵公司的全数字营销是否有机器人聊天业务？,尊敬的投资者您好，公司无机器人聊天业务，感谢您的关注！,-0.8858440267461817
NONAI02116_603605_20230213,603605,珀莱雅,2023-02-13,17.142857142857142,6,35,请问公司年财报什么时候出来,尊敬的投资者您好，公司2022年年度报告预约披露时间为2023年4月21日。感谢您的关注。,1.9838772997011238
NONAI02117_603608_20230223,603608,天创时尚,2023-02-23,5.429864253393665,12,221,请问公司2月20日的股东人数，谢谢！,尊敬的投资者，您好，感谢您的关注！按照监管规定，公司依法在每年定期报告包括年度报告、一季报、半年报、三季报中分别披露截至当年12月31日、3月31日、6月30日、9月30日的上市公司股东人数，详情请您查看公司定期报告。其余非法定披露时间段，股东如需查询截至当月公司股东总数，需在提供相应的股东资料经查实确为公司股东后，股东可在指定场所现场查阅股东名册，查阅过程中不以任何方式（包括但不限于印刷、复印、临摹、拓印、录音、录像、拍照、翻录、翻扫等）对公司提供的股东名册进行复制，不以任何方式告知或泄露给其他主体。,0.023117479368349587
NONAI02118_603610_20230111,603610,麒盛科技,2023-01-11,5.882352941176471,2,34,请问贵司截止2022年12月31日的股东人数是多少，谢谢。,尊敬的投资者，感谢您对公司的关注。关于公司股东人数请关注公司定期报告。谢谢！,0.09886427154456055
NONAI02119_603611_20230116,603611,诺力股份,2023-01-16,4.844290657439446,14,289,商务部将按照《“十四五”现代物流发展规划》有关要求，会同相关部门进一步完善包装、托盘、周转箱等标准，加强以标准托盘为基础的单元化物流系统系列标准制修订，加快运输工具、载运装备、设施体系等标准对接和系统运作，努力提高全社会物流运销量，请问公司作为公司是仓储物流领域领先的系统集成商和设备供应商，是否受益？可以介绍一下么，谢谢！,尊敬的投资者您好！ 1、《“十四五”现代物流发展规划》提出了“绿色低碳”原则，强调推动绿色物流发展，有利于促进新能源叉车和自动化立体仓库发展，提高其市场占有率；2、《“十四五”现代物流发展规划》提出了推动构建现代物流体系，提出了数字赋能、产业融合的任务，有利于推动物流产业的数字化、信息化，促进公司无人仓储、智能物流系统业务发展；3、《“十四五”现代物流发展规划》部署了14项工程，出台了10项新举措来推动现代物流行业的发展。提出“完成120个左右国家物流枢纽、100个左右国家骨干冷链物流基地布局建设，建设20个左右国家物流枢纽经济示范区”。 总之《“十四五”现代物流发展规划》是推动现代物流发展的纲领性文件，必将促进物流行业的发展，扩大物流市场的规模，给公司产品带来新的市场机遇。,-0.07490778109498232
NONAI02120_603613_20230130,603613,国联股份,2023-01-30,4.166666666666667,1,24,请问公司什么时候召开三季度业绩说明会，同时关于公司大股东和高管股份解禁，请公司尽快明确解禁和减持事宜，谢谢,尊敬的投资者您好！烦请关注公司公告，谢谢。感谢您的关注！,-0.18834231545690594
NONAI02121_603618_20230223,603618,杭电股份,2023-02-23,5.405405405405405,2,37,请问贵公司有提供新能源汽车快充这方面的业务吗？,感谢您对公司的关注。公司有新能源汽车用线缆的研发和专利。再次感谢您对公司的关注！,0.019023058169635416
NONAI02122_603628_20230320,603628,清源股份,2023-03-20,13.043478260869565,6,46,请问董秘，贵公司在出口业务方面，出口到欧洲地区的占比是否达到总出口量的5成,尊敬的投资者，您好！截止2022年度，公司出口欧洲地区的金额暂未达到公司总出口金额的50%。感谢您对公司的关注！,1.297639591202855
NONAI02123_603630_20230310,603630,拉芳家化,2023-03-10,7.352941176470588,5,68,公司的核心竞争力可以简单介绍一下吗？,您好，公司核心竞争力主要表现为：1、拥有完善的研发系统和实力；2、拥有历史积淀的品牌资产；3、拥有完善的渠道网络和强大的客户资源；4、拥有优质人才储备。谢谢。,0.34504134611724596
NONAI02124_603636_20230327,603636,南威软件,2023-03-27,0.0,0,35,请问董秘截止3月22日公司股东人数是多少？,投资者您好！公司将在各期定期报告中披露报告期末的股东户数情况，感谢您的关注！,-0.8858440267461817
NONAI02125_603637_20230206,603637,镇海股份,2023-02-06,0.0,0,51,请问贵司身为杭州市下的国有控股企业，在国企改革浪潮下做了哪些实质性改革？有无促进作用？,尊敬的投资者，您好！我公司的实际控制人为余姚市国有资产管理办公室，不是杭州市下的国有控股企业。感谢您的关注，谢谢！,-0.8858440267461817
NONAI02126_603656_20230112,603656,泰禾智能,2023-01-12,4.093567251461988,7,171,尊敬的董秘，您好，请问，贵公司截止2023年1月10日股东人数是多少？谢谢！,尊敬的投资者您好，公司已在定期报告中披露股东人数；根据《公司法》和《公司章程》的规定，股东有权查阅公司股东名册。股东查阅股东名册等有关信息时，应当向公司提供证明其持有公司股份的种类以及持股数量的书面文件（包括身份证及持仓信息），公司经核实股东身份后按照股东的要求予以提供。您可以将相关资料发送至公司邮箱thgdzq@chinataiho.com。我们核实后将及时回复您公司股东人数数据。感谢您对泰禾智能的关注！,-0.20057918758478802
NONAI02127_603658_20230103,603658,安图生物,2023-01-03,2.73972602739726,2,73,董秘，你好，请问现在疫情放开的大背景下，对贵公司的核酸检测业务产生了哪些影响？另外，公司布局的分子POCT产品目前进展怎样，主要针对哪些场景？,尊敬的投资者您好，感谢您对公司的关注。公司新冠核酸检测业务占比较低，对公司无明显影响。公司分子POCT布局主要面向急门诊和基层医疗机构，目前该技术平台搭建完成。谢谢。,-0.42721276452857576
NONAI02128_603660_20230207,603660,苏州科达,2023-02-07,4.661016949152542,11,236,尊敬的董秘您好，华为将在于2月8日举办发布会，届时将重磅发布“超融合+”战略及鲲鹏超融合、蓝鲸应用商城、超融合软件及配套工具等系列新品，围绕生态、体验、商业三方面全面升级。超融合指将计算、存储、网络和服务器虚拟化等资源和技术通过软件定义的方式整合到单一的软件解决方案或设备(如X86服务器)中，为企业实现可扩展的IT基础架构。请问下公司有没有这方面的技术储备呢？,尊敬的投资者，您好！公司所从事的业务及面对的主要客户与您提及的公司存在不小的差异，在公司为客户提供的众多产品和解决方案中，有一款“融合通信调度平台”产品。该产品最早于2019正式对外发布，2022年，公司面向全行业正式推出“融合通信一体机”。它能够融合各制式、各协议标准下的音视频通信资源，支持会议、语音、即时通信、大屏控制等一体化调度模式，提供跨平台、多手段的融合调度能力，并能够实现与客户上层业务的快速对接。目前该产品在公安、应急等部分行业客户已获得深度应用，您也可以至公司官网了解该产品的详细信息，感谢您对我司的关注与支持。谢谢!,-0.10558787513444955
NONAI02129_603666_20230403,603666,亿嘉和,2023-04-03,2.4390243902439024,1,41,董秘你好，连续好几个月获得外资的卖出是公司运营不正常，还是产品不被看好呢？,尊敬的投资者，您好！目前，公司各类产品业务正在有序进行，生产经营状态正常。感谢您对公司的关注！,-0.47755034208904473
NONAI02130_603679_20230112,603679,华体科技,2023-01-12,0.970873786407767,1,103,请问咱们公司生产的路灯杆可以加装光伏发电和储能设备吗？,您好！感谢您对公司的关注! 公司智慧灯杆可以加装光伏发电设备和电池储能设备。公司为德阳演艺公园及五洲广场提供的智慧灯杆及智慧座椅，安装了太阳能光伏板，可以将太阳能转换为电能与市电互补，并存储于电池中，为夜晚路灯照明提供电能。,-0.7233193561545057
NONAI02131_603681_20230220,603681,永冠新材,2023-02-20,4.878048780487805,2,41,你好：公司221H财报引用的Markets and Markets市场报告，预测2021年全球胶带行业收入618.6亿美元，约4000亿元。在同一页提到“全球胶粘带行业约千亿级市场规模”，两个口径差异很大，请问哪个相对准确？谢谢！,尊敬的投资者您好！千亿级市场规模指的就是人民币4000亿元的全球总量。 感谢您对永冠新材的关注！,-0.06925665743190772
NONAI02132_603682_20230314,603682,锦和商管,2023-03-14,0.0,0,29,您好，请问，贵公司截止2023年3月2日股东人数是多少？谢谢！,尊敬的投资者，感谢您的关注！股东人数可查询临近一期定期报告，谢谢。,-0.8858440267461817
NONAI02133_603686_20230324,603686,福龙马,2023-03-24,0.0,0,81,董秘您好，广州市政府日前发布2022-2025规划，推动城市公共车辆置换为新能源，党政军国企公务车辆置换为新能源车辆。这应该是以后全国各地的发展大趋势。请问贵司打算计划如何把握这个机会？,尊敬的投资者，您好！公司环卫装备和环卫服务业务在广东省深耕多年，占据一定的市场份额，我们将充分抓住州市政府推动公共车辆新能源化的次机会，深挖广州市场，扩大市场份额。感谢您的关注！,-0.8858440267461817
NONAI02134_603687_20230103,603687,大胜达,2023-01-03,1.1904761904761905,1,84,近期宽窄酒业参访了胜达集团，公司方能斌董事长就宽窄巷子深酱酒品牌和宽窄酒业进行了深度交流沟通，有合适的机会而且对公司的现有业务有促进，公司是否会对这些消费品产业进行外延并购？,尊敬的投资者、您好！公司会慎重考虑您的建议，公司将结合战略发展规划、业务发展目标、市场环境变化等因素综合考量，未来如有并购等意向，将根据相关规定及时履行信息披露义务，感谢您对公司的关注！,-0.6865578235206743
NONAI02135_603700_20230206,603700,宁水集团,2023-02-06,11.594202898550725,8,69,公司机械表在我国的市场占有率是多少？,尊敬的投资者您好！因行业较为分散，暂无市占率官方统计数据。公司2021年销售机械表828.77万只，行业空间测算情况可详见公司2020年度与2021年度定期报告。感谢您的关注！,1.055030300319629
NONAI02136_603701_20230109,603701,德宏股份,2023-01-09,1.492537313432836,2,134,贵公司控股重庆普来恩的主要产品是什么，是否已应用于新能源汽车？最近复工是否会对业绩产生积极影响？,尊敬的投资者，您好！公司控股子公司重庆普来恩中力汽车零部件有限公司的主要产品为电子真空泵，产品主要应用于新能源汽车，目前普来恩中力生产经营情况正常。近期国内疫情防控措施不断优化调整，随着国内市场的逐步复苏，有利于带动汽车行业的恢复和发展，对公司产品的销售带来积极影响。感谢您对公司的关注！,-0.6359926674783815
NONAI02137_603713_20230303,603713,密尔克卫,2023-03-03,2.5641025641025643,1,39,您好，请问贵公司是否建立财务共享中心，如建立，请问具体是在哪一年？如果按照1-5分对财务共享相关的组织人员、业务流程、运营管理以及信息系统的运行水平进行评分（1代表水平较差，5代表水平极高）您对这四项分别打多少分？如果按照初建期，提升期，稳定期，成熟期，卓越期和衰退期来描述财务共享实施的阶段，您认为是在哪一阶段？如果没有建立，请问贵公司是否有使用大数据等信息技术进行财务集中核算处理？期待您的回答，感谢,尊敬的投资者您好，公司已建有较为完善的财务共享中心，目前正在稳定提升期。感谢您的关注！,-0.4566122044143197
NONAI02138_603716_20230119,603716,塞力医疗,2023-01-19,1.6574585635359116,3,181,请问贵公司的新冠抗原检测盒能在国内销售吗？,尊敬的投资者，您好！公司生产的新冠抗原检测盒已取得国际CE认证，可在认可CE认证的国家销售，专供欧盟地区医疗机构使用。目前在国内尚未取得出售资格。公司的抗原检测（包括抗体检测）均已取得中国食品药品检定研究院的检测报告，但目前考虑申请国内销售资质的投入较高，暂时未列入申报计划。但公司的研发、注册部门正在积极调研、未来会正式向公司管理层提交新冠抗原检测产品是否申请NMPA注册的计划。感谢您对公司的关注。,-0.6083847824764146
NONAI02139_603721_20230111,603721,中广天择,2023-01-11,6.122448979591836,3,49,有消息称，贵公司将在抖音上开展跨境电商和跨境支付业务，是否如此？贵公司有信创吗？,尊敬的投资者您好，公司重大事项请以公司公告为准，具体业务情况您可以关注公司官网、公众号，感谢您对公司的关注。,0.1390564469849989
NONAI02140_603725_20230203,603725,天安新材,2023-02-03,1.2048192771084338,2,166,你好，我发现贵公司的下属公司浙江瑞欣装饰材料有限公司于2022年12月出现3次污染物(包括非甲烷总烃)排放超标。该超标在微博中也有相关的关注，具体参见：环境我知道。烦请核查改正，并也说明一下超标的原因，希望公司要重视和控制排污问题。,尊敬的投资者您好，感谢您对公司的关注！ 经核查，您提及的3次污染物排放超标均为因设备的正常停运操作而导致的数据异常，实际排放未超标。公司均已及时在当地生态环境部门监控系统内如实反馈并确认不属于污染物排放超标情况。公司一直以来高度重视安全环保问题，始终将达标排放作为重点工作积极落实，有关工作符合国家法律法规、有关环保政策和当地生态环保部门的监管要求。谢谢！,-0.684156784927596
NONAI02141_603726_20230113,603726,朗迪集团,2023-01-13,1.9047619047619047,2,105,请问宁波朗迪环境主营业务是什么？未来主要发展方向怎么规划的？,尊敬的投资者：您好！公司子公司宁波朗迪环境科技有限公司主营业务为空气过滤网，主要应用于家用空调和商用空调等。目前该子公司体量较小，未来将加大空气过滤网在抗菌、防霉等方面的技术储备，适时向其他应用领域延伸和拓展。感谢您的关注，谢谢！,-0.56698610158537
NONAI02142_603729_20230327,603729,龙韵股份,2023-03-27,0.0,0,30,请问公司在AI营销是否有投入发展,尊敬的投资者，您好！截至目前，公司未涉足AI营销领域业务。感谢您的关注！,-0.8858440267461817
NONAI02143_603738_20230116,603738,泰晶科技,2023-01-16,0.0,0,130,公司对未来市场如何看待，是否有新的增量市场出现？公司有无其他产品布局，以弥补晶体振荡器产品过于单一所面临的同行业竞争，技术替代风险？,尊敬的投资者，您好！感谢您的关注！随着全球经济环境的变化，新的行业，新的机遇也在不断变化。公司下游用户涉及广泛的应用场景，不同行业的产品逐势不同，应用场景正在逐步延升到工业控制、汽车电子、新能源、北斗导航等高成长性市场，并相应的提供针对这些行业的高端、高稳的时钟产品方案，市场空间巨大。谢谢！,-0.8858440267461817
NONAI02144_603739_20230103,603739,蔚蓝生物,2023-01-03,1.0101010101010102,2,198,恭喜董秘获奖。公司能否从防疫和保护股东身体健康出发，向每位在册股东免费派发公司的优质益生菌产品。,尊敬的投资者，您好，感谢您对公司的关注和建议。益生菌可以通过在人体肠道内自身的生长促进其它有益菌生长，抑制致病菌，从而使整体肠道菌群到达一个更健康和平衡的状态。肠道是人体最大的免疫器官，肠道更健康，人体免疫力也会相应提高。但是，益生菌并不能防止病毒感染。益生菌可以广泛应用于食品、保健品、护肤品等领域，拥有广阔的市场前景和发展前途，属于国家产业政策鼓励发展的行业。公司更多具体产品信息请查阅公司在上海证券交易所网站披露的定期报告。,-0.7167527027972663
NONAI02145_603759_20230220,603759,海天股份,2023-02-20,20.0,6,30,请问年报何时出来？,尊敬的投资者您好，公司2022年年报预计2023年4月26日披露。感谢您的关注！,2.4621641874423417
NONAI02146_603766_20230106,603766,隆鑫通用,2023-01-06,16.129032258064516,10,62,董秘您好：前三季度公司无极品牌的销售占比是多少？该品牌的盈利能力怎么样？谢谢。,投资者您好！2022年前三季度公司 “无极”系列摩托车实现营业收入7.45亿元，同比增长17.35%。“无极”品牌的盈利能力要好于传统小排量通路车。感谢您的关注！,1.8141625975994016
NONAI02147_603777_20230215,603777,来伊份,2023-02-15,9.67741935483871,6,62,请问截至2022年12月20日，贵公司股东人数是多少？谢谢,"尊敬的投资者，您好！公司在定期报告中披露对应期末时点的股东人数信息。截至2022年9月30日，公司持股户数为32,869户，请供参考。感谢您的关注与支持！",0.7341599478611684
NONAI02148_603797_20230117,603797,联泰环保,2023-01-17,9.285714285714286,13,140,你好，董秘:贵公司春节期间是燃放烟花是否能达到pm2.5？是汕头市政府出资举办的还是贵公司为了给汕头出一份力所能及的事免费赞助的？,尊敬的投资者，您好！汕头市城市管理和综合执法局于2023年1月10日发布了工作动态，汕头市政府为喜迎癸卯兔年到来，让全市人民度过一个欢乐、祥和、喜庆、文明的新春佳节，决定在春节期间举办2023年迎新春大型焰火晚会，详情请您关注汕头市城市管理和综合执法局发布的工作动态（https://www.shantou.gov.cn/stscgj/gkmlpt/content/2/2173/post_2173744.html#3319）。感谢您对公司的关注！,0.6685883584127758
NONAI02149_603803_20230309,603803,瑞斯康达,2023-03-09,3.7037037037037037,1,27,董秘您好，请问公司业务是否有涉及卫星互联网或者天基互联相关技术？,尊敬的投资者您好，目前公司业务未涉及以上技术。感谢您的关注。,-0.2658425056001588
NONAI02150_603808_20230609,603808,歌力思,2023-06-09,4.743833017077799,25,527,贵公司：请问有无开创或者收购知名内衣品牌或男装，虚拟人有无再多加几位的可能？以后公司如何利用人工智能降本增效？谢谢！,尊敬的投资者，您好！（1）公司以“成为有国际竞争力的高端时装品牌集团”为战略目标，上市以来依托投资并购为切入点，引入多个国际时装品牌，形成了多元化的品牌矩阵，并逐步建立起与之相适应的多品牌集团化运作模式，通过丰富的收购经验与良好的运营能力建立了业界口碑。公司截止目前没有开创或者收购知名内衣品牌，在男装方面，旗下IRO Paris、Ed Hardy和 Ellassay品牌均有男装，此外，近日公司公告通过合资经营企业取得加拿大高端羽绒服品牌Nobis中国内地和港澳地区业务，详情可参见公司于2023年6月3日披露的《对外投资公告》。（2）2021年公司突破性地推出通过全CGI数字技术创作的虚拟数字人 @飒ELISA，引领了国内时尚品牌探索数字科技的行业趋势，也代表着公司开启数字化转型的又一创新。目前Elisa除了担任公司的首位虚拟数字员工、可持续大使，也通过以小红书为代表的不同社交网络平台，借助虚拟形态不断延伸时尚场景，解锁未来构想，不断引发年轻一代的讨论，为品牌提供数字时尚的无限可能性。截止目前，公司尚未增加新的虚拟人，未来将视需求而定。（3）公司十分关注时尚行业创新与数字科技的探索，已经成立了AI运营委员会，推动AI技术在公司各领域进行有效探索和广泛应用，包括采用 AI训练模型生成数字大片、短视频等。同时，公司也积极关注人工智能在设计研发、智能营销、供应链管理方面的降本增效实践，将持续探索人工智能技术的应用和时尚产业创新的可能性。,-0.09172443135042183
NONAI02151_603811_20230103,603811,诚意药业,2023-01-03,9.30232558139535,4,43,请问公司：保健品高纯度鱼油进展如何了，我们都盼望着!!!!,感谢您的关注!公司保健品鱼油其中一款含量为50%EPA+25%DHA已上市，京东旗舰店及微信商城均可购买，谢谢！,0.6713690961322014
NONAI02152_603813_20230316,603813,原尚股份,2023-03-16,8.955223880597014,6,67,您好，请问，贵公司截止3月10日股东人数是多少？谢谢！,尊敬的投资者您好！公司2023年2月28日股东人数为7103人，公司的股东人数会在定期报告中披露，请关注公司在上海证券交易所网站披露的定期报告。谢谢您的关注！,0.6132641288606197
NONAI02153_603825_20230216,603825,华扬联众,2023-02-16,4.166666666666667,1,24,请问贵公司与抖音母公司字节跳动是否有合作业务,您好！公司与字节跳动有日常业务合作，感谢您的关注，谢谢！,-0.18834231545690594
NONAI02154_603836_20230201,603836,海程邦达,2023-02-01,7.6923076923076925,8,104,贵单位在发出回购计划后，一直未回购股份。是因为股价太高吗。进期有无收购计划。,尊敬的投资者，您好！公司股份回购的实施期限为自公司董事会审议通过回购方案之日（2022年12月13日）起12个月内，目前公司已制定股份回购具体执行计划，后续会根据回购计划分阶段适时开展股份回购，届时可关注公司披露的相关公告。感谢您的关注。,0.4018514402494043
NONAI02155_603858_20230109,603858,步长制药,2023-01-09,7.534246575342466,11,146,贵公司的宣肺败毒颗粒，是生产不给力？还是营销不给力？京东上销售30天，抵不上人家以岭药业连花清瘟胶囊、华润三九感冒灵的零头啊！不是说菏泽步长 加班加点、生产发货的吗？到目前为止，宣肺败毒颗粒实际总销售额量、和总销售金额是多少？谢谢。,"答：尊敬的投资者您好，感谢您对公司的关注。公司产品宣肺败毒颗粒生产情况良好，依据市场需求有计划地进行生产，截止2022年9月底，宣肺败毒颗粒实现了收入4,681.20万元，其相关情况，公司将严格按照《上海证券交易所股票上市规则》《上海证券交易所上市公司自律监管指引第3号行业信息披露：第六号——医药制造》等相关法律法规履行信息披露义务。谢谢。",0.37539194435223466
NONAI02156_603859_20230427,603859,能科科技,2023-04-27,0.0,0,57,董秘，请问一般隔多久会在上证E互动平台上和投资者交流一次？感觉有4.5个月没交流了,您好，公司高度重视与投资者的沟通工作，本着谨慎性原则及对广大投资者负责的态度，公司会审慎回复每位投资者的提问；感谢您的关注！,-0.8858440267461817
NONAI02157_603869_20231215,603869,新智认知,2023-12-15,3.4482758620689653,1,29,董秘：你好！请问贵公司与新奥新智科技有限公司是什么关系，怎么避免同业竞争，是否有注入上市公司的预期？谢谢！,您好，新奥新智科技有限公司为我公司股东，公司与其不存在同业竞争。,-0.30860123119643634
NONAI02158_603882_20230303,603882,金域医学,2023-03-03,14.0,7,50,董秘你好，请问公司三季度新冠检测业务的具体收入是多少，该部分的毛利率为多少？（三季报中没有披露，请回复）,感谢您对金域医学的关注与支持！2022年前三季度，公司医学诊断服务收入115.50亿元，其中，大规模新冠筛查约31.69亿元。谢谢！,1.4577617231857845
NONAI02159_603887_20230222,603887,城地香江,2023-02-22,4.444444444444445,8,180,尊敬的董秘：你好，贵司2021年亏损6亿元，请问是否包括有进入司法程序的违约工程款，如有，具体情况是，另上海临港和太仓的在建数据中心，工程建设进度是什么，通电情况和工程建设进度是否匹配？谢谢,尊敬的投资者您好，感谢您的关注，2021年度公司亏损6.3亿元，主要由计提商誉减值6.31亿元、应对泰禾和恒大流动性风险计提单项减值及计提的可转债财务费用三大因素造成，其中泰禾和恒大特殊减值计提部分涉及司法诉讼。上海临港项目已实现交付客户，目前根据客户需求逐步上架中；太仓项目已于1月初实现一路通电，目前另一路电力施工中，项目建设进度符合计划，公司将对相关项目的重要进展情况及时履行信息披露义务。,-0.14184220137095424
NONAI02160_603888_20230317,603888,新华网,2023-03-17,12.5,9,72,董秘您好：新华智云正式发布元卯“极速数字人API”的发布会时间？,尊敬的投资者您好，新华智云已于3月10日（23年的第一个卯年卯月卯日）发布元卯“极速数字人API”，预计在3月22日（23年的第二个卯年卯月卯日）发布元宇宙系统「元卯」。谢谢关注。,1.2066611071216455
NONAI02161_603890_20230404,603890,春秋电子,2023-04-04,10.126582278481013,8,79,23转债什么时候上市？,尊敬的投资者，您好，公司本次可转债“春23转债”已于2023年3月17日成功发行，上市事项公司正在积极推进中，如有进展，公司会依照有关法律法规及时履行信息披露义务，请您关注公司公告，谢谢！,0.8093500057543366
NONAI02162_603893_20230117,603893,瑞芯微,2023-01-17,3.2432432432432434,12,370,贵公司的核心竞争力是什么？可持续性发展潜力如何？,尊敬的投资者，您好！公司拥有二十年以上深厚的技术底蕴和丰富的行业市场经验，我们的核心竞争力及可持续性发展潜力主要体现在以下几个方面：1、公司的主要产品SoC芯片属系统级的超大规模数字 IC，需要芯片设计公司具备综合研发能力，即“十全大武功”。公司长期坚持核心技术自研，在技术上围绕“大音频、大视频、大感知、大软件”不断深化和延伸，为公司持续发展提供技术储备。2、公司积累了丰富的产品应用及场景方案能力，从低端到高端的完整产品网络布局，在日新月异的智能硬件时代具有产品竞争力。3、公司积极开拓国内外市场，二十余年的经营积累了丰富优质的客户资源，持续与行业合作伙伴针对各类场景挖掘差异化应用，共建生态，有助于公司准确把握市场需求，精确定义产品，为实现稳定共赢提供良好的基础。4、公司人才梯队建设合理，汇集和培养了大批优秀的 IC 设计研发、系统软件、算法研发等专业人员，人员稳定性强，为公司的长期稳健发展提供了有力保障。感谢您的关注！,-0.34292377579669137
NONAI02163_603896_20230113,603896,寿仙谷,2023-01-13,19.565217391304348,9,46,董秘您好，请问公司预披露22年年报在什么时候？另外，公司是否有信心完成22年销售额双位数增长？,您好！感谢您的关注！公司2022年年报披露日期为2023年4月19日，2022年度销售情况请关注后续公司披露的年报。谢谢！,2.3893814001773737
NONAI02164_603898_20230113,603898,好莱客,2023-01-13,5.339805825242719,11,206,董秘您好！请问好莱客是否有结合元宇宙，迎合农历兔年推出新产品，或者建立直播间带货等方式帮助公司在新的一年争取竞争力呢？,您好，公司积极拥抱年轻消费群体，打造了二次元潮玩IP“Homie”，搭建与新消费主力军的沟通桥梁，为喜迎2023年新春，公司对潮玩IP再次焕新，结合生肖升级打造全新的数字虚拟IP“homie兔”；公司牵手人气女神陈紫函倾情打造一部新春微电影《一起“兔”围》，微电影将于2023年1月18日全网上线。经过三年疫情，公司已建立起常态化营销直播，未来也将借助更多创新方式，持续拉近与消费者之间的距离，在行业和消费者心中形成潮牌印记，不断累积好莱客潮牌的影响力。感谢您对公司的关注，顺祝您新春愉快，万事如意。,0.008041661508035767
NONAI02165_603903_20230529,603903,中持股份,2023-05-29,23.333333333333332,7,30,请问，截至2022年11月10日，公司的股东数是多少？谢谢,"您好，截止到2022年11月10日，公司股东人数为13,596人。感谢您对公司的关注！",3.020165556473762
NONAI02166_603909_20230512,603909,建发合诚,2023-05-12,1.4814814814814814,2,135,董秘，您好，最近ai相关工具迅速迭代进化，像ai绘画DALL-E 2、Midjourney、StableDiffusion这几个工具都被各行业设计师所使用，可加快出图速度，极大节约企业相关人力成本，贵司旗下设计院有计划引用相关技术或者ai相关有所涉及么？,尊敬的投资者，您好！数字化是信息社会发展的必然趋势，公司下属设计院将根据行业数字化发展趋势，积极跟踪和探索设计行业理论前治和科技实践，结合实际生产经营情况，充分运用互联网、大数据及人工智能等新兴技术，持续加大在BIM应用、智慧城市建设等方面资源投入，推进AI在设计领域应用的研究。感谢您的关心与支持！,-0.6378434182877726
NONAI02167_603912_20230106,603912,佳力图,2023-01-06,1.1627906976744187,1,86,董秘你好！请问佳力图的空调设备能否用于储能项目？有相关案例吗？如果目前没有用于储能项目，以后有进军储能项目的计划吗？谢谢！,您好！感谢您的关注！公司目前主营业务为数据机房等精密环境控制技术的研发，为数据机房等精密环境控制领域提供节能、控温设备以及相关节能技术服务，是否发展储能业务还要看公司业务发展需求，谢谢！,-0.6911923863863838
NONAI02168_603918_20230221,603918,金桥信息,2023-02-21,5.445544554455446,11,202,请问公司和蚂蚁合作的多元解纷平台目前进展如何？AI技术如何赋能公司的金融解纷业务？,您好，感谢对公司的关注！公司多元解纷平台经过四个月的试运行，2022年12月已正式上线运行，获得多方肯定和好评。公司与蚂蚁集团积极合作，AI技术不断赋能多元解纷业务，目前已有多项人工智能技术的具体应用落地，包括语音机器人、调解机器人和质检机器人等。公司始终关注并积极布局人工智能在司法领域里的应用，已在执行、诉讼服务和智能庭审三大业务方向上拥有人工智能的行业解决方案。公司将持续在人工智能核心技术上不断加大投入，积极打造行业领先的标杆应用。谢谢！,0.0257423682061391
NONAI02169_603920_20230224,603920,世运电路,2023-02-24,2.6666666666666665,2,75,特斯拉CEO马斯克表示，将于3月1日在特斯拉投资者日活动上推出特斯拉宏图第三篇章(Master Plan Part 3)，即通往地球完全可持续能源未来的道路，届时Megapack将大规模应用，请问贵司是特斯拉供应商吗？有没有应用于Megapack？,感谢您关注，因公司与客户签订了保密协议，无法回答您关于具体项目的问题。储能产品相关的电路板是公司未来的重点发展方向之一，目前进展顺利，相关信息请留意公司定期报告。,-0.4394429315210453
NONAI02170_603926_20230109,603926,铁流股份,2023-01-09,3.8997214484679668,14,359,"董秘你好!1、公司股价在上市之后被持续做空，股价一直低于发行价，2022年更是如此，公司二级市场定价是否过高？很多公司发行价都有维稳机制，公司是否有措施来维稳，不维稳是否是认定公司股价定价过高不符合公司的经营状况2.公司收购子公司Geiger和外延并购的运通四方、运通国联及其部分子公司并未为公司提供利润来源是否属于经营经营决策失误？3.公司连续4个季度利润下跌,是否存在继续下跌的可能？公司对此有什么前瞻性计划?",尊敬的投资者，您好！1、公司董事会一直关注公司市值情况，并且对内致力于提高企业运营发展能力，保持企业健康发展，对外做好投资者交流、价值传播工作，从根本上来维护广大投资者的利益。2、收购Geiger，公司新增新能源汽车高精密零部件板块，新能源电机轴已逐步开始投产，目前已给新能源车核心系统供应企业配套生产电机轴产品。收购运通四方，公司新增商用车全车件供应链智慧服务板块，目前正在有效积极整合当中，本次收购有利于提高公司产品市占率、拓宽公司销售渠道，增厚公司业绩。3、公司未来经营情况受行业政策、市场情况等多种因素影响。未来公司一是夯实主业，公司将重点开拓国内售后服务市场和海外销售市场，拓宽销售渠道，打开合作新局面。二是快速整合子公司商用车全车件供应链智慧服务平台，结合公司销售渠道，搭建中国后市场先进的信息化平台。三是加速释放新能源汽车高精密零部件产能，助力公司智能化转型升级。祝投资顺利，谢谢！,-0.23302905462028575
NONAI02171_603927_20230103,603927,中科软,2023-01-03,17.647058823529413,6,34,请问董秘，截止2022年12月22日，中科软的股东户数是多少？,"尊敬的投资者，您好！谢谢您的关注。截止2022年12月30日收盘，公司股东总数为28,237户。",2.068280868126045
NONAI02172_603936_20230113,603936,博敏电子,2023-01-13,1.0416666666666667,1,96,您好，下属公司江苏博敏电子有限公司于2022年12月出现1次污染物(包括化学需氧量)排放超标。请调查整改并反馈超标原因，希望公司要重视和控制排污问题。,尊敬的投资者，您好！经核查，您提及的问题为设备老化导致数据异常，实际数据并未超标，且设备经过维修后已恢复正常运行，不存在污染物排放超标的情况。后续我们会加强环保设施的巡查力度，不断提升智能化程度。感谢建议和关注。,-0.7114685989238627
NONAI02173_603949_20230214,603949,雪龙集团,2023-02-14,6.521739130434782,3,46,公司使用的大型注塑机的折旧年限一般是多少年？公司的风扇模具是如何折旧的？公司购买的软件产品是如何折旧的？,尊敬的投资者，您好！公司注塑机折旧年限为10年，风扇模具摊销年限为3年，软件摊销年限为5年。感谢您的关注。,0.20589778222833674
NONAI02174_603956_20230105,603956,威派格,2023-01-05,4.166666666666667,6,144,请问公司的业务涉及雨污分流吗？谢谢,尊敬的投资者，您好，感谢您对威派格的关注。公司在2022年初设立了上海碧水云数字技术有限公司（以下简称“碧水云”），碧水云是威派格旗下专门开展城镇排水和污水领域数字化解决方案的子公司，具备规划咨询、研究开发及实施交付综合解决方案能力，目前涉及排水，污水领域的业务正有序推进。敬请投资者注意投资风险，感谢您对公司的关注与支持。,-0.18834231545690594
NONAI02175_603958_20230113,603958,哈森股份,2023-01-13,1.6129032258064515,1,62,大股东连续因自身资金需求而抛出减持计划，那么请问董秘大股东是否有转让控股权计划？大股东是否存在侵占公司资金问题？公司业务连年亏损，是否有转型计划？,尊敬的投资者，您好！公司控股股东不存在侵占公司资金的问题。公司若有重大事项，将按照信息披露相关规则及要求履行信息披露义务。感谢您的关注！,-0.6158433643116233
NONAI02176_603960_20230303,603960,克来机电,2023-03-03,4.385964912280702,5,114,董秘好，请问公司扁线电机产线是否有出货，目前有哪些大客户呢，扁线电机产线是否是公司末来的主要战场之一？,尊敬的投资者您好，公司扁线电机产线目前已有产线已完成出厂验收，目前主要客户为联合汽车电子有限公司、博世汽车系统（无锡）有限公司等，扁线电机产线作为公司新能源车相关汽车电子装备产品的主力，也是公司未来主要投入研发、推广的产品之一。感谢您对公司的关注。,-0.15163169907325985
NONAI02177_603977_20230120,603977,国泰集团,2023-01-20,6.024096385542169,5,83,公司是否有产品可以生产烟花爆竹？国泰集团，国泰民安,您好！公司控股子公司江西永宁科技有限责任公司是国内高氯酸钾龙头企业，高氯酸钾行业标准《HG/T3247-2017》第一起草和修订单位，其产品主要作为烟花鞭炮的原辅材料。感谢您对公司的关注。祝您新春快乐！,0.1225921823467471
NONAI02178_603985_20230207,603985,恒润股份,2023-02-07,0.0,0,13,尊敬的董秘，非报告期的股东数不属于强制披露的信息范围，但按贵司最新修订的《公司章程》第33、34条，股东可以通过向公司提供持股证明等文件查询非定期报告的股东数——请问将相关文件发去贵司哪个邮箱能够查到？,您好！请将证明文件发至zlh@hrflanges.com。,-0.8858440267461817
NONAI02179_603986_20230203,603986,兆易创新,2023-02-03,0.0,0,17,尊敬的董秘，非报告期的股东数不属于强制披露的信息范围，但按贵司《公司章程》第30、31条，股东可以通过向公司提供持股证明等文件查询股东数——请问将相关文件发去贵司哪个邮箱能够查到？,感谢您的关注！公司投资者邮箱为investor@gigadevice.com,-0.8858440267461817
NONAI02180_603990_20230118,603990,麦迪科技,2023-01-18,2.6315789473684212,1,38,董秘您好，辅助生殖牌照稀缺，贵司控股的医院辅助生殖牌照共有多少块？只有海南玛丽吗？另外与锦欣合资的医院牌照怎么解决？,尊敬的投资者您好。公司控股的医疗机构目前仅包括海口玛丽医院有限公司。感谢您的关注！,-0.4453166301424286
NONAI02181_603992_20230302,603992,松霖科技,2023-03-02,5.714285714285714,2,35,您好，请问，贵公司截止2月28日股东人数是多少？谢谢！,尊敬的投资者您好。相关信息请关注公司相关公告或定期报告。感谢您对公司的关注！,0.07072974873625358
NONAI02182_605001_20230117,605001,威奥股份,2023-01-17,4.3478260869565215,7,161,公司去年氧舱的销量大约十几台，公司今年没没有信心突破二十台甚至三十台？,尊敬的投资者您好，公司连续2年持续投入研发力量，推出的O2arK智能氧舱荣获了2022年中国优秀工业设计奖。中国优秀工业设计奖（China Excellent Industrial Design，简称“CEID”）是中国工业设计领域唯一经中央批准开展的国家政府奖项，由工业和信息化部主办。该产品受到了海内外客户的广泛关注，根据目前大健康的时代背景以及老龄化社会的到来，预计民用微高压氧舱产品会有较好的市场发展空间。感谢您的关注和支持。,-0.15801615409650274
NONAI02183_605003_20230103,605003,众望布艺,2023-01-03,1.36986301369863,2,146,请问贵公司为什么注重境外开发，境内占比较小？是公司产品境内需求较少还是缺乏竞争力？境内即将开展家居下乡补贴，公司是否有相应布局？,尊敬的投资者您好，公司较早布局美国市场，凭借前沿的设计、先进的工艺、稳定的质量、快速的交期和优质的服务，已与Ashley、La-z-boy等国际知名家具生产厂商建立了长期稳定的合作关系。目前公司主要产品装饰面料主要销往美国，公司将在继续深耕美国市场的基础上，逐步拓展墨西哥、中东、欧洲及国内市场的销售，满足上述区域内消费者需求。感谢您的关注！,-0.6565283956373787
NONAI02184_605005_20230224,605005,合兴股份,2023-02-24,3.3333333333333335,1,30,公司有毫米波雷达业务吗,尊敬的投资者您好，感谢您的关注。相关信息请参考公司公开披露的公告。,-0.3278426577147611
NONAI02185_605006_20230131,605006,山东玻纤,2023-01-31,3.0303030303030303,6,198,董秘：你好！你在回复中告知：公司将构建“一个核心+两个增长点+三个种子业务”的产业格局，请将这种产业格局进行解析。谢谢！,尊敬的投资者，您好。根据公司战略发展规划，公司将构建“一个核心+两个增长点+三个种子业务”产业格局。其中，“一个核心”是指通过存量提升、增量跨越，将玻纤产能规模提升，进入行业第一梯队；“两个增长点”是指发展新能源领域的高性能玻璃纤维产品、新能源领域的高性能复合材料及矿业复合材料；“三个种子业务”是指发展建筑节能保温材料、汽车轻量化复合材料及碳纤维，这些业务领域是公司未来健康持续稳定发展的重要保障，公司将结合发展情况逐步延长产业链。感谢您的关注！,-0.37857005489943574
NONAI02186_605007_20230118,605007,五洲特纸,2023-01-18,8.433734939759036,7,83,请问董秘，22年三季度单季毛利率大幅下降的原因是什么，四季度是否有改善？,尊敬的投资者您好，公司2022年三季度主要因原材料上涨导致毛利率大幅下降，目前正进行年度财务核算，按照信息披露监管要求，请后期关注公司于上海证券交易所披露的《2022年年度报告》。感谢您的关注！,0.5259666659839185
NONAI02187_605008_20230103,605008,长鸿高科,2023-01-03,1.9607843137254901,1,51,注意到贺州碳酸钙项目未来的经济效益将落实到公司全资子公司长鸿生物上，随着该项目未来的利润释放，公司会否有分拆上市的规划？,尊敬的投资者您好！感谢您的关注，公司目前没有相关计划，后续如有相关计划公司将按照法律法规要求及时进行公告，谢谢。,-0.5576079273159343
NONAI02188_605009_20230103,605009,豪悦护理,2023-01-03,2.0,1,50,您好，请问贵公司具体分红时间定了吗,尊敬的投资者您好！公司将尽快履行相关分红程序，具体分红时间请见公司未来披露的权益分派实施公告。感谢您的关心。,-0.5510432053273293
NONAI02189_605011_20230106,605011,杭州热电,2023-01-06,1.5873015873015872,1,63,尊敬的董秘，英特集团的市值，物流运输以及医药储备明显无法满足浙江省福建省人民的需求，很多医药药店依旧没货，请问浙江省政府是否会更换大市值有能力的医药企业来负责浙江省的医药储备以及流通供应？只有大公司才有足够的能力跟信誉来满足我们老百姓的用药需求，而不是让一些没能力却靠背景的企业来垄断资源，导致老百姓无药可买，企业无法正常经营！,感谢您对我司的关注，我司主营业务以热电联产为主业，集热力供应、分布式光伏发电、能源技术、热电工程建设、煤炭经营于一体的跨地区发展的企业集团。,-0.620129089112172
NONAI02190_605018_20230220,605018,长华集团,2023-02-20,3.076923076923077,4,130,董秘，您好，请问：截止至2023年2月17日收盘，公司股东户数多少？谢谢！,您好！感谢您的关注！为了保证所有投资者平等获悉公司信息，公司会在定期报告中披露对应时点的股东信息。根据《公司法》《公司章程》相关规定，公司股东如查询定期报告时点以外的股东户数，需要将您本人的身份证、联系方式及相关持股凭证发送至公司邮箱（ir@zjchanghua.com），公司将在核实股东身份后予以提供相关信息。谢谢！,-0.3707658399479473
NONAI02191_605020_20230118,605020,永和股份,2023-01-18,9.67741935483871,9,93,尊敬的董秘，您好，请问贵公司可转债在中登公司登记日期是哪一天？可转债前十大持有人在可转债上市半年内能否减持？若董监高持股低于5%，认购可转债，在可转债上市半年内能否减持?,尊敬的投资者您好，永和转债（111007）在中登公司登记日期为2022年10月20日，公司持股5%以上股东、董事、监事、高级管理人员及其父母、配偶、子女减持可转债须遵守《证券法》关于短线交易的相关规定。其他可转债持有人无减持期限限制。,0.7341599478611684
NONAI02192_605028_20230116,605028,世茂能源,2023-01-16,2.7027027027027026,1,37,今年公司募资项目即将投产，热力产能将大量增加，但是最近经济形势不好，请问公司有信心将增加的热力全销售出去吗？,投资者您好，公司采取“以销定热、以热定电”的经营模式，合理安排锅炉产汽量。感谢您的关注。,-0.43341048428827317
NONAI02193_605033_20230214,605033,美邦股份,2023-02-14,3.061224489795918,3,98,董秘你好;今冬北方部分小麦因天气原因除根部外都已枯黄，公司有针对这类灾害补救的营养药剂吗？,尊敬的投资者，您好，公司的产品“菱珑”（2%苄氨基嘌呤·三十烷醇水分散粒剂）可以缓解此类情况，该产品是一种由苄氨基嘌呤与三十烷醇混配而成的植物生长调节剂。按登记剂量使用时，对小麦生长、增产有较好的调节作用，且对小麦安全。谢谢！,-0.3733937898805914
NONAI02194_605055_20230505,605055,迎丰股份,2023-05-05,2.5,1,40,20230427公布的2022年年度报告中，前十名无限售条件股东持股情况处，排名第八的流通股股东名称为广大证券股份有限公司，是否为披露错？排名第八的流通股东名称是什么？？,尊敬的投资者，您好！感谢您提出的宝贵意见，第八名流通股东名称为光大证券股份有限公司，谢谢！,-0.4673429999726163
NONAI02195_605056_20230321,605056,咸亨国际,2023-03-21,1.7857142857142858,1,56,您好！请问截至3月20号，公司股东人数是多少？谢谢！,尊敬的投资者：您好！请将您的持股证明和身份证复印件或营业执照发送至公司证券部邮箱xhgjzqb@xianhengguoji.com，也请把您的邮箱附上，审核后回复您。,-0.5869147219079207
NONAI02196_605058_20230210,605058,澳弘电子,2023-02-10,5.2631578947368425,6,114,董秘您好：知悉公司获得2023江苏省智能制造示范工厂殊荣。能介绍一下公司在人工智能方面的布局好应用吗？谢谢！,尊敬的投资者您好！公司“高精密印制线路板智能工厂”荣获2023年江苏省智能制造示范工厂；公司主营业务为印制电路板(PCB)的研发、制造及销售，产品主要应用于消费电子、汽车电子、电源能源、医疗工控、通讯安防等领域，具体产品应用情况可查阅公司披露的定期报告。感谢您的关注！,-0.004789233538675474
NONAI02197_605060_20231121,605060,联德股份,2023-11-21,3.225806451612903,2,62,请问公司四季度以来生产的饱满度如何？据说墨西哥工厂停止建设是什么方面的原因？,投资者您好，目前公司客户稳定，主要客户均为业内全球领先跨国公司，订单总量稳定增长。目前墨西哥工厂项目正处于设计阶段。感谢您的关注与支持！,-0.34584270187706506
NONAI02198_605066_20230106,605066,天正电气,2023-01-06,1.948051948051948,3,154,董秘您好 请问最近地产积极政策频出，公司曾获得中国地产500强首选供货商荣誉称号，在这一波地产政策的背景下，请问公司是否有什么布局？公司除恒大以外是否与其他地产商保持了良好的业务往来？是否制定了一些积极的营销策略呢？谢谢,尊敬的投资者，您好！公司一直与各大房企保持良好的合作关系，并持续做百强房企的入围工作，针对房地产行业发展的趋势，今年重点投入抗风险能力相对较强的央企和行业龙头客户，今年已成功与金地集团、保利置业、中国建筑下属多家企业建立战略合作关系，公司将继续密切关注房地产相关政策和房企发展，在确保风险可控的前提下保持头部地产企业里的竞争优势。,-0.5597393305589878
NONAI02199_605068_20230110,605068,明新旭腾,2023-01-10,2.1645021645021645,5,231,"请问贵司2022年12月31日的股东人数是多少,非常感谢，点赞。",尊敬的投资者，您好！根据《公司法》的规定：股东人数作为股东名册信息的一部分，上市公司股东可以查阅，但不得以任何方式（包括但不限于印刷、复印、临摹、拓印、录音、录像、拍照、翻录、翻扫等）对相关文件进行复制，查阅应当现场进行。由于上市公司披露股东人数问题不属于规则规定的强制披露范畴。除季度末外，其他时间点股东人数不属于公开信息，公司在信息披露方面为遵循谨慎公平原则，故不在互动平台上披露股东人数信息，还望谅解。为保证所有投资者平等获悉公司信息，根据信息披露公平原则，公司会在定期报告中披露对应时点的股东信息。感谢您的关注,-0.5235054754270775
NONAI02200_605069_20230424,605069,正和生态,2023-04-24,5.732484076433121,9,157,公司股价不断走低，业绩亏损，请问公司今年是不是要被st了,尊敬的投资者您好，感谢您的关注。公司2022年受宏观经济波动、疫情反复以及客户支付能力等综合因素的影响，经营业绩出现首次亏损，具体情况，请您关注公司计划近期披露的2022年年报。2023年，随着疫情等不确定性因素逐步消除，国内经济持续回暖，地方政府的支付能力有所好转，公司经营管理层对于2023年充满信心，将重点聚焦核心城市挖掘新的项目机会，保障企业稳健可持续经营。,0.07377616203396826
NONAI02201_605080_20230411,605080,浙江自然,2023-04-11,2.0618556701030926,2,97,贵公司主要业务是国外，欧美银行“爆雷”对公司业绩有无影响？今年疫情放开了，对公司业绩有无影响？目前订单怎么样？,尊敬的投资者：您好！ 公司有严格的资金管理制度，截止当前，没有跟欧美银行”暴雷“的相关信息可以披露。 守得云开见月明，现在大家可以有更多形式亲近自然、享受自然，对大家应该都是一件好事。 感谢您对公司的支持和关注，共享美好春天。,-0.5406885407473649
NONAI02202_605081_20230111,605081,太和水,2023-01-11,5.555555555555555,3,54,高端水市场小，低端水毛利薄。再好的优质水，也比不酱香酒。请问公司是否考虑利用收购的优质水源地，酿造新品酱香酒？,尊敬的投资者，您好！公司目前暂无收购计划，如有后续对外投资情况，敬请以公司对外发布的公告为准。感谢您对公司的关注和支持。,0.04415825497285255
NONAI02203_605088_20230110,605088,冠盛股份,2023-01-10,2.0,1,50,近期比亚迪发布的仰望系列汽车支持横向行驶，公司在这方面有相关的布局产品吗？,投资者您好，公司在OEM业务的战略定位上会持续聚焦布局新能源车型，但目前仰望系列产品公司暂未供货，感谢您的关注。,-0.5510432053273293
NONAI02204_605089_20230103,605089,味知香,2023-01-03,3.278688524590164,4,122,董秘你好，贵司自建冷链配送系统规模覆盖范围是多少省份？冷链运输车辆有多少辆？,您好，感谢您对公司的关注！公司销售区域主要为江浙沪，以自有物流配送为主，部分外围区域如湖北、江西、福建等距离较远的客户会采用第三方物流配送。随着公司未来进一步拓展市场，公司将继续扩充自有物流运输设备，同时加强与第三方物流公司的合作以提升运输能力以匹配业务发展，谢谢！,-0.33699022114150573
NONAI02205_605090_20230105,605090,九丰能源,2023-01-05,3.5714285714285716,1,28,您好，此前国内外多家媒体、报纸均报道“凤凰卫视”旗下的“凤凰金融”诈骗7万个家庭约100亿人民币，并提供了相应的证据。内地多家企事业单位得知此消息后第一时间便停止了与凤凰卫视、凤凰网的合作，请问贵司是否与诈骗集团“凤凰卫视、凤凰网”有商业合作吗？,尊敬的投资者，您好！公司未与上述相关单位进行合作。感谢您的关注！,-0.28798541706965963
NONAI02206_605098_20230104,605098,行动教育,2023-01-04,24.0,6,25,您好，请问，贵公司截止12月30日股东人数是多少？谢谢！,"感谢您的关注。 截至2022年12月30日，公司的股东人数为6,074户。",3.131765830280046
NONAI02207_605100_20230217,605100,华丰股份,2023-02-17,0.9009009009009009,1,111,尊敬的董秘您好，请问贵司和潍柴动力的合作主要基于哪些方面？另外，今年是否有新品发布？,尊敬的投资者，您好！目前，公司与潍柴动力的合作主要是向客户销售发动机核心零部件，如缸体、缸盖、曲轴箱等，主要配套客户高端动力发动机。同时，公司具有协同客户同步开发、同步设计、同步布局新产品的能力，正积极结合市场和客户需求，进行新产品开发。感谢您的关注。,-0.7350328459268789
NONAI02208_605116_20230310,605116,奥锐特,2023-03-10,3.0303030303030303,1,33,你好，请问下贵公司的司美格鲁肽注射剂的研发进度？以及研发中的司美格鲁肽片是直接可以口服的那种吗？谢谢,尊敬的投资者您好！相关产品研发信息敬请关注公司定期报告或公告。感谢关注！,-0.37857005489943574
NONAI02209_605117_20230413,605117,德业股份,2023-04-13,2.2900763358778624,3,131,请问公司2022年业绩预增，主要得益于哪些方面因素？和欧洲能源危机有哪些关系？谢谢。,尊敬的投资者您好！2022年， 光伏行业持续保持高景气度，公司逆变器业务保持快速增长，逆变器产品凭借持续更新迭代、高性价比、差异化等产品特点，快速打开并下沉市场，全年订单饱满，销售收入大幅增长，公司管理层通过供应链管理、生产精益化等方式进一步优化成本，公司营业收入及利润规模增长。感谢对公司的关注！,-0.5024843075642897
NONAI02210_605122_20230116,605122,四方新材,2023-01-16,4.3478260869565215,1,23,融侨是一家市场口碑很差、不重视信用的公开市场债券爆雷房企，创始人积累的声誉已被后人挥霍殆尽，实控人家族资产分布多元、财力雄厚，依然大面积拖欠地产板块公开市场债券及供应商款项，毫无担当。建议公司设立合作伙伴白名单，加强信用风险管理，特别是对实控人担当的评估，吃一堑长一智，不要与融侨这类公司再有新增合作。,尊敬的投资者您好！感谢您的建议。感谢您对公司的关注！,-0.15801615409650274
NONAI02211_605123_20230111,605123,派克新材,2023-01-11,6.896551724137931,2,29,董秘，你好！请问公司所生产产品供应c919大飞机吗？,尊敬的投资者您好，感谢您对公司的关注，公司产品供应C919大飞机，谢谢！,0.26864156435330905
NONAI02212_605136_20230407,605136,丽人丽妆,2023-04-07,5.723905723905724,17,297,董秘你好，请问贵司除了美妆业务外，还有其他业务增长点吗？,尊敬的投资者，您好。2022年内，除美妆零售业务稳定发展外，公司还在新品类、新渠道拓展及自有品牌孵化上取得了进展。在深耕化妆品品类之余，公司引入了趣多多、乐扣乐扣、英派特等合作品牌，从而拓展了食品、保鲜、宠物等品类。公司不断加大以抖音为代表的新型平台业务发展力度，并持续优化营销策略。2022年公司新兴平台业务营业收入同比增长超60%，新增3家抖音小店。在自主品牌孵化方面，截至2022年12月31日公司已陆续推出美壹堂、玉容初、寻味档案、爱贝萌、贝必优、续欢等孵化品牌，自主品牌矩阵不断扩张，涵盖美妆、母婴、食品等领域，目前发展势头良好，报告期内营业收入同比高速增长。后续，公司也将继续加大新兴平台投入力度，努力拓品牌、拓平台、拓品类，同时提高孵化品牌的数量和质量，为未来长期的发展蓄势聚能。,0.07234014229767183
NONAI02213_605168_20230512,605168,三人行,2023-05-12,26.08695652173913,6,23,请问，截至2023年2月28日，公司的股东数是多少？谢谢,投资者您好，截至2023年2月28日公司的股东数为11330。谢谢！,3.481123209151892
NONAI02214_605178_20230104,605178,时空科技,2023-01-04,2.9411764705882355,1,34,公司时控人拿股份去抵押，请问公司现在资金周转流动紧缺吗，生产经营如何,尊敬的投资者，您好！公司目前流动性良好，生产经营有序开展，感谢您对公司的关注！,-0.39348987760081056
NONAI02215_605186_20230105,605186,健麾信息,2023-01-05,0.0,0,56,公司的自动化中药发药机，今年受疫情影响严重吗？,尊敬的投资者您好！公司目前生产经营活动一切正常，主业和基本面未发生变化，公司不存在应披露而未披露的重大事项。感谢您的关注！,-0.8858440267461817
NONAI02216_605189_20230104,605189,富春染织,2023-01-04,3.1746031746031744,2,63,望贵公司结合疫情防控，生产设计一些与疫情防控有关的产品，例如抗病毒面料，防水面料，防油质污渍面料等，细分应用场景，增加公司利润增长点,投资者：您好！公司目前没有抗病毒等类产品，但作为一个公众公司，企业会认真对待每位投资者提出的建议，以便为公司在今后经营中提供决策依据，谢谢！,-0.35441415147816213
NONAI02217_605266_20230201,605266,健之佳,2023-02-01,4.545454545454546,1,22,尊敬的董秘，浙江省医院药店已经没有药可以买了，大家只能去买天价退烧药跟新冠药，是否可以要求浙江省政府更换医药储备跟医药流通企业？英特集团市值太小，物流运输跟医药流通无法满足老百姓需求！请及时更换英特集团，让我们老百姓有药可买可以吗？我们需要带是一家有能力有责任感的大公司来提供充足的药物，而不是靠背景靠垄断的小公司提供少量的医药！,尊敬的投资者，您好！感谢您对公司的关注和支持。谢谢！,-0.12493306897606267
NONAI02218_605268_20230203,605268,王力安防,2023-02-03,5.333333333333333,12,225,董秘您好，公司在人工智能领域有哪些投入？,"尊敬的投资者，您好，目前，公司已推出了自主研发的机器人安全门，借助人工智能、大数据管理、云平台等相关技术，实现安全、便捷、智能的居家生活，并且通过与华为、富士康、海康威视开展智能管理、智能制造、智能安防等方面产品合作、技术探索，结合机器人、5G、物联网技术运用等重构安全门锁产品生态，率先打造门锁行业、家居产业的“智能”标准。另外，公司设有相关子公司AigangGmbH,München，德国Aigang人工智能有限公司、上海王力家居有限公司和爱感全屋智能家居（浙江）有限公司，持续推动智能锁的更新推广，积极布局全屋智能家居的研发、制造与销售。感谢您的关注！",0.006958163704091162
NONAI02219_605277_20230324,605277,新亚电子,2023-03-24,0.0,0,30,尊敬的董秘，您好！中德电缆的线缆在航天航空领域的运用具体是？是否有在卫星雷达上有所涉及？,尊敬的投资者您好！子公司中德电缆暂无产品应用到航天航空领域，谢谢！,-0.8858440267461817
NONAI02220_605287_20230221,605287,德才股份,2023-02-21,1.4705882352941178,3,204,公司与中国高铁合作，对公司发展的意义有哪些？,尊敬的投资者，您好！公司以“德才品质建造 筑就美好生活”高铁冠名列车重点覆盖经济大省山东，以中国高铁跨区域的传播力与亿级客流量，让更多高铁乘客认知、了解德才股份，将“德才品质建造筑就美好生活”的理念传递给高铁乘客，深度挖掘潜在市场。通过高铁这张流动的“国家名片”，进一步展示德才良好形象，服务全国重点项目，建设更多更好的精品工程，为我国城市建设和品质提升，提供全建筑产业链的优质服务，为推进中国式现代化进程贡献德才力量！感谢您对德才股份的关注与支持，谢谢！,-0.6396669521734961
NONAI02221_605299_20230112,605299,舒华体育,2023-01-12,2.150537634408602,2,93,公司何时出业绩预告？,尊敬的投资者，您好！根据相关法律法规的规定，若公司满足年度业绩预告的相关披露条件，公司将在会计年度结束之日起1个月内进行年度业绩预告。具体以公司后续在上交所网站披露的公告为准。感谢您对舒华体育的关注！,-0.525843143500104
NONAI02222_605300_20230104,605300,佳禾食品,2023-01-04,1.680672268907563,2,119,"尊敬的董秘,您好。公司是否存在预制菜业务？4季度随着原材料价格回落盈利能力是否得到很好的改善?2023年1月份是否进行年报预披露？谢谢",尊敬的投资者您好，公司将UHT无菌灌装技术应用于果冻、布丁、预制无菌豆花、豆腐产品领域，为广大新茶饮、餐饮客户提供了即食的果冻、布丁、豆花、豆腐产品，在标准化门店菜单的同时，节约了时间，且降低了茶饮小料、预制菜的成本。公司四季度情况和业绩预告请以公司公告为准。感谢您的关注！,-0.6044987986631125
NONAI02223_605338_20230110,605338,巴比食品,2023-01-10,1.1363636363636365,2,176,请问公司是否有做好对接构建“社区饭堂”网络的准备？,尊敬的投资者，您好！公司长期以来专业从事中式面点速冻食品的研发、生产与销售，致力于“工业化生产，全冷链配送，直营、加盟、团体供餐为一体”的经营模式，是一家“连锁门店销售为主，团体供餐销售为辅”的中式面点速冻食品制造企业。公司的大客户业务中，客户类型包括食堂，公司将根据客户需求，提供优质的产品；同时，公司门店以社区型为主，亦将不断拓展周边社区客户。公司将持续关注相关政策的落实，积极应对市场需求。谢谢！,-0.6956162873036519
NONAI02224_605365_20230214,605365,立达信,2023-02-14,0.6578947368421053,1,152,您好，请问，贵公司截止2月10日股东人数是多少？谢谢！,尊敬的投资者：您好！公司已根据信息披露的公平性原则，按照信息披露制度相关要求，在各期的定期报告中予以披露股东信息。为保证所有投资者公平获取信息，股东如对其他各时点的股东人数有查询需求，可向公司提供您的身份证和持有公司股份种类及持有数量等文件、信息。联系邮箱：leedarsoniot@leedarson.com。公司在核实后股东身份后，将会按照股东的要求提供相关数据，感谢关注！,-0.7757121775952435
NONAI02225_605368_20230320,605368,蓝天燃气,2023-03-20,0.0,0,53,董秘您好，请问公司有没有涉及新能源业务，有没有计划布局充电桩或者氢能源？,尊敬的投资者您好，公司主要从事河南省内的管道天然气业务、城市燃气等业务。暂无计划布局充电桩或者氢能源。感谢您的关注。,-0.8858440267461817
NONAI02226_605388_20230103,605388,均瑶健康,2023-01-03,1.9047619047619047,2,105,公司益生菌产品对腹泻有何功效？,感谢您的关注，肠道菌群失衡会引起包括腹泻、便秘等症状，益生菌作为膳食补充剂，能够促进恢复因各种因素导致的人体肠道菌群失衡，促进肠道微生态稳定。目前公司已经基于相关专利菌种研发推出了功能性食品饮料均瑶味动力UE君益生菌固体饮料。,-0.56698610158537
NONAI02227_605398_20230202,605398,新炬网络,2023-02-02,10.365853658536585,17,164,您好，请问，贵公司截止1月31日股东人数是多少？谢谢！,"感谢您对公司的关注！按照信息披露相关规定，公司股东人数将在公司定期报告中披露。截至2022年9月30日，公司普通股股东总数为9,117户。若您需要查阅最新股东人数信息，可持股东身份证明文件、持有公司股份的种类及持股数量的书面文件等资料至公司办公地，经公司工作人员核实股东身份后进行现场查阅。同时，也欢迎您关注公司将于2023年4月13日披露的《公司2022年年度报告》中的相关信息。",0.8494041330466505
NONAI02228_605488_20230228,605488,福莱新材,2023-02-28,0.0,0,56,您好很关注贵公司发展，请问ipo募集资金项目以及烟台富利一期项目目前是否已经投产？谢谢,尊敬的投资者，您好！公司ipo募投项目与烟台富利一期项目目前正按计划有序推进中，公司将加紧建设，力争尽快投产运行，谢谢您的关注！,-0.8858440267461817
NONAI02229_605499_20230223,605499,东鹏饮料,2023-02-23,2.0833333333333335,1,48,请问公司饮料中含有牛磺酸成分的有哪些？建议贵公司在21亿中抽出部分资金和牛磺酸龙头公司永安药业合作，强强联合，开发以牛磺酸为主的能提高客户免疫力的大众喜欢的饮料！谢谢！,尊敬的投资者您好，公司东鹏特饮、东鹏0糖、东鹏气泡特饮等产品含牛磺酸成分，目前暂无此投资计划，感谢您的关注。,-0.5370931711015439
NONAI02230_605567_20230103,605567,春雪食品,2023-01-03,11.428571428571429,4,35,您好，请问，贵公司截止12月30日股东人数是多少？谢谢！,尊敬的投资者您好，感谢您对公司的关注！截止到12月30日，公司证券持有人数17255。谢谢！,1.027303524218689
NONAI02231_605577_20230202,605577,龙版传媒,2023-02-02,1.3513513513513513,1,74,您好！董秘，中办、国办印发《关于推进实施国家文化数字化战略的意见》提出，加快文化产业数字化布局，公司有布局吗？,尊敬的投资者您好。公司将深度推进传统出版与数字出版融合发展，构建以内容建设为根本、以新技术应用为支撑、以管理创新为保障的全媒体出版传播体系。感谢您对公司的关注。,-0.6596272555172275
NONAI02232_688002_20230113,688002,睿创微纳,2023-01-13,4.3478260869565215,1,23,请问美国最近的芯片禁令，对贵公司业务有怎样影响？谢谢,您好！该事件不影响公司的正常生产经营，感谢您的关注！,-0.15801615409650274
NONAI02233_688003_20230106,688003,天准科技,2023-01-06,6.818181818181818,3,44,请问美国最近的芯片禁令，对贵公司业务有怎样影响？谢谢,您好，感谢对公司的关注。目前公司生产经营正常，公司将积极关注相关政策对行业及公司带来的潜在影响。,0.2555224099089968
NONAI02234_688004_20230417,688004,博汇科技,2023-04-17,21.568627450980394,11,51,请问贵公司投资的北科驿唐的股权是不是转让了,您好，公司已于2023年4月12日发布2022年年度报告，公司相关经营情况请您关注公司2022年年度报告。感谢您对博汇科技的关注！,2.7247530669865396
NONAI02235_688005_20230314,688005,容百科技,2023-03-14,5.2631578947368425,6,114,介绍一下公司钠离子电池相关业务（产能以及相关业务）？,尊敬的投资者，您好！公司在钠电正极材料领域具有多年技术积淀，层状氧化物与普鲁士白/蓝技术水平均处于行业内领先。2022年，公司钠电正极材料累计出货几十吨级，商业化进度行业领先。公司现有钠电正极产能约1.5万吨/年，计划在2023年底建成3.6万吨/年产能。感谢您的关注！,-0.004789233538675474
NONAI02236_688006_20230207,688006,杭可科技,2023-02-07,14.516129032258064,9,62,董秘，你好，公司的研发费用支出比较低，占营收比例也在6%左右，公司在后道市场占比20%左右。希望公司加大研发投入，占营收10%以上，推出国际领先的产品，打入头部锂电池厂商供应链。,"投资者您好：感谢您的意见和建议，公司始终以技术创新为发展动力，不断加强研发投入，2022年1-9月研发投入15,568.13万元，同比增长71.32%，感谢您的关注。",1.5441619351648432
NONAI02237_688007_20230112,688007,光峰科技,2023-01-12,1.0638297872340425,1,94,公司对自研显示芯片有无战略规划或者进展？国内已有少数公司掌握了LCOS显示芯片的制造技术和已经部分量产，公司有没有与相关公司有业务往来或合作？以及是否有收购国内显示芯片生产制造公司的意向？谢谢！,尊敬的投资者，您好！公司是全球领先的激光显示科技企业，掌握核心的光源技术，适用于各种显示技术路径。目前，LCOS技术在稳定性等方面仍有一定的优化空间，公司会持续对产业链上下游的相关技术进展保持关注。感谢您的关注！,-0.7077584834382815
NONAI02238_688008_20230110,688008,澜起科技,2023-01-10,3.7037037037037037,1,27,别的半导体公司股价下跌是由于产业周期下行，请问贵公司也在这个队伍中吗？,尊敬的投资者，您好！公司目前经营正常。感谢您对公司的关注，谢谢！,-0.2658425056001588
NONAI02239_688010_20230504,688010,福光股份,2023-05-04,0.0,0,63,请问贵公司产品有没有进入阿斯麦配件供应链？如果有的话，是euv还是duv？,尊敬的投资者，您好！公司没有向ASML提供产品。公司是专业从事特种及民用光学镜头、光电系统、光学元组件等产品科研生产的高新技术企业。感谢您的关注。,-0.8858440267461817
NONAI02240_688011_20230106,688011,新光光电,2023-01-06,1.2903225806451613,4,310,请问公司产品是否用于航天空间站？用于航天卫星领域？,公司研制的光电目标成像系统曾成功经应用于“长征七号”运载火箭，解决了其发射过程中温度、气压的大范围变化下成像光线精确控制和成像质量问题，为我国国防科技工业的科技创新发挥了重要作用。公司是一家将像方扫描成像制导技术、多光学波段合成技术等先进光电技术应用于光学制导类武器研制的企业，致力于服务国防科技工业先进武器系统研制等领域，专注于为武器系统研制提供光学制导、光学目标与场景仿真、激光对抗和光电专用测试等方向的高精尖组件、装置、系统和解决方案，公司产品主要包括光学制导系统、光学目标与场景仿真系统、激光对抗系统、光电专用测试设备，同时公司将多年积累的先进军用技术向其他领域转化，结合自身在光电领域的研发优势及市场需求，针对电力检测、森林防火等民用领域进行了产品开发。,-0.669843496798535
NONAI02241_688015_20230105,688015,交控科技,2023-01-05,4.6875,9,192,请问贵公司的业务能否向动车和高铁拓展么？是不是不一样的控制系统，单纯的轨交是否考虑可以横向延伸其他铁路业务呢？,尊敬的投资者，您好！目前公司的主营业务是以具有自主知识产权的CBTC技术为核心，专业从事城市轨道交通信号系统的研发、关键设备的研制、系统集成以及信号系统总承包，尚未涉及动车和高铁领域。公司产品适用于市域铁路，2019年公司承建的设计时速达160公里具有市域快线特性的北京大兴国际机场线已得以应用，2022年6月公司中标项目中的资阳线将是公司产品在市域线路上的又一应用。公司正积极拓宽延伸业务领域，努力回报投资者。感谢您对公司的关注！,-0.10115460154574653
NONAI02242_688017_20230323,688017,绿的谐波,2023-03-23,0.0,0,64,贵公司的谐波减速器生产需要海外芯片供给吗?能否介绍一下贵公司生产所需的关键零部件的对外依存度的情况。谢谢,尊敬的投资者您好，公司在生产谐波减速器的过程中无需芯片。公司在谐波减速器生产过程中所需的关键零部件都已实现了完全自主可控。感谢您的关注！,-0.8858440267461817
NONAI02243_688018_20230308,688018,乐鑫科技,2023-03-08,3.9215686274509802,2,51,董秘您好，wo是公司股东，也关注公司的技术发展，请问公司有全屋光纤WI­FI（学名FT­TR）的相关技术、产品储备和营收吗？应用前景如何？谢谢！,投资者您好，FTTR 是家庭网络的覆盖模式，公司的Wi-Fi产品主要用在终端设备中，和您说的应用是两个领域，目前公司没有涉足。,-0.22937182788568694
NONAI02244_688021_20230301,688021,奥福环保,2023-03-01,9.45945945945946,28,296,你好，请问公司是否有开发重结晶碳化硅的技术研究？,"尊敬的投资者您好，公司有关碳化硅载体相关信息披露可参阅：1、《2020年年度报告》第三节公司业务概要——第一部分——（四）核心技术与研发进展——2、报告期内获得的研发成果：“2020年12月公司完成碳化硅DPF研制,孔隙率：42±3%，抗压强度：＞10MPa（A轴），＞2MPa（B轴）；热震450℃三次不开裂；微孔分布窄，背压低；产品性能达到国际领先水平，形成批量生产，产品已经提供给催化剂厂商、主机厂进行评价验证。碳化硅DPF研制成功，丰富了公司的产品目录，满足更多顾客需求，有助于扩大市场份额。”2、《2020年年度报告》第三节公司业务概要——第一部分——（四）核心技术与研发进展——4、在研项目情况——第7项“低背压、窄孔径分布的硅结合碳化硅质DPF研制”以及第13项“柴油车PM后处理关键技术”中有关硅结合碳化硅和重结晶碳化硅载体研发的相关表述。 感谢您对公司的关注！",0.6976733718564984
NONAI02245_688022_20230223,688022,瀚川智能,2023-02-23,6.481481481481482,7,108,请问董秘，公司定增的2000套换电设备什么时候可以投产？,"尊敬的投资者您好！根据已披露的再融资预案，公司本次定增募投项目“智能换电设备生产建设项目”建设期为2年，预计将在2024年达产，届时将形成年产能2,000台套的新能源车换电站的生产能力，有效提升公司新能源车换电站领域的拓展空间。感谢您的关注，谢谢!",0.19915863525935837
NONAI02246_688023_20230217,688023,安恒信息,2023-02-17,1.2987012987012987,1,77,您好，请问贵公司是否建立财务共享中心，如建立，请问具体是在哪一年？如果按照1-5分对财务共享相关的组织人员、业务流程、运营管理以及信息系统的运行水平进行评分（1代表水平较差，5代表水平极高）您对这四项分别打多少分？如果按照初建期，提升期，稳定期，成熟期，卓越期和衰退期来描述财务共享实施的阶段，您认为是在哪一阶段？如果没有建立，请问贵公司是否有使用大数据等信息技术进行财务集中核算处理？期待您的回答，感谢,尊敬的投资者，您好！已建立，公司从分子公司成立起就开始对财务采取集中核算、管理的形式。目前处于成熟期。同时也借助信息化技术不断提升财务自动化水平和财务效率。感谢您的关注！,-0.6684408959547191
NONAI02247_688026_20230130,688026,洁特生物,2023-01-30,2.380952380952381,2,84,请问你们公司最近有投资者调研或者研报吗？,投资者您好：公司严格按照上交所有关规定开展信息披露、投资者关系管理工作。如当月发生投资者调研接待活动，将在上证e互动平台发布记载发言及问答内容的投资者关系活动记录表。感谢您的关注！,-0.487271620295167
NONAI02248_688027_20230103,688027,国盾量子,2023-01-03,0.0,0,17,关于防范外国敌对利益集团针对中国核心企业发动生物战的建议（续）：比如，相应的常态化防范措施可以包括：1）核心管理人员、技术人员非必要不出国，并且尽量以视频方式与国内外相关人员举行会议和日常交流。2）海外员工（包括外国合作伙伴）非必要不回国，并在他们回到或来到中国后的某个时间段内（比如十天）尽量使用独立封闭的办公室和用餐场所。储备的日常防疫物资可以包括口罩、药品和医疗设备等。,尊敬的投资者，感谢您的建议与关注，谢谢！,-0.8858440267461817
NONAI02249_688029_20230105,688029,南微医学,2023-01-05,0.704225352112676,1,142,董秘！您好！今年解禁以后公司大股东排队频繁减持，似乎对当前公司前景以及股价认可度不高，请问公司如何管理层看待及规划公司的前景？,尊敬的投资者，您好！近期公司部分股东减持系出于自身资金需求，与公司经营情况无关。二级市场股价受宏观政策、行业环境、投资者预期等多重因素影响，公司也在密切关注近期二级市场的股价波动情况。公司及管理层致力于以稳定的经营业绩回馈广大投资者，目前各项生产经营工作正常推进，公司对未来中长期发展充满信心。感谢您的关注。,-0.7679564135705295
NONAI02250_688030_20230103,688030,山石网科,2023-01-03,2.0338983050847457,6,295,请问董秘，贵公司产品是否属于国产化产品，是否在国家信创产业名录中？,尊敬的投资者，您好，随着信创趋势向关键信息基础设施领域的推进，公司逐渐感受到信创业务需求的上升，为更好地拓展信创市场的业务机会，山石网科已在产品、研发、技术上做了提前布局。截至目前，山石网科已成功发布多款国产化网络安全产品，包括国产化防火墙、国产化入侵防御系统、国产化Web应用防火墙，国产化应用交付系统等。另外，在网络安全国产化背景下，为进一步提高公司硬件产品的性能和市场竞争力，公司启动了安全芯片的研发工作。截至目前，公司已经发布了基于FPGA芯片的高端防火墙，目前正在持续稳定地推进ASIC芯片的后续研发工作。未来，公司将继续积极布局信创市场，抓住信创趋势带来的增长机遇，为国家网络安全贡献力量。更多详细信息，欢迎您查阅公司公告和法定渠道披露的内容，谢谢！,-0.5453686151337895
NONAI02251_688031_20230104,688031,星环科技,2023-01-04,4.643962848297214,15,323,请问公司涉及业务对比有哪些厂商，甲骨文？还是等，是否涉及AI，元宇宙，领域。,您好，感谢提问。行业内主要参与者主要包括（1）国外公司：以Oracle、IBM和Teradata为代表的传统关系数据库公司以及以Cloudera、MongoDB、Snowflake、Elastic等为代表的大数据平台和/或分布式数据库产品公司；（2）国内公司：包括公有云厂商、ICT厂商以及专业软件公司。 公司的Sophon产品是一款一站式人工智能平台，包含一系列数据分析与机器学习建模工具的智能分析工具软件，涉及数据分析中的计算智能（读取、计算）、感知智能（看、读、认）、认知智能（理解、认知、思考、推理）以及行为智能（决策）四个主要方向。Sophon能够一体化地完成数据采集、数据接入、模型构建、模型测试、模型管理、知识存算和推理以及辅助决策流程，支撑各类业务的数据分析、探索与服务。通过Sophon内置的统计算法、机器学习算法和深度学习算法，用户能够更高效地进行大规模复杂数据分析和预测性分析，从而辅助业务决策，提高企业的数字化运营能力和智能化决策能力。,-0.1084427386219115
NONAI02252_688035_20230105,688035,德邦科技,2023-01-05,7.894736842105263,3,38,近期德邦科技的小作文满天飞，尤其是《投资时报》研究员王子西公开发文质疑德邦科技“集成电路封装材料的贡献并不大”更是把矛头直指上市70天就被带走的涉及大基金贪腐案的董事长！请问1）贵公司上市是否业绩造假？大基金入股贵公司第一大股东出于哪些行业逻辑？2）贵公司四季度经营情况是否正常？3）生产销售订单是否饱满有无像漫天飞的小作文所述“公司订单受到黑天鹅事件出现断崖式暴跌”,感谢您对公司的关注，相关情况请您持续关注公司公告，公司业绩请关注公司定期报告，谢谢！,0.4357381630650775
NONAI02253_688036_20230106,688036,传音控股,2023-01-06,2.5806451612903225,4,155,公司有无进军美国市场的计划？,尊敬的投资者您好，秉承“让尽可能多的人尽早享受科技和创新带来的美好生活”的企业使命，公司自设立以来一直致力于为全球新兴市场用户提供优质的以手机为核心的多品牌智能终端，并基于自主研发的智能终端操作系统和流量入口，为用户提供移动互联网服务。公司的产品和服务覆盖区域主要集中在非洲、南亚、东南亚、中东和南美等全球新兴市场国家，感谢您的关注！,-0.4538429668508884
NONAI02254_688038_20230526,688038,中科通达,2023-05-26,0.0,0,134,贵公司与美亚柏科是否处于同一赛道？公司的技术含量想比美亚柏科差距有多大？公司被称之为小美亚柏科，公司是否配得上这个称号？公司希望被美亚柏科收购吗？,您好！美亚柏科主要服务对象为公检法司、政府机关和企事业单位，主要提供电子数据取证以及公共安全大数据服务。公司主要服务对象也是公安、政府机关和企事业单位，主要提供的是数字治理与公共安全综合服务。双方业务有一定的重合度，但是从细分角度来说，双方侧重点不同，应用场景有差别，所应用的技术也不尽相同。,-0.8858440267461817
NONAI02255_688039_20230614,688039,当虹科技,2023-06-14,9.375,18,192,公司跟华为公司有合作吗？,尊敬的投资者您好，1. 传媒文化方向，在2019年9月在荷兰IBC上，公司与华为海思、广东省超高清视频创新中心和鹏城实验室等机构联合发布了首个基于《信息技术 智能媒体编码》系列国家标准的8K端到端解决方案；公司目前加入欧拉开源社区，双方将持续深度交流合作。2. 泛安全方向，华为公司是公司在数字政务“一网统管”方向上的重要业务伙伴，公司获2022年度华为“最佳解决方案合作伙伴奖”。3. 智能网联汽车方向，公司是华为星闪联盟成员。感谢您对当虹科技的关注！,0.6835348236546887
NONAI02256_688041_20230116,688041,海光信息,2023-01-16,3.5714285714285716,1,28,请问下贵司的官网为何一直打不开呢，谢谢。,您好，公司官网可以正常访问，感谢您对公司的关注！网址链接：www.hygon.cn,-0.28798541706965963
NONAI02257_688046_20230510,688046,药康生物,2023-05-10,1.36986301369863,1,73,关注到贵公司股东杭州鼎晖近期以询价转让的方式转让公司1%的股份，请问新进入的受让方是否有锁定期？,尊敬的投资者，您好。针对本次杭州鼎晖的询价转让为非公开转让，而非通过集中竞价交易方式进行。受让方通过询价转让受让的股份，在受让后 6 个月内不得转让。感谢您的关注。,-0.6565283956373787
NONAI02258_688047_20230111,688047,龙芯中科,2023-01-11,10.454545454545455,23,220,你好。当下美国已完全在芯片领域围堵中国，对公司是挑战也是机遇，公司作为完全自主如何利用当下有力去填补占领市场？,尊敬的投资者，您好。龙芯的目标是构建独立于Wintel体系和AA体系的信息技术体系。龙芯从基于自主IP核的芯片研发、基于自主工艺的芯片生产和基于自主指令系统的软件生态三个环节不断提高自主可控度。2022年公司一方面继续加强自主CPU研发，提高产品性能，目前基于龙芯自主指令系统LoongArch（简称LA架构或龙架构）的CPU形成了由龙芯1C102、1C103、2K0500、2K1000LA、2K1500、2K2000、3A5000、3C5000、3D5000等组成的性能从低到高的完整系列；一方面着力生态建设，在Linux桌面生态上，LoongArch已经局部超过X86和ARM。公司将持续完善产品性价比和软件生态，提升产品竞争力。感谢您对公司的关注。,0.864251176125092
NONAI02259_688048_20230113,688048,长光华芯,2023-01-13,3.114186851211073,9,289,我问一下您公司做的这些激光雷达和芯片都是用于哪些地方，具体一些，您公司目前有哪些内设，具体都是怎么分工的？,尊敬的投资者，您好！公司的激光雷达芯片和器件可以用于补盲雷达、前置和后置雷达（其中VCSEL芯片还可以用于消费电子、3D传感、医美等领域）。公司拥有VCSEL芯片和边发射芯片（EEL）的激光雷达芯片。VCSEL有905nm、940nm、850nm等波长及为1550nm光纤激光器方案提供泵浦源等的多种方案，边发射芯片（EEL）拥有905nm的波长。我司的芯片具有功率密度高、效率高、发散角小的优点。公司专门设立了激光雷达与3D传感事业部负责市场销售及客户支持；公司的研发中心设有VCSEL技术团队和边发射技术团队分别负责芯片的设计和相关器件工程、可靠性认证等；制造中心负责芯片和器件的生产，其中包括外延材料生长、流片工艺、封装测试等；工程部负责对生产的工艺开发和设备的支持；品质部负责相关的品质管控和体系建设。感谢您的关注。,-0.36452786882755345
NONAI02260_688049_20230210,688049,炬芯科技,2023-02-10,2.608695652173913,3,115,请问公司的智能语音芯片能用在人机交互终端吗？,尊敬的投资者您好，公司的智能语音芯片应用于人机交互场景的终端，目前主要落地在智能家居以及智能办公，并已成熟量产运用于蓝牙语音遥控器、语音鼠标、翻译棒、智能录音笔及其它数据传输类产品中。公司的智能录音笔芯片已覆盖科大讯飞、飞利浦和汉王等终端品牌。谢谢。,-0.4491473031563743
NONAI02261_688050_20230109,688050,爱博医疗,2023-01-09,4.0,4,100,你好董秘，澜柏美瞳是公司进行并购获得的品牌吗？京东上的澜柏官方旗舰店是否公司会继续运营，目前京东上的澜柏产品仍在前期永胜生产的临期产品，公司什么时候会进行新产品的更新？谢谢,尊敬的投资者您好，此问题已于12月12日在平台回复，所述的品牌和渠道已全部转入爱博上海公司。京东对上线产品均有严格品控，公司按照计划进行产品更新及推广，将持续为线上线下消费者提供优质产品及服务。感谢您对爱博医疗的关注！,-0.21624238390847703
NONAI02262_688051_20230310,688051,佳华科技,2023-03-10,8.148148148148149,11,135,尊敬的董秘你好！请问我公司建设的物联网数据中心是否有作为算力中心基础？能否实现算力中心的一些基本功能？谢谢,尊敬的投资者您好，感谢您的关注！公司之孙公司拥有的物联网数据中心，是依据国标A级机房标准(GB/T 50174-2017) 设计和建设（达到国际标准T3+级），采用模块化设计，具备 5000台42U标准机架，每机架负荷设计为4~6KW，可根据客户需求灵活进行机柜的布置，主要承载佳华云服务平台，具备物联网IOT平台、人工智能AI、云链数据库等核心能力。谢谢！,0.4781593197750687
NONAI02263_688052_20230606,688052,纳芯微,2023-06-06,2.573529411764706,7,272,"您好，董秘！关于（2022年度实施限制性股票激励计划, 推销的股份支付费用约为 19,670.56 万元），能否解释详细一下为啥做个计划需要这么多钱。一下子拉低了利润好多！谢谢！！！",尊敬的投资者，您好！根据《企业会计准则第11号——股份支付》和《企业会计准则第22号——金融工具确认和计量》中的相关规定，公司选择Black-Scholes模型来计算第二类限制性股票的公允价值，按照会计准则的规定确定授予日限制性股票的公允价值，并最终确认激励计划的股份支付费用，该等费用将在激励计划的实施过程中按归属安排的比例摊销。2022年度限制性股票费用的摊销对有效期内各年净利润均有所影响，具体影响以会计师年度审计报告为准。同时限制性股票激励计划实施后，将进一步吸引和留住优秀人才，充分调动公司员工的积极性，有效地将股东利益、公司利益和核心团队个人利益结合在一起，从而提高经营效率，给公司带来更高的经营业绩和内在价值。,-0.455034146243982
NONAI02264_688055_20230118,688055,龙腾光电,2023-01-18,2.928870292887029,7,239,尊敬董秘您好，比亚迪，华阳集团，都是公司的客户，是吗？谢谢回复,您好，公司已深耕车载显示领域十多年，扎实搭建起了覆盖设计研发、市场销售、客户服务、质量保障、人才队伍等各方面的车载专业体系，与中国、美国、日本、欧洲等全球多家品牌系统集成商及汽车生产大厂建立了深度的共赢合作关系，并成为诸多客户的核心供应商，据调研机构统计，2021年公司车载显示面板出货量位列全球前十。公司通过强化动态隐私防窥显示、Mini Led、触控一体化等核心技术在车载产品上的整合应用，合作的客户范围持续拓展，包括新能源车企的合作也在快速推进，并将一直积极支持客户在不同规格、不同类型产品上的探索，具体情况请查阅公司公告，感谢您的关注。,-0.3955499368022557
NONAI02265_688056_20230131,688056,莱伯泰科,2023-01-31,2.830188679245283,3,106,董秘您好！关注到节前公司在四川省环境生态厅的招标中中标不少产品，其中有5套单价41.5万的热脱附装置。请问这是公司的新产品吗？,这位投资者您好，非常感谢您的支持与关注！您所询问的热脱附装置产品为公司的全自动热解析系列产品之一，该产品是一款稳定可靠的挥发性有机物（VOCs）检测利器，具有优异的性能。目前该产品已在市场上销售了一段时间，并非公司近期新推出的产品。谢谢。,-0.41206927945535293
NONAI02266_688057_20230322,688057,金达莱,2023-03-22,1.9230769230769231,1,52,坐吃山空，盈利状况王小二过年，一年不如一年，躺在理财账上的钱要么外延并购，要么转型热门行业，双主业也能抵御风险，望三思！,您好，公司会继续全力做好经营管理，不断提升核心竞争力，持续推动公司高质量发展，以回报广大投资者，感谢您的关注及建议。,-0.5639201599972852
NONAI02267_688058_20230110,688058,宝兰德,2023-01-10,23.076923076923077,9,39,请问贵司截止2022年12月31日的股东人数是多少，谢谢。,您好，有关公司12月末股东人数，敬请您关注公司将于2023年4月28日披露的2022年年度报告。谢谢！,2.977242374240576
NONAI02268_688059_20230117,688059,华锐精密,2023-01-17,5.517241379310345,8,145,请问贵司2022年12月30日的股东人数是多少？,"尊敬的投资者您好，感谢您对公司的关注。公司按要求定期披露股东户数，敬请留意定期报告相关内容。截至2022年9月末，公司股东总数为2,638户。根据《公司法》相关规定，公司股东如需查询其它特定时点的股东人数，可向公司提供证明持有公司股份的种类以及持股数量的书面文件，公司经核实股东身份后按照股东的要求予以提供，感谢您的配合与理解。",0.037744446133411026
NONAI02269_688062_20230113,688062,迈威生物,2023-01-13,1.9607843137254901,3,153,贵司认可12月份汇丰晋信对公司的调研及0.5星综合指标吗？,投资者您好！综合指标的分值来自证券之星 （www.stockstar.com）系统打分 ，公司不清楚其打分规则。迈威生物是科创板开板以来第13家按照第五套标准上市（未盈利）、具备科创属性的全产业链布局的创新型生物制药公司。迈威生物致力于通过源头创新，为患者提供疗效更好、可及性更强的生物创新药，满足全球未被满足的临床需求，不断提升公司价值，为股东提供更好的投资回报，谢谢。,-0.5576079273159343
NONAI02270_688066_20230131,688066,航天宏图,2023-01-31,9.523809523809524,4,42,尊敬的董秘，您好，请问贵公司可转债在中登公司登记日期是哪一天？可转债前十大持有人在可转债上市半年内能否减持？若董监高持股低于5%，认购可转债，在可转债上市半年内能否减持?,尊敬的投资者您好，公司可转债于2022年12月8日完成登记手续，可转债减持需根据相关法律、规则进行。,0.7084455990578771
NONAI02271_688067_20230223,688067,爱威科技,2023-02-23,5.555555555555555,1,18,希望公司年报大比例转增股份，增加流动性，公司交投太不活跃，成交量稀少。,尊敬的投资者，感谢您对公司的关注与支持。,0.04415825497285255
NONAI02272_688068_20230227,688068,热景生物,2023-02-27,0.0,0,52,董秘好，热景生物核酸居家检测国内注册证有没有申请了，目前处于进度，具备大范围推广使用的条件吗？,尊敬的投资者您好，如有相关进展，公司将及时按照相关规定在上海证券交易所官方网站披露相关公告，感谢您对我们的关注！,-0.8858440267461817
NONAI02273_688069_20230210,688069,德林海,2023-02-10,5.167597765363128,37,716,央视《新闻联播》报道，太湖生态保护修复治理工程稳步推进：在太湖清淤工程可有效改善太湖水质。同时，今年的芦苇补种工作也已经开始。工人们将沿岸干枯的芦苇进行收割清理，并在缺失区域补种下芦苇幼苗。请问清淤、种植芦苇工程是贵公司在承包吗？生物质新能源公司是否接到订单并投产。统筹97.2亿元，支持深入打好污染防治攻坚战，持续加强九大高原湖泊保护治理。统筹安排29.2亿元。杞麓湖是否回款，有无还款计划。,投资者您好，感谢对公司的关注！公司目前暂未参与太湖底泥清淤工程，但公司对太湖及公司治理业务流域内的湖、库底泥清淤业务保持密切关注，并持续跟踪当地政府相关项目招投标的进展情况。同时，公司也具备相应的底泥清淤技术储备，由公司自主研发的“污染底泥陷阱式精准治理技术”（即“陷阱式柔性清淤技术”）不同于传统的清淤方式，经过技术的不断迭代更新，目前“污染底泥陷阱式精准治理技术”可以以低扰动的方式，实现高污染、高释放底泥常态化的精准汇集与清除，具有较广的推广应用价值。公司在内部还专门设立“底泥治理事业部”，配备专业人员对清淤技术进行科技攻关和装备升级，形成了公司独有的底泥清淤技术和装备体系。“污染底泥陷阱式精准治理技术”于2022年期间已经有了商业化应用的项目落地；公司在无锡市经开区和浙江省湖州市已开展过芦苇补种和芦苇清理收割工作，收集的芦苇、蓝藻处理产生的藻泥和陷阱式柔性底泥清淤形成的表层生物质等生物质资源可经由公司自主研发的生物质新能源成套装备混合加工制成生物质成型燃料（BMF）。截至目前，生物质新能源首台成套装备的调试和新业务的洽谈也在积极推进中；云南省财政厅于2023年1月发布了《关于云南省2022年地方财政预算执行情况和2023年地方财政预算草案的报告》，《报告》中提到：“持续改善生态环境，促进绿色低碳发展。共统筹安排140.2亿元。统筹97.2亿元，支持深入打好污染防治攻坚战，持续加强九大高原湖泊保护治理。统筹安排29.2亿元，支持国土空间修复和林业草原生态综合治理，构建生物多样性保护监测体系。”公司于2022年10月收到《杞麓湖及入湖河道水质提升工程-水质提升设备采购及运行采购》项目首笔回款200万元，同时公司积极响应当地政府要求，全面启用杞麓湖沿湖水质提升站对杞麓湖湖水进行24小时处理。公司将密切关注地方财政预算相关事宜，继续保持与客户的沟通，积极与当地政府部门协调相关资金的落实情况。,-0.020786038443281144
NONAI02274_688070_20230113,688070,纵横股份,2023-01-13,3.8251366120218577,7,183,俄乌战争，让我们看到了战争的残酷，同时也让人关注到无人机在现代战场上的重要性！对比下垂直旋翼无人机在战争中由于飞行稳定，便捷，长航时被大量使用！公司在军用市场是否有产品和用户？,尊敬的投资者您好！在防务领域，公司已经完成相关业务资质的办理，多型产品可在相关场景中稳定可靠使用。如公司在2022年的第十四届珠海航展上推出的纵横大鹏CW-100卫通版本及相关改进升级的无人机产品，可广泛应用于各类侦察、应急场景满足特殊行业用户任务需求。未来公司将加强推广无人机在边境巡逻、情报侦察、校准评估、通信侦查等领域的应用，积极依托自主销售渠道及大型战略合作伙伴渠道资源推进市场开发。感谢您的关注！,-0.24551458687405978
NONAI02275_688071_20230620,688071,华依科技,2023-06-20,2.4390243902439024,2,82,请问贵公司今年新能源业务拓展是否顺利？公司生产经营是否正常？,尊敬的投资者，您好！感谢您对公司的关注与支持！公司新能源业务拓展及生产经营情况一切顺利，关于公司新能源业务及客户的详细情况，敬请参考公开披露文件。如有最新进展，公司会及时公告。谢谢！,-0.47755034208904473
NONAI02276_688072_20230508,688072,拓荆科技,2023-05-08,1.8518518518518519,1,54,请问董秘，公司的PECVD设备除了在芯片领域用，在光伏领域的TPCON和HJT电池制造有应用吗？,尊敬的投资者，您好！公司研制的PECVD设备主要应用于芯片制造领域，未应用于光伏领域的TPCON和HJT电池制造领域。感谢您对公司的关注！,-0.5758432661731703
NONAI02277_688073_20230529,688073,毕得医药,2023-05-29,8.0,6,75,公司为何股票市盈率低于行业平均值 为何远低于近一年上次次新cro估值？ 近期股东人数多少？,"投资者您好，公司的估值水平由市场决定，波动受经济环境、大盘走势、市场情绪、资金状况等多种因素影响。截至2023年3月31日，公司股东总人数为2,868户。非常感谢您对毕得医药的关注！",0.4533592589292277
NONAI02278_688076_20230523,688076,诺泰生物,2023-05-23,3.225806451612903,1,31,您好，公司与欧洲药企诺和诺德等合作进展是否顺利,尊敬的投资者，您好！公司目前与诺和诺德没有任何相关合作，感谢您的关注。,-0.34584270187706506
NONAI02279_688077_20230303,688077,大地熊,2023-03-03,3.1088082901554404,6,193,董秘请解释一下：1、同样是从事高性能钕铁硼永磁材料生产的上市公司，今年的业绩预告都是营收和净利润增长50%以上，比如正海磁材，难道他们就没有收到稀土价格波动影响吗？2、公司的子公司与北方稀土成立了合资公司，源头上保证了原材料供给，是不是也可以理解为公司的原材料供应商很单一，没有任何议价能力，上游想怎么涨价就怎么涨价，大地熊完全是在给北方稀土打工，那么公司面对如此境遇有考虑过其他出路吗？,尊敬的投资者，您好！一直以来，公司将业内头部企业作为标杆和学习的榜样，我们将继续努力。2011年公司与北方稀土成立合资公司，保障了公司稀土原材料的稳定供应，十多年来双方遵守约定并实现互利共赢。2022年，稀土原材料价格大幅波动，对公司生产经营造成了一定的影响。在新形势下，面对复杂多变的稀土原材料供求状况，公司在继续保持与北方稀土合作的同时，将补充完善现有稀土原材料采购渠道，降低因稀土价格大幅波动可能带来的不利影响。感谢您的关注！,-0.3654282421572921
NONAI02280_688078_20230530,688078,龙软科技,2023-05-30,3.0927835051546393,3,97,董秘您好，最近国家和地方出台不少关于支持煤炭智能化的政策。我看毛总持股比例比较高，是否会考虑引入战略投资者，绑定行业巨头加速拓展业务？,尊敬的投资者，您好！引入合适战略投资者是公司发展壮大的重大战略举措之一，在产业协同的前提下公司正在进行相关的探索及论证。后续如有实质性进展，公司将严格按照相关法规要求及时履行信披义务。感谢您对公司的关注，谢谢！,-0.3681107977479564
NONAI02281_688080_20230103,688080,映翰通,2023-01-03,0.9615384615384616,1,104,贵公司相比三旺通信有哪些竞争力？,投资者您好，三旺通信主要产品为工业以太网交换机为主，公司主营产品包括工业无线路由器、无线数据终端、边缘计算网关等无线类工业通信产品，公司也有部分有线类的工业以太网交换机产品，但目前该部分产品销售占比较小。感谢您对公司的关注。,-0.7248820933717335
NONAI02282_688081_20230705,688081,兴图新科,2023-07-05,3.061224489795918,3,98,当前AI在军事信息化领域的应用也是大势所趋。根据公司公众号信息，公司近期也成立了人工智能研究院，请公司介绍一下该人工智能研究院有哪些研究方向，谢谢。,您好！为加强核心技术研究，推动视频指挥体系建设，公司成立人工智能研究院。人工智能研究院主要覆盖人工智能技术、数字孪生和仿真推演技术、音视频技术、通信导航技术、无人平台技术五个研究方向，为视频指挥体系构建提供技术支撑。,-0.3733937898805914
NONAI02283_688083_20230321,688083,中望软件,2023-03-21,5.882352941176471,11,187,"公司第一大客户为Zwcad Korea Co., Ltd ，同时也是公司的控股子公司，能介绍一下中望与该公司在产品销售方面的具体关系吗？","尊敬的投资者，感谢您对公司的关注。 韩国中望软件株式会社（Zwcad Korea Co., Ltd）并非公司控股子公司，公司通过全资子公司香港中望龙腾软件有限公司参股Zwcad Korea Co., Ltd，持股比例仅为9.91%。Zwcad Korea Co., Ltd是公司在韩国的主要经销商及战略合作伙伴之一，由于公司与境外经销商之间的合作模式为买断式销售，因此Zwcad Korea Co., Ltd常年成为公司前五大客户之一。Zwcad Korea Co., Ltd相关的具体情况敬请查询和留意公司在上海证券交易所网站（http://www.sse.com.cn/）等指定信息披露媒体披露的招股说明书及定期报告。",0.09886427154456055
NONAI02284_688085_20230117,688085,三友医疗,2023-01-17,1.607717041800643,5,311,集采后公司主打产品大幅降价，公司有什么措施尽可能减少集采对公司业绩的影响？,您好，感谢您的关注。国家脊柱集采执行后，短期来看，公司的收入业绩将承压，但从中长期来看，脊柱集中带量采购将进一步推动行业集中度的提高，公司在此次集采中将获得更多的手术量并提升市场份额，集采对三友医疗这样具有原创研发创新能力的头部企业具有积极影响。公司将继续加大研发投入力度，在原有疗法创新的基础上持续开发创新产品，持续推进精益化生产管理，提高公司运营效率。同时，公司将继续大力推进国际化业务的发展，以专利创新产品为基础，真正直接面对市场和客户，全力推进公司疗法创新技术输出。通过与当地医生的研发医工合作，加强在全球高端市场，特别是欧洲，美国和澳大利亚等骨科主流市场的学术推广和市场开拓，提高公司及创新产品在国际主流市场的知名度，促进公司国际业务的快速稳定可持续发展。谢谢。,-0.6167115336442104
NONAI02285_688088_20230323,688088,虹软科技,2023-03-23,5.0,1,20,董秘您好！贵司在智能车领域AI算法方面很有发展潜力，完全可以与德赛西威这样的ter1公司联合，取长补短以加大智能车领域的扩张。谢谢,尊敬的投资者，您好！感谢您对公司的关注与建议。,-0.04884197319905085
NONAI02286_688089_20230104,688089,嘉必优,2023-01-04,2.7906976744186047,6,215,你好，我是贵公司的股东。贵公司燕窝酸品质好，国内首创工艺。燕窝酸具有明显增强免疫，养颜美容的功效。请问贵公司针对燕窝酸有没有和下游饮料厂家的合作啊？比如养元饮品就非常值得合作。将燕窝酸开发为类似红牛等功能饮料的市场非常广阔！！！,您好，感谢关注公司。燕窝酸具有抗菌消炎、提高免疫力、促进智力发育、滋补养颜、延缓衰老等功效，普遍应用于医药、保健品、食品领域，也是一种新兴的化妆品功效成分。目前公司的燕窝酸产品主要应用于健康食品中，包括儿童奶粉、口服美容产品、固体饮料等；在化妆品领域，已经有10个品牌使用公司的燕窝酸产品备案了15款化妆品产品；在口服美容液及固体饮料领域，五谷磨房燕窝胶原蛋白肽、wonderlab口服液、颜如玉胶原蛋白饮等添加了公司燕窝酸产品。在饮料市场，公司还将布局运动饮料、植物蛋白饮料和动物蛋白饮料等领域。,-0.4186800898826668
NONAI02287_688090_20230210,688090,瑞松科技,2023-02-10,1.6666666666666667,1,60,你好，请问贵公司截止1月底股东户数？,"尊敬的投资者,您好!根据信息披露的相关规定，公司将在定期报告中披露当期的股东人数。后续请关注公司披露的定期报告，感谢您的关注和支持。",-0.6068433422304713
NONAI02288_688092_20230228,688092,爱科科技,2023-02-28,6.097560975609756,5,82,董秘您好，麻烦告知现有产能和在建产能的详细情况，谢谢,您好！随着公司募投项目“新建智能切割设备生产线项目”的实施，公司过去存在的产能不足问题已经得到了改善。这将进一步提高公司在智能切割行业的竞争力和盈利能力，巩固公司的市场地位。谢谢！,0.13489018489666083
NONAI02289_688093_20230224,688093,世华科技,2023-02-24,3.2967032967032965,3,91,请问贵司近1.2年有什么销售额过亿的产品将会上市么？能说说对该产品的大致规划么？,尊敬的投资者您好，感谢您对公司的关注。目前公司功能性材料产品较多，单个项目体量整体偏小，公司持续在进行研发创新推动项目价值量的增加。有关公司具体业务情况请以公司在指定信息披露媒体披露的公告为准。,-0.3339745408909306
NONAI02290_688095_20230103,688095,福昕软件,2023-01-03,0.0,0,51,请问管理层两年以内是否有计划实施新一轮更低行权价格的员工股权激励？公司管理层是否有意引导或打压二级市场股价以达到执行更低行权价格股权激励的目的？,尊敬的投资者，您好。如公司有开展新的员工股权激励，将严格按照相关法律法规的要求履行信息披露的义务。感谢您的关注！,-0.8858440267461817
NONAI02291_688096_20230109,688096,京源环保,2023-01-09,3.255813953488372,7,215,董秘你好！貴司作為在京上市公司，如何確保“近日，北京市碳达峰实施方案正式印发，到2025年，可再生能源消费比重达到14.4%以上，单位地区生产总值能耗比2020年下降14%。到 2030年，北京可再生能源消费比重达到25%左右，确保如期实现2030年前碳达峰目标〞，貴司目前生產可再生能源的比例有多少？貴司如何切實履行 SEG 宗旨推動地區碳達峰實現？,"尊敬的投资者，您好！感谢您对公司的关注！我司系上海证券交易所上市公司。碳达峰是我国从转换经济发展模式、促进可持续发展、提高我国能源安全边际等多角度提出的、具有高瞻远瞩的战略性目标，实现2030年前碳达峰目标需要社会各主体共同参与、共同努力。公司自成立以来,始终积极践行社会责任,积极参与乡村扶贫、抗疫等各项公益事业,传递企业正能量。未来，公司将认真研究“碳达峰、碳中和”目标下公司未来的应对及新发展领域，并结合自身所在的行业特点通过技术升级、产品迭代及管理优化等实现绿色发展。谢谢！",-0.3408194337387477
NONAI02292_688099_20230214,688099,晶晨股份,2023-02-14,2.2099447513812156,4,181,你好，请问在公司2021年股权激励方案中，为何外籍员工的授予价格比大陆员工的授予价格高？是否会损害外籍员工的工作积极性,尊敬的投资人，您好！公司股权激励方案由公司综合考虑多方面因素后制定，公司根据员工工作地的不同灵活设置了对应的授予价格，以保证激励计划的适配性。本次股权激励计划的定价综合考虑了激励文化的连续性、激励计划的有效性和公司股份支付费用影响等因素，并合理确定了激励对象范围、归属时间和授予权益数量，遵循了激励约束对等原则，不会对公司经营造成负面影响，体现了公司实际激励需求，具有合理性。感谢您的关注！,-0.5158983677198256
NONAI02293_688100_20230110,688100,威胜信息,2023-01-10,2.0408163265306123,3,147,威胜信息董秘您好！疫情三年，贵公司砥砺前行，取得了连续三年的正增长，实属不易，管理层也得到了晋升及激励，但二级市场投资者长期持有的增值难言增长，2022年报分配方案的分红和分红股能否让持有者增强信心？谢谢！,尊敬的投资者您好，感谢对公司的关注！公司高度重视投资者的利益，上市以来通过每年现金分红等方式切实回馈股东。后续公司将继续按照相关规定，综合考虑业务发展资金需求和广大股东的利益诉求，制订合理的利润分配方案，切实保障股东合法权益。如有相关计划，公司将会根据相关规定及时履行信息披露义务，请您关注公司公告，再次感谢您的关注！,-0.5442105355024548
NONAI02294_688102_20230119,688102,斯瑞新材,2023-01-19,3.125,5,160,徐总好，请问2022年业绩预告什么时候发布？公司推进高强高导铜合金材料应用于光伏单晶硅制造设备，进展如何？是否还停留在理论上？谢谢,投资者你好，感谢您对公司的关注。据《上海证券交易所科创板股票上市规则》的要求，上市公司预计年度经营业绩将触及相关业绩预告情形时应当在会计年度结束之日起 1 个月内进行业绩预告。如预计触及，公司会按相关规定要求履行披露义务。请关注公司披露在上交所指定信息披露网站的公告。公司推进高强高导铜合金材料应用于光伏单晶硅制造设备事宜推进正常。祝您投资愉快。,-0.3627177432792249
NONAI02295_688103_20230320,688103,国力股份,2023-03-20,2.5157232704402515,4,159,贵公司的产品有没有供货中微半导体的光刻机？,"尊敬的投资者，您好！在半导体设备制造领域，公司的陶瓷高压真空继电器、陶瓷真空电容器已应用于刻蚀机等半导体设备中的匹配器等单元。公司的产品具有高可靠、长寿命等性能，突破了可变真空电容器长寿命的工艺瓶颈。公司已与ADTEC Plasma Technology Co.,Ltd、北京北方华创微电子装备有限公司、中微半导体设备（上海）股份有限公司等知名国内外半导体设备制造厂商建立了合作关系。感谢您对公司的关注！",-0.4647109180432228
NONAI02296_688106_20230103,688106,金宏气体,2023-01-03,1.0101010101010102,1,99,您好，公司介绍公横向发展是依靠收购来扩大，迅速占领市场，去年收购8家，营收除去收购的贡献收入。总体保持收入不变基本没增长。今年收购仅此一家。请问今年或者明年是否在收购上放手收购有体量的大型公司早日做大做强。意向洽谈的公司是否有类似金宏体量大小的公司。另外公司在半导体，集成电路还有意向客户在谈吗？具体到哪一步了、谢谢,您好，公司坚持横向布局战略，通过新建、收购等方式实现跨区发展，提供及时优质的综合气体服务，目前有一些并购标的在洽谈中。公司产品供应知名集成电路客户方面，目前中芯国际、海力士、长江存储等已正式供应。感谢您对公司的关注，谢谢！,-0.7167527027972663
NONAI02297_688107_20230314,688107,安路科技,2023-03-14,0.0,0,42,请问公司生产的FPGA有用于航空航天或AI服务器吗？如果没有的话未来有规划吗？,公司产品目标客户定位为民用市场服务，公司会持续关注FPGA在AI领域的应用发展情况，感谢您的关注！,-0.8858440267461817
NONAI02298_688109_20230207,688109,品茗科技,2023-02-07,3.076923076923077,8,260,"您好！在过去的2022年，品茗花重金研发了品茗虚拟人铭仔""，请问有没有意向把品茗虚拟人技术应用于更多方面！谢谢！""",尊敬的投资者你好，“茗仔”是公司的品牌IP形象，是品牌具象化的表达方式，便于品牌传播。公司是“数字建造”应用化技术及产品提供商，综合运用BIM、大数据、云计算、人工智能、IoT、移动技术等信息技术，为客户提供施工全生命周期的数字化技术、产品、解决方案及相关服务。在人工智能应用方面，依托在建筑行业的AI自研能力，公司推出了“数字建造AI应用解决方案”，涵盖人员着装检测、行为检测、绿色施工检测、材料识别等40余种AI算法，全时监测施工现场，为项目成本、安全、质量管控提供数字化管理模式，提高管理效率。二级市场股价受资本市场环境、宏观经济、投资者预期等诸多因素影响，敬请广大投资者注意投资风险。感谢您对公司的关注！,-0.3707658399479473
NONAI02299_688110_20230119,688110,东芯股份,2023-01-19,8.823529411764707,9,102,尊敬的董秘您好，请问贵司四季报预告什么时候公布以及截止四季末公司股东人数？还有1月10日盘后股东人数，谢谢！,"尊敬的投资者，您好！公司将严格按照《上海证券交易所科创板股票上市规则》关于业绩预告的相关规定进行信息披露。截至2022年9月30日，公司普通股股东总数为23,688户，股东户数情况公司将根据信息披露准则在定期报告中披露。感谢您对公司关注。",0.5912184206899317
NONAI02300_688111_20230105,688111,金山办公,2023-01-05,15.789473684210526,6,38,请问公司股东人数是多少？,"您好，相关数据请以公司定期报告披露信息为准，截至2022年6月，公司股东总数为17,019户。谢谢。",1.7573203528763368
NONAI02301_688113_20230222,688113,联测科技,2023-02-22,5.405405405405405,2,37,董秘您好。请问华依科技是否为公司主要本土竞争对手之一？对比华依，公司有何差异点，有何竞争优势、劣势？谢谢。,尊敬的投资者您好，您可以在公司发布的定期报告中查阅公司竞争优劣势。谢谢您的关注！,0.019023058169635416
NONAI02302_688114_20230116,688114,华大智造,2023-01-16,1.5267175572519085,2,131,请问公司有否开发针对医疗机构（大型医院、基层卫生院）日常使用的仪器设备？,尊敬的投资者您好，公司主营业务有三大业务线，分别为基因测序业务线、实验室自动化业务线、新业务线，其中各业务线均包含相关仪器设备，主要包括基因测序仪、自动化样本处理系统、自动化流水线、远程超声机器人、BIT产品等。可广泛用于科研及临床领域的应用场景，包括医院、科研机构、制药公司、疾控中心、检测机构等。,-0.6302708806249204
NONAI02303_688115_20230103,688115,思林杰,2023-01-03,3.10077519379845,4,129,公司为消费电子提供了比竞争者（普源等）更加优化的解决方案，资产轻，周转快，在埋头苦干的同时，还需抬头看路，建议公司多跟市场沟通，加强宣传，发挥业务协同作用。,尊敬的投资者您好，您的建议公司已收到，公司通过线上与线下的方式与投资者保持沟通交流，同时也积极通过投资者电话、上证e互动平台、公司邮箱等形式拓展与投资者交流的途径。未来公司专注主业发展的同时继续加强与市场多沟通，增进投资者对公司的了解，希望未来能够继续地得到大家的信任和支持！,-0.3667729857867207
NONAI02304_688118_20230324,688118,普元信息,2023-03-24,3.225806451612903,3,93,公司在人工智能方面有哪些布局？,尊敬的投资者，您好！作为国内较早采用低代码开发技术理念的公司、全栈式信创中间件领导厂商，公司关注人工智能技术的发展，将持续探索自动化技术、人工智能与公司产品技术的结合场景及未来的发展方向。感谢您的关注！,-0.34584270187706506
NONAI02305_688119_20230206,688119,中钢洛耐,2023-02-06,3.007518796992481,4,133,贵公司生产的碳化硅材料是否供货于第三代半导体生产厂家？如果没有，请贵公司尽快布局，因为碳化硅是生产第三代半导体零件的关键材料。谢谢,公司生产的碳化硅产品目前主要用于冶金、有色、建材、环保等领域的高温热场，在国内起步早、成果多，市场影响力较大。与电子半导体碳化硅在生产工艺和产品功能方面存在区别，根据《上市公司行业分类指引》分属不同大类。公司高度重视科技创新和前瞻性研究，将立足主业，稳健发展，持续创新，积极开拓。谢谢您对公司的关注。,-0.38238414491332107
NONAI02306_688120_20230106,688120,华海清科,2023-01-06,1.9607843137254901,1,51,请问截至2022年12月22日，公司股东人数多少？谢谢,尊敬的投资者您好！根据信息披露的公平性原则，公司将在定期报告中披露截至报告期末的股东人数。感谢您对公司的关注！,-0.5576079273159343
NONAI02307_688123_20230216,688123,聚辰股份,2023-02-16,4.0,1,25,贵公司今年有何新的业绩增长点？今年能否继续保持利润增速？,您好！具体业绩情况请关注公司未来定期报告。感谢您的关注！,-0.21624238390847703
NONAI02308_688125_20230209,688125,安达智能,2023-02-09,0.0,0,32,尊敬的董秘您好！我们公司每年业绩很好，每股公积金和未分配利润都很高，但是股本很小，分红能否通过转增股本或送股的方式来回馈广大股东，同时能增加股票流动性。,尊敬的投资者，您好！感谢您的关注和支持，公司将充分考虑投资者的建议，谢谢！,-0.8858440267461817
NONAI02309_688127_20230109,688127,蓝特光学,2023-01-09,2.2988505747126435,2,87,董秘你好，我想问一下贵公司现在经营的产品都有哪些？主要合作对象是哪些公司？2023年有没有新型产品研发项目的计划？,您好，感谢您对公司的关注！公司主营业务为光学元件的研发、生产和销售，主要产品为光学棱镜、玻璃非球面透镜及玻璃晶圆，广泛应用于消费电子、汽车电子、VR/AR、光学仪器、半导体等领域。具体请关注公司定期报告。,-0.5010154963796848
NONAI02310_688129_20230428,688129,东来技术,2023-04-28,0.0,0,24,今年上游原材料对公司成本的影响相比去年是否有所好转？,您好，原材料价格仍存在波动，对公司成本有一定影响，谢谢！,-0.8858440267461817
NONAI02311_688130_20230329,688130,晶华微,2023-03-29,1.5151515151515151,1,66,请问截止2023-03-16的最新股东户数是多少？,尊敬的投资者：您好！为保证所有投资者平等获悉公司信息，根据信息披露公平性原则，公司将在各期定期报告中披露报告期末的股东人数。感谢您的关注与支持！,-0.6322070408228088
NONAI02312_688131_20230309,688131,皓元医药,2023-03-09,3.713527851458886,14,377,公司连续多次融资.而股东们一解禁就跑是为什么?公司与药石比有哪些优势?,"尊敬的投资者您好，减持的主要是A轮股东，A轮股东已“陪跑”公司近10年，因基金产品面临到期，有资金退出需求，需要减持。公司已经和股东做了充分的交流，目前很多股东对公司还是长期看好的。公司积极跟进股东减持需求，并严格遵循证监会和交易所相关减持规定，及时履行信息披露义务。两家公司都是研发型企业，皓元医药自成立以来，专注于为全球制药和生物医药行业提供专业高效的小分子及新分子类型药物业务的CRO&CDMO服务，致力于在药物分子砌块、工具化合物、中间体、原料药和制剂的研究、开发和生产领域，打造药物研发及生产“起始物料—中间体—原料药—制剂”的一体化服务平台，加速赋能全球合作伙伴实现从临床前到商业化生产的全过程。历经十六年的发展，公司已与亚洲、欧洲、美洲、大洋洲等多个地区的知名医药企业、科研院所、CRO公司建立了深度合作关系，承载着来自全球6,000多家合作伙伴的研发创新项目，被评为高新技术企业、国家级专精特新“小巨人”企业等多项荣誉称号。感谢您对公司的关注。",-0.2641979392310712
NONAI02313_688132_20230206,688132,邦彦技术,2023-02-06,3.278688524590164,2,61,截至到2023年1月20日贵公司的股东人数是多少？],为保证所有投资者平等获悉公司信息，根据信息披露公平原则，公司会在定期报告中披露报告期末的股东人数，届时敬请关注。感谢您对公司的关注！,-0.33699022114150573
NONAI02314_688133_20230110,688133,泰坦科技,2023-01-10,1.6666666666666667,2,120,请问公司在光伏、新能源领域有何研究？,尊敬的投资者，您好，感谢您的关注和支持！公司主营业务不涉及光伏、新能源领域。公司的主营业务为提供科研试剂、特种化学品、科研仪器及耗材和实验室建设及科研信息化服务，满足科研工作者、分析检测和质量控制人员的科研相关需求。新能源领域公司的实验室是公司的目标客户群。谢谢！,-0.6068433422304713
NONAI02315_688137_20230508,688137,近岸蛋白,2023-05-08,4.761904761904762,2,42,请问公司有哪些长期大订单合作客户？请说明供应的产品和对应出货的客户。,投资者您好，因公司与众多合作客户签署有保密协议，涉及具体事项不便对外披露。感谢您的关注。谢谢！,-0.08869921384415232
NONAI02316_688138_20230210,688138,清溢光电,2023-02-10,2.857142857142857,1,35,请问公司Micro OLED相关业务布局情况？是否已经批量供货给客户？,尊敬的投资者，我司正在积极研发、生产Micro OLED用掩膜版，服务好客户，感谢您对公司的关注。,-0.40755713900496404
NONAI02317_688139_20230119,688139,海尔生物,2023-01-19,5.47112462006079,18,329,董秘：您好，我是海尔生物坚定的投资者，看好海尔生物不仅是低温存储的头部企业，还是血液、疫苗等物联网一体化解决方案的提供商，从海尔生物上市之初，一直持有、加仓海尔生物，愿与海尔生物共同成长。有几个具体问题，希望能得到回答：1、海尔生物有没有五年、十年等长期战略目标；2、公司的研发人员数量、研发投入、专利数量的概要；3、公司参与国家生物安全标准制定的情况；4、海外营收占比情况。谢谢。,尊敬的投资者您好，①公司未来将围绕生命科学和医疗创新两大领域不断拓展，在生命科学领域，公司为科研院所、高校、医院的实验室打造包括设备、软件、耗材等在内的物联网综合解决方案，从智慧实验室场景向生物制药等工业应用场景延展。在医疗创新领域，公司为血站和医院用户定制智慧血液安全解决方案，并向血液成分制备和治疗持续拓展；为疾控部门和社区卫生中心定制智慧疫苗安全方案及生态服务，并向公共卫生拓展；为医院用户定制用药和手术室数字化方案，实现多品类产品和方案的布局与发展。②截至2022年上半年，公司研发人员数量为708人，研发投入1.34亿元，累计拥有665项专利。③公司坚持科技创新，积极推进创新成果和专利的行业标准化，截至2022年上半年已牵头或参与起草25项国家、行业、团体标准及技术规范。④2022年上半年，公司海外营收占比为28%。非常感谢您对公司认可和支持！,0.030024481694447748
NONAI02318_688143_20230201,688143,长盈通,2023-02-01,4.5,9,200,公司管理层新年好，请问贵司与成飞集团有业务上的合作关系吗，麻烦介绍一下谢谢,尊敬的投资者，您好！公司核心产品为光纤陀螺用光纤环及其主要材料保偏光纤。光纤陀螺是军用光纤惯性导航系统的核心部件，广泛应用于战术武器、战略导弹、军机、舰艇、装甲车、载具平台、航天器、火箭等装备的定位定向系统、姿态航向控制系统、罗经系统、制导导航控制系统等。公司主要客户包括航天科工集团、航天科技集团、兵器工业集团、航空工业集团、中电科集团和中船集团等军工集团下属惯性导航科研生产单位，目前公司没有直接和成飞集团有业务合作关系，感谢您对公司关注。,-0.13254217855376393
NONAI02319_688148_20230508,688148,芳源股份,2023-05-08,7.6923076923076925,3,39,2023的订单减少吗？,尊敬的投资者，关于公司2023年的经营情况可详见公司后续披露的各期定期报告，感谢您的关注！,0.4018514402494043
NONAI02320_688150_20230111,688150,莱特光电,2023-01-11,0.0,0,89,公司您好！请问单台手机（以6英寸为例）使用的有机材料的重量大概是多少克？,尊敬的投资者，您好！手机面板制造中会用到多种OLED有机材料，各家面板厂商器件结构不同，生产工艺和良率均有差异，有机材料在OLED每平方米的用量为面板厂商的关键技术机密，材料厂商无法进行估算。感谢您的关注！,-0.8858440267461817
NONAI02321_688151_20230330,688151,华强科技,2023-03-30,1.1824324324324325,7,592,贵公司股价一跌再跌，严重破发，股民基本巨亏，请问贵公司到底采取了什么措施保证股民的利益？还是就是确定上市就完事？已经六个月没有回复股民问题了,尊敬的投资者您好！2022年受国际环境复杂多变、国内疫情散发等超预期因素影响，国内经济发展的内外部环境复杂严峻，需求收缩、供给冲击、预期转弱三重压力持续显现，工业和服务业均收到严重影响。疫情三年来，公司主动担当作为，积极履行国企社会责任，全力支持国家抗疫工作，得到国务院、湖北省多次表彰。同时主动帮扶贫困地区，支持国家打赢脱贫攻坚战。 受国内外形势影响，2022年，公司生产经营情况遇到巨大挑战，面对军品订单不足、统一订购计划未下达的挑战，公司主动出击，加强与多个军兵种的沟通联系，积极参与各军兵种竞标采购，全力拓展产品应用范围和销售渠道。受国内疫苗接种需求减少、国外疫情防控较早放开的影响，公司民品新冠疫苗用丁基胶塞需求量下降。公司加大对常规胶塞市场拓展，全力稳住市场局面，常规品种胶塞销售规模都有明显提升。 同时，公司积极克服疫情反复影响，按节点推进重点型号项目研制进度，顺利完成集体防护新装备状态鉴定和现场鉴定，后续将全力落实相关订单，争取尽早发挥经济效益。公司紧盯药用胶塞“卡脖子”技术，成功实现预灌封注射器橡胶组件等新产品技术攻关，目前产品已经与重点客户开展联合验证，未来有望替代进口，成为新经济增长点。 公司也一直致力于深入国企改革，加快数字转型，提升管理效能，提升发展质量与活力；积极主动实施较高比例的现金分红，全力保障股东权益；依法合规做好信息披露，在政策允许范围内向广大投资者展示公司生产经营成果。 感谢您对公司的支持和关切，我们一定会以更大的担当和作为，努力提升企业发展效益，积极回报广大投资者。,-0.6879043519208468
NONAI02322_688152_20230309,688152,麒麟信安,2023-03-09,5.172413793103448,3,58,董秘，你好，请问公司是否直接或者间接参与 web3.0业务？,尊敬的投资者，您好。公司暂不涉及web 3.0相关业务，未来公司将会始终专注主业，密切关注行业前沿科技变化，不断加强技术创新。感谢您的关注！,-0.019979833421563554
NONAI02323_688155_20230131,688155,先惠技术,2023-01-31,4.878048780487805,2,41,请问长沙工厂是否已经投产？,尊敬的投资者，您好，感谢您对公司的关注！长沙工厂的具体情况敬请关注公司披露的相关公告。谢谢！,-0.06925665743190772
NONAI02324_688156_20230208,688156,路德环境,2023-02-08,6.976744186046512,3,43,公司为什么对之前关于市场上有较大规模生物发酵饲料企业与公司董秘介绍情况不一致的情况不予正面的回应？是有什么问题吗？不回复会让投资者感到困惑和担心，还请公司及时公开回应！,尊敬的投资者，您好。公司所介绍的情况均以调研事实为依据，详情可咨询公司证券部（027-87206873）。感谢您的关注。,0.28206581541260556
NONAI02325_688157_20230321,688157,松井股份,2023-03-21,3.8461538461538463,3,78,您好董秘，请问公司IPO项目进度如何？看报表未完工项目基本完成了工程建设部分，公司的设备采购节奏是根据终端项目进度来逐步释放吗？,尊敬的投资者您好，IPO项目正在如期推进中，具体详情敬请关注公司后续披露的2022年年度报告。设备方面，公司按照项目进度计划和下游市场需求等综合因素分批采购。感谢您的关注与支持。,-0.24199629324838873
NONAI02326_688158_20230103,688158,优刻得,2023-01-03,0.0,0,38,请问贵公司：跌破发行价两三倍也就算了。优刻得云的价格那么高，比腾讯云，阿里云，京东云，天翼云，华为云高那么多，明摆着争不到客户，已经好几年了，人才都开跑了，难道真的要亏光了净资产再来考虑重组吗？还让不让人活了？,尊敬的投资者，您好，感谢您的关注，公司的产品定价遵循市场化原则，符合行业一般水平。谢谢！,-0.8858440267461817
NONAI02327_688159_20230222,688159,有方科技,2023-02-22,4.25531914893617,2,47,董秘您好，麻烦告知现有产能和在建产能的详细情况，谢谢,您好，感谢您的提问，公司的生产模式主要以委外加工方式进行，合作方规模较大，其产能能够满足公司生产的需要。,-0.173501853514581
NONAI02328_688160_20230307,688160,步科股份,2023-03-07,8.235294117647058,7,85,尊敬的公司领导！随着公司发展越来越好，利润逐步提高，公司从上市以来一直没有转过股本，强烈要求公司管理层今年派股，增强股份流动性！谢谢,您好，感谢您对步科股份的关注和建议。公司将按照相关规定，综合考虑企业实际经营情况及未来发展规划，制定合适的利润分配方案，请您届时关注公司2023年3月31日披露的2022年年度报告及相关公告。谢谢。,0.49274759086085723
NONAI02329_688161_20230106,688161,威高骨科,2023-01-06,3.8461538461538463,4,104,贵公司作为骨科医疗器械的佼佼者，我想问一下，现在骨科植入物方面的未来趋势是3d打印技术吗？会不会全面替代传统的加工工艺？3d打印材料对人体会不会有影响？,您好，感谢您对公司的关注。3D打印作为一种新的生产工艺，可以加工制造各种形状结构复杂的产品，在定制化骨科植入物领域具有优势。3D打印精准医疗也是未来医疗器械发展的方向。目前3D打印主流的骨科植入物材料在临床已有长期应用，性能稳定。,-0.24199629324838873
NONAI02330_688162_20230210,688162,巨一科技,2023-02-10,5.555555555555555,9,162,公司自发布回购计划后火速建仓，成功抄外资、保险、基金的底。回购已达下限但没公布完成，计划还会继续实施吗？,尊敬的投资者，您好！感谢您对巨一科技的关注。公司将严格按照《上市公司股份回购规则》、《上海证券交易所上市公司自律监管指引第7号--回购股份》等相关规定及公司回购股份方案，在回购期限内根据市场情况择机做出回购决策并予以实施，同时根据回购进展情况及时履行信息披露义务。关于公司回购股份后续进展情况，请您关注公司在上海证券交易所网站（www.sse.com.cn）披露的相关公告。谢谢！,0.04415825497285255
NONAI02331_688163_20230223,688163,赛伦生物,2023-02-23,0.36231884057971014,1,276,董秘您好，贵司生产抗蛇毒血清产品，本人对此有一个问题请教。如果某一个人被蝰蛇，眼镜蛇等咬了，这些不都是剧毒的蛇吗，他还能扛到去打贵司的血清产品吗？对此问题，您怎么看？感谢回复。,毒蛇咬伤后，尤其是剧毒蛇咬伤，病情急、进展快，毒性发作最短可在数分钟后，也可在几个小时内发作，大多为数小时，但并不意味着毒性发作即死亡。此外，毒蛇咬伤的个体差异较大。即使同种蛇，蛇的毒性也有强弱区别，而且也受蛇咬伤时注入毒素多少的影响。 多年的抗蛇毒血清产品临床应用表明，通常情况下几小时内及时、足量注射正确的抗蛇毒血清，进行规范治疗，均可有效地挽救眼镜蛇、眼镜王蛇、银环蛇等剧毒蛇伤患者的生命。 蛇咬伤的治疗目标不仅仅是救命，还要争取阻止并发症的出现，以免导致永久残疾。抗蛇毒血清越早应用，患者预后越好。公司正在加大抗蛇毒血清急救网络建设，努力让更多患者及早、尽快获得抗蛇毒血清的治疗，保障生命安全，缩短康复时间。,-0.8251917040253751
NONAI02332_688165_20230228,688165,埃夫特,2023-02-28,1.0204081632653061,1,98,汽车行业的一体化压铸技术的推广，减少了汽车零部件和焊接设备需求，是否会影响到贵司工业机器人的订单量？,您好！一体化压铸建设自动化生产线也会使用机器人，对于机器人的使用数量影响较小。目前中国市场汽车行业国产机器人占比极小，未来的几年内汽车行业是包括埃夫特在内的国产机器人企业销量的一个增长点。感谢您对公司的关注！,-0.7150272811243183
NONAI02333_688167_20230111,688167,炬光科技,2023-01-11,2.846299810246679,15,527,您好，真诚，亲力亲为的董事长。想问下公司的微光学制备技术可以用来制造芯片吗，还是制造一种新颖硅片材料，市场空间有多大，请科普一下可以吗，非常感谢,尊敬的投资者您好，炬光科技的微光学制备技术是全球独一无二的晶圆级同步结构化制备技术，可适用于任何无机材料基材加工，包括氟化钙、氟化镁、玻璃、石英、硅、锗、硒化锌等各种光学材料。公司近期也发布了超大矢高(Sag)硅光学元器件，是利用炬光科技的晶圆级同步结构化技术加工硅材料的微光学元器件。硅材料的微光学元器件传统的加工技术是刻蚀和CNC加工，受工艺限制因素，这两种工艺加工出来的硅材料光学元器件的矢高值(Sag)往往小于60µm，而炬光科技的晶圆级同步结构化技术加工的硅光学元器件，能够在0°~80°出射角下达到高达4mm的矢高值(Sag)，最大限度地提高了硅光学元器件所能达到的数值孔径（NA），超越了用传统技术加工的硅光学元器件的极限，从而创造出传统工艺技术难以实现的先进硅光学产品，例如大矢高偏心微透镜阵列、闪耀光栅、啁啾阵列或集成棱镜，以及通过精密划切技术生产小微尺寸单只硅棱镜、柱镜等短波、中波红外用途光学器件。硅光学元器件可用于波长范围介于1.2 - 7μm的红外应用，主要应用于通信、热成像系统、前视红外、气体探测和红外传感器等高技术领域，公司已经有多个客户合作，其中包括与国际顶级智能终端和人工智能巨头在硅光学元器件方面合作研发了2~3年，相关项目目前进展顺利，如果该客户推进项目到批量应用，将具有相当体量的市场空间潜力。相关业务进展如达到披露标准，公司将及时披露。感谢您的关注！,-0.40937226950872585
NONAI02334_688168_20230104,688168,安博通,2023-01-04,0.0,0,24,请问苏长君新开公司经营内容是不是违反了证监会关于高管离职同业竞争的承诺？他目前经营所使用的软件架构或者专利侵犯了公司权益吗？公司有没有实力碾压这类竞争对手？希望公司采取任正非对付他爱徒的方式对付这个人。不知公司实力允不允许,尊敬的投资者您好，未发生您所提及的情况。感谢您的关注！,-0.8858440267461817
NONAI02335_688169_20230818,688169,石头科技,2023-08-18,10.344827586206897,3,29,请问公司2021年在美国收入是多少？,尊敬的投资者，您好。具体信息可以参考公司2021年报，感谢您的关注，谢谢。,0.8458843599030546
NONAI02336_688170_20230525,688170,德龙激光,2023-05-25,1.4492753623188406,2,138,1.公司在碳化硅激光切割领域已经和中电所，泰科天润，华润微等有合作了，这个合作业务是位于 碳化硅模块的封测环节吗？ 2.公司在上游的碳化硅衬底的制造环节，目前有没有晶圆切割的业务？有没有和衬底头部公司的天科合达、天岳先进等衬底公司有合作？ 公司在研的碳化硅晶圆激光隐形分切系统研发及产业化，目前进展到哪一步了，有样机或者客户试用了吗？,尊敬的投资者，您好！1、是的，公司碳化硅晶圆激光划片业务是封测段业务。2、公司在前道碳化硅衬底环节，也开发了碳化硅晶锭激光切片设备，公司已完成碳化硅晶锭切片技术的工艺研发和测试验证，并取得了头部客户批量订单。针对碳化硅材料，公司有晶锭切片、激光退火、晶圆划片等系列设备全套解决方案。感谢您对德龙激光的关注！,-0.6432347358629553
NONAI02337_688171_20230327,688171,纬德信息,2023-03-27,2.4096385542168677,2,83,请问公司有信息安全方面相关的业务吗？,尊敬的投资者，您好！公司致力于为工业企业提供自主可控、安全可靠的信息安全产品和服务，主要聚焦于电网信息安全行业，主要产品包括智能安全设备和信息安全云平台两大类。感谢您对公司的关注！,-0.4824695431090102
NONAI02338_688172_20230111,688172,燕东微,2023-01-11,0.0,0,35,董秘您好，据报道，用先进的封装技术连接功能不同的数个芯片以达到先进制程芯片功能的小芯片（又称晶粒）技术，被视为中国突破美国芯片科技禁运的快捷方式，长电科技开发的先进封装技术已开始为国际客户进行芯片封装量产。请问贵司在目前这方面的技术储备和市场应用如何？谢谢！,尊敬的投资者，公司业务技术，已在招股说明书中披露，请详见招股说明书中说明，谢谢。,-0.8858440267461817
NONAI02339_688173_20230616,688173,希荻微,2023-06-16,1.7857142857142858,2,112,请问贵公司近3年分红情况如何？,尊敬的投资者您好，公司近三年的利润分配方案为不进行现金分红，不送红股，也不以公积金转增股本。后续公司将继续按照相关规定，综合考虑业务发展资金需求和广大股东的利益诉求，制订合理的利润分配方案，切实保障股东合法权益。感谢您对公司的关注和支持，谢谢！,-0.5869147219079207
NONAI02340_688175_20230613,688175,高凌信息,2023-06-13,16.10169491525424,19,118,请问贵公司近3年分红情况如何？,"您好，公司注重股东回报，施行稳健的分红政策，近三年分红情况如下：2020—2022年度分别派发现金股利4,180.79 万元、4,645.32万元、2,787.19万元；分别占公司当期年度合并报表中归属于上市公司普通股股东的净利润比例为38.23%、39.06%、31.52%；近三年未进行资本公积转增股本及送红股。感谢您的关注！",1.8095863151852567
NONAI02341_688176_20230130,688176,亚虹医药,2023-01-30,6.25,2,32,请问美国关于在中国科技企业工作的美籍科技人才的新要求对公司核心技术人员是否有影响，如果有，公司管理层有什么应对方案吗？,尊敬的投资者，您好。目前公司核心技术人员正常履职中，感谢您对公司的关注。,0.16040854018773187
NONAI02342_688178_20230901,688178,万德斯,2023-09-01,2.5641025641025643,1,39,请问贵公司在核污染和核废水处理方面有哪些技术储备，或者有哪些解决方案？谢谢！,尊敬的投资者您好！公司没有核废水处理的技术储备，也无相关解决方案，感谢您对公司的关注！,-0.4566122044143197
NONAI02343_688179_20230130,688179,阿拉丁,2023-01-30,1.0471204188481675,2,191,董秘好，网上公开信息可查，贵公司普鲁士蓝原料制备技术成熟，且已在网络渠道销售，请问该产品是否具有去除人体内放射性物质的效力！谢谢！,尊敬的投资者，您好！公司目前提供普鲁士蓝现货销售。作为一种配位聚合物，普鲁士蓝具有优异的磁、电及光学性能。在电化学领域，普鲁士蓝是一种优良的电子传递媒介。FDA于2003年批准普鲁士蓝作为铊和铯的解毒剂，充分显示了普鲁士蓝良好的生物安全性，并在生物医学领域取得了许多进展。公司提供的科研试剂是为科研活动服务，具有小批量、多规格的特点，我们的产品规格大多是克、毫克级别，供实验室研发使用，单一产品销售额占比较小。感谢您对公司的关注。,-0.7105556385687721
NONAI02344_688180_20230103,688180,君实生物,2023-01-03,2.73972602739726,2,73,贵公司的新冠特效药是国产研发最快的创新治疗药品之一，跟旧药新用对比具有巨大优势。目前国内也已完成三期临床试验，并取得良好效果。贵公司多次强调要为抗疫贡献力量，目前疫情防控到了最关键时刻，随着高峰期到来，医院重症病人也会增多，需要有效药物提供支持，请问贵公司还不考虑跟国家申请紧急授权使用吗？非得要等国际多中心三期临床结果才申请上市吗？,投资人您好，谢谢您的肯定和建议，公司已组建专门团队，正在尽全力推进VV116相关研发工作的进程并保持与药物监管部门的积极沟通，后续进展请以公司公告为准，谢谢您的关注！,-0.42721276452857576
NONAI02345_688181_20230117,688181,八亿时空,2023-01-17,0.0,0,79,如果京东方获得苹果iPhone显示屏最大供应商，公司作为京东方的供应商是否做好了产能准备？,尊敬的投资者，您好！苹果iPhone显示屏主要使用的是OLED材料，八亿时空为京东方的战略供应商，我们主供京东方的是LCD用混合液晶材料。公司OLED材料方面研发及生产主要为OLED升华前材料。感谢关注！,-0.8858440267461817
NONAI02346_688182_20230214,688182,灿勤科技,2023-02-14,1.0471204188481675,2,191,尊敬的董秘，您好！请问一下现在5G小基站的蓬勃发展，对公司的滤波器业务有何影响？谢谢！,尊敬的投资者您好，感谢您对灿勤科技的关注。公司产品的应用领域比较广泛，有移动通讯、国防科工、雷达射频、航空航天、卫星导航、定位与授时、万物互联、陶瓷封装等，小基站也涵盖在内，小基站蓬勃发展对公司业务有着积极正面的影响。公司依托自有的先进陶瓷材料技术，扎根信息通信产业，着力布局HTCC电子陶瓷产品、毫米波介质滤波器、陶瓷封装等领域，开发一批小型、微型的高性能元器件及组件，包括滤波器、RFID、微型天线、微型收发组件、功分器、耦合器、HTCC产品等，谢谢。,-0.7105556385687721
NONAI02347_688183_20230104,688183,生益电子,2023-01-04,1.1764705882352942,1,85,咨询1：贵司是涉及国家核心机密，涉及重大军工，还是像老字号中药配方？为什么始终无法说清与华为涉及到哪些合作？是否以商业机密为由涉及信披违规？贵司是一家上市公众公司，请问贵司发行的股份难道都发行给了华为？请记住您是一家上市的公众公司，并不是华为的子公司？很多公司都有信披到与华为的合作，贵司是否应该学习下证监会的相关信披规定，让投资者投资的明明白白难道不应该？谢谢.,尊敬的投资者，您好。公司严格按照相关监管要求和规定进行信息披露，不存在应披露而未披露的情况。另外，出于商业及政策的原因，未经客户许可公司不方便透露具体的业务信息。感谢您对生益电子的关注！,-0.6889023670880332
NONAI02348_688186_20230131,688186,广大特材,2023-01-31,2.0408163265306123,1,49,您好，公司应用在核电领域的产品，最近参与了哪些具有示范性的项目，可否介绍一些？谢谢,尊敬的投资者，您好！公司自2017年起先后通过多个核电领域企业的合格供应商认证，主要以供应材料为主。感谢您的关注！,-0.5442105355024548
NONAI02349_688187_20230511,688187,时代电气,2023-05-11,13.793103448275861,16,116,现在市场传言时代电气半导体公司有分拆上市预期，请问贵公司在2年之内有这个计划吗？请尽快答复谢谢。,尊敬的投资者您好！公司目前没有决策半导体公司分拆事宜，上市公司业务持续发展及全体股东的利益保护，是公司经营过程中首要保障的事项。公司2022年IGBT业务收入约17.6亿元，同比增长约96%，其中高压器件收入约6亿元，同比增长约8%，中低压器件收入约11.6亿元，同比增长约240%。,1.4231271554527998
NONAI02350_688190_20230117,688190,云路股份,2023-01-17,0.9090909090909091,2,220,您好，最近央视的三体热播，被认为纳米材料是人类突破外星文明入侵的关键点，请问公司在这方面的科学研发是否处于行业前列？,尊敬的投资者，您好。公司生产的纳米晶超薄带产品是将含铁、硅、硼、铌、铜等元素的合金熔液，通过急速、高精度冷却技术形成的具有超细尺寸晶粒的软磁合金带材，纳米晶超薄带技术成果经中国金属学会鉴定达到“国际领先”水平。纳米晶超薄带得益于其高饱和磁密、高磁导率、高居里温度的材料优点，相比较于铁氧体软磁材料，在追求小型化、轻量化、复杂温度的场景下，有着显著优势，主要用于生产电感元件、电子变压器、互感器、传感器等产品，可以应用于新能源汽车、消费电子、新能源发电、家电以及粒子加速器等领域，感谢您对公司的关注。,-0.7336618351921579
NONAI02351_688191_20230209,688191,智洋创新,2023-02-09,3.5714285714285716,6,168,贵公司在人工智能领域有哪些作为？能应用于哪些行业？,尊敬的投资者，您好，公司是一家聚焦行业数字化转型的人工智能企业，率先实现人工智能技术在电力领域的落地应用，通过对人工智能、大数据挖掘分析、嵌入式产品设计、物联网应用平台等技术的研发和应用，自主研发并构建了包含硬件、嵌入软件、平台软件、人工智能算法在内的天空地多源感知端云协同的智能化产品体系，为电力、轨道交通、水利等领域提供行业数字化运维解决方案。感谢您对公司的关注。,-0.28798541706965963
NONAI02352_688195_20230214,688195,腾景科技,2023-02-14,1.639344262295082,5,305,董秘好！贵司产品在数字经济大框架下是否产生了具体的数字经济价值？谢谢,投资者您好，感谢您对我司的关注。 公司专业从事各类精密光学元件、光纤器件的研发、生产和销售。产品主要应用于光通信、光纤激光领域，部分应用于量子信息科研、生物医疗、消费类光学等领域。根据国家统计局发布的《数字经济及其核心产业统计分类（2021）》，公司的主营业务属于数字经济核心产业分类范畴。 在光通信领域中，公司产品应用于光收发模块、动态可调模块（如WSS模块）等各类光模块或子系统中，终端应用于数字经济产业重要组成和关键承载底座的电信网络、数据中心等信息网络基础设施，助力光通信系统向更高传输速率和带宽容量发展。 在数字经济浪潮和新型基础设施建设的大背景下，公司紧密围绕客户需求，紧跟行业技术发展趋势，依托强大的研发实力和深厚的技术积累，不断为下游各应用领域客户提供优质产品和服务。,-0.6114171239438437
NONAI02353_688196_20230207,688196,卓越新能,2023-02-07,0.0,0,52,您好，欧洲今年开始逐步减少第一代生柴，至2030年完全禁止。是否利于公司的废油生柴业务？,您好，若欧盟实施禁止使用棕榈油、大豆油为原料的生物柴油政策，则以废油脂为原料的生物柴油产品市场份额将进一步扩大。,-0.8858440267461817
NONAI02354_688199_20230110,688199,久日新材,2023-01-10,2.0833333333333335,1,48,公司前次曾回复“京东方、TCL华星光电、中芯国际等大公司都将是潜在的客户”，请问他们是公司光刻胶还是光敏剂的潜在客户？是潜在的直接客户还是间接客户？,尊敬的投资者您好！京东方、TCL华星光电、中芯国际等大公司都将是公司光刻胶的潜在客户。感谢您对久日新材的关注！,-0.5370931711015439
NONAI02355_688201_20230308,688201,信安世纪,2023-03-08,3.2,20,625,领导您好，请问公司 1）在数据中心方面 是否有产品布局？2）公司在车联网目前客户拓展情况如何，目前重点客户进展如何？3）公司在工业互联网方面产品推广如何？4）公司对于2023年在金融、政府部门、企业三大块业务的分别展望如何？感谢感谢！,尊敬的投资者您好，感谢对信安世纪的关注。1）在数据中心方面，公司有云密码产品和密码服务平台，可解决数据中心的安全问题。2）公司为中国汽车技术研究中心的车联网安全体系提供了密码产品支持和安全保障，与广陵汽车、北汽等车厂合作，为车建立身份证系统；积极参与无锡、重庆等地的车联网先导区试点建设项目；在工信部“关于车联网身份认证和安全信任试点项目”中，深度参与了车路协同安全认证、车联网信任支撑技术应用、车路身份安全认证等课题；与多方合力编制《车联网密码应用白皮书》等白皮书，参与车载应用软件信息安全—框架、路网收费系统的标准相关工作，在智能交通安全标准方面持续发力。3）公司完成了工信部工业互联网创新发展工程《工业互联网商用密码应用公共服务平台项目》的建设，继续承担各省级的工业互联商用密码平台、分行业的工业互联商用密码平台安全保障；参与工业互联网标识解析-安全风险分析模型研究报告的编制；加入了工信部商用密码应用推进标准工作组，参与构建工业和信息化领域完备的商用密码应用标准体系，并已经形成了相关的产品。公司在信息化和工业化的两化大潮下，会继续加大工业互联网平台业务，加快工控、数控领域的投入和布局。4）2023年，在金融领域，在银行、证券、基金、期货，保险等行业的国密改造及金融信创的机遇下，随着数字化业务转型的加快，持续为客户提供优质密码安全和网络安全产品，为客户线上应用提供保障；在企业领域，积极拓展央、国企信创的业务，充分发挥合作伙伴能量，加大运营商、大型企业、软件企业的推广；在政府领域，持续深耕交通、人社、财政、税务、海关、烟草等优势行业，大力拓展、医疗、教育、公安、法院、军队军工等新行业。,-0.35016271247601793
NONAI02356_688205_20230208,688205,德科立,2023-02-08,2.127659574468085,2,94,新华社客户端2022年1月1日刊文：信息时代的基础设施是电子芯片（集成电路），人工智能时代将更多地依托光子芯片（集成光路），光子芯片是未来新一代信息产业的基础设施和核心支撑。最近，美日荷一直限制我国高端芯片的发展，在人工智能时代我国似乎只有通过光子芯片实现弯道超车了。请问贵司是否有基于光子芯片技术的应用开发和技术储备？,尊敬的投资者，您好！公司始终坚持自主创新，以原创技术为核心，打造高速率、长距离、模块化为特点的产品技术平台，同时公司积极布局产业链原创高端芯片，持续关注行业前沿性技术发展方向，针对性开展产品技术研发。感谢关注！,-0.5296729401303814
NONAI02357_688206_20230109,688206,概伦电子,2023-01-09,2.8846153846153846,3,104,董秘你好，有报道称公司投资了锐立平芯，请介绍下具体情况？公司的产品支持相关报道提及的FD-SOI技术吗？,尊敬的投资者，您好。公司此前出资认购了广州中科同芯半导体技术合伙企业（有限合伙）（简称“中科同芯”）的合伙份额，中科同芯系投资平台，投资标的为锐立平芯微电子（广州）有限责任公司的股权。公司核心产品能够支持 FD-SOI 、FinFET等各类半导体工艺路线，谢谢！,-0.402958226622837
NONAI02358_688207_20230314,688207,格灵深瞳,2023-03-14,0.9259259259259259,3,324,让每个人都拥有私人教练。公司有没有一个平台，让上传一段视频，智能分析纠正体育动作提高成绩，按次按月按年收费均可，利国利民。谢谢。,尊敬的投资人，您好！公司的体育健康业务产品目前在多地校园场景进行试点，基于高精度运动捕捉和人体姿态识别算法，通过智慧化训练场改造以及一体化的交互设备部署，实现了基于实时视频、历史视频的人体运动结构化、姿态分析、动作规则评判等能力，满足了运动训练场景下的智能运动评价、实时运动风险预警、个性化运动指导等多种业务应用需求，为在校生及教师提供日常教学支持和考试服务，紧跟新课标要求，面向“教、练、考、赛”四大场景，实现校园全场景覆盖，打造校园体育一体化解决方案，构建基于人工智能的智慧体育新型教学模式，让运动变得更科学和便捷。同时，公司拥有在研的基于三维人体姿态和行为识别技术以及游戏内容开发能力的元宇宙产品。公司认为未来体育和元宇宙场景应用是向消费级市场拓展的可能方向，但是这还需要时间进行开发。感谢您的关注！,-0.730843646459676
NONAI02359_688208_20230217,688208,道通科技,2023-02-17,0.0,0,88,公司股价持续低迷，请问公司有无稳定市价的相对应的措施？公司高管李宏连续大宗交易减持，公司管理层就是用这种手段向二级市场的投资人释放公司高管不看好公司未来发展前景的信号的吗？,尊敬的投资者您好！二级市场股价受宏观政策、市场情绪、投资偏好等多种因素影响而波动，具有不确定性，公司致力于提升自身的经营能力，提高盈利水平，追求可持续发展，努力为股东创造更多的价值。感谢您的关注。,-0.8858440267461817
NONAI02360_688210_20230420,688210,统联精密,2023-04-20,4.878048780487805,2,41,请问公司截至2023年4月1日的股东人数是多少？谢谢,尊敬的投资者，您好。关于公司最新股东人数请关注公司最近一期的定期报告。感谢您对公司的支持。,-0.06925665743190772
NONAI02361_688211_20230327,688211,中科微至,2023-03-27,4.856512141280353,22,453,董秘您好！公司上市以来股价走势并不理想，公司的产品为智能机械，那么在人工智能的产品上走的有多远，或者有那些在研产品，谢谢！,"尊敬的投资者，您好！公司的主要产品智能物流装备是一种集光、机、电、信息技术为一体的现代化装备，公司在读码、3D测量、2D/3D定位引导等视觉部件产品用到了人工智能技术。目前公司针对物流行业应用的图像视觉算法主要包含 1. 基于大分辨率图像的条码高精度识别技术，可以对一维码/二维码的识别精度达到99.99%；2. 基于特征点匹配的多相机拼接融合技术，可以满足现场大视野范围的检测技术要求； 3. 基于AI的高精度包裹位置检测技术，可以实现对物流行业各种类别包裹位置检测，无惧黑色或者与背景颜色相近的包裹；4. 基于细例度物体分类算法架构改进的包裹类型分类算法，可以对包裹的类别进一步划分，剔除异形件或者客户要求剔除的类别包裹；5. 基于实例分割深度学习网络优化的包裹分割算法，可以精度定位包裹的轮廓信息，完全贴合包裹的实际轮廓信息，为包裹的进一步定位提供精准信息；6. 基于散斑结构光/线结构光的高精度3D测量技术，可以精确测量包裹的3D尺寸信息; 7. 基于主动双目视觉RGBD数据或三维点云处理技术, 可以将RGB和深度数据融合处理，实现多目标情况下的物体精准定位。在研产品进展请您届时关注公司于4月末披露的2022年度报告。感谢您的关注。",-0.07286189968053584
NONAI02362_688215_20230427,688215,瑞晟智能,2023-04-27,2.7522935779816513,3,109,请问董秘，从22年年报批露上来看，目前整个高管团队的工资好低啊，虽然为服装行业服务，但毕竟公司也是高新企业，还要是多赚钱想办法把薪酬提上去，这样才能做大做强。,尊敬的投资者您好，感谢您对公司薪酬管理的关注和建议，目前公司已建立了较为完善的绩效考核制度，制定了明确的薪酬激励政策，公司管理团队正根据相关发展战略不断提升经营管理水平和效益，不断做大做强，确保公司实现可持续发展，感谢您的关注和支持。,-0.42510895139913724
NONAI02363_688217_20230113,688217,睿昂基因,2023-01-13,4.177215189873418,33,790,第一，公司IPO募投项目试剂产能是320万人份，可转债计划生产7万盒约140万份，请问，贵司ipo产能有无缩减？两次募资的产品具体有哪些，有何区别？有足够的市场消化公司的产能吗？ 第二，贵司的二代数字PCR是微滴式的吗，年底还能否按预期拿到三类器械证，另外，公司在生命科学实验仪器有无长远发展规划？ 第三，公司的甲状腺癌液体活检产品能否成为体检的一项常规检查？另外，公司有无布局泛癌早筛类液体活检产品,尊敬的投资者，您好！目前，公司IPO募投项目的产能不存在缩减情况。公司在IPO时募集的资金主要用于生产白血病相关融合基因检测试剂盒、S-ddPCR法的人B-raf基因突变检测试剂盒、人K-ras基因突变检测试剂盒、人EGFR基因突变检测试剂盒、人EGFR基因T790M 突变检测试剂盒等肿瘤精准诊断试剂产品；本次发行可转债的相关情况请关注公司后续披露的定期报告与临时公告。 根据深圳基因界科技咨询有限公司发布的《2021肿瘤基因及分子检测蓝皮书》：在肿瘤伴随诊断与复发监测诊断领域，2020年中国肿瘤伴随诊断与复发监测诊断的市场规模约为154亿人民币，预计2025年中国肿瘤伴随诊断与复发监测诊断的市场规模将达到660亿人民币，相关市场已经成为中国医疗市场上最活跃、发展速度最快的领域之一。随着公司上述产品市场需求的不断扩大，公司相关产品销量将不断上升，亟需开展产能扩张计划，不断提高公司产能规模。 Super.Droplet Digital Polymerase Chain Reaction，中文名称：超敏微滴式数字PCR，公司独有的技术。公司在ddPCR平台技术基础上，前置富集流程，因而具有更高灵敏度。目前公司基于ddPCR平台的EGFR基因T790M突变检测试剂盒处于“发补”阶段，目前公司正在完善该部分的工作。未来公司获得T790M突变检测试剂盒的第三类医疗器械证书后，届时公司将借助阿斯利康的销售渠道把T790M突变检测试剂盒销售到各大医院。 另外，公司高度重视生命科学实验仪器的发展，入股了美国公司Akonni和技特生物两家体外诊断仪器生产厂商。在2017年12月15日，公司与Akonni签订《分销及许可协议》，公司可以利用Akonni 微流控芯片技术进行相关专利产品的国产化开发、生产和销售。公司目前有两条仪器设备研发管线，一条是数字PCR研发管线（已取得二类医疗器械证书），另一条是与Akonni合作的微流控仪器设备研发管线，两条管线均在长春由子公司技特生物负责落地。 公司有一款针对甲状腺癌鉴别诊断的产品，基于数字PCR平台，主要针对的是一些穿刺标本，目前已完成临床验证，药监局已受理。在相关产品获批后，公司将会加大甲状腺癌鉴别诊断产品的推广，提高公司的销售收入。公司有针对甲状腺癌的液体活检和NGS产品，已完成前期研发，准备进入后续注册阶段。感谢您对公司的关注和支持。,-0.18657648833971793
NONAI02364_688218_20230106,688218,江苏北人,2023-01-06,3.061224489795918,6,196,由于公司采购的国外机器人本体交货周期比较长，请问公司，基于当前及未来一段时间的人力资源及进口机器人供应情况，公司2022年最大交付能力大致能达到一个什么水平？23年能否达到15-20亿/年的年化交付水平？,公司项目的交付规模主要基于承接的订单情况，同时受供应链情况、公司人员情况、客户产品上市情况等多种因素影响。2022年前三季度新冠疫情对汽车工业供应链带来较大冲击，订单需求受到一定的影响，同时为了降低费用、保持合理的能效比，公司的人员招聘计划与疫情的恢复情况保持一定的动态平衡。预计2023年新能源市场需求将保持增长，并随着新冠疫情带来的不利影响逐渐弱化，公司的交付能力将相应提升，具体规模以公司届时披露的定期报告为准。感谢您的关注！,-0.3733937898805914
NONAI02365_688219_20230103,688219,会通股份,2023-01-03,2.2222222222222223,1,45,尊敬的董秘，请问公司计划发行可转债的募资规模是多少？募资规模是否受不超过最近一期经审计的净资产40%这一规定？,尊敬的投资者，您好！公司本次可转债募集资金为8.3亿，募集规模严格按照相应法律法规要求。感谢您的关注！,-0.513843114058568
NONAI02366_688220_20230523,688220,翱捷科技,2023-05-23,2.5641025641025643,1,39,请问公司是否有生产研发AI相关芯片,您好！公司目前在AI领域的研发工作，主要围绕跟智能手机芯片相关的AI技术而展开。谢谢关注！,-0.4566122044143197
NONAI02367_688222_20230104,688222,成都先导,2023-01-04,5.0,1,20,希望贵司做行业的佼佼者，毕竟市值上去了，才能被更多的人看得。成为行业翘楚，不要做股价跌幅的佼佼者！公司有心的话，整的整理一下大家的询问和回复，前期对应和现在对应，以及大家问的问题。多自省！我觉得这不是先导想让人看到的。多看，多听，多付出，多想！,尊敬的投资者，您好！感谢您对公司的关心和建议！,-0.04884197319905085
NONAI02368_688223_20230110,688223,晶科能源,2023-01-10,7.142857142857143,3,42,贵司作为N型组件产能储备及组件出口的佼佼者，请问贵司是否有N型硅料的权益储备？在2023年能够释放多少万吨？,尊敬的投资者您好。2023年，公司的权益硅料产能及长单锁定量可满足公司N型拉晶需求。感谢您的关注。,0.30987319260686247
NONAI02369_688225_20230215,688225,亚信安全,2023-02-15,2.074688796680498,5,241,请问公司作为信创头部企业，有没有数字水印相关技术储备和业务？,尊敬的投资者，您好！亚信安全数字水印溯源系统V1.0于2021年1月18日取得软件著作权（公司招股说明书已披露），利用数字水印技术，对数据包、文件、流等媒体进行水印信息的嵌入和识读等水印操作，典型应用场景有数据分发溯源、数据共享溯源、数据交易溯源等。在大数据时代，数据产品的格式种类繁多，如图像、视频、音频等多媒体数据、Office办公文档、格式化文本等，数字水印技术可以适合多种数据载体，以适当的加注方式，包括可见或隐藏的方式、混合方式，嵌入在数据载体中，为数据的版权保护、内容认证、数据泄露发现、权限控制、隐蔽通信、商务物流等应用场景提供技术手段。感谢您的关注！,-0.5385402700876212
NONAI02370_688227_20230216,688227,品高股份,2023-02-16,0.0,0,30,董秘好；贵公司在智慧政务方面有没有布局？业绩营收不高是不是领域太单一？南威软件发行可转债募资后成功做强。贵公司也可以发行可转债做大做强。,您好，公司有将云计算产品在智慧政务方面做布局，感谢您的关注和建议。,-0.8858440267461817
NONAI02371_688228_20230103,688228,开普云,2023-01-03,18.91891891891892,7,37,请问，截至2022年12月30日，公司的股东数是多少？谢谢,"尊敬的投资者，您好！截至2022年12月30日公司普通股股东总数为5,879户，感谢您的关注，谢谢！",2.2811907704591783
NONAI02372_688229_20230307,688229,博睿数据,2023-03-07,0.9174311926605505,1,109,请问公司产品可以用到工业互联网吗？,尊敬的投资者，您好！在工业互联网场景中，数据融合、线上线下协同、云边端一体化是其突出特色，博睿数据的一体化智能可观测平台 Bonree ONE 正是以数据隔裂、协同困难等痛点为切入口，助力工业互联网业务运行态数据打通融合，识别定位问题，提升用户体验。感谢您的关注！,-0.7322656682971669
NONAI02373_688232_20230411,688232,新点软件,2023-04-11,5.813953488372093,5,86,请问公司募投项目今年5月能顺利达到预定可使用状态吗？,投资者您好，截至2022年12月31日的募投项目进展情况，敬请关注公司披露的定期报告及募集资金存放与实际使用情况的专项报告，公司将严格按照信息披露的相关规定及时履行信息披露义务。感谢您的关注。,0.08741417505280762
NONAI02374_688233_20230220,688233,神工股份,2023-02-20,2.2222222222222223,1,45,请问公司上市三年，募集资金建设8英寸硅片也完成，后续增大产能包括建设12英寸项目资金来源。今年是否有融资需求。,尊敬的投资者，您好！公司如有再融资事项，将严格按照监管规则及时履行信息披露义务。感谢您对公司的关注。,-0.513843114058568
NONAI02375_688234_20230117,688234,天岳先进,2023-01-17,1.71990171990172,7,407,东尼电子用电阻法，综合良率大提升，已到60%以上，并再次抢到大单。请问贵公司有没有考虑这个技术？,尊敬的投资者，您好！公司立足宽禁带半导体材料碳化硅衬底领域，经过多年的技术深耕，建立起领先的技术优势。通过十几年的积累，公司在原料提纯、长晶、加工技术上，拥有自主核心技术。同时，公司在加工工艺和技术上进行了持续的技术和工艺突破，并布局技术发展前沿。目前，公司6英寸导电型衬底的良率随着产能爬坡正处于持续提升过程中。2022年，行业内知名客户通过与公司签订了长期协议等，对公司6英寸导电型碳化硅衬底的销售具有有力保障，也充分体现了下游客户对公司产品的认可。公司始终以高品质产品，并持续加快产能产量，满足客户不断增长的需求。目前，公司在大尺寸和导电型等产品的研发、市场布局、业务拓展以及订单签约等诸多方面进展情况良好。 公司是国内最早研发和大批量生产碳化硅材料的企业之一，对自身技术和产品的领先性、前沿技术的储备具有前瞻性布局和充足的自信。未来，公司将继续紧密跟踪行业技术发展趋势，通过持续加大研发投入以持续获得领先的技术优势，不断提升生产工艺水平，打造富有市场竞争力的“硬科技”实力。谢谢您的关注！,-0.5979317724547853
NONAI02376_688236_20230504,688236,春立医疗,2023-05-04,1.9047619047619047,2,105,关节集采22年4月陆续开始执行，即使膝关节落标，22年公司毛利率没有太大波动，经过22年大半年的消化，23年一季度存货和毛利率大幅上升，来自经销商的压力目前预计生么时候能得到缓解？谢谢,您好，感谢您的关注。国家组织关节和脊柱集中带量采购政策，公司响应国家号召，积极参与这项利国利民的政策。集采正式落地执行后，公司与经销商均处于正常合作状态，未来将继续保持精诚合作，为患者与医院带来更好的服务。感谢您持续关注春立医疗！,-0.56698610158537
NONAI02377_688237_20230214,688237,超卓航科,2023-02-14,6.976744186046512,3,43,公司与航空工业集团持有的航空工业成飞、成飞集成，这些公司有业务往来吗？,尊敬的投资者您好！截至2022年末，公司与航空工业成飞、成飞集成暂未形成具体业务。感谢您对公司的关注！,0.28206581541260556
NONAI02378_688238_20230213,688238,和元生物,2023-02-13,7.142857142857143,3,42,据公开信息，和元生物2023年初将投产11条病毒生产线，2025年将投产22条。请问董秘，贵司目前1条病毒生产线，在满产情况下，一年营收预计多少？将来是否可能因为生产的产品不同，1条生产线的年营收会出现大幅增长？,尊敬的投资者，您好。目前公司暂未披露单条产线营收情况，后续请关注公司公告。感谢您对公司的关注。,0.30987319260686247
NONAI02379_688244_20230410,688244,永信至诚,2023-04-10,2.380952380952381,1,42,尊敬的董秘您好：请问2023年4月1日给贵公司出具的股权激励事项独立财务顾问机构是否在中国证监会机构部进行了股权激励财务顾问服务的备案？如没有，其不具备公开出具独立财务顾问报告的相关证券业务资格。,尊敬的投资者，您好！公司股权激励计划严格参照证券监管规则的相关要求实施。感谢您对公司的关注！,-0.487271620295167
NONAI02380_688246_20230105,688246,嘉和美康,2023-01-05,26.31578947368421,10,38,请问，截至2022年12月30日，公司的股东数是多少？谢谢,投资者您好，截至2022年12月末股东人数请关注公司将于2023年4月28日披露的2022年年度报告。,3.519429939291349
NONAI02381_688247_20230315,688247,宣泰医药,2023-03-15,2.0408163265306123,3,147,您好，请问一下贵公司今年下一批的限售解禁股数量是多少？具体准确解禁时间是什么时候？贵司股价跌幅严重，请问当前经营情况是否稳健？,您好，公司下一批解禁股为首发原股东限售股。根据首次公开发行股票前股东承诺，首发原股东限售股份的限售期为公司上市后12个月。股价波动受宏观经济形势、市场流动性、市场情绪和板块行情等多种因素影响，公司目前生产经营正常，不存在应披露未披露的重要事项。公司也会持续做好经营管理，夯实主业，持续提升企业内在价值。感谢您对公司的关注。,-0.5442105355024548
NONAI02382_688248_20230220,688248,南网科技,2023-02-20,1.5625,1,64,请问公司近期接待过机构投资者调研吗？,尊敬的投资者您好，感谢您对公司的支持和关注！公司一直高度重视投资者关系管理工作，并按照规定在证券交易所网站上进行登记和更新，请您查阅，谢谢！,-0.6242808850127033
NONAI02383_688251_20230427,688251,井松智能,2023-04-27,1.5625,1,64,目前国内钢材价格持续走低，是否对公司设备的生产成本这块构成利好？能否降低设备材料成本呢？,尊敬的投资者您好！公司生产所需的原材料包括钢材、以及以钢材为基础的配套物料，因钢材价格的下降，对公司设备成本有利好。感谢您对井松智能的关注！,-0.6242808850127033
NONAI02384_688252_20230117,688252,天德钰,2023-01-17,0.0,0,40,天德钰：2022年净利同比预减58.70%到55.67%.随着汽车智能网联、电动化趋势不断发展，汽车电子产品渗透率将快速提升，进一步拉动EEPROM市场规模增长。建议公司丰富产品向汽车芯片方向拓展。,您好，公司产品规划会全面考虑各方面因素，产品技术路线的协同性需要重点考量，感谢您的建议！,-0.8858440267461817
NONAI02385_688253_20230110,688253,英诺特,2023-01-10,0.0,0,48,董秘你好，之前疫情放开抗原试剂需求火爆，人们难以购买抗原，相信公司为此应该也调整了产能，快速生产。然而现在抗原的需求量开始减少，部分平台出现低价售卖抗原的现象，人们对抗原的需求不再热切。针对这些情况，公司对抗原的生产是否会有改变？,尊敬的投资者，您好！公司相关产品生产计划会根据产品市场需求及在手订单情况进行动态调整。感谢您的关注，谢谢！,-0.8858440267461817
NONAI02386_688255_20230306,688255,凯尔达,2023-03-06,1.1494252873563218,1,87,请问公司最近订单是否包满？谢谢。,尊敬的投资者，您好！随着疫情防控政策的优化和国家一系列稳经济政策效应的逐步释放，自动化行业有望复苏。相比疫情优化政策出台时，目前市场积极因素更多了。公司目前经营情况良好。感谢您对公司的关注。,-0.6934297615629332
NONAI02387_688256_20230403,688256,寒武纪,2023-04-03,7.766990291262136,8,103,董秘您好，听说一汽使用了公司的芯片是不是真的？,您好，中国一汽与公司签署了战略合作框架协议，双方将依托各自在汽车、智能芯片领域的优势，聚焦智能驾驶芯片的研发与应用，共同探索智能驾驶前沿技术，推动汽车行业智能化变革。相关情况请以公司在法定披露媒体或官方发布的信息为准。谢谢。,0.41435333798722546
NONAI02388_688258_20230208,688258,卓易信息,2023-02-08,20.388349514563107,21,103,董秘你好，请问中恒原持股6.98%，现持股3.98%，减了3%，可是减持公告只看到说一致行动人计划合计减持2%，这个是啥情况,尊敬的投资者，您好！公司于2023年1月17日和2023年2月6号披露了关于公司股东权益变动达1%的提示性公告（公告编号2023-006、2023-009），中恒企管持股比例变动1.63%和1.37%，累计变动3%，公司已按照相关规则和要求在法定渠道披露了具体情况。感谢您的关注。,2.527174055679012
NONAI02389_688259_20230306,688259,创耀科技,2023-03-06,12.195121951219512,5,41,公司的接入网芯片，下游应用主要是什么？可以公布下占比吗,尊敬的投资者，公司的接入网芯片主要用于家庭铜线接入终端。相关销售占比为公司总销售额70%-80%。,1.1556243965395034
NONAI02390_688261_20230222,688261,东微半导,2023-02-22,12.162162162162161,9,74,您好。请问领导，截至目前公司共有多少研发人员？谢谢,尊敬的投资者您好!截止2022年6月30日，公司研发人员数量为44人，占公司总人数比例44.9%。最新研发人员情况请以公司后续披露的定期报告及临时公告为准。感谢您对公司的关注！,1.1501069143144067
NONAI02391_688262_20230613,688262,国芯科技,2023-06-13,8.695652173913043,16,184,2个问题，一是股东大量套现，二是调研把产品说的天花乱坠，但业绩却不行。请问一下这么好的产品，为什么业绩不行？这么好的公司，为什么股东大量减持？,尊重的投资者，您好！感谢您对公司的关心和支持，公司2023年第一季度的业绩主要受研发投入加大、晶圆制造成本上升等因素的影响，具体请以公司在《上海证券报》《中国证券报》《证券日报》《证券时报》以及上海证券交易所网站上披露的《2023年第一季度报告》为准；股东减持系公司股东根据自身资金需要进行的减持，本次减持不会对公司治理结构及持续经营情况产生重大影响。公司经营情况正常，正继续沿着公司制定的发展战略全力以赴进行推进。谢谢！,0.5698117185531762
NONAI02392_688265_20230131,688265,南模生物,2023-01-31,3.0837004405286343,7,227,“美国FDA药物评价和研究中心（CDER）发布了2022年度的新药获批报告”，请问，贵司参与了其中的哪几种新药的研发获提供了服务？谢谢！,尊敬的投资者，您好！美国FDA药物评价和研究中心（CDER）2022年一共批准了37款新药（分子实体+新生物制品），其中抗肿瘤药物依然占据主导地位，共28款抗癌新疗法，包括靶向、免疫检查点抑制剂、过继性细胞免疫疗法等，其次是神经系统类和皮肤类药物，多种罕见病也迎来了新的治疗方案。由于新药研发时间周期较长，上述获批新药的临床前动物实验均在数年前完成，当时公司规模尚小，并未直接参与其中。目前南模生物作为医药行业上游，已拥有当前主流新药研发靶点的模型，助力新药研发，上述公司中部分已是公司客户。感谢您对南模生物的关注与支持！,-0.3696313064968499
NONAI02393_688266_20230215,688266,泽璟制药,2023-02-15,2.4154589371980677,5,207,尊敬的董秘：贵司的多纳非尼甲状腺上市己有大半年，现在的销量是多少？是否达到预期的目标。是否会将该药品申请医保？另外盐克替尼的申报目前到了哪个阶段？谢谢,尊敬的投资者，您好！多纳非尼片商业化推广稳步推进，医保准入医院和双通道药房持续增加，销售收入实现稳步增长，请您关注公司的定期报告。多纳非尼片一线治疗晚期肝细胞癌的适应症已经纳入国家医保目录，后续公司将根据政策和实际情况，确定新适应症申请医保的方案。盐酸杰克替尼片一线治疗中、高危骨髓纤维化新药上市申请（NDA）于2022年10月份获国家药监局受理，目前已接到注册现场核查和临床试验数据核查通知，公司正积极与药监部门开展沟通，争取早日完成注册审评审批流程。谢谢！,-0.48149520860747114
NONAI02394_688267_20230104,688267,中触媒,2023-01-04,9.722222222222221,7,72,董秘好，请问贵司四季度做了哪些动作来扭转前三季度营收跟利润同比下降的趋势。,尊敬的投资者您好，公司生产经营正常，第三季度受大连疫情影响推迟发货的订单，均已在第四季度发货，具体生产经营情况请您关注公司《2022年年度报告》。感谢您对公司的关注！,0.7416599662621282
NONAI02395_688268_20230130,688268,华特气体,2023-01-30,4.6875,3,64,尊敬的董秘您好，请问贵司四季报预告什么时候公布以及截止四季末公司股东人数？还有1月10日盘后股东人数，谢谢！,尊敬的投资者您好！公司2022年年度业绩预告将于今天上传披露，您可以通过上交所网站进行查阅。关于公司股东人数请关注公司后续披露的定期报告，谢谢！,-0.10115460154574653
NONAI02396_688269_20230223,688269,凯立新材,2023-02-23,2.898550724637681,2,69,贵公司定增预案公布后，二级市场上股价跌幅明显，与近期大盘走势背离尤甚，请贵公司管理层考虑是否改由发行可转换债券来筹集资金。,尊敬的投资者您好！公司经营情况正常，股价波动受多重因素的影响。未来公司将根据公司发展需要采用多种方式融资，支持公司高质量长远发展。感谢您的关注和建议！,-0.400625444979729
NONAI02397_688270_20230207,688270,臻镭科技,2023-02-07,2.0,1,50,公司业绩预告能否发布一下，谢谢,尊敬的投资者，您好！公司将严格按照《上海证券交易所科创板股票上市规则》等相关规定履行信息披露义务，感谢您的关注！,-0.5510432053273293
NONAI02398_688271_20230516,688271,联影医疗,2023-05-16,4.62962962962963,40,864,尊敬的董秘您好，能阐述联影集团下的联影医疗、联影智能、联影智融、联影智慧和联影微电子各自的业务领域和与联影医疗的关系吗？,尊敬的投资者。您好！联影医疗技术集团有限公司（以下简称“集团”）主要子公司有上海联影医疗科技股份有限公司（以下简称“联影医疗”），上海联影智能医疗科技有限公司（以下简称“上海智能”），上海联影智慧医疗投资管理有限公司（以下简称“上海智慧”），武汉联影智融医疗科技有限公司（以下简称“武汉智融”），以及上海联影微电子科技有限公司（以下简称“上海微电子”）。联影医疗成立于2011年3月，总部位于上海，同时在美国、马来西亚、阿联酋、波兰等地设立区域总部及研发中心，在上海、常州、武汉、美国休斯敦进行产能布局，已建立全球化的研发、生产和服务网络。联影医疗致力于为全球客户提供全线高端医疗影像诊断产品、放射治疗设备、生命科学仪器，以及医疗信息化解决方案。经过十余年砥砺奋进，联影医疗已经迅速成长为行业头部企业。上海智能成立于2017年12月，总部成立于上海徐汇，同时在北京、武汉、成都及美国等地进行研发布局，致力于研发、生产、销售以人工智能为基础的辅助决策产品，提供以人工智能为基础的技术服务，是集团在人工智能领域中的重要组成部分。上海智慧公司成立于2016年10月，总部位于上海长宁，专注于精准医学影像诊断服务市场的投资、管理和经营。上海智慧依托互联网医院及覆盖全国多地的第三方独立医学影像诊断中心，助力医学影像突破区域性桎梏，打造线上、线下双驱动的专业医学影像服务平台，助力优质的医疗资源互通。武汉智融成立于2019年2月，总部位于武汉，同时在上海、深圳、常州等多地设立子公司及研发中心，武汉智融致力于研发、生产、销售以手术机器人为主的除放射治疗设备以外的相关软件和器材、3D打印耗材、医疗级可穿戴设备、康复设备、以及慢病管理系统等产品，并提供相关技术服务。上海微电子成立于2019年6月，总部位于上海，同时在新加坡等地设立研发中心。上海微电子致力于全线高端医疗设备定制化专用芯片、医疗人工智能芯片、智能可穿戴医疗芯片自主研发，并提供基于芯片和特定应用的系统解决方案。上海微电子不断推动高端医疗设备性能革命性提升与成本极致优化，提升高端医疗设备与服务的可及性。上海微电子以“成为世界级大健康芯片及系统解决方案引领者”为愿景，不断引领行业发展。集团内多家子公司相互赋能，自主研发，致力于为全球用户提供覆盖预防、诊断、治疗、康复全流程的创新解决方案，打造全智能医疗健康生态。,-0.1108421253136531
NONAI02399_688272_20230329,688272,富吉瑞,2023-03-29,9.29203539823009,21,226,请问贵司st后 明年会不会退市,尊敬的投资者您好！公司截止2023年2月28日，尚未确认收入的在手订单金额累计约为0.79亿元，已中标/协商定价项目但尚未签订合同的约为 0.93 亿元，公司预计上述在手订单/已中标/协商定价项目能够在 2023 年度确认收入约为 1.52 亿元。根据《上海证券交易所科创板股票上市规则》第12.4.9条，上市公司股票因第12.4.2条被实施退市风险警示后，最近一个会计年度未出现第12.4.9所列情形的，公司可以在年度报告披露后5个交易日内，向本所申请撤销对其股票实施的退市风险警示。公司若涉及重大变化，将及时履行信息披露义务。感谢您的关注！,0.6696465152440616
NONAI02400_688273_20230505,688273,麦澜德,2023-05-05,11.71875,15,128,请问截至4月28日公司股东户数是多少？谢谢！,"尊敬的投资者，您好！根据信息披露的公平性原则，公司将按照证券监管的相关规定，在定期报告中面向所有投资者统一披露截至报告期末的股东户数，请您留意定期报告相关内容。根据公司2023年4月26日在上海证券交易所网站披露的《2023年第一季度报告》，截至2023年3月31日，公司股东总数为5,098。感谢您的关注！",1.0758795362549063
NONAI02401_688275_20230105,688275,万润新能,2023-01-05,3.5714285714285716,6,168,上市后股价拦腰砍，目前，没有看到任何维稳股价的措施，高层也没任何发生，请问公司领导和管理层对当前股价有何维稳措施？能不能考虑下中小股民的感受！,您好，公司股票价格波动与多种因素相关，不完全取决于公司经营状况，甚至有时会出现与公司价值相背离的情况，但长远来看，公司股价会与公司价值趋同。公司目前生产经营情况正常，同时也会根据产业政策变化及时调整战略布局，加强新技术、新工艺的研发力度，强化上下游合作，紧跟行业发展趋势，不断提高公司盈利水平和增强抗风险能力，提升公司价值，争取更好回报广大投资者。感谢您的支持与关注！,-0.28798541706965963
NONAI02402_688276_20230217,688276,百克生物,2023-02-17,1.1904761904761905,1,84,虽然中国的带状疱疹疫苗市场前景被看好，但民众的接种意识有待提升。比如葛兰素史克Shingrix在中国市场的销售就表现平平。公司如何看待上市后的市场前景呢？有没有什么具体规划？,感谢您的关注！公司带状疱疹减毒活疫苗适用于40岁及以上人群，以此测算国内整体市场空间较大，公司将着力做好受种者的引流、宣传工作，开展数字化营销工作；同时，持续加强终端宣传工作，增加覆盖率。,-0.6865578235206743
NONAI02403_688281_20230130,688281,华秦科技,2023-01-30,0.0,0,130,你好，请问公司的隐身和伪装材料在给客户的设备或零部件使用后，过了一定的年份后，是否需要再重新覆盖隐身和伪装材料？,为保障武器装备的战斗力，各型武器装备在经过一定使用周期后需进场检修，以全面恢复武器装备的技术性能。在此过程中，武器装备需要重新涂覆特种功能材料。且由于军品的特殊性，定型批产产品一般服役周期较长，因此，在上述武器装备退役前，公司亦会承接维护保障任务并实现相关特种功能材料产品的销售。,-0.8858440267461817
NONAI02404_688282_20230109,688282,理工导航,2023-01-09,3.676470588235294,5,136,一直破发，有啥好措施吗？2023年有啥有业绩增长点吗？,尊敬的投资者您好！感谢您长期以来对公司的关心，公司股价受多方面因素的影响，敬请投资者理性看待股价波动。未来公司将进一步加大研发投入、聚焦主营业务发展，拓展上下游产业，将产品向多个领域推广；并通过募投项目建设提升公司产能满足客户需求，提升公司科技创新能力和市场竞争力。感谢您对本公司的关注与支持。,-0.2704013403144679
NONAI02405_688285_20230227,688285,高铁电气,2023-02-27,2.4691358024691357,2,81,目前还剩多少股东人数？,尊敬的投资者您好，若需获知中国证券登记结算有限公司系统更新的本公司的股东人数，需将带有时间和姓名的股票交易软件持仓截图和身份证一并扫描发送至公司邮箱。感谢您的关注与支持！,-0.4725096793154998
NONAI02406_688286_20230118,688286,敏芯股份,2023-01-18,2.6315789473684212,4,152,董秘你好，贵公司跟深圳某大型新能源汽车公司有业务合作吗？,尊敬的投资者您好，随着国内新能源汽车行业的兴起，新能源汽车的产品机会越来越多，公司高度重视新能源汽车领域的产品布局，无论是公司的MEMS声学传感器还是MEMS压力传感器以及压力模组均在积极进行布局，公司也致力于推进与国内外主流新能源汽车生产厂商的深入合作，寻求新的产品机会，拓宽业务范围，力争成为公司新的业务增长点。感谢您对公司的关注！,-0.4453166301424286
NONAI02407_688288_20230103,688288,鸿泉物联,2023-01-03,1.8018018018018018,2,111,请问贵公司股东人多多少,尊敬的投资者，您好！根据规定，公司将在定期报告中披露股东人数，对于非定期报告时点的股东人数查询，如确为公司股东的，可将身份证明及最新持股证明通过电子邮件发送至公司投资者关系邮箱：ir@hopechart.com，公司将在核实股东身份后将按照规定予以回复。感谢您的关注！,-0.584221665107576
NONAI02408_688290_20230424,688290,景业智能,2023-04-24,2.3529411764705883,2,85,您好，请问公司未来是否会有与中广核，国电投合作的计划?,尊敬的投资者，您好！根据公司新的五年发展规划，将持续深耕核工业全产业链，包括核电站领域的业务布局。公司目前是中广核的合格供应商，将进一步拓展与中广核、国电投等央企的合作机会。感谢您的关注！,-0.4919607074298848
NONAI02409_688291_20230508,688291,金橙子,2023-05-08,11.538461538461538,6,52,您好！请问截至4月底公司股东人数是多少，谢谢！,尊敬的投资者，您好！根据中国证券登记结算有限责任公司提供的数据，截至2023年4月28日，公司股东总数为5463户。感谢您的关注。,1.0456991737471972
NONAI02410_688292_20230307,688292,浩瀚深度,2023-03-07,1.36986301369863,1,73,董秘您好，请问公司DPI硬件设备中所用的核心芯片是公司自研还是外购？,尊敬的投资者，您好，公司硬件DPI系统，是公司基于大规模可编程芯片（FPGA）技术，采用ATCA等专用硬件架构所实现的智能化采集管理平台，目前可编程芯片是来自于外购，感谢您的关注！,-0.6565283956373787
NONAI02411_688293_20230426,688293,奥浦迈,2023-04-26,9.174311926605505,10,109,请问信达生物、百济神州、恒瑞医药是公司培养基客户吗？公司培养基目前有用于中美双报吗？,投资者您好，上述三家公司是公司客户，但占公司培养基收入比重较小。公司目前有客户管线进行中美双报的应用到公司的培养基。另外公司自主研发的HEK-293 CD05已于2022年12月完成美国FDA的DMF备案（备案编号：037655），可以帮助客户快速申报。非常感谢您对奥浦迈的关注，谢谢！,0.6499395577439667
NONAI02412_688296_20230111,688296,和达科技,2023-01-11,1.4018691588785046,3,214,贵公司在数字经济领域有何作为？在数据确权领域有哪些作为？,尊敬的投资者，您好，感谢您的关注！公司业务产品包含硬件、软件、平台和服务。公司智慧水务平台为水务企业提供跨层级、跨地域、跨部门、跨业务的数据集成、数据治理、数据管理和数据共享等服务。公司自成立以来，已经累计向800余家水务企业提供信息化服务。在数字经济浪潮和全国新基建战略的历史机遇下，水务行业对数字化和智能化的管理需求将快速增加，公司将依托深厚的技术积累和研发实力，综合运用物联网、软件、移动互联网、大数据、边缘计算等新一代信息技术，为水务行业数字化建设提供优质的产品和服务。,-0.6511705537890422
NONAI02413_688298_20230109,688298,东方生物,2023-01-09,1.2195121951219512,1,82,请问新十条以来公司抗原生产正常吗，为什么市场上很难买到公司新冠抗原,尊敬的投资者，您好！新十条以来，市场对于新冠抗原检测试剂短期应急需求攀升，您可以通过线下医院、药店，或线上京东（ZOG官方旗舰店）、淘宝（ZOG医疗器械旗舰店）等主要电商渠道搜索购买公司产品，谢谢！,-0.6816971844176132
NONAI02414_688299_20230104,688299,长阳科技,2023-01-04,0.6666666666666666,1,150,三星在2022年6月就已经完全退出lcd电视面板，三星做为公司第一大客户，公司该怎样面对突如其来的需求下降。今年又有何新的方向？,尊敬的投资者，您好！液晶显示的核心零件是液晶模组，其主要由LCD面板和背光模组组成，公司生产的反射膜是背光模组中的核心材料之一。韩国三星显示（SDC）宣布逐步退出LCD面板业务，其品牌电视、显示器、平板等产品对LCD面板需求主要交由夏普、群创光电、京东方等承接，因此其对背光模组中用的反射膜需求量不会因其退出LCD面板业务而减少。感谢您对公司的关注。,-0.7742437529398976
NONAI02415_688303_20230120,688303,大全能源,2023-01-20,1.680672268907563,2,119,最近多晶硅价格快速下降，明年新增产能翻倍，面对如此局面，公司投资增产不是进一步造成降价吗？这样做的考虑是什么？优先建设1万吨半导体硅料项目并投产不是更有利那？,尊敬的投资人，您好！公司计划通过稳步扩产实现规模化效应，从而在日趋激烈的市场竞争中建立成本优势。从长远角度分析，受全球能源价格上涨及“双碳政策”影响，整体光伏产品需求依然旺盛，公司多元化的扩张战略有助于获取更多市场份额，从而为公司创造更多利润空间。感谢您的关注！,-0.6044987986631125
NONAI02416_688305_20230103,688305,科德数控,2023-01-03,2.0202020202020203,2,99,尊敬的董秘，您好！我看到贵司第一大股东光洋科技有1笔被执行记录，金额到达7.16亿元，是否会对贵司产生负面影响？,尊敬的投资者您好，公司控股股东和本公司严格实行机构、业务独立，资产、财务、人员分开，独立核算并承担责任及风险。该事项对公司经营不构成任何影响，公司将持续关注该事项的进展情况，并按照相关法律法规履行信息披露义务，感谢关注。,-0.5476613788483511
NONAI02417_688306_20230327,688306,均普智能,2023-03-27,5.2631578947368425,3,57,公司有新冠检测产品和业务吗？,尊敬的投资者您好!公司海外子公司提供新冠病毒快速检测仪装配与检测线，具体情况请关注公司公告，请以公司公告为准，感谢您的关注！,-0.004789233538675474
NONAI02418_688307_20230221,688307,中润光学,2023-02-21,3.125,5,160,在招股书中，公司描述，特别是在下游安防厂商为满足丰富多样的智能化需求，大力向AI场景化发展，单价相对更高的超高清变焦AI识别系列镜头，销售占比进一步提升，使得平均销售单价提升。请问公司相关业务占比有多少？,您好！随着日益增长的小范围内的智能监控市场需求，特别是AI智能技术的发展，终端市场对小倍率光学镜头的快速精准变焦及高清性能需求不断提升，其单价相对较高。超高清变焦AI识别镜头实现5倍高速精准变焦、自动聚焦、4K超高清解像力、高光亮比、高寿命，满足AI识别快速捕捉画面、精准分析的需要。未来将极大促进我国精密光学镜头的国产化进程及下游行业的产业变革和升级。,-0.3627177432792249
NONAI02419_688308_20230301,688308,欧科亿,2023-03-01,0.0,0,62,领导您好，请问公司产品在商飞国产大飞机领域有没有相关应用呢？,您好，公司在加工高温合金及复合材料方面的部分刀具在商飞都有很好的应用，同时，公司将加大航空航天领域的刀具开发，进一步提升市场份额。谢谢！,-0.8858440267461817
NONAI02420_688309_20230213,688309,*ST恒誉,2023-02-13,2.4742268041237114,12,485,董秘你好，请教几个问题。1、现在疫情放开，是否有利于新疆项目的尽快落地？2、目前海外业务有没有加速？相比于疫情期间，是否更有利于客户拓展，合同履约周期会缩短吗？3、公司下游废轮胎、废塑料对裂解的需求近期有提升吗？4、公司尚未用完回购额度，目前价格仍然低估，是否会继续回购？,尊敬的投资者您好，对于您提出的问题回复如下：1.公司新疆相关项目落地受疫情、项目相关政策、项目用地购置进展、行政许可、环保审批、终端产品的市场价格预期等诸多因素影响。疫情放开有利于新疆项目落地。2.2022年度，公司与多个海外客户签订了约合5亿元人民币的订单，详见公司已披露的公告。公司一般通过参加行业展会和会议、示范工程辐射效应、网络宣传等方式吸引潜在客户的关注，通过详细的技术和商务交流、运行现场参观等一系列尽职调查后与客户签订销售合同。全球及国内部分地区相关展会、行业会议受国内外疫情管控等影响较大，导致公司市场开发与宣传迟滞，项目推进亦受海外疫情与国家防疫政策等因素影响。疫情放开后，有利以上状况的改善。3.裂解技术是有机废弃物无害化、资源化、减量化处理的有效手段，具有适用性广、效益高、环境污染小等特点，更符合废弃物处理的资源化、无害化和减量化原则，但目前有机废弃物裂解装备在国内的应用仍处于起步阶段。随着国家环保政策的落地和公司示范工程的实施，相信能促进裂解技术在下游市场的应用。4.公司本次股份回购的期限尚未届满，在回购期内公司将根据市场情况择机做出回购决策并予以实施，公司根据相关规定会及时披露回购的进展情况，敬请关注公司后续相关公告。谢谢关注。,-0.4716574435476015
NONAI02421_688310_20230109,688310,迈得医疗,2023-01-09,2.1739130434782608,1,46,请问重庆山外山血液净化技术股份有限公司是迈得医疗的客户吗,尊敬的投资者朋友，您好！重庆山外山血液净化技术股份有限公司目前尚未成为我司客户。感谢您的支持与关注！,-0.5219300904213422
NONAI02422_688311_20230817,688311,盟升电子,2023-08-17,2.857142857142857,1,35,想问一下目前可转债发行已在6月28日得到证监会核准同意，那么什么时候发公告进行上市？,尊敬的投资者，您好！公司可转债发行工作正按计划推进中，请关注公司相关公告，谢谢！,-0.40755713900496404
NONAI02423_688312_20230109,688312,燕麦科技,2023-01-09,4.166666666666667,1,24,请问，歌尔遭大客户砍单，对公司的设备订单带来多大影响？,尊敬的投资者，您好！对公司没有影响。感谢您对公司的关注。,-0.18834231545690594
NONAI02424_688313_20230130,688313,仕佳光子,2023-01-30,9.375,3,32,贵公司在机构调研后，股价不断下跌，并跌破发行价，是否四季度业绩教差，环比三季度下滑导致，？如果不是，为何不尽快公布业绩预告安抚市场，是否在配合大股东减持？,投资者您好！公司业绩情况请及时关注公司发布的公告。感谢您对公司的关注！,0.6835348236546887
NONAI02425_688315_20230426,688315,诺禾致源,2023-04-26,7.251908396946565,19,262,公司是否和人工智能公司奥比中光，微软，英伟达合作人形机器人？,尊敬的投资者，您好，我公司目前未与人工智能公司奥比中光，微软，英伟达在人形机器人方面展开合作。我公司于2020年，推出高通量测序领域多产品并行的柔性智能交付平台Falcon，满足四大产品类型（WGS、WES、RNAseq、建库测序产品）共线并行的交付，极大的缩短了产品交付周期、提高了数据质量。2021年，公司依托Falcon的研发与运维经验，自主研发并推出小型柔性智能交付系统——Falcon II，其不仅具有“柔性智能”“ 高效生产”“稳定交付”的特点，还在Falcon的设计基础上压缩了整体的占地面积，更加灵活便捷，为全球更多用户带来优质服务体验。2022年诺禾致源在英国、美国、天津、广州等实验室部署了Falcon II系统，实现了公司在全球主要实验室交付系统的智能化升级。感谢您的关注！,0.3281284173298096
NONAI02426_688316_20230321,688316,青云科技,2023-03-21,1.6129032258064515,1,62,“云”与数据中心不可分割，请问公司有布局数据中心吗？,您好，公司是一家技术领先的企业级全栈云ICT服务商和解决方案提供商，以轻资产的运营模式为主，现在没有布局数据中心的相关计划。感谢您的关注！,-0.6158433643116233
NONAI02427_688317_20230116,688317,之江生物,2023-01-16,0.0,0,65,请问贵公司是否生产制氧机和血氧仪？另外，请问截至12月20日股东人数多少？谢谢。,尊敬的投资者：您好！我司并无生产制氧机和血氧仪。关于股东信息，公司将在定期报告中及时披露相应时点的股东数量。感谢您的关注！祝您新年快乐，兔年吉祥。,-0.8858440267461817
NONAI02428_688318_20230322,688318,财富趋势,2023-03-22,2.4390243902439024,1,41,公司在人工智能、大数据、云计算有技术储备吗？,感谢您的关注！公司在人工智能、大数据、云计算等方面有技术储备，并且已经大量应用到软件产品中。,-0.47755034208904473
NONAI02429_688320_20230321,688320,禾川科技,2023-03-21,2.2222222222222223,1,45,贵公司新换的电话0570-7117218怎么一直打不通？,尊敬的投资者您好，感谢您对公司的关注！电话已恢复通畅，可以随时致电联系，我们会耐心回答您的问题。谢谢！,-0.513843114058568
NONAI02430_688321_20230104,688321,微芯生物,2023-01-04,3.508771929824561,2,57,公司股价跌跌不休，公司经营是否正常？2022年度是否继续亏损？作为公众上市公司，管理层应当对公司经营负责！业绩考核如何执行？,尊敬的投资者，您好！公司经营一切正常；2022年度业绩敬请关注定期报告；公司有内部业绩考核制度及股权激励业绩考核目标，感谢您的关注！,-0.2984741646078443
NONAI02431_688322_20230317,688322,奥比中光,2023-03-17,2.0408163265306123,6,294,跟公司差不多市值的凌云光，利润是正的，而公司现在还亏损，都是做机器视觉的，公司相比凌云光，有什么不通点？公司预计未来多久能扭亏为盈呢？,您好！根据公开信息，凌云光聚焦机器视觉业务，是行业领先的可配置视觉系统、智能视觉装备与核心视觉器件的产品与解决方案提供商。奥比中光专注于3D视觉感知产品的设计、研发、生产和销售，在万物互联时代为智能终端打造“机器之眼”，将3D视觉感知产品应用于“衣、食、住、行、工、娱、医”等领域，致力于让所有终端都能更好地看懂世界。公司目前正处于高速成长阶段，研发投入很大，客观上会影响短期内的盈利水平，但是随着规模及产品技术差异化优势的进一步凸显，公司的盈利能力有望得到提升。公司管理团队一直致力于做好经营工作和提升业绩，未来也会不断完善研发管理机制以促进研发成果的快速转化，通过强化自主创新能力和深化企业核心竞争力，全面提升公司的整体竞争实力。感谢您的关注与支持！,-0.5442105355024548
NONAI02432_688323_20230113,688323,瑞华泰,2023-01-13,1.4218009478672986,3,211,请问公司：1、CPI、COF、新能源用新产品等前期大力宣传的新产品，为何迟迟没有进展？如果有进展，为何不向公众披露，如果没有进展，是否前期是在误导投资者？2、联升自从减持后，多次单日减持的金额超过公司日均成交金额的10%，属于恶意打压股价，请公司加强股东管理。,尊敬的投资者您好，感谢您对公司的关注。1、公司目前在研产品有序推进中，例如CPI、COF用PI等产品，公司在全力推进产品的商业化，力争填补国内空白，但项目技术门槛高、难度大，实现批量销售时间尚有不确定性，敬请投资者注意投资风险。新能源领域拓展，计划在嘉兴项目新增产能上实现，推进工作正常进行中。2、二级市场的股票交易是一个市场行为，受宏观经济政策、行业发展、资本市场环境、投资者预期等多重因素影响，公司非常重视大股东减持的合规有序，并按照相关法律法规的规定及时履行信息披露义务。,-0.6478339641261445
NONAI02433_688325_20230926,688325,赛微微电,2023-09-26,4.40251572327044,7,159,尊敬的董秘，你好！1.请问公司是国家级专精特新小巨人企业吗？2.请问公司的愿景是什么？只是用智慧芯为电池保驾护航吗？还是有更大的企业愿景？3.公司募集资金投建项目（新能源项目与工业储能项目）落地周期是多久？,尊敬的投资者您好！1、公司已于2022年度获得国家级专精特新小巨人企业称号；2、公司始终致力于成为先进的模拟集成电路供应商，为业界提供安全、高效、绿色的模拟集成电路及解决方案，以优质的服务，实现共赢发展；3、公司的募集资金项目在正常推进与积极研发中，请您持续关注公司披露的年度或者半年度募集资金使用报告，公司将加快募投项目的建设进度。感谢您对公司的关注！,-0.1488610865160036
NONAI02434_688326_20230524,688326,经纬恒润,2023-05-24,4.583333333333333,11,240,董秘你好！汽车行业目前面临竞争加剧，行业洗牌的状况，但是头部汽车品牌的销量却又反映出了强者恒强的效应，如理想，比亚迪。请问公司与他们有加强合作吗？公司如何度过这一紧张期以及对未来如何预期？二季度经营压力是否缓解？公司虽然不分红为什么不能送转一下？,您好，公司与众多国内外整车制造商及汽车一级供应商进行合作，其中包括新能源汽车客户，如比亚迪、合众（哪吒汽车）、蔚来、小鹏、零跑等。公司将加强与客户的业务合作深度，持续提升公司的综合能力，紧跟行业发展趋势，保持持续稳定发展。基于公司所处重要发展阶段，研发投入和经营规模持续扩大，且预计未来12个月存在重大投资计划或现金支出，结合公司的整体战略规划、资金需求增加的现状以及未来经营发展的需要，根据相关法律法规以及《公司章程》等规定，为更好地维护公司及全体股东的长远利益，经公司审慎研究讨论，拟定公司2022年度不进行利润分配，亦不进行送股转股。,-0.11859214432797846
NONAI02435_688327_20230324,688327,云从科技,2023-03-24,5.333333333333333,4,75,"董秘您好,最近公司发展非常好,有没有考虑进军光伏hjt行业,如果进军hjt行业可以选用赛伍技术的黑科技装光膜,瞬间成为行业龙头",尊敬的投资者，您好！感谢您对公司发展的建议，公司是一家提供高效人机协同操作系统和行业解决方案的人工智能企业，致力于助推人工智能产业化进程和各行业智慧化转型升级。,0.006958163704091162
NONAI02436_688328_20230120,688328,深科达,2023-01-20,3.4482758620689653,1,29,华虹半导体在无锡投产12英寸晶圆项目，请问公司有没有接到对此项目供应设备的订单？,尊敬的投资者，您好！公司未接到此项目设备订单，感谢您对公司的关注！,-0.30860123119643634
NONAI02437_688329_20230104,688329,艾隆科技,2023-01-04,15.151515151515152,5,33,请问，截至2022年12月20日，公司的股东数是多少？谢谢,投资者您好!截止2022年12月20日，公司股东持有人数（已合并）为4346人，感谢您的关注！,1.6505258324875483
NONAI02438_688330_20230106,688330,宏力达,2023-01-06,3.508771929824561,2,57,公司公司股价长期低于发行价，成交低迷，管理层和小股东缺乏有效交流，互动回复显得极没诚意，建议管理层好好学习优秀上市公司是如何和股东有效的交流的。,您好！非常感谢您的建议。公司一直非常重视与投资者的沟通交流，并将加强通过多种方式与投资者分享公司经营状况，传达公司投资价值。,-0.2984741646078443
NONAI02439_688331_20230407,688331,荣昌生物,2023-04-07,11.764705882352942,4,34,您好，贵公司在去年上半年调研中回复说红斑狼疮的泰它西普三期数据上半年完成，中报中说明22年底出来数据到了3月底，未见到公司公告，请问三期临床数据到底出来没有？谢谢，,尊敬的投资者您好，就上述问题，公司已于2022年9月发布了相关公告，感谢您的关注！,1.083572569835303
NONAI02440_688332_20230113,688332,中科蓝讯,2023-01-13,0.0,0,195,公司昨晚收到的监管工作函是什么情况？,尊敬的投资者，您好。公司设立合伙企业，拟投资于集成电路全产业链及行业细分领域以获取投资收益。由于成立合伙企业涉及关联交易，且成立可能受到宏观经济、行业环境、市场竞争等因素的影响，未来经营状况和收益存在不确定性的风险。有鉴于此，上海证券交易所下发监管工作函，从公司内控、合伙企业规范运作、信息披露以及独立董事、持续督导机构履职等均做了提示和要求。监管工作函不属于监管处罚，属于工作提醒性质，对公司运营无重大不利影响。感谢您的关注！,-0.8858440267461817
NONAI02441_688333_20230208,688333,铂力特,2023-02-08,4.444444444444445,2,45,您好。请问公司领导，截至目前公司共有多少研发人员？谢谢,尊敬的投资者您好，公司将在定期报告中披露研发人数情况，届时请关注公司定期报告，感谢您对公司的关注。,-0.14184220137095424
NONAI02442_688337_20230110,688337,普源精电,2023-01-10,6.081081081081081,27,444,董秘您好，公司的产品陆续被各大高校采购，而且中标的形式喜人，公司有没有提前备货？贴息补贴政策肯定会对公司明年业绩产生积极影响，公司的产品进入高校之后，后续能够带来持续性的收入？还是一次性的收入？,尊敬的投资者，您好！感谢您对公司的关注！自2022年9月份以来，受益于教育贴息贷款政策，公司在高校市场招标采购的中标金额逐月持续提升。普源精电深耕中国教育市场20余年，拥有良好的客户基础和品质口碑。根据第三方招标采购平台数据统计，公司已中标金额在国内厂商中处于优势地位。我们认为扩大教育领域投资不是短期的政策，对于收入提升会有持续性的阶段利好。不同高校的订单获取-发货交付-收入确认时间跨度存在差异，从数周到数月不等，业绩确认相对于采购中标存在一定时间的递延性，部分产品在2023年高校春季开学交付后将对公司新财年业绩产生积极影响。公司近期中标订单客户来源不乏知名高校，如清华大学、浙江大学、中国科学技术大学、复旦大学、中山大学、华中科技大学、华南理工大学、武汉大学、四川大学、重庆大学、电子科技大学、西安电子科技大学、山东大学、南方科技大学、吉林大学、西北农林科技大学、桂林电子科技大学等数十所高校（排名不分先后）。这些客户的采购对于公司知名度的提升以及新采购的拉动有积极的促进意义。公司拥有完善的精益工厂及优良的柔性生产能力，产能预计可以满足增量订单的需求。感谢您对普源精电的关注！,0.1321314437841125
NONAI02443_688338_20230221,688338,赛科希德,2023-02-21,2.366863905325444,4,169,公司2022年营收不增长什么原因，未来会年年增长？公司核心技术人员不断离职，什么原因呢？薪水底，技术含量低，未有发展空间？公司在新冠后检测都有那些指标？,2022年国内新冠疫情防控形势面临奥密克戎等新冠变异毒株的挑战，多地出现疫情，导致部分地区终端医疗机构诊疗活动大幅减少。虽然年底疫情管控政策放开后，终端医院诊疗活动开始恢复性增长，但疫情因素对公司全年主营业务仍然存在一定程度影响。公司核心技术人员离职是由于个人原因，具体情况公司已按照相关规定进行披露。公司的产品主要应用于血栓性及出血性疾病的预防、筛查、诊断和监测。,-0.489630036901386
NONAI02444_688339_20230508,688339,亿华通,2023-05-08,11.11111111111111,4,36,请问公司港股上市进程到哪里了，怎么静悄悄的,尊敬的投资者您好，公司已于2023年1月12日在香港联交所正式上市交易。感谢您的关注。,0.9741605366918868
NONAI02445_688343_20230516,688343,云天励飞,2023-05-16,3.3854166666666665,13,384,你好！AISP芯片市场规模有多大？公司DeepEdge10芯片投入研发成本是多少？DeepEdge10与国际同类产品的对标公司有哪些？该芯片市场应用前景？AIoT边缘视频、移动机器人等场景目前使用规模使用的是什么芯片市场规模多大？DeepEdge10芯片能否被行业认可完成对现有AIoT边缘视频、移动机器人等场景使用芯片的替代,尊敬的投资者，您好！ASIP是一种新型的定制化指令集的处理器芯片，它为某个或某一类型应用而专门设计，通过权衡速度、功耗、成本、灵活性等多个方面的设计约束，设计者可以定制ASIP以达到最好的平衡点，从而适应嵌入式系统的需要。ASIP集合了FPGA和ASIC各自的优点，不仅可以提供ASIC级别的高性能和低功耗，还能提供处理器级别的指令集灵活性，实现可重新编程，更适用于需求尚未被明确定义、需要芯片具备一定通用性和可编程性的应用场景，从而满足AI算法快速更新迭代的需求，并延长芯片的使用生命周期。公司Deep Edge10 可广泛应用于 AIoT 边缘视频、移动机器人等场景。针对末端配送机器人、商用清洁机器人、迎宾导览机器人等场景，提供 12 Tops 算力，覆盖视觉感知 AI 算力要求。同时，Edge 10 采取 8 核CPU 设计，包含 CV 硬件加速单元，可满足 SLAM、路径规划的算力要求，计划支持各类方案厂商基于该芯片研发相关场景的解决方案。关于Deep Edge10 的具体情况，您可进一步查阅公司于2023年4月29日在上海证券交易所网站(www.sse.com.cn)披露的《2022年年度报告》。谢谢您的关注！,-0.3191238863236452
NONAI02446_688345_20230413,688345,博力威,2023-04-13,10.679611650485437,11,103,张总好，请问2021年制定的股权激励计划在2022年被终止了，2023年还有效吗？感谢,尊敬的投资者，您好！公司去年实施的股权激励计划，因客观原因终止，具体请参见公司于2023年3月20日披露的《广东博力威科技股份有限公司关于终止实施2022年限制性股票激励计划暨作废相关限制性股票的公告》（公告编号：2023-006），感谢您对公司的关注！,0.9019273497622532
NONAI02447_688347_20230822,688347,华虹公司,2023-08-22,1.1764705882352942,1,85,开盘价咋这样子，表现太差了？,尊敬的投资者，您好！股价波动属于二级市场行为，受多方面因素影响。当前公司各项经营业务运行平稳。下一步，公司将持续做好经营管理，努力提升内在价值，为投资者创造持续稳定的投资回报。感谢您的关注！,-0.6889023670880332
NONAI02448_688348_20230117,688348,昱能科技,2023-01-17,8.148148148148149,11,135,根据公司2022年前三季报业绩同比大幅增长和营收下半年好于上半年的经营情况测算，2022年全年业绩同比大幅增长的确定性很大，请问公司何时可公布22年全年业绩预增公告？四季度业绩环比增加多少？,您好，根据《上海证券交易所科创板股票上市规则》的要求，上市公司预计年度经营业绩将触及相关业绩预告情形时应当在会计年度结束之日起 1 个月内（即2023年1月31日前）进行业绩预告。如预计触及，公司会按相关规定要求在1月31日前履行披露义务。请关注公司披露在上交所指定信息披露网站的公告。感谢您对公司的关注。,0.4781593197750687
NONAI02449_688349_20230109,688349,三一重能,2023-01-09,9.502262443438914,21,221,董秘你好，贵公司的风电业务这几年发展的很好，在同行也具有了一定的领先优势，公司今后的业务如何发展，是继续发展风机业务，还是说有其他安排？如果继续发展风机业务的话向哪里进军？,您好，感谢您对公司的关注。公司主营业务为风电机组的研发、制造与销售，风电场设计、建设、运营管理以及光伏电站建设运营管理业务。2021年度，风机及配件业务占营业收入比例约87.1%，发电收入占比约6.1%，风电建设服务占比约5.5%。2022年前三季度，风机及配件业务占营业收入比例约90.8%，发电收入占比约6.9%，风电建设服务占比约1.4%，风机及配件业务为公司主业。在风机产品类型和区域布局上，目前公司以陆上风机为主，未来公司会持续专注风电装备制造业，同时积极布局海外和海上风电市场，并进一步拓展风电全产业链相关业务。,0.704838608954248
NONAI02450_688350_20230104,688350,富淼科技,2023-01-04,16.9811320754717,27,159,请问贵公司订单是否饱满？6月份以来有哪些产能投产？爬坡如何？,尊敬的投资者您好，公司现有订单饱满，自2022年6月以来，募投项目“年产3.3万吨水处理及工业水过程专用化学品及其1.6万吨单体扩建项目”（以下简称“项目”）中的固体型聚丙烯酰胺产线已于2022年6月份进入试生产阶段，乳液型聚丙烯酰胺产线已于2022年8月进入试生产阶段。项目的整体产能爬坡情况为：预计2023年达产率为30%，2024年达产率50%，2025年达产率75%，2026年完全达产。感谢您的关注！,1.956804456998791
NONAI02451_688352_20230427,688352,颀中科技,2023-04-27,4.411764705882353,3,68,公司股价有破发风险吗？公司对于即将破发有何应对？,尊敬的投资者，您好！公司管理层及全体员工会尽最大努力发展公司自身业务，保证公司日常生产经营稳定，持续提升公司核心竞争力，为股东创造价值。感谢您的关注！,-0.14731280302812502
NONAI02452_688353_20230112,688353,华盛锂电,2023-01-12,3.9215686274509802,2,51,您好，请问贵公司是否建立财务共享中心，如建立，请问具体是在哪一年？如果按照1-5分对财务共享相关的组织人员、业务流程、运营管理以及信息系统的运行水平进行评分（1代表水平较差，5代表水平极高）您对这四项分别打多少分？如果按照初建期，提升期，稳定期，成熟期，卓越期和衰退期来描述财务共享实施的阶段，您认为是在哪一阶段？如果没有建立，请问贵公司是否有使用大数据等信息技术进行财务集中核算处理？期待您的回答，感谢,尊敬的投资者您好！公司未建立财务共享中心。公司拥有健全的财务制度和完善的财务管理体系。感谢您对公司的关注，谢谢！,-0.22937182788568694
NONAI02453_688355_20230220,688355,明志科技,2023-02-20,2.4128686327077746,9,373,董秘您好，以下问题辛苦您回答。1、公司光伏腔体产品已实现小规模量产，目前向光伏设备厂商完成正式交付了吗？2、铸件、装备等主营业务，2023年一季度摆脱疫情影响了吗？目前工厂的产能利用率怎么样？3、公司持续增加研发投入，推动国产替代，请问公司产品未来有机会涉足泛半导体、新能源汽车、储能等领域吗？谢谢！,尊敬投资者，您好。公司研发的“高性能复杂精密铝合金铸件关键技术”，可用于新能源汽车、高铁、工程机械、低碳燃气装备、氢能动力、光伏装备等行业所需部分高性能铝合金精密铸件的开发和生产。公司积极进行光伏等新能源领域铸件产品的开发和业务拓展，并将及时披露相关业务开展情况，敬请关注定期报告等相关公告内容。公司当前业务正常开展，2023年一季度相关情况请及时查阅公司于4月份披露的季度报告。公司致力于以体系化技术创新带动传统砂型铸造行业转型升级。公司两大主要产品高端制芯装备及高品质铝合金铸件均属于技术密集型产品，其研发和生产是多学科相互渗透、知识密集、技术复杂的高技术活动，对技术创新能力和持续研发投入能力要求较高。公司设备和铸件技术适用于半导体、新能源汽车、储能等行业所需部分高性能铝合金精密铸件的开发和生产，公司以业务和客户为导向，将积极拓展上述领域业务，相关情况请关注公司相关公告的内容。感谢您对明志科技的关注！,-0.4819288266430087
NONAI02454_688361_20230710,688361,中科飞测,2023-07-10,13.157894736842104,5,38,请问2023年一季度利润表中“其他收益”是什么内容？,您好，感谢您对公司的关注。2023年一季度利润表中“其他收益”主要为计入当期损益的政府补助。,1.3167929562725835
NONAI02455_688362_20230112,688362,甬矽电子,2023-01-12,0.0,0,29,您好，据宁波发布消息，2023年宁波市政府工作报告中强调，加快甬矽芯片封测二期项目进度，可否请说明一下“加快”的具体目标和进度安排？,尊敬的投资者您好，公司二期项目正按规划稳步推进中，感谢您的关注！,-0.8858440267461817
NONAI02456_688363_20230104,688363,华熙生物,2023-01-04,18.75,6,32,请问，截至2022年12月30日，公司的股东数是多少？谢谢,"尊敬的投资者，您好，截至2022年12月30日，公司股东人数为35,878户，感谢您的关注。",2.252913674055559
NONAI02457_688365_20230320,688365,光云科技,2023-03-20,4.0,1,25,尊敬的董秘，请问贵公司是否与百度有业务上的联系？特别是人工智能方向的，谢谢了,尊敬的投资者，您好！公司业务目前未涉及百度人工智能。谢谢！,-0.21624238390847703
NONAI02458_688366_20230106,688366,昊海生科,2023-01-06,5.994550408719346,22,367,请问贵司与爱博的诉讼目前什么进展？,尊敬的投资者，您好！国家知识产权局已于2022年12月30日作出决定，认定爱博医疗的三项专利均存在有效性问题。2022年2月，在收到爱博医疗起诉公司控股子公司亨泰视觉“myOK迈儿康”角膜塑形镜产品的专利侵权案件诉讼文件后，公司联合专业团队，第一时间研读了涉诉专利，未发现我方产品有任何侵权事实存在，同时认为爱博医疗该三项专利已被现有技术或公知常识公开，不具备新颖性或创造性，无法构成有效专利。据此，为捍卫“myOK迈儿康” 合法权益及行业声誉，维护角膜塑形镜领域的专利质量及竞争秩序，紧跟国家知识产权战略，亨泰视觉于2022年6月针对爱博医疗的三项专利向国家知识产权局提起了无效宣告请求（案件编号为：4W114402、5W128425和5W128394）。经过半年的审理，国家知识产权局于近日作出决定，认定爱博医疗的三项专利均存在有效性问题。其中，发明专利（专利号：201410039031.8）及实用新型专利（专利号：201420052215.3）被宣告全部无效，另一项实用新型专利（专利号：201721682214.7）的核心部分也均被宣告无效。感谢您的关注！,0.1176461736917953
NONAI02459_688367_20230807,688367,工大高科,2023-08-07,1.2987012987012987,1,77,能介绍一下公司在无人驾驶方面的成就吗？,尊敬的投资者您好，公司拥有自主研发的矿井机车无人驾驶技术，可运用人工智能（AI）技术及在宽带无线通信的支持下，实现井下机车在轨道上执行运输任务的无人化操作。感谢您的关注！,-0.6684408959547191
NONAI02460_688368_20230413,688368,晶丰明源,2023-04-13,0.0,0,73,公司最近几天股价暴涨暴跌，是不是存在未披露的重大事项,尊敬的投资者，您好！股票价格受政策、经济、行业、市场、板块热点、投资者心理等多方面因素影响，公司不存在应披露未披露的事项，敬请投资者注意投资风险，谨慎投资。感谢您的关注。,-0.8858440267461817
NONAI02461_688369_20240108,688369,致远互联,2024-01-08,0.423728813559322,1,236,您好！请问公司产品是否适用于华为鸿蒙系统，谢谢。,您好，感谢您对公司的关注！公司持续加强产品对国产环境的适应性和自适应能力，并基于国产环境安全要求完成合规等级提升，公司全面优化完善国产软硬件环境，针对国产服务端、客户端、操作系统、中间件、数据库进行了大规模的适应性测试和部署验证，适配和迭代对鸿蒙操作系统的适配，系统对国产环境的兼容性和稳定性大幅度提升。另外，服务端优化适配龙芯、飞腾、鲲鹏、兆芯、海光、申威等服务器；终端优化适配麒麟、统信UOS新版等桌面系统；中间件优化适配东方通、金碟飞燕、中创、宝兰德等主流厂商；数据库优化适配达梦、人大金仓、神通、中兴、华为高斯、南通等主流数据库。,-0.8149116493269334
NONAI02462_688370_20230302,688370,丛麟科技,2023-03-02,23.076923076923077,6,26,董秘你好，请问现在持有公司股票的人数是多少,"尊敬的投资者您好！截止2023年2月28日，公司股东户数为16,262户。",2.977242374240576
NONAI02463_688371_20230210,688371,菲沃泰,2023-02-10,4.166666666666667,2,48,你好，请问公司怎么看华为手机业务的萎缩对公司的影响？华为也在自己研发纳米镀膜技术，这个公司怎么看？,尊敬的投资者，您好！目前，相关客户在公司营收结构中占比较小。公司与下游客户保持着良好合作关系，感谢您的关注！,-0.18834231545690594
NONAI02464_688372_20230206,688372,伟测科技,2023-02-06,5.882352941176471,1,17,董秘你好，随着疫情放开后经济回暖，行业景气度修复，封测环节有望充分受益。请问贵公司在大好环境下是否推出股权激励机制使公司发展更上一层楼。,尊敬的投资者您好，请关注公司公告，谢谢！,0.09886427154456055
NONAI02465_688373_20230105,688373,盟科药业,2023-01-05,0.9375,6,640,2022年初上海市肺科医院和首都医科大学附属北京胸科医院已经启动康替唑胺片用于结核感染治疗的研究者发起的临床研究，请问董秘，这项研究现在有什么效果？哪里能查到相关研究文献？谢谢！结核病是需要长期服药的疾病，贵公司产品安全性是否能满足结核病的长期服用？,尊敬的投资者朋友您好。由研究者发起的康替唑胺片治疗结核分枝杆菌感染的临床研究，截止目前正在进行中的主要包括：（1）“康替唑胺片对初治敏感肺结核和耐多药肺结核患者早期杀菌活性、安全性和耐受性的临床研究”；（2）“康替唑胺抗结核早期杀菌作用的研究”；（3）“康替唑胺对照利奈唑胺对于利福平耐药结核患者中的抗结核治疗安全性和早期治疗反应及PK研究”。这些研究目前处于入组期，研究者尚未进行数据统计分析，亦未有相关研究论文的撰写、投稿与发表。 在康替唑胺片上市前，噁唑烷酮类药物利奈唑胺已被广泛应用于结核病的临床治疗。但长期使用利奈唑胺抗结核治疗，其不良反应发生率高，最常见的不良事件类型是周围神经病变，骨髓抑制，视神经炎。不良反应的发生会使患者治疗依从性差，并且增加治疗的经济成本。 新一代噁唑烷酮类抗菌药康替唑胺片与利奈唑胺相比，抗菌谱及抗菌效力类似，并且康替唑胺独特的结构为其具有较好的耐受性和安全性奠定了基础。 目前国际文献已有将康替唑胺应用于结核分枝杆菌和非结核分枝杆菌患者长期治疗的个案报道。案例一：中国人民解放军第一医学中心崔俊昌教授与中国人民解放军第六医学中心郭红阳教授团队尝试在一例结核性胸膜炎老年患者治疗中同情使用康替唑胺，治疗过程中康替唑胺对该患者展现出治疗结核分枝杆菌感染良好的安全性和有效性。案例二：武汉同济医院许东教授与武汉市第一人民医院成薇婷教授团队在一例感染新金色分枝杆菌的晚期肝细胞癌 (HCC) 和银屑病患者治疗中使用康替唑胺，治疗过程中康替唑胺对该患者展现出治疗非结核分枝杆菌感染良好的安全性和有效性。 上述研究相关文献可于公开渠道获取。感谢对我们公司的关注。,-0.7289061417060947
NONAI02466_688375_20230104,688375,国博电子,2023-01-04,0.0,0,33,没人问：“上市公司股价受到经济形势、行业趋势、股指波动以及投资者心理预期等...注意投资风险”、“公司始终坚持主营业务高质量发展，...提升综合竞争力”、“目前公司订单稳定...，经营基本面稳定”、“努力以优良的业绩和市值回馈投资者”这些高大尚的问题--对你们而言它太远了！做到保证正常的日交易量、别被边缘化就行了！,尊敬的投资者，您好，感谢您对国博电子的关注和支持！您的建议我们已收到，谢谢！,-0.8858440267461817
NONAI02467_688378_20230207,688378,奥来德,2023-02-07,2.0833333333333335,1,48,尊敬的董秘：公司去年11月2日公告定向增发预案，11月18日股东大会通过该预案。请问现在进展如何，何时可获得证监会批复？,您好！目前公司正常推进相关工作，公司将根据交易所信息披露要求及时披露相关情况，敬请关注后续相关公告，谢谢！,-0.5370931711015439
NONAI02468_688379_20230324,688379,华光新材,2023-03-24,2.0202020202020203,2,99,尊敬的董秘您好。问一下这次股东大宗减持引进西子联合董事长作为战略投资者，未来主要考虑在什么新赛道拓展业务？,尊敬的投资者您好，西子联合是一家以装备制造为主的综合型企业集团，旗下有电梯、新能源、锅炉、盾构机、航空等多项产业布局，公司从事焊接与连接材料的研制并提供焊接整体解决方案，双方具有很好的产业协同与合作基础，感谢您的关注。,-0.5476613788483511
NONAI02469_688381_20230331,688381,帝奥微,2023-03-31,6.896551724137931,4,58,贵司是否和高通及三星有相关合作？三星手机Zfold4系列手机是否应用了贵司产品？目前合作情况如何？是否一切正常？,尊敬的投资者您好，感谢您对公司的关注。公司的高性能运放产品通过高通的参考设计平台，已经进入到了三星Galaxy Z fold4和Z Flip4机型中，目前出货正常。,0.26864156435330905
NONAI02470_688382_20230117,688382,益方生物,2023-01-17,0.0,0,37,董秘您好，请问本次股权激励的独立财务顾问是否是经证监会备案的独立财务顾问机构？,您好，公司实施股权激励计划参照监管规则的相关要求实施。谢谢您的关注！祝您新年快乐！,-0.8858440267461817
NONAI02471_688383_20230217,688383,新益昌,2023-02-17,5.555555555555555,5,90,贵司管理层，你们好。我是一个持有贵司股票的普通投资者，我有2个问题和意见想咨询一下。一、公司2022年度业绩预告什么时候能出？因为半导体行业处于周期底部且受到外部干扰，如果公司业绩受到影响我们投资者也是能理解的，但还是希望能早点出。二、由于公司流通股份偏小，股价偏贵，二级市场上很小的成交量就能造成股价剧烈波动，给我们普通投资者长线持股带来很大困扰，所以建议公司在年度利润分配上能增加送股。谢谢,答：尊敬的投资者，您好！公司将根据相关规则于2023年2月底之前披露业绩快报。感谢您的建议，我们将结合实际的经营情况和未来发展规划制定相应的利润分配方案，敬请关注公司相关公告。感谢您对公司的关注与支持！,0.04415825497285255
NONAI02472_688385_20230130,688385,复旦微电,2023-01-30,0.0,0,17,请问美国对我国先进制程芯片（16nm以下）技术进行封锁，请问公司14nmFPGA芯片生产和正在流片的十亿门级FPGA是否受到影响？是否需要进行许可证申请？谢谢！,您好！本公司各项工作在有序推进中。谢谢。,-0.8858440267461817
NONAI02473_688386_20230508,688386,泛亚微透,2023-05-08,1.5625,2,128,尊敬的董秘您好，有几个问题想请教一下：一、我国已经启动了pem电解槽产业链自主可控进程，请问公司旗下源氢在质子交换膜这块业务与国家相关领军企业有无接触。 二、公司有相当部分营收来自低毛利的业务，是否考虑开拓新用户或业务来提升盈利水平，回馈股东？,尊敬的投资者：您好！质子交换膜可广泛应用在氯碱工业、燃料电池、电解水制氢、储能电池（全钒液流电池）等领域，电解水制氢用质子交换膜是源氢布局的领域之一。 公司将继续秉承“市场利基、产品多元”的发展战略，围绕核心技术不断加大研发、积极拓展新新客户，努力创造更多的财富回馈股东。 感谢您对公司的关注！,-0.6242808850127033
NONAI02474_688387_20230111,688387,信科移动,2023-01-11,2.1739130434782608,2,92,你好，贵公司股价长期破发行价，有否操作可改善的措施,尊敬的投资者您好！感谢您对公司的关注。二级市场股票价格受多方面因素影响，请注意投资风险。公司管理层高度重视公司业务经营及市场表现，未来将持续抓好生产经营工作，通过业绩改善提振市场表现，回馈广大投资者。,-0.5219300904213422
NONAI02475_688388_20230105,688388,嘉元科技,2023-01-05,10.119047619047619,17,168,请问公司4.5微米及5微米铜箔2022年的销售占比有多少？在下游厂商的具体试用情况如何？,您好！公司目前以6微米及以下铜箔产品为主，具体销售数据以公司披露的定期报告为准。公司于2022年10月11日自愿披露与宁德时代签订《高端锂电铜箔采购合作意向备忘录》的公告，根据备忘录，宁德时代预计2023年全年拟向公司采购4.5微米及5微米高端锂电铜箔不低于2万吨。目前公司已向部分头部客户批量供应4.5微米及5微米产品，其他客户也在积极试用，待相关条件成熟后导入。感谢您的关注！,0.8080887006706307
NONAI02476_688389_20230804,688389,普门科技,2023-08-04,11.864406779661017,7,59,请问公司中报什么时间披露？,尊敬的投资者您好！感谢您对普门科技的关注！公司2023 年半年度报告披露日为2023年8月25日，届时请您关注上海证券交易所网站（www.sse.com.cn）。谢谢！,1.1002625409927729
NONAI02477_688390_20230327,688390,固德威,2023-03-27,3.7383177570093458,4,107,董秘您好，请问：近期受欧盟计划限制从中国进口清洁能源技术和产品消息，对贵公司今后的经营是否产生不利的影响。,尊敬的投资者您好，欧盟近期发布的相关法案，旨在扩大欧盟本土清洁技术的制造规模，确保欧盟为清洁能源转型做准备。公司会持续关注行业动态，并制定切实可行的发展策略。相关法案暂未对公司产生影响，目前公司经营发展一切正常，感谢您对公司的关注！,-0.2600480988604764
NONAI02478_688393_20230228,688393,安必平,2023-02-28,6.349206349206349,4,63,请问贵公司与腾讯AILab共同研发的宫颈细胞学人工智能辅助诊断产品到哪个阶段了？贵公司是否涉及人工智能辅助诊断概念？,尊敬的投资者您好，感谢您的提问！宫颈细胞学人工智能辅助诊断产品已于2022年完成多中心科研评价研究，即将进入临床试验阶段。感谢您对公司的关注。,0.17701572378985742
NONAI02479_688395_20230303,688395,正弦电气,2023-03-03,0.0,0,66,你好，请问公司是否有研发不使用永磁材料的高效节能电机技术？,尊敬的投资者，您好，公司目前批量生产的标准产品为真正意义上的通用产品，既适用非永磁材料的高效节能电机，也适用永磁材料高效节能电机，感谢您的关注。,-0.8858440267461817
NONAI02480_688399_20230407,688399,硕世生物,2023-04-07,1.1363636363636365,1,88,董秘您好，请问公司有血氧仪吗？,尊敬的投资者，您好。公司专注于体外诊断行业，聚焦疾病预防控制（CDC）和临床妇幼检验两大领域， 通过“试剂+仪器+服务+原料”的一体化经营模式，为客户提供分子诊断整体解决方案。暂时无血氧仪相关产品。感谢您的关注！,-0.6956162873036519
NONAI02481_688400_20230306,688400,凌云光,2023-03-06,4.040404040404041,4,99,尊敬的董秘您好，贵公司在影视AI智能技术方面，有涉及到智能剪辑视频或者制作吗？感谢回复,【回复】您好，感谢您的关注！凌云光数字人制作的建模、驱动、渲染的环节都会用到自动化和智能化技术，尤其是驱动环节的语音和动画可做到100%智能驱动。随着AI技术的提高，后期剪辑、制作环节步入高度自动化和智能化已经成为必然趋势。谢谢！,-0.20947873095052036
NONAI02482_688401_20230307,688401,路维光电,2023-03-07,2.197802197802198,2,91,作为公司不算很小的股东，面对近期跌跌不休的股价，非常担心公司的业绩。想询问公司进入2023年来订单情况是否稳步增长，掩膜版价格走势如何。希望董秘核实后明确答复，在公共平台答复是阳光，公平的，不要心存疑虑。,尊敬的投资者，您好！股价波动受宏观经济、市场情绪等多种因素影响。公司生产经营稳定有序，不存在应披露未披露的信息。公司业绩详情请以公司公开披露的定期报告为准，目前掩膜版价格较为稳定。感谢您对公司的关注！,-0.5179310361760142
NONAI02483_688409_20230207,688409,富创精密,2023-02-07,3.2967032967032965,3,91,请问董秘第一季度的在手订单是否饱满？你对2023年的业绩是否比较乐观？,尊敬的投资者您好，目前公司经营稳定，正在稳步有序地推进生产，现有产能可以有效地满足客户的订单交付需求；公司将严格按照信息披露相关要求披露业绩数据，请关注公司后续披露的相关公告。感谢您对公司的关注！,-0.3339745408909306
NONAI02484_688410_20230106,688410,山外山,2023-01-06,1.4861995753715498,7,471,董秘你好，有资料显示贵公司产品产品连续性血液净化设备SWS-3000及SWS -5000型系列产品被列入“治疗新型冠状病毒感染肺炎危重症患者的应急医疗设备，请问这两种设备是如何治疗新冠患者？是对所有的病毒感染者都有效吗？,尊敬的投资者，您好！在《新型冠状病毒肺炎诊疗方案（试行第九版）》中，对于新冠肺炎重型、危重型患者合并急性肾损伤时，其治疗方案中包含连续性肾替代治疗（CRRT）模式，CRRT治疗的具体临床指征包括：①高钾血症；②严重酸中毒；③利尿剂无效的肺水肿或水负荷过多。我公司连续性血液净化设备SWS-3000系列和SWS-5000系列产品具有连续性肾替代治疗（CRRT）的连续性静脉静脉血液透析（CVVHD）、连续性静脉静脉血液滤过（CVVH）、连续性静脉静脉血液透析滤过（CVVHDF）等治疗模式，若部分新冠肺炎重型、危重型患者具有相关临床指征时，可采用我公司SWS-3000系列和SWS-5000系列设备进行治疗。按照《血液净化标准操作规程》的定义，连续性肾脏替代治疗（continuous renal replacement therapy，CRRT）是指一组体外血液净化的治疗技术，是所有连续、缓慢清除水分和溶质治疗方式的总称。CRRT治疗目的不仅仅局限于替代功能受损的肾脏，近来更扩展到常见危重疾病的急救，成为各种危重病救治中最重要的支持治疗措施之一。其适应症包括重症急性肾损伤，慢性肾脏病并发症（合并急性肺水肿、尿毒症脑病、心力衰竭、血流动力学不稳定等），以及多器官功能障碍综合征、脓毒血症或感染性休克、急性呼吸窘迫综合征、慢性心力衰竭、肝性脑病等。故新冠肺炎重型、危重型患者若出现以上并发症，根据临床情况均可进行CRRT治疗。 感谢您的关注！,-0.6370536074328096
NONAI02485_688411_20250314,688411,海博思创,2025-03-14,1.5625,2,128,海博在德国国王湖的独立储能电站项目上月顺利进入试运行阶段，该项目配备了海博思创HyperBlock||液冷储能系统，请问1.该液冷系统技术目前在同行业中处于什么水平？2.公司的液冷技术能否运用到其它场景，比如数据中心，新能源汽车，医疗设备，通信设备，航空航天等领域？谢谢,尊敬的投资者，您好！公司拥有高效液冷技术及其应用，并拥有相关的自主知识产权。公司服务于全球传统发电、新能源发电、智能电网、终端电力用户等“源－网－荷”全链条行业客户，持续升级迭代液冷储能系统、户外柜、充储一体机、工商业和户用储能产品等系列产品，产品的多项性能指标均具有显著优势。感谢您的关注！,-0.6242808850127033
NONAI02486_688416_20230207,688416,恒烁股份,2023-02-07,9.67741935483871,3,31,公司和百度的合作？以及公司在人工智能算力上的布局,尊敬的投资者您好，截至目前公司暂未与百度有合作，感谢您对公司的关注！,0.7341599478611684
NONAI02487_688418_20230206,688418,震有科技,2023-02-06,5.376344086021505,5,93,"首先.感谢你们不厌其烦的回复我们提出的问题。請問把带有时间和姓名的股票交易软件持仓截图和身份证一并扫描发送至公司邮箱，可以获知 非定期报告相关时点的股东人数吗？盼你们具体，明确答复。顺祝你们，身体健康，万事如意, 【比如截至到2023年1月20日贵公司的股东人数是多少？]",尊敬的投资者，您好！公司联系电话：0755-33599651，根据《公司法》及《公司章程》等规定，股东若查阅股东情况，需携带股东账户卡、股东证明及本人身份证原件至公司证券事务部，由相关工作人员核实股东身份后进行查询。感谢您的关注和支持！,0.014158181369012712
NONAI02488_688420_20230515,688420,美腾科技,2023-05-15,3.7037037037037037,9,243,请问目前的生产能力是否与在手订单匹配？工厂生产负荷多大？（生产是否满负荷？）订单能否保障全年生产？海外市场持续发力的情况下，是否已经获得订单？在俄罗斯是否开展业务，俄乌冲突是否对开展业务造成影响？谢谢,尊敬的投资者，您好！公司的主要业务包括智能装备、智能系统与仪器。智能装备业务的产品生产环节公司主要负责组装和调试，主要采用“以销定产”、“外包生产”的生产模式，对产能的影响较小。随着公司募投项目“智能装备生产及测试基地建设项目”的建设与投产，届时将进一步释放组装和调试空间，同时生产部分部件及配套产品，公司产能将进一步提升；智能系统与仪器业务具有项目制、高度定制化的特点，不适用传统意义的产能、产量、销量概念；公司将积极开拓海外市场，有关经营情况请届时关注公司后续披露的公告和定期报告；俄乌冲突未对公司生产经营造成影响。感谢您对公司的关注！,-0.2658425056001588
NONAI02489_688425_20230118,688425,铁建重工,2023-01-18,13.559322033898304,8,59,请问股东人数目前是多少？谢谢！,"您好，截至2022年9月30日，公司股东总户数为101,055户，变动情况请关注公司最新定期报告中披露的各报告期末的股东户数，感谢您对公司的关注！",1.383992050669766
NONAI02490_688426_20230111,688426,康为世纪,2023-01-11,0.6688963210702341,2,299,公司是否有抗原产品？后疫情时代公司如何发展？,回复：尊敬的投资者，您好！公司的核心产品包括分子检测酶原料、核酸保存试剂、核酸提取纯化试剂以及分子诊断试剂盒；同时，公司基于分子检测各核心环节的技术优势，将业务拓展至消化道疾病和呼吸道传染病的筛查和诊断领域，开发了多款创新型产品及服务，实现了分子检测“核心酶原料+试剂盒+检测服务”的一体化布局。未来，公司将继续围绕分子检测业务开展研发计划，继续加大分子检测核心原料的研发，从快速检测方向着手，研发快速、抗抑制、高灵敏度的原料酶，为下游体外诊断试剂提供核心原材料；同时，公司已布局了幽门螺杆菌和结直肠癌筛查相关分子检测技术，未来公司将沿着多维度系统地开拓市场、开发产品、投入研发，提高自身在消化道系统疾病预防和早期诊断技术的竞争优势和市场份额。感谢您的关注！,-0.7738705078770003
NONAI02491_688429_20230707,688429,时创能源,2023-07-07,1.694915254237288,1,59,董秘你好，今年上半年的大牛股联特科技在高送转之后股价实现了7倍大幅增长，公司作为电池领域的细分龙头， 半年报业绩也不错，IPO发行的新股也很少，请公司积极考虑高送转，这样让更多的投资人也可以分享公司的高成长。,尊敬的投资者，您好！公司将按照相关法律法规的要求，结合公司利润分配政策、实际经营情况及未来发展规划，制定利润分配方案，感谢您的建议！,-0.6021145170691882
NONAI02492_688435_20230403,688435,英方软件,2023-04-03,20.58823529411765,7,34,请问贵司何时披露年报？,尊敬的投资者，您好！公司将于2023年4月26日披露2022年度报告。感谢您对公司的关注！,2.560635017271416
NONAI02493_688439_20230206,688439,振华风光,2023-02-06,4.166666666666667,2,48,截至到2023年1月20日贵公司的股东人数是多少？],尊敬的投资者您好，感谢您对公司的关注！公司会在定期报告中披露股东数量信息，请您届时关注公司定期报告。谢谢！,-0.18834231545690594
NONAI02494_688448_20230206,688448,磁谷科技,2023-02-06,0.0,0,77,您好，公司竞争对手天瑞重工常务副总经理陈茹在新华社采访时说，2023年“将是超常规发展的一年，全年预计实现翻番增长，我们对市场充满信心！”，请问，公司作为率先迈进资本市场的磁悬浮节能装备龙头企业，对公司发展有这样的信心吗？,尊敬的投资者，您好！公司将按着既定的战略发展目标积极提升产品品质、延伸产品品类、拓展产品市场，公司有信心持续以良好的经营业绩回报广大投资者，为股东创造价值。感谢您的关注！,-0.8858440267461817
NONAI02495_688449_20241204,688449,联芸科技,2024-12-04,4.0,1,25,董秘您好，请问贵司是否与华为有合作，如果有请简单介绍一下！,尊敬的投资者，您好！公司目前和华为没有合作。感谢您的关注。,-0.21624238390847703
NONAI02496_688450_20230728,688450,光格科技,2023-07-28,0.44052863436123346,1,227,贵公司新一代光纤传感网络、边缘计算网关、智能终端有那些优势？,尊敬的投资者，您好！公司自成立以来一直坚持自主研发、持续创新的理念，积极跟进行业技术的发展趋势，综合多学科多专业的系统优势，在分布式光纤传感产品、边缘计算网关和智能终端、资产数字化监控运维系统方面积累了多项核心技术，公司核心技术来源均系自主研发，包括但不限于：受激拉曼散射抑制与远程泵浦光投送技术；长距离高空间分辨率光纤传感高速数据采集技术；分布式光纤传感的嵌入式系统优化技术；微弱信号光探测及去噪技术；双端测量技术；布里渊光时域分析系统及非本地效应抑制技术；布里渊增益谱拟合技术等等。谢谢！,-0.8120993524248487
NONAI02497_688455_20230227,688455,科捷智能,2023-02-27,7.142857142857143,3,42,贵公司与成飞集团、中航电测有业务往来吗？,公司与成飞集团没有业务往来。中航电测是公司零部件供应商，双方建立了长期稳定的合作伙伴关系。,0.30987319260686247
NONAI02498_688456_20230207,688456,有研粉材,2023-02-07,0.0,0,84,"首先.感谢你们不厌其烦的回复我们提出的问题。請問把带有时间和姓名的股票交易软件持仓截图和身份证一并扫描发送至公司邮箱，可以获知 非定期报告相关时点的股东人数吗？盼你们具体，明确答复。顺祝你们，身体健康，万事如意, 【比如截至到2023年1月20日贵公司的股东人数是多少？]",尊敬的投资者，您好！定期报告对应时点之外的股东人数不属于规则规定的强制信息披露范畴。为了保障全体股东的公平知情权，公司选择在定期报告中披露对应期末时点的股东人数信息。感谢您的提问！,-0.8858440267461817
NONAI02499_688458_20230529,688458,美芯晟,2023-05-29,2.857142857142857,1,35,尊敬的董秘您好，请问华为是公司的大客户之一吗？谢谢！,尊敬的投资者，您好，请参考本公司招股说明书披露的大客户情况。感谢您的关注，谢谢！,-0.40755713900496404
NONAI02500_688459_20230130,688459,哈铁科技,2023-01-30,2.4193548387096775,3,124,"G20期间试运营的雅万高铁使用综合检测列车（黄医生""）进行轨道交通安全监测检测，请问该黄医生和贵公司的高铁轨道交通安全监测监测有说明差异？贵公司是否有类似黄医生的高铁检测设备？后续是否可能拓展类似业务至东南亚，中亚，远东，及其他一带一路地区高铁线路？""",“黄医生”是车对地检测，公司主营安全监测检测产品为地对车检测设备。公司主营产品已在海外市场应用，公司将积极参与 “ 一带一路 ” 建设和高铁 “ 走出去 ”战略，在巩固美国、澳大利亚、波兰、俄罗斯、南非等已有海外市场基础上，进一步拓展国际轨道交通市场，成为具有国际影响力的轨道交通高端装备供应商。,-0.4808430330943442
NONAI02501_688466_20230120,688466,金科环境,2023-01-20,3.5031847133757963,11,314,2022年底，各地出台省级新污染物治理工作方案。请问对公司业务是否有影响？具体是什么影响？,尊敬的投资者，您好。2022年5月，国务院办公厅正式发布《新污染物治理行动方案》，对新污染物治理工作进行系统安排部署。目标是到2035年，建成较为完善的新污染物治理体系，新污染物环境风险得到基本管控。公司在组合纳滤系统预处理、防污染和浓水达标处理等方面形成了系列除新型污染物的独特技术，成功实施了国内最大组合纳滤膜法饮用水厂张家港四厂一期项目（10 万吨/天）、国内第二座大型组合纳滤膜法饮用水厂张家港三厂项目（10 万吨/天）等一系列大型优质标杆项目，持续巩固了公司在膜法饮用水深度处理领域，特别是组合纳滤膜工艺技术应用的市场地位。公司已关注到各地的细化方案，随着政策的持续落地执行，市场或将迎来高速增长，公司也将积极顺应政策导向，充分发挥公司的核心技术及行业地位优势，持续扩大市场影响力。感谢您的关注。,-0.29940946693609
NONAI02502_688468_20240322,688468,科美诊断,2024-03-22,5.714285714285714,6,105,2023年公司产品在国产替代方面有无进展？,尊敬的投资者，您好。2023年公司在甲状腺激素，性激素，心肌标志物等进口产品占比极高的高技术含量领域，以优秀的产品力，通过贯彻公司“进口替代”的竞争策略，部分产品已经成功进入一批大型综合性三级医院，并获得客户的广泛好评。感谢您对公司的关注。,0.07072974873625358
NONAI02503_688469_20230601,688469,中芯集成,2023-06-01,0.9259259259259259,1,108,据悉日本要限制23种芯片设备出口，请问此举对公司的影响有多大？,尊敬的投资者，您好！公司聚焦于功率、传感、射频三大应用方向，主要从事功率半导体和MEMS传感器等模拟类芯片领域的一站式晶圆代工及封装测试业务，经公司审慎评估，目前，公司运营不受日本本次半导体制造设备出口管制措施的影响。感谢您对公司的持续关注！,-0.730843646459676
NONAI02504_688472_20230613,688472,阿特斯,2023-06-13,3.2110091743119265,21,654,请问阿特斯对比晶科能源在业务上有优势吗，是不是算国内光伏头部公司？谢谢,尊敬的投资者，感谢您对公司的关注。公司连续12年光伏组件出货量排名全球前五，主要优势如下：1、技术优势：经过多年持续研发，公司全面掌握光伏行业先进技术，包括高效单多晶大尺寸硅片技术、PERC技术、HJT电池技术、TOPCon电池技术、多主栅+半片电池技术、双面电池及双玻组件技术、湿法黑硅技术、轻质组件等；2、研发创新优势：截至2022年底，公司授权专利数超2000项，处于行业领先地位；3、国际化优势：公司建立了全球化的销售网络，截至2022年底，除在中国（包括港澳台地区）设立销售机构外，公司已在美国、德国、荷兰、日本、印度、巴西、澳大利亚、南非等国家和地区设立了销售机构，客户遍布逾百个国家。公司在各主要区域均聘用当地人才，建立、运营和管理销售活动，深度开发区域市场；4、品牌优势：公司秉持“卓尔不同”的全球化品牌战略，与其国际化经营战略相辅相成。公司先后在中国、美国、日本、澳大利亚、德国组建市场品牌团队，聚集不同文化背景人才，围绕不同业务在细分市场进行品牌营销，并通过参加不同国家的展会，在全球市场推动品牌建设；5、大型储能先发优势：公司控股股东从2018年起涉足大型储能业务，形成先发优势，并于2020年将大型储能业务置入公司体内。储能系统和光伏组件共用销售渠道，两项业务有较强的互补性，便于公司利用在光伏市场上的品牌和能力优势，加快大型储能业务的发展；6、人才团队优势：公司拥有专业、专注、稳定、执行力强、经验丰富的国际化管理团队。公司董事长瞿晓铧先生拥有博士学位和20余年光伏企业技术研发和管理经历，具备丰富的光伏行业经验、突出的跨文化沟通能力和广阔的国际化视野。公司管理层亦多数拥有海外留学和工作经验，在国际化业务的管理能力和经验方面具有优势，保证了决策质量和实施效果，为光伏业务国际化拓展奠定良好基础。,-0.3483197721746298
NONAI02505_688475_20230516,688475,萤石网络,2023-05-16,5.780346820809249,10,173,董秘先生你好！公司的业务包括智能入户，智能控制，智能养老等智能家居服务，当前的证券简称“萤石网络”已无法准确反映公司的核心业务，是否可以考虑“萤石智能”“萤石智能服务”等更加体现公司核心价值的简称？谢谢，祝工作顺利！,感谢您对公司的关注与建议，萤石网络“网络”二字的含义中也包含智能物联网AIOT的意思。公司自成立以来就确立了云平台在其商业模式中的核心地位，并以云平台为基础，发展了“智能家居+物联网云平台”的双主业。得益于持续独立的技术探索，公司通过自主研发的云平台，构建了其核心竞争力，形成了类型丰富的商业模式，成为了行业内少有的从硬件设计研发制造到物联云平台，具备完整垂直一体化服务能力的AIoT企业。,0.08178840510021239
NONAI02506_688478_20230426,688478,晶升股份,2023-04-26,0.0,0,38,如何看待公司上市即有大额资金融券做空，公司经营是否正常？,尊敬的投资者您好，公司目前经营正常，融资融券是二级市场的正常交易行为。感谢您的关注!,-0.8858440267461817
NONAI02507_688479_20230721,688479,友车科技,2023-07-21,0.0,0,38,董秘你好，贵公司最新股东人数？,尊敬的投资者，您好！公司会在定期报告中披露相应的股东户数信息，敬请留意。感谢您的关注！,-0.8858440267461817
NONAI02508_688480_20230627,688480,赛恩斯,2023-06-27,2.380952380952381,1,42,董秘您好，请问公司本次激励计划的独立财务顾问是否是经证监会备案的独立财务顾问机构？,公司本次股权激励计划，参照证监会规则的相关要求实施，详情可关注公司披露的相关公告。感谢关注。,-0.487271620295167
NONAI02509_688484_20230512,688484,南芯科技,2023-05-12,3.389830508474576,2,59,公司对于未来3年非消费电子业务的营收占比预期是怎么样的？,尊敬的投资者，您好！公司将持续拓宽产品类别，丰富下游使用领域，在未来不断提高公司非消费电子业务的营收占比。感谢您对公司的关注，谢谢！,-0.3183850073921947
NONAI02510_688485_20230525,688485,九州一轨,2023-05-25,2.380952380952381,1,42,董秘您好！请问公司钢弹簧浮置道床减振系统，可否用于新能源汽车？,尊敬的投资者您好，感谢您对我公司的关注。公司钢弹簧浮置道床减振系统尚未用于新能源汽车，谢谢。,-0.487271620295167
NONAI02511_688486_20230303,688486,龙迅股份,2023-03-03,4.0,1,25,您好！请教贵司在4D成像毫米波雷达方面的技术,尊敬的投资者，您好！具体以公司公告信息为准，感谢您的关注！,-0.21624238390847703
NONAI02512_688488_20230105,688488,艾迪药业,2023-01-05,0.9523809523809523,2,210,请问公司有治疗腹泻相关的产品嘛？目前公司供应情况如何？,尊敬的投资者您好！目前我公司在售的蜡样芽孢杆菌片（商品名：常复康）可用于急慢性痢疾腹泻、肠炎、婴幼儿引起的肠功能紊乱等疾病。该药品具有如下特点：一、属于共生菌制剂，肠道内耗氧消气，促进原籍厌氧菌生长，抑制致病需氧菌生长；二、在肠道酸碱环境下均可存活、繁殖；三、对抗生素不敏感，可与抗生素灵活搭配；四、每片含活菌4亿以上，单剂量含活菌数高，起效更迅速。具体使用请遵照药品说明书及相关医嘱。为了保障市场安全有序，艾迪药业将积极做好药品保供稳价工作，保障百姓用药需求。感谢您的关注！,-0.7264150641657758
NONAI02513_688489_20230106,688489,三未信安,2023-01-06,6.25,2,32,请问截至2022年12月22日，公司股东人数多少？谢谢,尊敬的投资者您好，关于公司股东人数，敬请关注公司定期报告。感谢您的关注！,0.16040854018773187
NONAI02514_688496_20230130,688496,清越科技,2023-01-30,2.0833333333333335,1,48,请问公司是否涉及信创方面的业务硬件应用或者软件,您好。公司目前尚未涉及信息技术应用创新产业方面的业务，具体内容请参见公司招股说明书等公开披露文件，谢谢！,-0.5370931711015439
NONAI02515_688499_20230113,688499,利元亨,2023-01-13,9.25925925925926,15,162,尊敬的董秘，您好，请问贵公司可转债在中登公司登记日期是哪一天？可转债前十大持有人在可转债上市半年内能否减持？若董监高持股低于5%，认购可转债，在可转债上市半年内能否减持?,尊敬的投资者您好！公司可转债“利元转债”于2022年11月4日完成在中登公司登记。根据董监高在发行可转债时所做的承诺，公司董监高直接认购或/和通过持股平台间接认购的可转债，自可转债认购（2022年10月24日）前六个月至本次可转债发行完成（2022年10月28日）后六个月内不作出减持发行人股票或可转债的计划或安排。公司可转债前十大持有人不是上述主体的，减持不受限制。谢谢您的关注！,0.6641597761188754
NONAI02516_688500_20230117,688500,慧辰股份,2023-01-17,14.814814814814815,8,54,请问，截至2023年1月10日，公司的股东数是多少？谢谢,"尊敬的投资者，您好！感谢您对公司的关注和支持，根据中登公司定期下发的股东名册，截至2023年1月10日，公司股票持有人数为6,770。",1.5941620578379099
NONAI02517_688502_20230316,688502,茂莱光学,2023-03-16,5.2631578947368425,2,38,董秘 您好！ 请问贵司的产品是否有可用于光刻机？,尊敬的投资者您好！关于公司产品应用信息可参考公司《招股说明书》相关内容，感谢您的关注！,-0.004789233538675474
NONAI02518_688505_20230324,688505,复旦张江,2023-03-24,8.333333333333334,3,36,董秘您好，请问公司的adc载体sn38和bb05是否为喜树碱类衍生物？,尊敬的投资者，您好。 公司的ADC载体SN38和BB05均属于喜树碱类衍生物。感谢您对公司的关注！,0.5091593958323698
NONAI02519_688507_20230424,688507,索辰科技,2023-04-24,1.550387596899225,2,129,请问公司的市场地位如何？,尊敬的投资者您好，感谢您对公司的关注。公司多年来深耕工程仿真软件市场，目前已成为国内的技术领先企业之一，在行业内树立了良好的口碑和品牌知名度，现有用户对公司产品认知程度和接受程度较高。报告期内，公司规模快速扩张，客户覆盖范围和新签订单金额逐年增长，市场地位与产品竞争力不断上升。,-0.6263085062664512
NONAI02520_688508_20230106,688508,芯朋微,2023-01-06,2.7777777777777777,2,72,请公司说明董秘在业绩激励文件中的作用，业绩激励是用来留住技术人才的，董秘是有哪方面专利或者对业绩的提升有帮助，为什么公司要给董秘配股？,尊敬的投资者您好！股权激励计划是公司为吸引和留住优秀人才，结合现行薪酬与绩效考核体系等管理制度而制定，详见公司披露的限制性股票激励计划（草案）。感谢您的关注。,-0.4208428858866646
NONAI02521_688509_20230109,688509,正元地信,2023-01-09,3.6144578313253013,9,249,您好，我在网上看到12月份公司中标了包头的一个市政项目，金额高达一千二百万，还有其他一些中标项目，公司低调的都没有公告，请问公司在2022年共中标了多少政府项目？项目总额大概是多少？是否可以告知？谢谢！,尊敬的投资者您好，感谢您对公司的关注！2022年，公司宿州智慧管网、长汀智慧城市、阜阳智慧城管、亳州智慧管网等项目相继进入运维期，又先后中标并继续推进实施哈尔滨畜禽粪污治理、宿州管网提升改造及监测、亳州智慧供水等重点工程项目，并大力开展正元智慧城市时空信息云平台、正元城市信息模型CIM平台、正元物联统一接入管理平台以及智慧管网、智慧城管、智慧排水、智慧水务、智慧井盖管理应用系统产品的推广应用，依托“正元智慧城市专项解决方案创新与应用项目”紧跟智慧城市发展需求。公司在2022年共中标了政府项目数百个，项目总额数亿元，具体详细数据将在年报中公布。谢谢您的关注。,-0.2807823012904244
NONAI02522_688510_20230130,688510,航亚科技,2023-01-30,2.4096385542168677,6,249,董秘你好，有以下三个问题请教，期待百忙之中给予解答！谢谢！1、一般或以leaf发动机为例说明一台发动机需要多少压气机叶片？公司叶片售价，单台发动机价值多少？；2、目前公司的压气机叶片、转动件及结构件、医疗骨科锻件产能是多少？航空发动机关键零部件产能扩大项目完成后，预计相关配件产能到达多少？（全部回答困难，单叶片也行）；3、公司目前是否有产品具备供货或已供货军用发动机？具体是什么产品？22年军品占比？,尊敬的投资者，您好！1、每台航空发动机压气机叶片数量一般在2000片左右，不同发动机型号涉及的叶片级数和所占单台发动机价值比例均存在差异，建议参考相关行业数据。2、公司航空发动机关键零部件产能扩大项目完成后，预计新增形成120万件压气机叶片年产能，转动件及结构件业务产能、部分特种工艺的技术保障能力将得到大幅扩充提升。3、公司参与多个先进新型国产航空发动机预研及型号的零组件研制，产品类别包括压气机叶片、转动件结构件等，具备向中国航发集团下属工厂和科研院所直接供货的资质认证。其余涉及商业秘密及保密规定的内容不便直接回复，敬请谅解，感谢您的关注！,-0.4824695431090102
NONAI02523_688512_20230522,688512,慧智微,2023-05-22,5.607476635514018,6,107,董秘您好，贵公司的产品是否可使用在机器人领域？,尊敬的投资者，您好！公司产品为射频前端 5G 模组和 4G 模组，主要应用于手机及物联网领域。公司的终端客户包括智能手机品牌客户、移动终端设备 ODM 客户及物联网模组客户等，具体为 vivo、OPPO、闻泰科技、华勤通讯、翱捷科技、移远通信、广和通、日海智能等。感谢您的关注！,0.05284986508237623
NONAI02524_688513_20230220,688513,苑东生物,2023-02-20,4.838709677419355,3,62,董秘好，请问公司在A股上市公司有几家是主要竞争对手，和竞争对手对比有什么竞争优势，有几个临床项目在推进。谢谢。,尊敬的投资者您好，您提及的问题在公司各年度、半年度报告中有披露，敬请您查阅公司在上海证券交易所网站披露的各期报告。感谢您对公司的关注！,-0.07584203944250666
NONAI02525_688515_20230216,688515,裕太微,2023-02-16,1.9801980198019802,2,101,贵司如何看待证券市场周刊发表的《经销商名不见经传 成长性滑坡值得警惕》一文中提到的“登陆深交所科创板”，“成立时间不久、名不见经传的重要经销商撑起了裕太微刚刚超过2亿元上市门槛的营收”，“四季度营收已经大幅放缓”，“公司与海外竞争对手差距较大，能否突破技术瓶颈也是个疑问”，“募资疯狂 成长性不足”等评论？是否均为事实？,尊敬的投资者您好，公司欢迎广大投资者和媒体的监督，但该报道系媒体自身解读，并不符合公司实际情况。公司披露的信息不存在任何虚假记载、误导性陈述或者重大遗漏。相关信息请以公司在指定信息披露媒体披露的信息为准。感谢您的关注！,-0.5543580649453378
NONAI02526_688516_20230118,688516,奥特维,2023-01-18,7.6923076923076925,2,26,周总好，公司股东华信公布减持计划后公司股价持续走低，管理层及员工持股利益持续受损，为避免公司人心浮动，请问葛董对稳定军心有何看法？,您好，相关信息以公司信息披露口径为准，感谢您对公司的关注。,0.4018514402494043
NONAI02527_688517_20230116,688517,金冠电气,2023-01-16,5.970149253731344,4,67,董秘好，请问中海外那仁太的项目泡汤了没有，这么久了都没有进展，贵公司就这样的效率还能发展的好吗,尊敬的投资者，您好！经核查，中海外那仁太的项目为吉林省金冠电气股份有限公司（股票简称：金冠股份，代码：300510 ）的项目，与我公司金冠电气（股票代码：688517）经营活动无关。,0.11356141032501939
NONAI02528_688521_20230130,688521,芯原股份,2023-01-30,0.0,0,74,您好董秘，在2021年8月30日股东询价转让结果公告中，景林受让332万股，可是我查看2021年三季报及以后的股东信息中怎么没有找到景林的名字呢？,尊敬的投资者，您好！公司按照相关规定，在定期报告中披露截至报告期末的前十名股东、前十名无限售条件股东的持股情况，其他股东持股情况不在定期报告中披露。感谢您的关注！,-0.8858440267461817
NONAI02529_688522_20230424,688522,纳睿雷达,2023-04-24,0.6578947368421053,1,152,请问贵司招股书中，新产品研制与在研项目情况之间的联系和区别。谢谢!,您好：公司高度重视技术储备和产品创新。公司持续进行产品种类开发和更新换代，着力提高产品的科技含量。公司已经建立新产品储备、新技术跟踪体系和新产品开发管理体系，及时对相控阵雷达相关行业的新技术和新产品进行跟踪，对市场和客户未来需求进行预测，适应市场和技术发展的需求。在研产品是指尚在研发过程中未实现产业化的新产品。谢谢您的关注。,-0.7757121775952435
NONAI02530_688525_20230207,688525,佰维存储,2023-02-07,2.7027027027027026,2,74,董秘你好：请问佰维在人工能领域的布局如何？公司是否有产品已经用于c人工智能领域？具体的型号和应用场景是什么？是否和业内主流的人工智能设备厂商实现业务往来？,尊敬的投资者，您好。公司产品暂未直接涉及人工智能领域，公司产品广泛应用于智能终端、PC、大数据、物联网、车联网、工业互联网等领域。敬请投资者理性投资，注意风险。感谢您的关注。,-0.43341048428827317
NONAI02531_688526_20230509,688526,科前生物,2023-05-09,0.0,0,27,您好，请问贵公司是否建立财务共享中心，如建立，请问具体是在哪一年？如果没有建立，请问贵公司是否有使用大数据等信息技术进行财务集中核算处理？,尊敬的投资者，您好！公司有专业软件处理财务核算。感谢您的关注！,-0.8858440267461817
NONAI02532_688529_20230116,688529,豪森股份,2023-01-16,1.2820512820512822,2,156,董秘好，请问公司扁线电机产线是否有出货，目前有哪些大客户呢，扁线电机是否是公司的主要市场,您好，感谢您的提问！由于扁线驱动电机较传统圆线在同体积下具备功率密度高、导热性能高、温升低等优势，中高端新能源汽车采用扁线驱动电机已逐渐成为市场趋势。公司预计驱动电机的技术革新未来将有望得到大规模应用，为公司扁线驱动电机智能装配线带来业绩增长机会。公司现已经获取上汽通用、沃尔沃、长安福特、蜂巢传动、 VINFAST 等知名客户的驱动电机智能生产线订单。,-0.6712281155802508
NONAI02533_688530_20240516,688530,欧莱新材,2024-05-16,0.0,0,77,请问公司产品可以应用在新能源电池上吗？,您好，感谢您的关注！公司生产的高性能溅射靶材可广泛应用于半导体显示、触控屏、建筑玻璃、装饰镀膜、集成电路封装、新能源电池和太阳能电池等领域，是各类薄膜工业化制备的关键材料。,-0.8858440267461817
NONAI02534_688531_20230424,688531,日联科技,2023-04-24,2.0833333333333335,1,48,公司当务之急是扩大X射线源产能，超募资金会否继续投入扩产，进一步提高市占率？,尊敬的投资者您好，对于超募资金的使用，公司将会根据证监会和交易所的有关规定用于公司主营业务的发展。谢谢。,-0.5370931711015439
NONAI02535_688533_20230417,688533,上声电子,2023-04-17,1.9607843137254901,1,51,公司数字扬声器SoC芯片是国内电声行业内首款低功耗高性能数字芯片，亦能满足便携及可穿戴产品应用需求，是最具希望的智能芯片概念，希望公司加强研发，结合扬声器优势，尽早应用到智能音箱，智能眼镜，智能头戴等智能设备中,尊敬的投资人，您好！关于我司的产品及研发信息，请关注我司与上交所网站发布的定期报告及其他公告。感谢您的关注，谢谢。,-0.5576079273159343
NONAI02536_688536_20230118,688536,思瑞浦,2023-01-18,13.793103448275861,12,87,董秘您好，请问公司截至2022年12月30日的股东数是多少？谢谢！,"尊敬的投资者，您好！公司将根据相关规则在各定期报告中定期披露股东信息。截至2022年9月30日，公司的股东人数为6,261 户，截至2022年末的股东数量请参照公司后续披露的《2022年年度报告》相关内容。感谢您的关注。",1.4231271554527998
NONAI02537_688543_20230718,688543,国科军工,2023-07-18,1.342281879194631,2,149,"请问公司产品是否运用于东风,红旗，霹雳，卫士，鹰击，等明星系列导弹火箭弹上，我是公司一个小股东，也是一个小军迷",尊敬的投资者，您好！公司产品涵盖各种导弹、火箭弹固体发动机动力模块、安全与控制模块，多型主战装备的主用弹药、特种弹药及其引信与智能控制产品，广泛应用于防空反导、装甲突击、火力压制、空中格斗、空面（地、舰）与舰舰攻防等作战场景，承担了军方多项重点型号的科研生产任务和国家重点工程任务，是我军重要的武器装备供应商之一。感谢您对公司的关注！,-0.6611454888811802
NONAI02538_688545_20250912,688545,兴福电子,2025-09-12,1.5037593984962405,2,133,你好董秘:美财长说贸易战升级，就要实施禁运，请问公司的产品支持国产代替吗？ 谢谢,尊敬的投资者，您好，感谢对公司的关注，随着国内集成电路行业国产替代进程的不断加速，公司凭借在湿电子化学品领域丰富的技术积累和不断的研发投入，持续围绕突破关键材料“卡脖子”难题，以技术突破为核心，加速国产替代进程，已有多款湿电子化学品成功获得了下游知名集成电路厂家的认可并实现批量供应，谢谢！,-0.6341140858297514
NONAI02539_688550_20230103,688550,瑞联新材,2023-01-03,0.0,0,59,董秘您好 请问公司产品可用于折叠屏生产吗？,投资者您好！公司生产的OLED产品为升华前材料，下游为OLED升华后材料，主要应用领域为OLED显示面板，目前折叠屏中需要用到OLED材料。感谢您的关注！,-0.8858440267461817
NONAI02540_688553_20230217,688553,汇宇制药,2023-02-17,14.444444444444445,13,90,请问董秘：公司在2021年年报和去年中报中都提到：公司正在快速推动小分子创新药和生物创新药的研发，并积极探索PROTAC等前沿技术平台，4个生物创新药主要以多特异性抗体、抗体偶联药物（ADC）、mRNA肿瘤疫苗等为主的研发方向。 最近有新闻报道，圣诺医药子公司的mRNA肿瘤疫苗研发已即将进入临床申报阶段，贵公司在这方面的进展如何？以及公司目前其它创新药研发的进展状况？,答：尊敬的投资者您好，公司在研的11个创新药项目中，进展较快的HY-0003预计2023年第一季度申报IND，HY-0002预计在2023年上半年申报IND；其余项目，包括mRNA肿瘤疫苗项目（HY-0011），预计在2023年-2025年会陆续申报临床。感谢您的关注，谢谢！,1.5321619057233076
NONAI02541_688556_20230103,688556,高测股份,2023-01-03,4.667863554757631,26,557,请问董秘，这次硅料，硅片的降价对公司的今后发展和业绩是否带来不利的影响？股价低破增发价格公司董事长是否按照原有价格增发？,"您好！公司主营业务包括光伏切割装备、切割工具（金刚线）、硅片切割加工服务、其他硬脆材料切割装备及工具，除硅片切割加工服务业务外，其他业务和硅料、硅片降价没有关系。公司硅片切割加工服务业主要采取来料加工模式，把客户发来硅棒切割成硅片后返还给客户，公司按照硅片数量向客户收取加工费，和硅料价格没有直接关系。公司的硅片切割加工服务业务，是基于公司领先的“切割设备+切割工具+切割工艺”的核心研发能力，掌握了切片环节Know-How，从而为客户及公司创造价值。剩余片销售收入是公司硅片切割加工服务业务收入中的一部分，硅片价格下降会对公司剩余片的销售收入会有一定影响，但对公司整体的发展和业绩影响非常有限。从长期来看，硅片价格下降有利于激发下游电站投资需求，带动行业更健康发展。同时硅片价格下降将加剧硅片环节的竞争，非硅成本占硅片制造成本的比例将会增加，公司这种具有低成本切割以及技术迭代研发能力的优质产能在竞争中领先优势将会更加突出。2022年11月22日，公司召开第三届董事会第十五次会议，审议通过了《关于调整公司2022年度向特定对象发行A股股票方案的议案》《关于公司向特定对象发行A股股票预案（修订稿）的议案》，将本次募集资金总额调整为不超过92,000.00万元，发行价格为70.72元/股，发行数量不超过13,009,049股。公司已经向上海证券交易所提交了《关于青岛高测科技股份有限公司向特定对象发行股票审核问询函的回复报告》，目前正处于正常审核流程中。感谢您的关注！",-0.10444175054419232
NONAI02542_688557_20230331,688557,兰剑智能,2023-03-31,3.3755274261603376,8,237,尊敬的董秘：您好！贵公司作为国内智能物流头部企业，在人工智能AI+方面有何运用和创新？谢谢,尊敬的投资者您好！我公司较早对智能化技术发展方向进行前瞻判断：智能物流及其设备将逐渐从自动化往自主化和智能化方向发展，基于自动化设备安装传感器和控制器，赋予其“眼睛”和“大脑”，大幅扩大物流系统及设备应用的边界和场景，提高了智能仓储系统的综合效率，通过优质的智能化技术为客户价值赋能；公司自主研发的智能物流多项技术：基于深度学习的纸箱识别、周转箱识别、托盘质量检测、OCR识别等技术都已在实际项目中落地应用；在这个过程中我们已经收集和建立大量的场景数据，通过优秀的优化算法，形成我们自身的核心竞争力。感谢您对公司的关注！,-0.320779349246009
NONAI02543_688558_20230224,688558,国盛智科,2023-02-24,2.9585798816568047,5,169,经企查查查询，公司子公司南通国盛精密机械有限公司于2023年2月3日成立控股子公司南通盛联达新能源科技有限公司，经营范围包括新能源汽车电附件销售;储能技术服务;制冷、空调设备制造;制冷、空调设备销售;汽车零部件及配件制造;机械零件、零部件加工;机械零件、零部件销售;通用设备制造（不含特种设备制造）;机械电气设备制造;机械电气设备销售等。请问成立该新公司的目的以及新公司的主要业务有哪些？,尊敬的投资者，您好！南通国盛精密机械有限公司是公司全资子公司，属于公司装备部件业务板块，公司充分发挥全资子公司装备部件多年积累的精密制造优势，和新的合作团队共同投资成立控股子公司南通盛联达新能源科技有限公司，主要业务包括新能源汽车冷却系统三大应用领域--如电驱电控水冷箱、电脑主控水冷板、动力电池包液冷板，以及储能应用领域--储能电池托盘等的生产和销售。感谢您的关注！,-0.3905765394401871
NONAI02544_688560_20230111,688560,明冠新材,2023-01-11,1.9801980198019802,2,101,动力电池铝塑膜产品和储能电池铝塑膜产品出货情况怎么样？下游客户测试进展怎么样？都有哪些大客户？,尊敬的投资者：您好！公司动力电池铝塑膜产品和储能电池铝塑膜产品根据客户订单正常出货，涉及下游锂电池行业重要客户对公司铝塑膜产品的测试进展，公司会根据客户要求和是否对公司经营产生重大影响情况进行公告，届时请查阅。谢谢！,-0.5543580649453378
NONAI02545_688561_20230105,688561,奇安信,2023-01-05,3.902439024390244,16,410,董秘：您好！贵司齐董事长近期发表的，对2023年的行业发展展望！表现贵司对2023年的高度信心和期望！请问贵司领导，2023年在基建和消费拉动经济的背景下，具体在政策层面和市场机遇层面是否具备让贵司上一个大台阶的机遇？另外贵司2023年在海外市场有何大的布局？面对海外市场2023年是否存在同样多的机会和挑战？祝福贵司在新的一年乘风破波，勇创佳绩，一帆风顺！也提前祝您新年快乐，工作顺利！感谢您一直以来的耐心回复！,尊敬的投资者，您好！2023年公司将迎来关基行业信创和数据要素、数据安全等市场的巨大机会。在信创市场方面，公司将继续以PKS体系为依托，发挥好在终端安全、边界安全等领域的产品力和市场能力优势，抓住未来信创市场爆发的机遇。在数据要素、数据安全业务方面，参考IDC最新排名，公司数据安全业务位列国内安全厂商第一，背靠今年以来从政府顶层规划到具体落实的一系列政策“组合拳”，公司将继续巩固好API安全卫士、数据库审计、特权账号管理、数据安全态势感知和堡垒机等数据安全“五大件”的既有优势，并在数据交易沙箱、隐私计算等领域探索全新的商机。公司作为冬奥赞助商取得了网络安全“零事故”的成绩，大幅提升了公司品牌国际影响力，为公司实施国际化布局奠定了良好的基础，公司产品技术具备国际竞争力，实战化能力满足客户需求，公司的海外业务近两年实现快速发展，2022年新签订单相比去年增长了100%。未来公司会持续致力于拓展海外市场销售渠道，在一带一路沿岸国家争取取得更大的突破，向成为“全球第一的网络安全公司”的愿景目标不断奋进，感谢您对公司的关注！,-0.2325741312947625
NONAI02546_688562_20230721,688562,航天软件,2023-07-21,5.05050505050505,5,99,请问贵公司是否为C919系列提供相关服务？,尊敬的投资者，您好！公司客户主要集中于航天及党政军领域，中国商用飞机有限责任公司是航天软件长期客户，是公司2022年度信息化运维服务的前五大客户，国产大型客机C919桌面运维项目是公司信息化运维服务的典型项目。感谢您的关注！,-0.04038740700160514
NONAI02547_688563_20230731,688563,航材股份,2023-07-31,6.140350877192983,7,114,董秘您好！贵公司作为央企超募三十多亿导致上市破发，作为中签的可谓靠运气巨亏，既然超募那么多，公司能拿出办法回购股份吗？让股价早日站上发行价，取之于民，用之于民。,尊敬的投资者，您好！就稳定公司股价，公司及公司董事（不含独立董事，未在公司领薪的董事）、高级管理人员均已作出相关承诺，具体详见公司招股说明书“第十二节 附件”之“附件1：本次发行相关承诺及未履行承诺的约束措施”之“（三）关于稳定股价及相应约束措施的承诺函，感谢关注。,0.14205323199590889
NONAI02548_688566_20230207,688566,吉贝尔,2023-02-07,2.586206896551724,3,116,董秘您好，我想了解一下目前公司生产的眼药产品的产量和销量同比去年同期有没有增长？对于目前经济形势严峻的条件下对后期眼药产品有什么销售措施？谢谢,"尊敬的投资者，您好！公司主要的滴眼剂产品包括加替沙星滴眼液和盐酸洛美沙星滴眼液。近年来，公司持续加强产品渠道建设和市场推广力度，强化营销网络建设, 优化组织架构，开发市场潜力，产生了积极影响。公司具体产品的经营信息请您关注公司发布的年度报告。感谢您的关注！",-0.45291193008387265
NONAI02549_688568_20240314,688568,中科星图,2024-03-14,4.032258064516129,5,124,2023年中央经济工作会议提出要发展低空经济，中科星图在低空领域有哪些业务及规划呢？,尊敬的投资者，您好！中科星图股份有限公司自2020年开始部署低空经济领域，前期已具备低空通航产品及项目基础。未来，低空经济相关的业务布局将包括但不限于如下方面：第一，低空服务基础平台产品研发；第二，低空服务全套解决方案研发；第三，围绕低空进行相关产业生态建设。感谢您对公司的关注。,-0.21084237065978587
NONAI02550_688569_20230110,688569,铁科轨道,2023-01-10,3.5714285714285716,7,196,董秘您好：请问随着高铁建设的减少，公司高铁扣件的市场是否存在持续萎缩的情况？其次，请教一下，现有高铁扣件的使用生命周期大概是多久，还是说基本不用更新，或者说，需要更新的，更新周期大概是多久？比例是多少？谢谢。,"尊敬的投资者，您好！根据2021年2月中共中央、国务院印发的《国家综合立体交通网规划纲要》，到2035年，高铁建设规划为7万公里,我国高铁建设仍处在发展期。同时，随着高铁线路运营年限逐年增加，高铁扣件中的非金属材料零部件的物理、化学性能指标随时间和运营里程的增加会逐步衰减，弹条、紧固螺栓等金属部件也会产生疲劳伤损。为保障行车安全，提高旅客乘坐的舒适度，有关部门会根据轨道运营状态进行评估，根据需要对线路进行维修，并对扣件进行更换。感谢您的关注！",-0.28798541706965963
NONAI02551_688570_20230615,688570,天玛智控,2023-06-15,1.7857142857142858,3,168,请问贵公司是否布局机器人？,尊敬的投资者：您好！公司专注于煤矿无人化智能开采控制技术、产品与服务，提供以SAM型综采自动化控制系统、SAC型液压支架电液控制系统、SAP型智能集成供液系统为支撑的无人化智能开采控制系统整体解决方案。在机器人方面，公司研制了矿用本安型综采巡检装置，通过应用综采巡检装置实现综采工作面生产过程中“机器人代人巡查”，减少综采工作面生产作业人员数量，降低人员劳动强度。感谢您的关注。,-0.5869147219079207
NONAI02552_688571_20230206,688571,杭华股份,2023-02-06,1.3888888888888888,3,216,请问贵公司目前是否有在钙钛矿产业链上的合作和相关材料产品开发？,感谢您对杭华股份的关注！目前钙钛矿电池正处于产业化尝试阶段，尚需解决大面积高效组件的制备问题以及长期使用稳定性问题，尚未开启大规模量产商用，公司与钙钛矿产业链制备厂家在钙钛矿电池封装技术应用领域进行过学术性探讨和交流，截止目前尚未在钙钛矿电池封装应用层开展实质性的实验合作和功能性涂层材料的样品研发。同时，公司将严格按照法律法规相关规定和要求，认真履行信息披露义务，在此公司郑重提醒广大投资者：本公司发布的信息以公告为准，请广大投资者理性投资，注意投资风险。,-0.6533434563164231
NONAI02553_688573_20230825,688573,信宇人,2023-08-25,3.8461538461538463,2,52,公司与比亚迪有无深度合作关系？,尊敬的投资者，您好！公司在锂电池设备领域已建立了良好的品牌形象，与比亚迪保持了良好的合作关系。感谢您对公司的关注。,-0.24199629324838873
NONAI02554_688575_20230109,688575,亚辉龙,2023-01-09,0.0,0,62,您好，请问贵公司是否建立财务共享中心，如建立，请问具体是在哪一年？如果没有建立，请问贵公司是否有使用大数据等信息技术进行财务集中核算处理？,尊敬的投资者，您好！感谢您对亚辉龙的关注！公司目前使用ERP系统软件进行财务核算管理，并已建立规范的财务管理制度和完善的财务核算体系。谢谢！,-0.8858440267461817
NONAI02555_688576_20230613,688576,西山科技,2023-06-13,5.555555555555555,1,18,公司产品上的微电机是自产自研的还是外购的？,您好！目前公司产品上的微电机是自研资产。,0.04415825497285255
NONAI02556_688579_20230310,688579,山大地纬,2023-03-10,2.2988505747126435,2,87,2月24日发生了几笔大宗交易，国寿成达减持为什么时间这么久，希望减持事件快点过去。,尊敬的投资者，您好！公司股东国寿成达基于自身资金需求做出的减持行为，其减持情况公司已依法依规披露，请查阅公司披露的相关公告。公司将严格按照相关法律法规的要求履行信息披露义务。感谢您的关注！,-0.5010154963796848
NONAI02557_688582_20230705,688582,芯动联科,2023-07-05,0.0,0,65,请问公司的高性能硅基MEMS惯性传感器技术，可以使用到人形机器人上么?,人形机器人需要惯性测量单元，以实现姿态测量和导航定位。高性能硅基MEMS惯性传感器是组成惯性测量单元（IMU）的基本元器件，主要包括MEMS陀螺仪和加速度计。,-0.8858440267461817
NONAI02558_688585_20230814,688585,上纬新材,2023-08-14,4.918032786885246,3,61,你好，董秘，请问贵公司2023年半年报中主要控股参股公司分析披露的上纬兴业股份有限公司的财务指标信息币种是人民币吗？还是新台币？,尊敬的投资者您好！2023年半年报中主要控股参股公司分析披露的上纬兴业股份有限公司的财务指标信息币种是人民币，感谢您对上纬新材的关注！,-0.06256331833916773
NONAI02559_688588_20230714,688588,凌志软件,2023-07-14,4.37956204379562,12,274,董秘您好！公司多次接受调研信息显示与国内证券公司合作，提供相关服务，请问公司在国内的金融科技服务处于什么水平，能有多少收入，谢谢,尊敬的投资者，您好！公司依靠在日本金融行业多年丰富的业务经验和软件开发经验，2010 年起逐步开拓国内证券市场软件解决方案业务，将对日软件开发服务的经验技术和业务人才导入国内，推动国内证券信息服务系统的转型与升级。经过多年的市场开拓，公司已经在国内证券市场取得了一定的影响力，积累了较多证券公司客户资源，包括国泰君安、海通证券、申万宏源、中信建投、国信证券、华泰证券、招商证券等 70多家证券公司客户，同时积累了嘉实基金、华泰期货等 10 多家基金公司、期货公司和资产管理公司客户，为公司今后继续开拓国内资本市场软件解决方案业务奠定了客户基础。2022年度，公司国内行业应用软件解决方案业务的营业收入约1.15亿元。谢谢！,-0.15270354188738094
NONAI02560_688589_20230116,688589,力合微,2023-01-16,1.951219512195122,4,205,请问：1、公司在光伏方面有哪些己有和在研产品？量产了吗？增长潜力如何？2、公司在新能源车方面有哪些己有和在研产品？量产了吗？增长潜力如何？麻烦尽快详细些回复，谢谢！,答：尊敬的投资者，您好！1、智慧光伏项目研发的产品包括基于PLC的芯片、模组和整机方案，主要应用于光伏快速关断、光伏发电监测，以及电池（组）智慧管理的通信和连接，目前部分进展较快的光伏组件厂家正在进行量产测试环节，部分厂家处于技术导入阶段。2、公司电动车充电管理主要通过新能源电动车充电桩对车上蓄电池充电、缴费、控制等智能化管理，PLC技术目前主要应用于住宅或商业停车场集中电动汽车充电场所。公司已与电动汽车充电桩主要品牌如星星充电等展开合作。感谢您的关注！,-0.5592090790204721
NONAI02561_688590_20230327,688590,新致软件,2023-03-27,5.627705627705628,13,231,请问公司在人工智能方面有哪些技术与应用吗？以及下一步将深入研发的方向？非常感谢！多交流互动,尊敬的投资者您好，感谢您的关注。公司人工智能实验室成立于2017年，曾研发的相关产品应用领域包括行业级ocr识别、人脸识别、智能营销、智能风控、智能客服等，推出了新致智慧领航者平台、智能机器人服务平台、人工智能客服系统、金融智能培训系统等相关产品。近年来，在人工智能环节上，公司加强在知识图谱上的投入，推出了去中心化的安全可信知识图谱平台“新致新知平台”，利用该平台，数据和行业专家可以在不进行额外预训练的情况下快速生成知识标注，降低行业知识标注的门槛，为数据的知识化带来极大的效率提升，为用户带来更好的互动体验。谢谢。,0.05623620668348939
NONAI02562_688591_20230829,688591,泰凌微,2023-08-29,1.6853932584269662,3,178,请问公司与英伟达、华为等公司有哪些具体业务合作？在食品安全溯源、安全检测追溯等方面有应用空间和市场吗？谢谢！,公司在全球范围内积累了丰富的终端客户资源，与多家行业领先的手机及周边、电脑及周边、遥控器、家居照明等厂商或其代工厂商形成了稳定的合作关系，产品广泛应用于汉朔、小米、罗技（Logitech）、欧之（Home Control）、涂鸦智能、朗德万斯（Ledvance）、瑞萨（Renesas）、创维、夏普（Sharp）、松下（Panasonic）、英伟达（Nvidia）、哈曼（Harman）等多家主流终端知名品牌，进入美国 Charter、意大利 Telecom Italia 等国际大型运营商供应链，并支持和服务百度、阿里巴巴、谷歌（Google）、亚马逊（Amazon）等众多科技公司在国际国内的生态链企业产品。,-0.6037085030786095
NONAI02563_688595_20230117,688595,芯海科技,2023-01-17,3.896103896103896,3,77,您好，公司前三季度受行业影响，叠加公司加大研发投入，利润降幅明显。第四季度随着pc产品发布，血氧仪市场热销，公司收入和利润是否有明显增长？另外公司在汽车领域加大投入，研发进度如何，明年是否开始有具体订单落地？谢谢！,您好，四季度血氧仪相关的芯片需求有所增加，但公司的产品结构很丰富，销售收入来源多样化，具体的收入和利润情况请关注公司发布的年报或季度等。汽车研发的项目都在按计划进行。,-0.23363463437179402
NONAI02564_688597_20230109,688597,煜邦电力,2023-01-09,3.2467532467532467,5,154,尊敬董秘你好，近日江苏建成了数字孪生电网，公司在这方面也有布局，且有实际产品，请问是否参与了江苏了这个业务，或者公司的数字孪生电网有实际案例么？ 谢谢,为了响应国家电网数据化、智慧化、信息化建设需求，公司专门设立了数字孪生开发和建设团队，对输电设备自动化建模、三维可视化场景构建和深化应用进行深入研究，研发了矢量化智能快速建模平台、电网数字孪生平台。目前，公司与与国、南网的相关研究院所及所属公司等单位正开展深入合作，以实现密集通道、特高压、变电站等数字孪生建设和应用。感谢您对公司的关注！,-0.34233619976752533
NONAI02565_688598_20230119,688598,金博股份,2023-01-19,1.4285714285714286,1,70,你好，请问下，公司刹车盘产能目前说是10万盘，23年达到30-50万盘，没有看到具体规划，请问这个产能能按时实现吗？,尊敬的投资者，您好！公司已具备10万盘碳陶刹车盘的制备能力，且可根据市场需求快速扩大生产制备能力，未来的产能实现进度将根据市场需求情况确定。谢谢您的关注。,-0.6467005828755729
NONAI02566_688599_20230130,688599,天合光能,2023-01-30,0.0,0,36,据报道近期硅料、硅片、电池、组件都出现价格下跌的情况，请公司说明一下这种情况对公司未来利润的影响。,尊敬的投资者，您好。光伏产业链上游价格的下降有利于进一步激发下游需求。感谢关注！,-0.8858440267461817
NONAI02567_688600_20240104,688600,皖仪科技,2024-01-04,2.0,1,50,日本媒体12月21日报道，日本福岛、冈山多地居民身体血液中有机氟化合物含量偏高，经调查，与他们长期饮用含有高浓度全氟和多氟烷基物质的自来水有关。抽取2岁-80岁之间的居民血液检测，血液中全氟和多氟烷基物质均超标，受影响居民血液是去年全国居民平均值的80倍。投资者咨询，贵公司有对于水质有检测高浓度全氟和多氟烷基物质的相关技术能力或解决方案吗？,答：尊敬的投资者，您好。关于您所提问题公司也在高度关注，公司将根据市场情况积极推动相关技术和产品。感谢您的关注。,-0.5510432053273293
NONAI02568_688601_20230118,688601,力芯微,2023-01-18,0.0,0,49,公司加大开拓汽车和新能源市场，目前已成功进入比亚迪供应链。请问是供应什么产品？公司积极转产高压工艺，请问是IGBT还是什么产品？谢谢。,供应的是电源管理芯片。高压工艺有较多产品，为高压大功率线性稳压器系列和高压抗浪涌防护系列等。感谢您的关注！,-0.8858440267461817
NONAI02569_688602_20230731,688602,康鹏科技,2023-07-31,1.639344262295082,1,61,董秘先生，咱公司用于集成电路领域的有机硅压敏胶产品，成功突破国外技术垄断，实现国产替代，产品性能与国际巨头陶氏相当。请问目标公司已进入了国内哪些主要的集成电路芯片企业，在先进封装Chiplet、2.5D、3D等领域起什么作用？,尊敬的投资者您好，感谢您对公司的关注。我们的压敏胶产品被下游厂家做成耐高温胶带，广泛应用于印刷线路板制造过程中，起到固定，遮蔽等作用。,-0.6114171239438437
NONAI02570_688605_20241219,688605,先锋精科,2024-12-19,0.0,0,45,董秘您好！请问公司在光刻机方面，是有新获批的配套或部件吗？,投资者您好，先锋精科一直紧密关注和跟进半导体设备精密零部件市场，以寻找和选择适合的业务机会。谢谢！,-0.8858440267461817
NONAI02571_688606_20230113,688606,奥泰生物,2023-01-13,2.2857142857142856,4,175,您好，杭州奥泰生物技术股份有限公司：本人持有奥泰生物已经1年多了，在这里作为一个还算忠诚的散户投资者，想问贵公司几个目前比较关注的问题：1：当前疫情管控放开，政府是否征用了贵公司的产能，若果有，征用计费标准较之前有何变化？2：奥泰生物的抗原检测试剂是否有出口？3：贵公司当前的股东人数可否告知？4：奥泰生物目前的订单及生产情况可否介绍？以上问题还盼能给予回复为感！,尊敬的投资者，感谢您对奥泰生物的关注！新冠抗原检测试剂属于公司传染病检测系列项下的其中一项产品，公司以订单形式按需生产，将根据市场需求对产能进行适当调整来满足客户需求，具体生产经营情况请持续关注公司发布的定期报告。根据相关规定，公司股东情况会在定期报告中披露。为保证信息披露公平性，对于其他时点的股东人数信息，建议向公司提供相关持股证明以及身份证明文件，公司核实后予以提供。,-0.5032145165532076
NONAI02572_688608_20230516,688608,恒玄科技,2023-05-16,0.0,0,21,公司是否和人工智能公司奥比中光，微软，英伟达合作人形机器人？,尊敬的投资者，您好！公司目前未开展此类业务，谢谢！,-0.8858440267461817
NONAI02573_688609_20230411,688609,九联科技,2023-04-11,7.6923076923076925,13,169,公司到底和科大讯飞有没有合作？,您好，公司与科大讯飞于2022年共建智能硬件联合创新实验室。进行家庭智能硬件产品定义和相关研究，实现全方位的智能硬件产品战略合作。开展基于远场语音前端处理算法、智能语义NLP、全屋智能语音等关键技术的研发合作，致力于提供智能语音交互一体化、全屋智能语音的解决方案。充分利用“AI+”解决方案，一起为用户提供多场景、多终端、多形式的语音转换服务，促进AI赋能“数智化”应用的落地。感谢您的关注！,0.4018514402494043
NONAI02574_688610_20230814,688610,埃科光电,2023-08-14,1.6,2,125,请问贵公司的产品是否适用于机器人及无人机领域？,尊敬的投资者您好，感谢对本公司的关注。我司主要产品包括作为工业机器视觉核心部件的工业相机及图像采集卡两大品类。凭借完善的产品系列、高速高分辨率特征、机卡一体化解决方案以及高效专业的现场应用支持等优势，公司产品已被批量应用于PCB、新型显示、3C、锂电、光伏、半导体、包装印刷等行业。,-0.6180033696110998
NONAI02575_688611_20230207,688611,杭州柯林,2023-02-07,1.0101010101010102,1,99,董秘您好，贵公司在区块链领域有哪些作为？,尊敬的投资者您好，我司掌握区块链核心技术，可提供区块链技术在能源电力领域综合解决方案，曾参与省级区块链公共服务能力系统、基于区块链的能源数据可信共享平台等多个区块链平台实施建设工作。非常感谢您对杭州柯林的关注。,-0.7167527027972663
NONAI02576_688615_20241128,688615,合合信息,2024-11-28,0.0,0,29,公司您好，最近美国Ai应用公司业绩喜人，以PA­L­A­N­T­IR、AP­P­L­O­V­IN等为代表的Ai应用公司股价连创新高，想问下贵司是否有Ai方向的应用服务落地？是否已经产生相关收入？未来公司在Ai领域的发展方向是怎样的？感谢回答,尊敬的投资者您好！相关信息请关注已披露的公开信息。感谢您的关注！,-0.8858440267461817
NONAI02577_688616_20230118,688616,西力科技,2023-01-18,1.4598540145985401,2,137,请问贵司智能电表是否应用于上海电力，上月电费明显高于21年12月，智能电表是否有跑的快嫌疑？,尊敬的投资者您好！我们的智能电表广泛应用于各网省电力公司，智能电表出厂前严格按照相关标准检测，合格方可出厂；同时，各电力公司对各厂家提供的智能电表产品有全检验收的流程，合格方可安装到现场。电费高有多种可能，包括天气寒冷，使用空调时间、强度增加等等，具体原因还需您自行核查，供您参考！感谢您的关注和信任！,-0.6414638651265815
NONAI02578_688617_20230112,688617,惠泰医疗,2023-01-12,1.4705882352941178,1,68,请问福建集采降价50%，对贵公司毛利率的影响情况？,尊敬的投资者，您好！福建集采项目对公司电生理产品线的毛利率会产生一些负面影响，公司将会采取降低成本、费用等措施减少集采带来的负面影响。感谢您的关注!,-0.6396669521734961
NONAI02579_688618_20230208,688618,三旺通信,2023-02-08,2.484472049689441,4,161,董秘您好，贵司当前合作知名企业有哪些，自身竞争力有哪些？,尊敬的投资者，您好！公司积累了优质、丰富的客户资源，主要客户涵盖了央企、国企、上市公司及其子公司等优质企业，当前合作知名企业有国家电网、中国煤科、中国中车等大型集团。公司主要依靠技术和研发优势、产品优势、多行业布局和应用场景持续拓展优势、优质客户资源优势、营销与定制化服务优势以及认证和检验优势等，公司亦持续在不断提升自身综合竞争能力。感谢您对公司的关注！,-0.46994238523207943
NONAI02580_688619_20230106,688619,罗普特,2023-01-06,1.5384615384615385,1,65,您好，贵公司有业绩预告吗？谢谢,尊敬的投资者，您好！一直以来，公司均严格按照上交所科创板的相关披露要求履行信息披露义务，请您留意公司的具体公告披露情况。感谢您对罗普特的关注！,-0.6283049333470645
NONAI02581_688620_20230825,688620,安凯微,2023-08-25,1.0,1,100,请问公司涉及机器人的相关技术有哪些？,尊敬的投资者您好！公司目前主要产品包括物联网摄像机芯片和物联网应用处理器芯片，集成CPU、系统控制、ISP、NPU等多个模块，涉及ISP、音视频、通信、机器学习等多类技术，可广泛应用于智能家居、智慧安防、智慧办公、工业物联网等领域。感谢您的关注！,-0.7184436160367556
NONAI02582_688621_20230411,688621,阳光诺和,2023-04-11,4.119850187265918,11,267,"2022年11月8日披露向不超过35名特定对象发行股份募集资金，用于购买公司实际控制人利虔先生控制的另一家企业朗研生命，构成了关联交易。 这种情况很明显是实控人变向套利,这种行为稀释了公司股份，侵犯了大多数中小股东的权益。请公开详细说明。",尊敬的投资者，您好！感谢您对公司的关注！首先，本次交易有利于公司业务链条向CDMO板块延申，构建“CRO+CDMO”一体化服务平台，增强公司持续经营能力、提升公司盈利能力。同时，本次交易有利于减少公司关联交易：目前阳光诺和主要开展药物研发外包服务，朗研生命主要从事高端化学药品制剂及原料药的研发、生产、销售，并对外提供药品生产服务，朗研生命位于公司的产业下游，与公司存在关联交易；本次交易完成后，朗研生命纳入阳光诺和合并报表范围，公司与朗研生命间关联交易将作为合并报表范围内的内部交易而予以抵消。因此，本次交易有利于增强上市公司独立性，进一步促进上市公司规范化运作，切实保护上市公司及中小股东的合法权益。,-0.19617941333656072
NONAI02583_688622_20230109,688622,禾信仪器,2023-01-09,4.385964912280702,15,342,董秘您好，公司在去年发布了两款新品，想问一下公司对这两款新品的市场力是如何看待的？是否已经有一些意向订单或者是协议订单？2023年公司对于这两个产品期待是怎么样的？,尊敬的投资者您好，公司2022年12月份发布的两款新品：LC-TQ 5200是国内“最热门的中高端质谱仪器之一”，是痕量化合物分析必备利器，可广泛运用于临床诊断、食品安全、公安安全、环境保护等领域；GCMS 1200有着“实验室必备”的美称，是定量分析必不可少的分析工具，可广泛运用于食品安全、工业制造、环境监测、石油化工、公检法系统等领域。这两款新品均具有广泛的市场空间。公司两款新品成功发布，标志着国产质谱仪再次实现跨越式发展，标志着公司产品类型不断丰富、业务领域不断外延。公司目前正积极开拓市场实现销售中，2023年及后续年度，这两款新品都会是公司增量市场的拳头产品之一，将为公司营收增长带来了新的动能，目前已有一部分的意向订单。公司未来将继续发挥自身积累沉淀的技术优势，在质谱领域继续迭代突破，研制出更多更尖端的技术产品，在推进高端科学仪器国产替代的道路上继续奋力前行。感谢您对公司的关注。,-0.15163169907325985
NONAI02584_688626_20230105,688626,翔宇医疗,2023-01-05,1.7241379310344827,1,58,最近新冠药物这么热，公司作为专业，领导的康复公司，没有新冠康复相关产品和治疗方案吗？,尊敬的投资者您好，公司基于产品优势，关注市场和临床需求，推出心肺康复、中医康复等专科专病解决方案。感谢您对翔宇医疗的关注与支持！,-0.5972226289713091
NONAI02585_688628_20230111,688628,优利德,2023-01-11,3.0303030303030303,10,330,您好!请问贵司在教育和科研方向主要有哪些产品应用谢谢!,尊敬的投资者，您好！为满足开设电力电子学科高校的教育教学需求、实验室建设需求、科研产出需求、基础教学需求，公司推出了功率级电力电子快速原型开发与半实物仿真实训教学系统SaturnLab PES-1000A，该系统可以满足电气工程、电力电子、自动化和控制科学等工科学科相关的教学与科研需求。此外，公司于2016年推出了NeptuneLab 实验室综合测试平台，为高校实验室建设提供了一套顺应信息化、网络化、数字化的解决方案，该平台自推出以来，深受广大师生的喜爱，其便捷的管理模式、丰富的教学功能等受到老师与同学的一致好评。经过公司不断完善、拓展NeptuneLab的功能和能力，目前迭代优化已升级至NeptuneLab V3.5。 优利德主要产品包括测试仪器、电子电工测试仪表、温度及环境测试仪表、电力及高压测试仪表、测绘测量仪表等，广泛应用于通信、半导体、计算机、仪器仪表、工业电子、消费电子、汽车电子、研发/教育等众多领域。感谢您的关注！,-0.37857005489943574
NONAI02586_688629_20230703,688629,华丰科技,2023-07-03,1.8181818181818181,1,55,请问贵公司有光模块业务吗？,尊敬的投资者，您好！公司持续关注业内相关技术发展趋势，目前公司光模块相关产品主要用于防务领域，收入占比较小。感谢您的关注！,-0.5814796436381341
NONAI02587_688630_20230106,688630,芯碁微装,2023-01-06,2.7027027027027026,1,37,请问：公司在光伏N型和HJT型降本增效领域，是否与东方日升等有关头部企业开展了实质性具体业务？是否实现了实质性设备供应订单？,尊敬的投资者您好，公司的客户和业务情况还请关注公司官网及相关公告，感谢您的关注。,-0.43341048428827317
NONAI02588_688631_20230703,688631,莱斯信息,2023-07-03,0.9803921568627451,1,102,你好，公司目前在手订单29亿，是2022年营收的1.8倍。这么大订单是公司多长时限要完成的金额呢。公司近年收入平稳，未见大幅增长迹象，产能利用率有多少呢。,尊敬的投资者，您好！公司正在进行的项目因规模差异有不同的项目建设周期，目前均按照合同约定履行，公司将不断增加自身产品竞争力和扩大经营规模，为广大投资者创造更大价值，请您及时关注公司后续公告，感谢您对莱斯信息的关注和支持！,-0.721725977031058
NONAI02589_688633_20230103,688633,星球石墨,2023-01-03,0.5813953488372093,1,172,公司向上游延伸发展，对现有业务的发展有哪些优势？,尊敬的投资者，您好！石墨设备制造商的采购成本中石墨原材料占比较大，且原材料处理工艺的达标情况将直接影响设备的生产质量。目前国外主要石墨设备厂商都把业务向原材料端延伸，以更好地集成材料的技术优势及成本优势。此外，由于石墨设备大多以非标准化的产品交付，因此向原材料延伸后可实现在材料端按照客户的定制化要求生产，能够有效地缩减材料成本、缩短生产周期。感谢您对公司的关注，谢谢！,-0.7885182065662828
NONAI02590_688636_20230215,688636,智明达,2023-02-15,5.555555555555555,1,18,"首先.感谢你们不厌其烦的回复我们提出的问题。請問把带有时间和姓名的股票交易软件持仓截图和身份证一并扫描发送至公司邮箱，可以获知 非定期报告相关时点的股东人数吗？盼你们具体，明确答复。顺祝你们，身体健康，万事如意, 【比如截至到2023年1月20日贵公司的股东人数是多少？]",请关注公司定期报告，感谢您的关注和支持。,0.04415825497285255
NONAI02591_688638_20230724,688638,誉辰智能,2023-07-24,0.0,0,53,公司的收入体量或者产能规划在首发完成后都有哪些提升？,尊敬的投资者您好，感谢您的关注。公司首发后的收入和产能具体要看订单及营业收入情况，公司将会按规定履行信息披露义务。,-0.8858440267461817
NONAI02592_688639_20241112,688639,华恒生物,2024-11-12,2.9702970297029703,3,101,请问公司厌氧发酵法规模化生产L-丙氨酸的技术是哪一年开始应用的？,尊敬的投资者您好，2011年，公司实现了厌氧发酵法生产L-丙氨酸关键核心技术的突破，使公司同时拥有了发酵法和酶法生产丙氨酸产品的关键技术，并持续进行菌种优化和工艺改良，奠定了公司在丙氨酸行业中的领先地位。感谢您对公司的关注！,-0.38861508404491585
NONAI02593_688646_20230802,688646,逸飞激光,2023-08-02,1.9230769230769231,3,156,尊敬的董秘您好！国家正在大力推进城市更新和城中村改造，公司在装配式建筑方面目前有多少收入？今后公司在城中村改造和城市更新方面会有哪些新的举措？目前公司在该行业有哪些主要客户？未来预期的收入情况如何？谢谢,尊敬的投资者您好！公司主营业务为精密激光加工智能装备的研发、设计、生产和销售，主要产品广泛应用于锂电池、家电厨卫和装配式建筑等行业。目前，公司在装配式建筑领域业务营收占比较小，主要代表客户有远大可建等装配式建筑厂商。公司将会积极关注下游应用领域的增长机遇，努力拓展更多客户，扩大公司在不同领域的市场份额，增强公司的市场竞争力。感谢您的关注。,-0.5639201599972852
NONAI02594_688648_20231120,688648,中邮科技,2023-11-20,0.0,0,65,请问贵公司是否有欧美进出口贸易业务？中美关系缓和是否对公司业务起到积极影响？,尊敬的投资者您好，公司暂未涉及欧美进出口贸易业务。公司的下游行业渗透于国民经济的各个领域，行业整体波动性与宏观经济形势具有一定关联性。谢谢！,-0.8858440267461817
NONAI02595_688651_20230803,688651,盛邦安全,2023-08-03,4.444444444444445,4,90,董秘您好！请问公司客户都有哪些？,尊敬的投资者，您好！公司客户主要分布在公共安全、电力能源、金融科技、教育、运营商和关键信息基础设施等领域，获得了公安部、国家电网、中国人民银行、清华大学、中石化等行业客户的广泛认可及深度合作。感谢您的关注！,-0.14184220137095424
NONAI02596_688656_20230510,688656,浩欧博,2023-05-10,1.3513513513513513,1,74,你好，公司一季度毛利下滑，是什么原因，3月份天气回暖，过敏人员大幅增加为何营收增长如此低？,尊敬的投资者您好！公司一季度毛利下滑的主要原因系受疫情影响，过敏产品的销售增速还在逐渐恢复中、仪器的折旧费用的持续上升及生产制造人力成本的上升。谢谢您的关注！,-0.6596272555172275
NONAI02597_688657_20231011,688657,浩辰软件,2023-10-11,3.3333333333333335,1,30,请问公司股东是否参与了转融通业务。谢谢！,尊敬的投资者，您好！该事项不属于公司法定披露信息范围，感谢您的关注。,-0.3278426577147611
NONAI02598_688659_20230417,688659,元琛科技,2023-04-17,0.0,0,95,年报显示国元创新投资有限公司已不在前10大股东(第10大股东只有92万股）中，说明至少该公司没有92万股，甚至可能没有1股，但3月25日公告其200万股3月31日才流通，是不是违规了？如果说其借出去融券了，但元琛科技历史融券余额从未超过10万股，所以这个理由是不成立的，只能证明该公司200万股在限售解除之前趁去年高位早就违规减持了，敬请公司回复,尊敬的投资者，您好！鉴于股东减持股份属于个体行为，公司将会按照减持的相关规定履行信息披露义务，截至目前未发现该股东存在上述的情况及其他违规减持的行为，在解除限售前，这些股份无法在二级市场卖出。谢谢您的关注。,-0.8858440267461817
NONAI02599_688660_20230215,688660,电气风电,2023-02-15,14.942528735632184,13,87,公司已披露截至2022年9月30日的在手订单。现在已经2023年，请问截至2022年12月31日公司的在手订单有多少？,尊敬的投资者，您好。为保证所有投资者平等获悉公司信息，截至2022年12月31日的在手订单情况，将在公司2022年年度报告中披露，详细信息请关注公司将于2023年3月28日披露的年度报告，感谢您的关注与支持，谢谢!,1.6155414206360483
NONAI02600_688661_20230104,688661,和林微纳,2023-01-04,26.08695652173913,6,23,请问，截至2022年12月30日，公司的股东数是多少？谢谢,您好，截至2022年12月31日公司股东数为3664，感谢您的关注！,3.481123209151892
NONAI02601_688662_20230310,688662,富信科技,2023-03-10,2.0408163265306123,4,196,尊敬的董秘您好，贵公司的产品是否可以适用在6G领域?感谢回复,尊敬的投资者：您好！公司的核心技术为半导体制冷技术，能够实现局部、精准控温。在通讯领域，公司于2022年已经实现了用于5G网络中光模块温控的高性能微型热电制冷器件批量生产。采用半导体热电制冷技术对光模块进行精准的主动控温，保持其工作在温度稳定的环境下，是目前最主要的确保光模块有效工作、延长使用寿命的技术解决方案。公司会持续关注通讯行业发展态势，并结合自身主营业务和战略发展方向，积极开展对新技术新产品的研发及应用。感谢您的关注！,-0.5442105355024548
NONAI02602_688663_20230830,688663,新风光,2023-08-30,0.0,0,53,董秘你好，请问公司是否有绿色电力领域相关业务？,投资者，您好！公司具备EPC总包能力，具备新能源电站总包能力，具备新能源领域关键设备供应能力，如公司SVG产品、储能等产品。谢谢！,-0.8858440267461817
NONAI02603_688665_20230310,688665,四方光电,2023-03-10,5.555555555555555,9,162,管理层好，公司公告的11月份调研纪要中提到高温氧气传感器月出货量已经超过10万支。能否介绍下目前高温传感器的在手定点或订单数据？23年该业务主要突破方向和预计达成的目标是什么？,尊敬的投资者，您好！公司高温气体传感器已实现国内外主机厂项目定点，氧气传感器已实现前装市场批量供应；非道路移动机械国四排放标准已于2022年12月实施，国六b排放标准将于2023年7月实施，预计将增加对氮氧传感器的需求。根据《上海证券交易所科创板上市公司自律监管规则使用指引第2号—自愿信息披露》等有关规定，项目定点如达到披露标准，公司将及时予以披露。感谢您的关注！,0.04415825497285255
NONAI02604_688670_20230310,688670,金迪克,2023-03-10,4.1420118343195265,7,169,最近全国甲流严重，多地一苗难求。请问公司业绩预告中已计提的部分疫苗又销售的量有多少？另公司3000万的生产线验收进展情况？谢谢！,尊敬的投资者您好，感谢您对金迪克的关注与支持！1、公司在2022年底对预计无法销售的库存商品全额计提了存货减值准备，最近由于各地甲流高发，产品销量与往年同期相比有所增长，但由于2022-2023流感季已进入尾期，具体的销量情况敬请关注公司定期报告。2、公司流感疫苗新车间正在进行生产线调试、试生产、GMP验证等工作，待药监部门验收合格后才能正式投入使用，具体进展情况请关注后期相关公告。谢谢！,-0.1924695445177893
NONAI02605_688671_20230816,688671,碧兴物联,2023-08-16,0.0,0,107,公司如何通过大数据来保护公众安全？,您好，感谢您的关注，公司的公共安全大数据业务，主要指移动接入网数据采集分析系统的研发、生产、销售和服务。公司公共安全大数据业务主要为公安等相关政府部门实现移动信号与数据的实时跟踪、管理等提供数据采集端设备和公共安全大数据处理软件。,-0.8858440267461817
NONAI02606_688676_20230612,688676,金盘科技,2023-06-12,4.979253112033195,12,241,请问公司产品目前是否有应用于IDC数据中心？公司产品在数据中心场景下有哪些优势和特点？,尊敬的投资者，您好！公司干式变压器系列产品已经广泛应用于IDC数据中心领域，目前公司产品已应用于包括百度、华为、阿里巴巴、中国移动、中国电信、中国联动等百余个数据中心项目及海外数据中心项目，随着AI的发展，全球算力的需求极速增大，数据中心等新型基础设施建设力度进一步加大和加快，公司将受益于数据中心的发展，2022年公司新基建业务同比增速达113.24%。公司产品已通过了国内外的认证，公司产品凭借优于国家能效要求、低损耗，过载能力强，高可靠性，满足长期负载要求等优势，能够很好的满足国内外数据中心的使用要求，获得国内外客户的认可，感谢您的关注，谢谢！,-0.05231501076563644
NONAI02607_688677_20230103,688677,海泰新光,2023-01-03,1.7543859649122806,1,57,2022年是公司上市的第二年。一年来，公司克服了疫情带来的不利影响，各项业务快速发展，医疗板块营收高速增长，股价逆势上涨20%多，还推出了颇具雄心的股权激励计划，未来研发战略基本明晰，作为公司上市后就买入并持续增仓的小微股东，给公司点个赞。新的一年，希望公司坚持长期主义，重视人才培育，抓好技术研发，保护中小股东合法权益，始终以正确的方法做正确的事情，尽最大的努力求最好的结果，给公司股东更大回报。,感谢您对公司的支持，公司将一如既往的坚持长期价值原则，重视人才培育和研发投入，长期目标与短期目标兼顾。公司将和股东共同成长。,-0.592159095677013
NONAI02608_688679_20231218,688679,通源环境,2023-12-18,1.2658227848101267,1,79,公司今年的经营环境会比去年好吗？谢谢！,尊敬的投资者，您好！由于外部环境存在不确定性，公司将始终聚焦主业，努力做好自身经营管理，维护公司及全体股东的权益。随着宏观经济环境好转，相信未来行业会有新的机遇。感谢您的关注！,-0.6739447726836169
NONAI02609_688680_20230112,688680,海优新材,2023-01-12,2.3529411764705883,2,85,烟标领域领头者劲嘉股份在各大猎头高薪招聘光伏电池组件POE、EVA胶膜相关全套人才，加速从印刷衍生到新能源领域，大有颠覆现有行业格律的架势，请问公司人才是否被挖角了？有哪些措施防范？,尊敬的投资者，您好!非常感谢您对公司的关注与支持。公司自上市以来持续通过实施员工持股计划，来推动核心人才的保留与激励，也通过人才培养等措施，有效达成了公司人才稳定状态，再次感谢您的关注！,-0.4919607074298848
NONAI02610_688681_20230307,688681,科汇股份,2023-03-07,0.0,0,42,请问公司有同步磁阻电机的控制系统吗？,我公司拥有完整的同步磁阻电机、同步磁阻控制器的研发生产能力，电机与控制器均已正式对外销售。,-0.8858440267461817
NONAI02611_688682_20230112,688682,霍莱沃,2023-01-12,10.365853658536585,17,164,尊贵的董秘及证券代表，麻烦你们先把投资者咨询电话正常开通，我今天打公司对外公布的电话50806021，拨0后请她转公司证券部或是相关部门说是没得这个部门，直接就把电话挂了，连打五次都是这样，态度极其恶劣，不知道公司证券代表是否是虚设的，公司股票一直跌，请问2022年业绩是否大幅减少甚至亏损，请尽快做预告，公司3个亿的合同是否在履行，是否在2022年确定收入，还是根本就是个虚假合同。,您好，公司为您的致电体验感到抱歉。公司于定期报告中披露的投资者电话为021-50809715，欢迎您直接致电或发送邮件至公司投资者邮箱。公司有序推进各项研发、生产工作的进行，2022年整体运行平稳。公司将于4月26日披露2022年年度报告，预计于2月披露2022年业绩快报，届时敬请关注。公司于2022年4月23日披露的重大合同尚在履行中，相关收入确认事项将以公司审计机构出具的审计报告为准。感谢关注！,0.8494041330466505
NONAI02612_688685_20230222,688685,迈信林,2023-02-22,3.4482758620689653,1,29,公司领导您好，请问公司是否有和商飞合作进行国产大飞机的供货呢？,尊敬的投资者您好，我公司目前未与中国商飞建立合作，感谢您的关注！,-0.30860123119643634
NONAI02613_688686_20230324,688686,奥普特,2023-03-24,0.8849557522123894,1,113,您好，贵公司有没有进军半导体检测？收入规模占比有多少呢？,尊敬的投资者，您好。公司产品定位于中高端市场，研发、设计和生产的机器视觉产品已经成功应用于3C电子、新能源、半导体、汽车等多个领域，积累了大量的数据。公司看好汽车、半导体领域未来的市场需求和国产化进程，继续积极加强与头部客户的业务联系，加快产业布局。谢谢。,-0.7377020703661586
NONAI02614_688687_20230103,688687,凯因科技,2023-01-03,20.0,5,25,请问，截至2022年12月30日，公司的股东数是多少？谢谢,您好，截至2022年12月30日，公司股东人数为9556人。感谢您的关注！,2.4621641874423417
NONAI02615_688689_20230118,688689,银河微电,2023-01-18,18.181818181818183,6,33,请问，截至2023年1月10日，公司的股东数是多少？谢谢,尊敬的投资者您好！截至2022年1月10日，公司股东人数为7555户。感谢您对公司关注,2.157799804334294
NONAI02616_688692_20240614,688692,达梦数据,2024-06-14,3.1496062992125986,4,127,贵公司对标的甲骨文最近在AI方面持续有动作，请问公司在发展人工智能领域有什么新举措。,尊敬的投资者，您好！人工智能技术对数据库在内的多个产业带来了重大影响，公司重视包括人工智能技术在内的各项新兴技术、前沿技术的挑战。公司募投项目中设置了达梦产业研究院项目，对数据库相关的前沿、基础性技术进行跟踪、预研和研发，相关研发工作正在有条不紊的开展中。感谢您对公司的关注！,-0.35859863868499686
NONAI02617_688693_20230824,688693,锴威特,2023-08-24,0.7751937984496124,1,129,公司在相应国家科技自立自强战略做了哪些规划和工作？,尊敬的投资者，您好！公司将继续专注于功率半导体的设计、研发与销售，坚持“自主创芯，助力核心芯片国产化”的发展定位，聚焦工业控制、高可靠及消费电子领域，在新能源汽车、光伏能源、轨道交通、智能电网等领域展开布局；在目前掌握的核心技术基础上，展开产品系列化及下游市场的进一步拓展、延伸。感谢您的关注！,-0.7560762665063164
NONAI02618_688695_20240426,688695,中创股份,2024-04-26,2.857142857142857,1,35,贵司在通信领域有相关业务吗？,尊敬的投资者 您好！公司将持续关注通信领域的发展动态，感谢您对公司的关注，谢谢！,-0.40755713900496404
NONAI02619_688696_20230130,688696,极米科技,2023-01-30,2.0547945205479454,3,146,神灯感觉仅仅覆盖了卧室，是否考虑覆盖客厅、书房，客厅主要使用场景是白天，不知是否研发出家用的全色激光的光机，补上这块短板？另外既然是灯是否考虑补充一点基本功能。比如早起闹钟（天气以投影的方式播报、日常事务提醒、闹钟时间投影）、比如智能照明（能够智能自动调节光照护眼、可能话提供杀菌灯也不错）、比如语音代替遥控器、简单的信息查询和互动。神灯的切入点非常看好，感觉很高级，希望公司把产品做好。,尊敬的投资者，您好！感谢您的关注，极米神灯凭借三合一的形态创新，实现了家居环境的良好融入，对于闹钟提醒等功能目前产品已经实现了搭载，更多的智能互动场景未来会通过产品升级实现。就投影灯产品的亮度提升的问题，公司的自研光机团队正在积极开发新一代光学引擎，力争未来可以做到更好的观影效果。感谢您对公司产品的宝贵建议，谢谢。,-0.5418705800829772
NONAI02620_688698_20230413,688698,伟创电气,2023-04-13,12.5,6,48,请问2022年度股东大会何时召开？,尊敬的投资者，您好！2022年度股东大会召开时间敬请关注公司后期披露的《关于召开2022年年度股东大会通知》公告。谢谢！,1.2066611071216455
NONAI02621_688699_20230209,688699,明微电子,2023-02-09,1.1904761904761905,1,84,请问贵司的产品有没有可能应用于新能源电动汽车？,尊敬的投资者，您好！随着汽车智能化及电动化大潮的来袭，汽车电子领域对半导体需求持续增强，车用LED照明及车载显示将迎来全新机遇，公司积极布局车用领域产品的研发及生产。感谢您的关注与支持。,-0.6865578235206743
NONAI02622_688700_20230222,688700,东威科技,2023-02-22,2.7027027027027026,3,111,您好，对于贵公司的复合铜箔设备的业务有几点问题希望可以帮忙解答。1. 目前关注到2022-2024年水电镀设备的产能只来自于水平设备产业化项目，2024年达产产能加上原有产能仅为40台，无法满足订单需求。请问未来是有新增产线计划吗，或者如果要从PCB产线转的话，可以转多少产能，这种做法会影响PCB设备的生产吗？2. 复合铜箔2022-2025年的覆盖率有大概的市场预测吗？,尊敬的投资者，您好，非常感谢对东威科技的关注。公司目前已新增5万平米厂房，产能大幅增加。公司复合铜箔设备的年产能达到130台。在复合集流体负极材料领域，复合铜箔替代传统纯铜箔的趋势不可逆转。公司的客户已将其生产的复合铜箔送检至国外市场，反响良好。,-0.43341048428827317
NONAI02623_688701_20230310,688701,卓锦股份,2023-03-10,10.81081081081081,8,74,请问公司一季度经营是否改善？,"尊敬的投资者,您好！感谢您对公司的关注!随着疫情趋向平稳、社会秩序恢复，公司生产经营情况积极向好。2023年第一季度经营情况敬请关注公司后续披露的2023年第一季度报告。谢谢！",0.9238901430854526
NONAI02624_688702_20230915,688702,盛科通信,2023-09-15,2.272727272727273,1,44,请问公司有没有研发6G相关的设备？,尊敬的投资者您好，公司持续关注相关设备情况，具体业务进展请关注公司后期披露的公告。感谢您的关注！,-0.5053885478611222
NONAI02625_688707_20230130,688707,振华新材,2023-01-30,2.5,1,40,贵公司第四季度出货量多少吨，预计未来三年新能源汽车对高镍电池需求多少?,尊敬的投资者您好!您好，相关信息请关注公司后续将披露的定期报告，非常感谢您的关注和提问！,-0.4673429999726163
NONAI02626_688708_20241210,688708,佳驰科技,2024-12-10,4.411764705882353,3,68,董秘辛苦了，祝贺贵公司成功登录资本市场！请问贵公司的隐身涂层和“光启技术”有何不同作用？是否为竞争关系？,尊敬的投资者，您好，我司聚焦隐身功能涂层、隐身功能结构件、隐身维护材料等产品，产品在“低频超宽带”、“薄型轻量化”、“多频谱兼容”方面有行业显著技术优势和特色。谢谢！,-0.14731280302812502
NONAI02627_688709_20240220,688709,成都华微,2024-02-20,7.526881720430108,7,93,请问公司的存储芯片主要客户有哪些？有没有给各大汽车厂商供货？,尊敬的投资者，您好！目前公司的产品已得到国内特种集成电路行业下游主流厂商的认可，与中国电科集团、航空工业集团、航天科技集团、航天科工集团等集团下属单位建立了良好的合作关系，客户合作较为稳定。感谢您的关注！,0.37415906461509063
NONAI02628_688711_20230228,688711,宏微科技,2023-02-28,4.0,3,75,请问贵司截止到1月31日股东人数多少人,尊敬的投资者，您好！根据《公司法》及《公司章程》的要求，请您将本人持股证明及身份证复印件或扫描件发送至公司证券部邮箱，我们会在核实您的股东身份之后，予以告知。感谢您的关注！,-0.21624238390847703
NONAI02629_688717_20240104,688717,艾罗能源,2024-01-04,2.3622047244094486,3,127,请问董秘，贵公司今天新上市，我看了下，为什么前两季度跟第三季利润差距会这么大？是 什么原因造成第三季利润大幅下滑？,尊敬的投资者您好：一方面受欧洲国家户储终端安装工人不足等原因使得渠道商库存有所积压；以及欧洲电力价格回落等多重因素叠加的影响，导致户储市场需求有所减少，公司三季度收入下降所致；另一方面受到三季度欧元贬值带来的大额汇兑损失所致，具体内容详见公司的招股说明书。感谢您的关注！,-0.49040998570029315
NONAI02630_688718_20230208,688718,唯赛勃,2023-02-08,2.7777777777777777,1,36,公司是否有计划趁着股价相对合理阶段推出股权激励？,尊敬的投资者您好，公司有关激励政策的相关信息，请持续关注公司公告，感谢您的关注！,-0.4208428858866646
NONAI02631_688719_20231010,688719,爱科赛博,2023-10-10,0.7518796992481203,1,133,您好，近期，中央提出：新时代新征程，以中国式现代化全面推进强国建设、民族复兴伟业，实现新型工业化是关键任务。请问公司能够为早日实现新型工业化增砖添瓦吗？,尊敬的投资者，您好！公司主营业务为电力电子变换和控制设备的研发、生产和销售，主要产品包括精密测试电源、特种电源和电能质量控制设备。新能源产业的爆发、电力事业的发展、工业化进程的推进及设备电气化程度的提升及节能减排政策的大力推广为公司产品创造了广阔的产业空间和市场机遇。感谢您的关注，谢谢！,-0.7599790562879665
NONAI02632_688721_20240809,688721,龙图光罩,2024-08-09,1.7241379310344827,1,58,贵公司目前半导体掩饰板技术水平是国内龙头吗？,尊敬的投资者，您好！公司是国内屈指可数的第三方半导体掩模版厂商，工艺水平、出货量及市场占有率居国内企业前列。感谢您对公司的关注！,-0.5972226289713091
NONAI02633_688722_20230130,688722,同益中,2023-01-30,7.746478873239437,11,142,尊敬的董秘您好：优和博的主要产品是什么？主要用与哪些方面？预期产能是多少？非常感谢,"您好！优和博公司主要产品为超高分子量聚乙烯纤维，目前主要应用于绳缆、手套等民用领域，已取得了年产3,000吨超高分子量聚乙烯纤维项目的建设手续，并按照3,000吨产能生产线的布局要求完成了厂房及公用工程设施的设计与建设，第一期1,000吨产能已达产，已订购第二期1,000吨产能生产线，具备产能迅速扩大至3,000吨产能的基础。谢谢。",0.41091971818599293
NONAI02634_688726_20241209,688726,拉普拉斯,2024-12-09,5.737704918032787,7,122,您好！请问截止11月20日，公司的股东户数是多少，谢谢！,尊敬的投资者，您好！截至2024年9月30日的股东人数请详见公司披露的第三季度报告。在后续定期报告披露前，如有查询公司股东人数的需求，您可以将本人证券账户卡扫描件、持股证明扫描件及有效身份证明文件扫描件发送至IR邮箱ir@laplace-tech.com，公司将在核实您的股东身份后告知。感谢您的关注,0.0746501330620012
NONAI02635_688733_20230116,688733,壹石通,2023-01-16,1.1363636363636365,2,176,您好，贵公司已成为全球锂电池用勃姆石最大供应商，全球市场占有率超过50%。，请问这么大的市占有率，为什么扣非净利润却才1亿左右(而且其中还包括了电子和阻燃材料的收入)？ 是净利率低？还是锂电池涂覆市场的空间就这么小？,尊敬的投资者，感谢您对公司的关注！勃姆石目前仍处于市场积累阶段，市场需求有待随着新能源汽车市场规模的持续扩张和锂电池技术的深度发展而逐步提升，目前公司勃姆石产品的营收和利润规模总体偏小。勃姆石作为提升锂电池主动安全性能的重要涂覆材料，在动力电池和消费类电池的隔膜涂覆、正极边缘涂覆中已得到广泛应用，在储能电池、钠离子电池中的应用也在逐步推广，未来市场空间有望进一步拓宽。谢谢！,-0.6956162873036519
NONAI02636_688737_20230224,688737,中自科技,2023-02-24,2.9411764705882355,1,34,公司后处理订单是否供不应求？,尊敬的投资者，您好！公司订单获取情况请以公司公开披露信息为准。感谢您的关注。,-0.39348987760081056
NONAI02637_688739_20230105,688739,成大生物,2023-01-05,10.416666666666666,5,48,什么时候在香港上市，价格大概是什么区间。,尊敬的投资者您好。公司已于2021年10月28日在科创板成功上市，暂无登陆港交所的计划。感谢您对公司的关注与支持。,0.8579102514770075
NONAI02638_688758_20250409,688758,赛分科技,2025-04-09,1.0273972602739727,3,292,董秘好！液相色谱法具有专属性强、分离效果好、灵敏度高、分析速度快、重复性好等优点，适用于血液制品的质量控制。公司是否有相关的技术储备，可用于血制品质量检测？,尊敬的投资者，您好！近年来，国家药监局（NMPA）持续强化血液制品的质量监管，血液制品企业寻求采用更高效的纯化工艺（如多步骤层析技术）以提升产品质量，随着血浆综合利用技术（如开发新型凝血因子）的应用增加，对高纯度分离工艺和色谱填料产品的需求也在增强。中国血液制品行业的产能扩张、技术升级和国产替代趋势，为色谱填料企业带来结构性机遇，但血液制品具有特定的技术特性，需要专属的纯化工艺乃至定制化的填料，公司已与部分血液制品企业开展合作，提供专用填料进行测试和纯化工艺开发，从产品研发、技术支持、方案推广等方面持续投入，但处于早期开发阶段且具有一定周期性和不确定性，截至目前尚未构成主要收入来源。感谢您的关注与支持！请您关注公司有关公告，注意投资风险。,-0.7138573034145794
NONAI02639_688766_20230104,688766,普冉股份,2023-01-04,2.4390243902439024,1,41,美国最新的制裁涉及存储相关设备，请问是否对公司造成影响，谢谢！,尊敬的投资者您好！本次出口管制政策并未直接涉及公司，公司目前经营正常。感谢您的关注和支持！,-0.47755034208904473
NONAI02640_688767_20230103,688767,博拓生物,2023-01-03,2.898550724637681,4,138,公司股价不到一年的时间从最高152跌到现在46，差不多跌去70%，虽然股价有受多方面的影响，但公司本身最终是最核心的东西，跌去70%表明公司没有被市场认可，想必公司也有很多原因导至，问下有些什么原因？另外政策鼓励公司回购股票，公司有那么多现金为什么不回购？,尊敬的投资者您好！二级市场股价受诸多因素影响，公司管理层高度重视二级市场股价表现，将继续坚持做好经营管理工作，提高公司内在价值，以稳健发展和业绩增长回报投资者。公司会根据相关规定并结合实际综合考虑回购公司股份事宜，后续如有相关安排公司将严格按照法律法规要求履行信息披露义务，感谢您对公司的关注！,-0.400625444979729
NONAI02641_688768_20230303,688768,容知日新,2023-03-03,1.3333333333333333,1,75,请问公司所销售有线及无线产品包含的配套智能监测服务一般服务期是几年，服务期满，存量客户进行续费的比例大概是多少？,投资者您好，每个行业在销售解决方案时相应的服务年限会有所差别，现阶段公司以解决方案销售为主，同时做服务收费的推广，重心还在于市场占位，提升各行业的渗透率。谢谢关注。,-0.6626434791336135
NONAI02642_688772_20230201,688772,珠海冠宇,2023-02-01,9.803921568627452,10,102,尊敬的董秘，您好，请问贵公司可转债在中登公司登记日期是哪一天？可转债前十大持有人在可转债上市半年内能否减持？若董监高持股低于5%，认购可转债，在可转债上市半年内能否减持?,尊敬的投资者，您好！1、公司于2022年10月31日完成可转债的证券登记。2、根据《证券法》第四十四条及其他相关规定，公司持股5%以上的股东、董事、监事、高级管理人员将其持有的公司可转债在买入后六个月内卖出将构成短线交易。感谢您的关注与支持！,0.7553364704050554
NONAI02643_688776_20230221,688776,国光电气,2023-02-21,2.5641025641025643,1,39,请问公司应用在CT机上的磁控管研发进度，以及是否已经在推广？公司的温差发电技术烦请介绍一下主要应用领域。,尊敬的投资者您好，公司相关新品正在验证之中，具体进展请关注公司后续报告。感谢您的关注！,-0.4566122044143197
NONAI02644_688777_20230110,688777,中控技术,2023-01-10,6.172839506172839,5,81,请问贵公司与德国巴斯夫公司（BASF）有业务往来？,尊敬的投资者，您好！中控技术已于2021年顺利进入全球流程工业龙头企业巴斯夫的合格供应商名录，并于2022年首次中标巴斯夫生产装置信息化系统，实现了公司向国际市场拓展道路上的突破。谢谢！,0.14749184183052305
NONAI02645_688779_20230109,688779,长远锂科,2023-01-09,3.7735849056603774,2,53,董秘你好，公司目前三元正极以及酸铁锂正极的产能有多少？目前公司生产线是否处于满负荷状态？,尊敬的投资者，您好！公司目前已完成及在建项目一共包括12万吨三元正极材料及6万吨磷酸铁锂正极材料产能，感谢您的关注！,-0.2541443636917433
NONAI02646_688786_20230313,688786,悦安新材,2023-03-13,3.7037037037037037,2,54,请问悦安新材的下游客户有软磁复合材料应用于新能源车电机吗？,答：尊敬的投资者您好，羰基铁粉可在高频电机领域制造低损耗定子，目前公司与某海外企业合作，进行小批量测试中，感谢您的关注。,-0.2658425056001588
NONAI02647_688787_20230306,688787,海天瑞声,2023-03-06,2.586206896551724,12,464,请问1：目前自动标注跟人工标注的比例是怎样的？2：数据标注属于劳动密集型行业，公司研发费用逐年增加，请问公司意欲在哪个方面做提升？3：人工智能数据模型需求呈指数级增长，对应的数据训练是否也会有指数级增长需求？,尊敬的投资者，您好：（1）通过算法持续提升自动化数据处理水平一直以来都是公司所聚焦的主要研发投入方向之一，目前已在语音预识别、音素及韵律自动切分及标注、自动物体检测、目标识别、语义分割等智能语音、计算机视觉以及自然语言的各个产线形成了自动化能力，且在部分产线取得了显著的效率提升。（2）AI训练数据行业在采集、处理等环节离不开人的参与，人的参与实质上是赋予机器人类智慧的过程。为了更好提升人工参与效率，公司持续利用算法来不断提升机器预标注程度，因此近年来公司在自动化数据处理能力的建设上进行了较大研发投入，并取得了显著成效，其也日渐成为保障公司毛利率水平的核心要素。同时，为了更好承接快速增长的智能驾驶数据需求，公司去年投入大量研发人员进行智能驾驶数据处理平台升级，并在去年年底正式上线了第四代VDS平台，跻身行业头部平台阵营。（3）AI算法模型进化受算法技术革新、算力能力扩张及训练数据的规模和质量共同驱动，其主要驱动力之一就是依赖对覆盖更多场景的、更高质量的数据的持续学习，因此AI算法模型数量、以及类型的快速增长将会带动训练数据需求的增加。我们也会密切关注在AI出现新的发展机遇下，本细分行业需求规模的变化。,-0.45291193008387265
NONAI02648_688788_20230116,688788,科思科技,2023-01-16,6.666666666666667,5,75,请问公司春节放假时间是怎么安排的？,您好，感谢您的关注。公司春节放假时间为1月18日至1月29日，公司按照政府的防疫政策要求并结合公司的实际情况，统筹安排春节放假及假期间经营活动。祝您春节愉快，阖家幸福。,0.2301587113166595
NONAI02649_688793_20230220,688793,倍轻松,2023-02-20,2.4922118380062304,8,321,董秘您好，公司销售费用率占了营收的50%以上，造成这种情况的原因是？,投资者朋友，您好。线下直营为我司重要的销售渠道之一，其中店铺，人员等均为销售费用。截止2022.12.31，公司有线下直营门店超过160家。按摩器具为重体验型产品，倍轻松将线下门店进一步聚焦于中高端购物中心和交通枢纽，高效触达目标人群，实现精准营销。一方面，公司产品定位中高端，门店开设在中高端购物中心符合公司品牌定位，有利于增加曝光度。另一方面，机场和高铁站为核心交通枢纽，商旅人士占比高，与公司的目标客群商旅办公人群契合度高。在机场和高铁站开设门店有利于精准营销，增强用户体验。公司多年在中高端购物中心和交通枢纽开设直营门店，已形成了完整的开店模式，在较低的试错成本下，具有较高的店面成活率。同时，因为高端的品牌形象、成熟店面运营能力、较好的店面稳定性，受到了各商业中心的青睐，无形中构成了其它公司的进入壁垒。感谢提问。,-0.46864674148904484
NONAI02650_688798_20230303,688798,艾为电子,2023-03-03,2.5,3,120,在贵公司官微看到有超小规格芯片即将发布，请问具体发布时间，它的发布有何重要意义，另外与chiplet技术有何相关性或者不同之处，谢谢！,你好，关于公司产品信息请关注公司官网、微信公众号等渠道，手机和穿戴是触觉反馈主要应用市场，面积寸土寸金，在性能升级基础上，触觉反馈驱动芯片面积小型化和系统面积小型化是非常有意义的，不是chiplet，是通过工艺制程、封装技术、芯片设计和系统应用实现的小型化，感谢对公司的关注。,-0.4673429999726163
NONAI02651_688819_20230421,688819,天能股份,2023-04-21,1.694915254237288,1,59,您好，公司目前铅炭储能电池的产能有多少？2023年能扩产到多少？,尊敬的投资者您好，铅炭电池与公司原铅蓄动力电池工艺相近，产线调整较为容易。公司会根据客户需求调整整体铅炭产能配置。感谢您的关注。,-0.6021145170691882
NONAI02652_688981_20230110,688981,中芯国际,2023-01-10,5.2631578947368425,5,95,截止2022年12月27日，贵公司总市值（A+H）是多少？谢谢。,尊敬的投资者，您好。截至12月27日，公司的总市值约1千7百亿人民币。计算公式为：总市值=A股当日收盘价*A股股本+港股当日收盘价*港股股本*人民币外汇牌价。您也可以随时按照这个公式计算知晓公司某日的市值，感谢您的关注！,-0.004789233538675474
