stock_code,cac_first_date,ai_patent_grant_first_date,ai_patent_application_first_date,genai_patent_grant_first_date,genai_patent_application_first_date,ai_patent_title_count_total,genai_patent_title_count_total,broad_ai_hiring_first_date,genai_hiring_first_date,broad_ai_hiring_firm_days,broad_ai_hiring_total,genai_hiring_total,history_genai_disclosure_first_date
000001,,,,,,,,2017-04-12,2019-04-19,64.0,79.0,4.0,2025-02-19
000002,,,,,,,,2017-02-04,2017-02-13,81.0,106.0,17.0,2026-03-31
000004,,,,,,0.0,0.0,2016-07-20,,10.0,12.0,0.0,2022-12-02
000008,,,,,,0.0,0.0,2016-06-07,2026-01-26,59.0,77.0,1.0,
000009,,,,,,,,2017-02-18,2025-03-01,8.0,10.0,3.0,
000012,,,,,,,,2016-06-10,2016-06-10,13.0,6.0,9.0,2025-04-14
000016,,,,,,,,2017-02-28,2017-12-31,42.0,70.0,11.0,2023-04-03
000019,,,,,,0.0,0.0,2016-07-16,2016-07-16,1.0,0.0,1.0,
000020,,,,,,,,,,,,,2025-03-18
000021,,,,,,,,2016-05-31,2025-02-28,39.0,46.0,6.0,2023-02-28
000022,,,,,,,,2026-02-15,,1.0,1.0,0.0,
000025,,,,,,,,,,,,,2025-03-11
000026,,,,,,0.0,0.0,2020-08-26,2025-01-02,5.0,7.0,1.0,
000027,,,,,,,,2021-07-31,,2.0,2.0,0.0,2025-04-08
000028,,,,,,,,2021-05-14,,2.0,2.0,0.0,
000029,,,,,,,,,,,,,2025-03-07
000030,,,,,,,,,,,,,2025-02-28
000031,,,,,,,,2019-12-12,,2.0,2.0,0.0,
000032,,,,,,0.0,0.0,2018-05-03,2023-06-23,86.0,97.0,8.0,2023-03-27
000034,,,,,,0.0,0.0,2016-07-23,2019-12-15,99.0,193.0,36.0,2023-04-03
000035,,,,,,0.0,0.0,2020-07-26,2025-07-13,14.0,15.0,1.0,
000037,,,,,,,,,,,,,2025-03-10
000039,,,,,,0.0,0.0,2016-07-25,2016-07-25,44.0,51.0,8.0,2025-02-01
000042,,,,,,0.0,0.0,2024-08-06,,1.0,2.0,0.0,
000045,,,,,,0.0,0.0,,,,,,2025-05-13
000046,,,,,,,,2017-02-15,2017-03-15,30.0,44.0,2.0,
000048,,,,,,0.0,0.0,2020-03-05,,5.0,5.0,0.0,2025-05-20
000049,,,,,,,,2023-03-24,2025-04-16,4.0,5.0,1.0,2025-03-17
000050,,,,,,,,2016-08-30,2016-08-30,21.0,44.0,32.0,2024-03-17
000055,,,,,,0.0,0.0,2020-02-16,2020-02-16,1.0,1.0,1.0,2023-06-12
000056,,,,,,0.0,0.0,,,,,,2023-03-28
000058,,,,,,,,2019-05-04,,2.0,2.0,0.0,2025-12-03
000059,,,,,,,,,,,,,2025-03-10
000060,,,,,,,,2025-09-01,2025-09-28,3.0,3.0,1.0,2025-03-11
000061,,,,,,,,2018-09-11,,3.0,3.0,0.0,2023-06-25
000062,,,,,,,,2018-01-31,2025-03-03,10.0,11.0,4.0,2023-05-11
000063,2024-07-16,,,,,,,2016-06-09,2016-06-09,210.0,535.0,57.0,2023-04-06
000065,,,,,,0.0,0.0,,,,,,2025-03-07
000066,,,,,,,,2016-08-09,2023-11-06,56.0,60.0,10.0,2023-03-27
000068,,,,,,,,2022-06-28,,1.0,1.0,0.0,
000069,,,,,,,,2017-07-05,2021-12-21,28.0,30.0,11.0,2025-03-11
000070,,,,,,,,2017-01-17,2026-02-26,14.0,17.0,1.0,2023-02-13
000078,,,,,,0.0,0.0,2024-03-26,2024-03-26,1.0,1.0,1.0,
000089,,,,,,0.0,0.0,2024-07-26,2024-07-26,1.0,1.0,1.0,
000090,,,,,,0.0,0.0,2025-10-24,2025-10-24,2.0,2.0,1.0,2026-01-21
000100,,,,,,,,2016-06-10,2016-06-10,354.0,512.0,123.0,2025-03-27
000150,,,,,,,,2018-01-31,2018-01-31,1.0,1.0,1.0,
000151,,,,,,0.0,0.0,2016-06-06,2016-06-06,8.0,8.0,8.0,
000153,,,,,,0.0,0.0,,,,,,
000155,,,,,,0.0,0.0,,,,,,
000156,2025-07-22,,,,,0.0,0.0,2018-08-08,2025-06-20,16.0,16.0,1.0,2023-03-27
000157,,,,,,0.0,0.0,2018-03-25,2023-06-12,119.0,228.0,44.0,2025-01-25
000158,,2023-12-15,2023-09-22,,,1.0,0.0,2017-03-14,2017-03-14,97.0,126.0,5.0,2023-03-31
000166,,,,,,,,2016-06-27,2025-08-14,20.0,22.0,1.0,2025-11-06
000301,,,,,,0.0,0.0,,,,,,2026-05-11
000333,,,,,,0.0,0.0,2016-06-08,2021-04-17,177.0,435.0,16.0,2024-04-07
000338,,,,,,,,2018-01-26,2022-04-12,55.0,101.0,10.0,2025-02-14
000400,,,,,,,,2025-01-07,,1.0,2.0,0.0,
000401,,,,,,,,,,,,,2025-02-20
000403,,,,,,0.0,0.0,,,,,,
000404,,,,,,,,2024-09-13,,1.0,2.0,0.0,
000407,,,,,,0.0,0.0,,,,,,
000408,,,,,,0.0,0.0,,,,,,
000409,,,,,,0.0,0.0,2021-07-13,2023-05-15,15.0,19.0,7.0,2023-02-09
000413,,,,,,0.0,0.0,2018-06-20,,8.0,10.0,0.0,
000415,,,,,,,,2021-08-16,2021-08-16,1.0,1.0,1.0,
000417,,,,,,,,,,,,,2025-05-30
000423,,,,,,,,2019-11-26,,3.0,4.0,0.0,2026-04-25
000425,,,,,,0.0,0.0,2018-04-13,2021-08-12,97.0,140.0,18.0,2025-02-08
000428,,,,,,,,,,,,,2023-03-27
000429,,,,,,,,2017-05-10,,3.0,4.0,0.0,
000498,,,,,,,,2019-11-17,,2.0,2.0,0.0,2023-03-24
000501,,,,,,,,,,,,,2025-02-28
000502,,,,,,,,2017-02-12,2018-03-29,6.0,7.0,1.0,
000503,,,,,,0.0,0.0,2017-02-13,2023-09-08,16.0,43.0,20.0,2024-05-22
000504,,,,,,0.0,0.0,2020-09-20,,1.0,1.0,0.0,
000505,,,,,,0.0,0.0,,,,,,2025-02-06
000511,,,,,,,,2017-02-07,,4.0,6.0,0.0,
000513,,,,,,,,2025-02-07,2025-02-07,4.0,7.0,3.0,2025-03-04
000514,,,,,,0.0,0.0,2016-06-06,2016-06-06,22.0,22.0,22.0,
000516,,,,,,,,2017-12-23,,3.0,3.0,0.0,2023-04-21
000517,,,,,,,,2016-07-22,,4.0,5.0,0.0,2023-09-18
000518,,,,,,0.0,0.0,,,,,,
000519,,,,,,0.0,0.0,2023-03-28,,1.0,1.0,0.0,
000521,,,,,,0.0,0.0,2019-07-20,,5.0,5.0,0.0,2025-04-08
000523,,,,,,0.0,0.0,2025-11-19,2025-11-19,1.0,1.0,1.0,2025-02-17
000524,,,,,,,,2017-08-16,2018-09-21,7.0,6.0,2.0,2025-09-16
000525,,,,,,0.0,0.0,2018-06-23,,1.0,1.0,0.0,
000526,,,,,,,,2022-01-21,,1.0,1.0,0.0,2024-04-29
000527,,,,,,,,2016-08-19,2020-03-05,231.0,388.0,59.0,
000528,,,,,,0.0,0.0,2019-05-18,2020-03-12,47.0,78.0,17.0,2025-05-08
000532,,,,,,0.0,0.0,2018-06-01,,3.0,4.0,0.0,2023-02-02
000533,,,,,,,,2017-12-15,2019-12-25,17.0,26.0,1.0,2025-02-07
000534,,,,,,0.0,0.0,,,,,,
000536,,,,,,,,2021-04-22,2021-04-22,3.0,0.0,3.0,2025-02-10
000538,,,,,,0.0,0.0,2021-01-09,2021-07-16,10.0,18.0,8.0,2024-05-13
000539,,,,,,,,2025-04-18,,1.0,2.0,0.0,
000540,,,,,,,,2018-07-17,,7.0,7.0,0.0,
000541,,,,,,,,2025-02-24,2025-02-24,5.0,7.0,4.0,2023-07-21
000544,,,,,,0.0,0.0,,,,,,
000545,,,,,,0.0,0.0,,,,,,
000547,,,,,,,,2016-06-11,2020-06-30,21.0,24.0,2.0,2024-02-28
000549,,,,,,,,2017-02-09,,4.0,5.0,0.0,
000550,,,,,,0.0,0.0,2016-05-31,2016-05-31,127.0,187.0,157.0,2024-05-09
000551,,,,,,0.0,0.0,2018-06-21,2026-01-09,9.0,10.0,1.0,2025-05-12
000552,,,,,,0.0,0.0,,,,,,2025-02-17
000555,,,,,,0.0,0.0,2016-06-04,2017-12-02,120.0,153.0,29.0,2023-09-01
000557,,,,,,,,,,,,,2025-02-07
000558,,,,,,,,2018-01-22,2024-07-30,3.0,3.0,1.0,
000559,,,,,,0.0,0.0,2025-03-21,,8.0,14.0,0.0,
000560,,,,,,,,2020-06-09,,19.0,24.0,0.0,2023-03-21
000561,,,,,,0.0,0.0,2021-08-14,,4.0,7.0,0.0,2023-03-30
000564,,,,,,,,,,,,,2023-02-23
000566,,,,,,,,2016-06-04,,2.0,2.0,0.0,
000567,,,,,,,,2023-10-30,2024-03-15,2.0,2.0,1.0,
000568,,,,,,0.0,0.0,2025-04-07,,3.0,4.0,0.0,
000570,,,,,,0.0,0.0,,,,,,
000572,,,,,,,,2017-05-09,,4.0,8.0,0.0,2023-02-23
000573,,,,,,,,,,,,,2023-03-06
000576,,,,,,,,2024-03-27,2024-03-27,7.0,8.0,1.0,
000578,,,,,,0.0,0.0,,,,,,
000581,,,,,,,,2019-05-25,2024-10-15,15.0,21.0,4.0,2025-03-05
000582,,,,,,,,,,,,,2025-02-11
000584,,,,,,,,2018-04-24,2018-05-24,26.0,38.0,3.0,2023-02-22
000585,,,,,,,,2016-06-05,2016-06-05,4.0,4.0,4.0,
000586,,,,,,0.0,0.0,2017-03-14,,7.0,18.0,0.0,
000590,,,,,,,,,,,,,2023-02-17
000591,,,,,,,,2026-02-05,2026-02-05,1.0,1.0,1.0,2025-02-28
000595,,,,,,0.0,0.0,,,,,,
000597,,,,,,0.0,0.0,2017-03-19,,8.0,8.0,0.0,
000599,,,,,,0.0,0.0,,,,,,2023-04-19
000600,,,,,,,,2025-02-27,,1.0,1.0,0.0,
000601,,,,,,,,2022-11-01,2022-11-01,2.0,0.0,2.0,
000606,,,,,,,,2017-01-17,,5.0,5.0,0.0,
000607,,,,,,0.0,0.0,2016-06-10,,12.0,12.0,0.0,2024-02-27
000609,,,,,,,,2016-06-09,,2.0,3.0,0.0,
000615,,,,,,0.0,0.0,2018-07-12,,1.0,1.0,0.0,
000617,,,,,,,,,,,,,2024-04-11
000619,,,,,,,,,,,,,2025-02-11
000620,,,,,,,,2017-02-16,2017-02-16,1.0,1.0,1.0,2025-02-13
000621,2025-09-26,,,,,,,,,,,,
000623,,,,,,0.0,0.0,,,,,,
000625,,,,,,,,2017-01-17,2017-11-06,94.0,117.0,19.0,2023-03-03
000626,,,,,,0.0,0.0,2017-02-09,2018-06-14,4.0,3.0,1.0,
000628,,,,,,0.0,0.0,2020-08-31,2025-03-04,9.0,10.0,6.0,2023-03-27
000630,,,,,,0.0,0.0,,,,,,
000632,,,,,,,,,,,,,2023-02-08
000635,,,,,,0.0,0.0,,,,,,
000636,,,,,,0.0,0.0,2026-01-12,,1.0,1.0,0.0,
000637,,,,,,0.0,0.0,,,,,,
000638,,,,,,0.0,0.0,2018-03-19,,1.0,1.0,0.0,
000639,,,,,,0.0,0.0,,,,,,
000650,,,,,,0.0,0.0,,,,,,2025-02-21
000651,,,,,,0.0,0.0,2017-04-18,2018-06-23,60.0,81.0,1.0,2025-12-02
000652,,,,,,0.0,0.0,2016-08-16,2016-08-16,1.0,0.0,1.0,
000655,,,,,,0.0,0.0,,,,,,2025-11-12
000656,,,,,,0.0,0.0,2019-04-28,,5.0,7.0,0.0,
000657,,,,,,0.0,0.0,2017-05-17,,3.0,3.0,0.0,
000661,,,,,,0.0,0.0,2020-01-18,,5.0,5.0,0.0,2024-07-07
000663,,,,,,0.0,0.0,,,,,,
000665,,,,,,,,,,,,,2023-02-03
000666,,,,,,,,2016-07-02,2018-04-12,13.0,11.0,6.0,
000667,,,,,,,,2017-01-17,,2.0,2.0,0.0,
000670,,,,,,,,2016-06-02,2017-02-05,11.0,15.0,1.0,2023-02-06
000671,,,,,,0.0,0.0,2020-09-12,,2.0,4.0,0.0,
000676,,,,,,0.0,0.0,2016-06-06,,73.0,111.0,0.0,2022-12-01
000677,,,,,,0.0,0.0,,,,,,
000680,,,,,,,,2025-05-22,2025-05-22,1.0,2.0,2.0,2025-02-24
000681,,,,,,,,2018-06-20,2019-10-07,17.0,19.0,1.0,2023-02-02
000682,,2021-03-09,2019-06-14,2024-07-23,2024-05-07,6.0,1.0,2017-02-15,2022-11-23,76.0,83.0,8.0,2023-09-27
000683,,,,,,0.0,0.0,,,,,,
000685,,,,,,,,2024-11-21,2025-05-19,2.0,3.0,1.0,
000686,,,,,,,,2020-02-10,2025-03-20,4.0,3.0,3.0,2025-02-13
000687,,,,,,0.0,0.0,2016-06-01,,24.0,25.0,0.0,
000688,,,,,,0.0,0.0,,,,,,
000691,,,,,,0.0,0.0,,,,,,
000697,,,,,,0.0,0.0,2017-02-10,,2.0,2.0,0.0,
000698,,,,,,0.0,0.0,,,,,,
000700,,,,,,,,2025-09-09,,1.0,1.0,0.0,
000701,,,,,,0.0,0.0,2016-06-02,2016-06-02,6.0,2.0,8.0,2024-03-28
000703,,,,,,0.0,0.0,,,,,,2025-02-14
000705,,,,,,0.0,0.0,,,,,,
000708,,,,,,0.0,0.0,2022-03-13,,2.0,2.0,0.0,2025-02-08
000709,,,,,,0.0,0.0,,,,,,2025-03-21
000710,,,,,,0.0,0.0,2017-11-29,2026-01-08,22.0,26.0,1.0,2023-12-08
000711,,,,,,,,2017-11-15,,3.0,3.0,0.0,
000712,,,,,,,,2018-05-15,,3.0,3.0,0.0,
000713,,,,,,0.0,0.0,,,,,,
000716,,,,,,0.0,0.0,2016-09-02,,2.0,2.0,0.0,
000717,,,,,,,,,,,,,2025-02-27
000719,,,,,,,,,,,,,2023-02-09
000723,,,,,,,,,,,,,2023-06-15
000725,,,,,,,,2016-08-11,2017-03-13,240.0,834.0,59.0,2023-07-10
000726,,,,,,,,2019-02-22,2019-02-22,2.0,4.0,4.0,
000727,,,,,,0.0,0.0,2017-03-04,2017-03-04,6.0,5.0,1.0,2023-02-14
000728,,,,,,,,,,,,,2023-11-28
000729,,,,,,,,2026-01-28,2026-01-28,2.0,2.0,2.0,
000731,,,,,,0.0,0.0,,,,,,2025-12-05
000732,,,,,,,,2017-03-19,,5.0,5.0,0.0,
000733,,,,,,,,2018-02-07,2018-02-07,1.0,5.0,5.0,
000735,,,,,,,,2018-06-01,,5.0,5.0,0.0,2023-03-24
000737,,,,,,0.0,0.0,,,,,,
000739,,,,,,,,2021-07-29,,1.0,1.0,0.0,2025-03-12
000748,,,,,,,,2016-07-24,,13.0,13.0,0.0,
000750,,,,,,,,2018-07-06,,6.0,11.0,0.0,2023-05-17
000755,,,,,,,,,,,,,2025-02-21
000757,,,,,,0.0,0.0,,,,,,2023-02-09
000758,,,,,,0.0,0.0,,,,,,
000759,,,,,,,,,,,,,2023-03-27
000760,,,,,,0.0,0.0,,,,,,
000761,,,,,,0.0,0.0,2020-10-19,,1.0,1.0,0.0,
000766,,,,,,0.0,0.0,,,,,,
000767,,,,,,0.0,0.0,,,,,,
000768,,,,,,0.0,0.0,,,,,,2025-03-11
000776,2025-07-10,,,,,0.0,0.0,2017-02-13,2018-06-01,81.0,182.0,14.0,2023-03-31
000777,,,,,,,,2017-12-16,2017-12-16,3.0,2.0,2.0,
000778,,,,,,,,,,,,,2026-04-29
000779,,,,,,0.0,0.0,2025-06-04,,1.0,2.0,0.0,2023-03-27
000782,,,,,,0.0,0.0,,,,,,
000783,2025-04-17,,,,,,,2017-03-16,2025-10-13,18.0,21.0,1.0,2023-03-29
000785,,,,,,,,2016-06-04,2016-06-04,4.0,4.0,2.0,2023-05-10
000786,,,,,,,,2025-02-13,2025-02-13,1.0,1.0,1.0,2025-03-13
000787,2025-10-29,,,,,,,,,,,,
000788,,,,,,0.0,0.0,,,,,,
000790,,,,,,0.0,0.0,2021-03-03,,1.0,1.0,0.0,2023-08-17
000791,,,,,,,,,,,,,2025-03-11
000792,,,,,,0.0,0.0,,,,,,
000793,,,,,,,,2016-06-02,2018-02-07,67.0,102.0,1.0,2023-02-02
000795,,,,,,0.0,0.0,2018-04-13,2018-04-13,4.0,5.0,3.0,2025-02-07
000796,,,,,,,,2017-02-04,2017-02-04,4.0,3.0,3.0,2025-03-12
000800,,,,,,,,,,,,,2023-10-31
000801,,,,,,0.0,0.0,2017-06-10,2025-02-14,57.0,67.0,6.0,2023-02-17
000802,,,,,,,,,,,,,2025-03-21
000806,,,,,,,,2017-02-28,2017-02-28,6.0,6.0,3.0,
000807,,,,,,0.0,0.0,,,,,,
000809,,,,,,,,2025-09-05,2025-09-05,1.0,1.0,1.0,
000810,,,,,,2.0,0.0,2018-02-12,,2.0,3.0,0.0,2023-01-31
000811,,,,,,0.0,0.0,,,,,,2025-10-30
000812,,,,,,0.0,0.0,2025-03-04,,1.0,2.0,0.0,
000813,,,,,,0.0,0.0,2020-05-15,,2.0,2.0,0.0,2025-03-06
000815,,,,,,,,2018-05-30,,7.0,10.0,0.0,2023-02-28
000818,,,,,,0.0,0.0,2017-04-19,2024-09-24,22.0,25.0,8.0,2023-04-20
000819,,,,,,0.0,0.0,,,,,,
000820,,,,,,0.0,0.0,,,,,,
000821,,,,,,,,2017-02-14,2025-05-09,34.0,37.0,3.0,
000822,,,,,,0.0,0.0,,,,,,
000823,,,,,,0.0,0.0,,,,,,2023-04-23
000825,,,,,,0.0,0.0,,,,,,2026-05-14
000826,,,,,,0.0,0.0,2018-03-16,,12.0,21.0,0.0,
000828,,,,,,0.0,0.0,,,,,,2025-02-12
000829,,,,,,,,2017-02-03,2017-02-03,8.0,8.0,2.0,2023-02-13
000830,,,,,,0.0,0.0,,,,,,
000831,,,,,,0.0,0.0,,,,,,
000835,,,,,,,,2017-11-11,2017-11-11,1.0,1.0,1.0,
000837,,,,,,0.0,0.0,,,,,,2025-03-10
000838,,,,,,0.0,0.0,,,,,,
000839,,,,,,,,2016-06-02,2025-06-09,20.0,21.0,1.0,2024-06-19
000848,,,,,,0.0,0.0,,,,,,
000850,,,,,,0.0,0.0,,,,,,2025-02-18
000851,,,,,,,,2017-03-07,,44.0,50.0,0.0,2022-12-30
000852,,,,,,0.0,0.0,2019-05-03,,2.0,2.0,0.0,
000856,,,,,,,,,,,,,2025-04-10
000858,,,,,,,,2025-04-02,,1.0,12.0,0.0,
000859,,,,,,0.0,0.0,,,,,,
000860,,,,,,0.0,0.0,,,,,,
000861,,,,,,,,2016-07-25,,1.0,1.0,0.0,
000862,,,,,,,,2025-10-21,,1.0,2.0,0.0,2025-03-13
000863,,,,,,0.0,0.0,,,,,,2022-12-09
000868,,,,,,0.0,0.0,,,,,,2025-02-12
000869,,,,,,0.0,0.0,2021-04-23,2021-04-23,1.0,0.0,1.0,
000876,,,,,,,,2017-01-17,2017-01-17,72.0,91.0,3.0,2023-03-31
000877,,,,,,,,2026-02-25,2026-02-25,1.0,4.0,4.0,
000878,,,,,,0.0,0.0,,,,,,
000881,,,,,,0.0,0.0,2025-01-13,,2.0,2.0,0.0,
000882,,,,,,,,2016-06-03,2016-06-03,2.0,2.0,2.0,
000885,,,,,,,,,,,,,2025-05-15
000886,,,,,,0.0,0.0,,,,,,2025-02-26
000887,,,,,,,,2026-01-20,2026-01-20,1.0,5.0,3.0,
000888,,,,,,,,,,,,,2026-05-12
000889,,,,,,0.0,0.0,2017-04-20,,4.0,4.0,0.0,2023-03-01
000892,,,,,,,,2018-04-17,,2.0,2.0,0.0,2024-05-24
000893,,,,,,0.0,0.0,,,,,,2023-05-15
000895,,,,,,,,2021-09-23,2025-05-27,11.0,12.0,4.0,
000898,,,,,,0.0,0.0,,,,,,2025-05-20
000899,,,,,,,,2021-08-06,,5.0,5.0,0.0,
000900,,,,,,0.0,0.0,,,,,,2025-02-10
000901,2026-01-12,,,,,,,2019-12-25,,3.0,5.0,0.0,
000902,,,,,,0.0,0.0,2024-11-08,,2.0,3.0,0.0,
000903,,,,,,,,,,,,,2025-02-18
000905,,,,,,,,2023-06-15,,2.0,2.0,0.0,2023-04-14
000906,,,,,,,,2018-08-03,2018-08-03,2.0,3.0,1.0,
000908,,,,,,0.0,0.0,,,,,,
000909,,,,,,,,2017-12-23,,3.0,3.0,0.0,2023-02-14
000910,,,,,,0.0,0.0,,,,,,2023-03-24
000911,,,,,,0.0,0.0,,,,,,
000913,,,,,,,,,,,,,2025-02-26
000917,,,,,,0.0,0.0,2018-05-25,2018-05-25,8.0,9.0,1.0,2023-05-31
000919,,,,,,0.0,0.0,,,,,,
000920,,,,,,0.0,0.0,,,,,,
000921,,,,,,0.0,0.0,2019-05-06,,6.0,7.0,0.0,2025-03-07
000922,,,,,,0.0,0.0,,,,,,2026-04-08
000925,,,,,,0.0,0.0,2016-07-24,,25.0,30.0,0.0,2023-02-03
000926,,,,,,0.0,0.0,2019-12-07,,5.0,5.0,0.0,
000927,,,,,,,,2019-12-08,2025-04-24,3.0,4.0,2.0,2025-04-02
000928,,,,,,,,2024-08-08,,1.0,1.0,0.0,
000929,,,,,,,,,,,,,2025-02-08
000930,,,,,,0.0,0.0,,,,,,
000931,2024-05-17,,,,,0.0,0.0,2019-04-15,,3.0,4.0,0.0,
000932,,,,,,,,,,,,,2023-10-31
000935,,,,,,,,2023-03-06,,2.0,2.0,0.0,2023-05-29
000936,,,,,,0.0,0.0,2018-03-08,,12.0,13.0,0.0,2023-02-06
000938,,,,,,,,2016-08-05,2017-02-10,226.0,390.0,31.0,2023-04-01
000948,,,,,,0.0,0.0,2017-02-04,2017-02-04,95.0,115.0,24.0,2023-02-12
000949,,,,,,0.0,0.0,,,,,,
000950,,,,,,,,2022-07-20,,1.0,1.0,0.0,2024-12-12
000952,,,,,,0.0,0.0,,,,,,
000955,,,,,,0.0,0.0,,,,,,
000957,,,,,,,,2020-02-21,,4.0,6.0,0.0,2025-02-10
000958,,,,,,,,2020-07-02,,3.0,3.0,0.0,
000959,,,,,,0.0,0.0,,,,,,2025-04-25
000960,,,,,,0.0,0.0,2018-07-26,2018-07-26,2.0,3.0,2.0,2024-02-21
000961,,,,,,,,,,,,,2023-03-07
000962,,,,,,0.0,0.0,,,,,,2025-02-20
000963,,,,,,0.0,0.0,2023-01-11,,2.0,2.0,0.0,2023-02-15
000966,,,,,,0.0,0.0,,,,,,
000967,,,,,,,,2017-04-14,2025-05-20,38.0,47.0,2.0,2025-09-01
000969,,,,,,0.0,0.0,2025-10-31,,1.0,1.0,0.0,
000971,,,,,,0.0,0.0,2016-06-29,,4.0,5.0,0.0,2023-02-24
000973,,,,,,0.0,0.0,2024-04-22,,1.0,1.0,0.0,2025-02-12
000977,,,,,,,,2017-02-03,2017-02-17,100.0,320.0,28.0,2023-02-09
000978,,,,,,,,2018-04-01,,2.0,2.0,0.0,2025-02-24
000980,,,,,,,,2020-04-04,,1.0,1.0,0.0,2023-10-12
000981,,,,,,,,2016-06-10,2016-06-10,15.0,17.0,17.0,
000982,,,,,,0.0,0.0,,,,,,
000985,,,,,,0.0,0.0,2017-03-15,,3.0,3.0,0.0,2024-09-18
000987,,,,,,,,2017-12-01,,3.0,3.0,0.0,2025-04-08
000988,,,,,,,,2018-03-02,2025-06-06,39.0,52.0,1.0,2023-04-18
000989,,,,,,0.0,0.0,2023-04-20,,1.0,1.0,0.0,
000990,,,,,,0.0,0.0,2020-04-01,2020-09-21,3.0,3.0,1.0,2023-02-17
000997,,,2023-12-05,,2023-12-05,1.0,1.0,2016-07-21,2018-06-22,56.0,74.0,17.0,2023-05-08
000998,,,,,,0.0,0.0,2025-06-05,,1.0,1.0,0.0,2025-03-12
000999,,,,,,,,2018-06-28,,2.0,2.0,0.0,2023-03-29
001201,,,,,,0.0,0.0,,,,,,2023-03-27
001203,,,,,,,,,,,,,2024-04-11
001209,,,,,,,,,,,,,2023-03-22
001210,,,,,,0.0,0.0,2025-09-26,2025-09-26,1.0,1.0,1.0,
001211,,,,,,,,2025-05-13,,1.0,1.0,0.0,2026-02-05
001215,,,,,,,,2021-03-15,2021-03-15,2.0,3.0,3.0,2025-02-26
001216,,,,,,,,,,,,,2023-03-28
001217,,,,,,0.0,0.0,,,,,,
001225,,,,,,0.0,0.0,,,,,,
001227,,,,,,,,,,,,,2023-05-19
001229,,,,,,,,2021-03-25,,8.0,9.0,0.0,2023-02-09
001230,,,,,,,,2025-09-18,2025-09-18,3.0,4.0,4.0,2025-08-28
001231,,,,,,0.0,0.0,,,,,,2023-03-28
001236,,,,,,,,2021-07-27,,3.0,3.0,0.0,2023-02-07
001238,,,,,,,,2021-07-31,2021-07-31,1.0,1.0,1.0,2023-05-08
001239,,,,,,,,,,,,,2025-02-17
001255,,,,,,,,,,,,,2023-02-15
001259,,,,,,0.0,0.0,,,,,,
001260,,,,,,0.0,0.0,,,,,,
001266,,,,,,,,,,,,,2023-02-14
001270,,,,,,,,2017-04-27,,4.0,4.0,0.0,
001278,,,,,,0.0,0.0,,,,,,2024-08-14
001283,,,,,,0.0,0.0,2017-03-10,2025-03-17,7.0,9.0,2.0,2024-01-03
001287,,,,,,,,2021-03-12,2024-03-26,6.0,6.0,2.0,2023-04-13
001288,,,,,,,,2023-05-16,,3.0,3.0,0.0,2024-07-29
001289,,,,,,,,2016-07-24,,8.0,9.0,0.0,2025-04-15
001296,,,,,,0.0,0.0,,,,,,
001298,,,,,,,,,,,,,2023-04-03
001299,,,,,,0.0,0.0,,,,,,
001300,,,,,,,,,,,,,2024-12-03
001306,,,,,,,,,,,,,2025-02-22
001308,,,,,,,,2021-09-07,2025-01-14,10.0,13.0,3.0,2023-02-03
001309,,,,,,0.0,0.0,2023-01-17,,3.0,4.0,0.0,2023-05-17
001313,,,,,,,,2025-09-10,,1.0,1.0,0.0,2025-09-13
001314,,,,,,0.0,0.0,2020-07-29,2025-06-24,7.0,7.0,2.0,2023-02-15
001322,,,,,,,,2020-03-05,,3.0,3.0,0.0,2023-06-19
001323,,,,,,,,2021-03-04,2021-07-07,8.0,8.0,4.0,2025-05-26
001328,,,,,,0.0,0.0,,,,,,2023-04-23
001330,,,,,,,,2025-04-23,2025-04-23,1.0,2.0,2.0,2024-05-13
001332,,,,,,,,,,,,,2025-02-20
001335,,,,,,,,,,,,,2025-08-23
001339,,,,,,,,2025-05-27,2025-05-27,2.0,2.0,1.0,2023-01-31
001356,,,,,,,,,,,,,2025-02-05
001358,,,,,,0.0,0.0,,,,,,
001360,,,,,,0.0,0.0,,,,,,2023-04-12
001366,,,,,,0.0,0.0,,,,,,
001367,,,,,,0.0,0.0,,,,,,
001368,,,,,,,,,,,,,2026-05-15
001373,,,,,,,,,,,,,2024-04-06
001378,,,,,,0.0,0.0,,,,,,
001387,,,,,,0.0,0.0,,,,,,
001388,,,,,,,,,,,,,2025-07-08
001389,,,,,,0.0,0.0,2024-10-19,,1.0,2.0,0.0,2024-04-29
001391,,,,,,,,,,,,,2025-09-12
001395,,,,,,,,,,,,,2025-02-05
001396,,,,,,,,,,,,,2026-01-04
001696,,,,,,0.0,0.0,2018-06-12,2025-04-16,3.0,4.0,2.0,
001872,,,,,,,,2017-08-04,2017-08-04,5.0,5.0,4.0,2023-09-04
001914,,,,,,,,,,,,,2025-03-19
001965,,,,,,,,2016-06-10,2025-03-17,38.0,50.0,2.0,2026-04-27
001979,,,,,,,,2017-03-18,2017-03-18,5.0,5.0,1.0,2025-04-23
002001,,,,,,0.0,0.0,2018-07-12,2020-08-16,9.0,10.0,7.0,2023-02-14
002002,,,,,,0.0,0.0,2016-05-31,2016-05-31,1.0,1.0,1.0,
002003,,,,,,0.0,0.0,2018-07-03,,21.0,26.0,0.0,
002004,,,,,,0.0,0.0,2026-01-14,2026-01-14,1.0,2.0,2.0,
002005,,,,,,0.0,0.0,,,,,,
002006,,,,,,0.0,0.0,2025-03-31,,1.0,1.0,0.0,2023-03-20
002007,,,,,,0.0,0.0,,,,,,
002008,,,,,,,,2016-06-02,2016-06-03,70.0,86.0,5.0,2024-04-26
002009,,,,,,0.0,0.0,2016-07-25,2025-03-03,10.0,17.0,3.0,2024-03-12
002010,,,,,,0.0,0.0,2017-01-19,,68.0,90.0,0.0,2023-02-25
002013,,,,,,0.0,0.0,2022-07-14,,1.0,1.0,0.0,
002014,,,,,,0.0,0.0,,,,,,
002015,,,,,,0.0,0.0,2022-08-27,,3.0,5.0,0.0,2023-10-13
002017,,,,,,,,2017-12-20,2026-02-26,7.0,8.0,2.0,2023-02-08
002018,,,,,,,,2022-08-08,,1.0,1.0,0.0,
002019,,,,,,0.0,0.0,2017-02-13,2017-02-13,6.0,6.0,6.0,2025-05-08
002020,,,,,,0.0,0.0,2017-03-20,2017-03-20,6.0,7.0,1.0,
002021,,,,,,0.0,0.0,,,,,,
002022,,,,,,0.0,0.0,2023-05-06,2025-02-17,8.0,11.0,3.0,2023-05-11
002023,,,,,,,,2017-02-15,2017-02-15,8.0,8.0,8.0,2025-09-30
002024,,,,,,,,2016-06-08,2017-04-20,307.0,725.0,24.0,2023-06-16
002025,,,,,,0.0,0.0,2021-08-19,2024-08-27,5.0,6.0,1.0,2026-05-09
002026,,,,,,0.0,0.0,,,,,,
002027,,,,,,,,2016-09-06,,116.0,158.0,0.0,2023-07-11
002028,,,,,,,,2016-07-26,2023-11-20,19.0,49.0,6.0,
002029,,,,,,,,2020-02-07,,1.0,1.0,0.0,2026-01-20
002030,,,,,,0.0,0.0,2017-01-17,,6.0,7.0,0.0,2023-02-16
002031,,,,,,0.0,0.0,2016-07-24,,1.0,2.0,0.0,
002032,,,,,,0.0,0.0,2017-02-12,2018-08-21,11.0,12.0,4.0,
002034,,,,,,0.0,0.0,,,,,,
002035,,,,,,0.0,0.0,2017-04-23,2019-11-06,6.0,6.0,3.0,
002036,,,,,,0.0,0.0,2021-12-02,,2.0,2.0,0.0,2025-02-12
002038,,,,,,0.0,0.0,,,,,,2025-02-14
002041,,,,,,0.0,0.0,,,,,,
002042,,,,,,,,2024-07-19,2025-01-06,3.0,3.0,1.0,2023-03-31
002043,,,,,,0.0,0.0,,,,,,
002044,,,,,,0.0,0.0,2016-07-21,2017-03-14,28.0,35.0,5.0,2023-03-26
002045,,,,,,0.0,0.0,2016-07-24,2025-04-15,17.0,36.0,8.0,2023-02-10
002046,,,,,,0.0,0.0,2025-02-07,,2.0,6.0,0.0,
002047,,,,,,,,,,,,,2024-03-07
002048,,,,,,0.0,0.0,2016-06-10,2016-06-10,8.0,8.0,3.0,
002049,,,,,,0.0,0.0,2016-06-21,2016-06-21,65.0,92.0,70.0,2023-02-16
002050,,,,,,,,2016-06-10,2016-06-10,4.0,6.0,4.0,2025-02-27
002051,,,,,,0.0,0.0,2025-06-23,2025-06-25,2.0,3.0,2.0,
002052,,,,,,0.0,0.0,2016-07-24,2016-10-01,6.0,7.0,1.0,
002053,,,,,,0.0,0.0,,,,,,
002054,,,,,,0.0,0.0,,,,,,
002055,,,,,,0.0,0.0,2016-05-31,2016-05-31,18.0,18.0,15.0,2023-06-16
002056,,,,,,0.0,0.0,2025-04-02,,1.0,1.0,0.0,2024-03-20
002057,,,,,,0.0,0.0,,,,,,
002058,,,,,,0.0,0.0,,,,,,
002059,,,,,,,,2017-07-05,,15.0,15.0,0.0,2023-03-07
002060,,,,,,0.0,0.0,2023-04-24,2023-04-24,2.0,3.0,1.0,2026-04-02
002061,,,,,,0.0,0.0,2021-09-23,,1.0,1.0,0.0,2026-05-13
002062,,,,,,0.0,0.0,,,,,,2025-11-18
002063,,,,,,,,2017-02-03,2023-10-23,83.0,236.0,2.0,2023-02-08
002064,,,,,,0.0,0.0,2021-07-31,2026-02-14,3.0,4.0,2.0,
002065,,,,,,,,2016-06-10,2017-03-04,185.0,264.0,25.0,2023-03-06
002066,,,,,,0.0,0.0,,,,,,
002067,,,,,,0.0,0.0,,,,,,2025-02-26
002069,,,,,,0.0,0.0,,,,,,
002070,,,,,,0.0,0.0,,,,,,
002071,,,,,,0.0,0.0,,,,,,
002072,,,,,,0.0,0.0,2018-01-28,,2.0,3.0,0.0,
002073,,,,,,0.0,0.0,2017-02-15,2025-06-27,7.0,14.0,4.0,2025-03-05
002074,,,,,,0.0,0.0,2017-09-15,2020-05-21,31.0,55.0,17.0,
002075,,,,,,0.0,0.0,2021-07-30,2026-02-28,4.0,7.0,3.0,
002076,,,,,,0.0,0.0,2017-03-17,2017-03-17,3.0,3.0,3.0,2025-02-20
002077,,,,,,0.0,0.0,,,,,,2023-02-10
002078,,,,,,0.0,0.0,2025-11-04,,1.0,1.0,0.0,
002079,,,,,,0.0,0.0,2017-02-22,,9.0,14.0,0.0,2025-02-27
002080,,2022-07-20,2020-03-25,2022-07-20,2020-03-25,3.0,2.0,2025-04-14,2025-04-14,3.0,3.0,2.0,
002081,,,,,,0.0,0.0,2017-01-17,,16.0,17.0,0.0,2024-01-02
002082,,,,,,0.0,0.0,2022-09-24,,2.0,2.0,0.0,
002083,,,,,,0.0,0.0,2017-02-22,2017-02-22,4.0,0.0,4.0,
002084,,,,,,0.0,0.0,2017-04-16,2017-04-16,1.0,0.0,1.0,2023-02-09
002085,,,,,,,,2016-06-09,2016-06-09,9.0,10.0,10.0,
002088,,,,,,0.0,0.0,2017-02-07,2017-02-07,8.0,9.0,9.0,
002089,,,,,,,,2018-03-22,,1.0,1.0,0.0,2023-06-09
002090,,,,,,0.0,0.0,2017-02-08,,19.0,24.0,0.0,2023-02-02
002091,,,,,,0.0,0.0,,,,,,
002092,,,,,,0.0,0.0,,,,,,
002093,,,,,,,,2019-03-24,,3.0,6.0,0.0,2022-12-12
002094,,,,,,0.0,0.0,2016-06-10,2016-06-10,2.0,2.0,1.0,
002095,,,,,,,,2018-07-28,,1.0,1.0,0.0,2023-07-26
002096,,,,,,0.0,0.0,2025-03-03,,3.0,6.0,0.0,2026-04-10
002097,,,,,,0.0,0.0,2017-03-23,2023-06-19,4.0,5.0,1.0,
002098,,,,,,0.0,0.0,2026-01-20,,1.0,1.0,0.0,2025-07-28
002099,,,,,,0.0,0.0,,,,,,
002100,,,,,,0.0,0.0,,,,,,2025-03-07
002101,,,,,,0.0,0.0,2021-07-16,2025-03-13,3.0,3.0,1.0,
002102,,,,,,0.0,0.0,,,,,,2023-02-10
002103,,,,,,0.0,0.0,,,,,,
002104,,,,,,0.0,0.0,2019-12-02,2019-12-02,2.0,8.0,4.0,2025-05-22
002105,,,,,,0.0,0.0,,,,,,
002106,,,,,,,,2025-04-08,2026-02-25,3.0,4.0,2.0,2023-02-11
002107,,,,,,0.0,0.0,,,,,,
002108,,,,,,0.0,0.0,,,,,,
002110,,,,,,0.0,0.0,,,,,,2025-02-10
002111,,,,,,0.0,0.0,,,,,,
002113,,,,,,,,,,,,,2023-02-13
002115,,,,,,0.0,0.0,2018-07-17,2018-07-17,8.0,12.0,4.0,2023-05-08
002116,,,,,,,,2023-04-27,2024-09-02,6.0,7.0,2.0,2023-03-28
002117,,,,,,0.0,0.0,,,,,,2023-02-02
002118,,,,,,0.0,0.0,2018-01-29,,1.0,1.0,0.0,
002119,,,,,,0.0,0.0,,,,,,
002120,,,,,,0.0,0.0,2016-06-03,2018-07-13,29.0,42.0,6.0,2025-02-25
002121,,,2014-12-30,,,1.0,0.0,2017-02-11,2018-06-23,25.0,25.0,5.0,2023-03-30
002122,,,,,,0.0,0.0,2017-10-16,2023-11-04,16.0,19.0,7.0,2024-01-12
002123,,,,,,,,2018-07-10,,14.0,14.0,0.0,2023-02-02
002124,,,,,,0.0,0.0,2022-10-13,2025-06-11,3.0,4.0,1.0,2024-07-30
002125,,,,,,0.0,0.0,,,,,,
002126,,,,,,0.0,0.0,2021-07-27,2026-01-29,6.0,6.0,1.0,
002127,,,,,,,,2016-06-06,2016-06-06,8.0,17.0,5.0,2023-02-03
002129,,,,,,0.0,0.0,2021-04-29,2023-03-09,17.0,17.0,1.0,2024-04-29
002130,,,,,,0.0,0.0,2020-03-06,,4.0,4.0,0.0,2023-02-09
002131,,,,,,0.0,0.0,2016-09-12,2023-08-14,19.0,22.0,3.0,2023-02-23
002132,,,,,,,,,,,,,2025-02-13
002135,,,,,,0.0,0.0,,,,,,
002136,,,,,,0.0,0.0,,,,,,
002137,,,,,,0.0,0.0,2017-02-04,,18.0,22.0,0.0,2023-02-02
002138,,,,,,0.0,0.0,,,,,,2024-08-01
002139,,,,,,0.0,0.0,2016-06-04,2024-07-15,52.0,69.0,6.0,2023-02-20
002140,,,,,,0.0,0.0,,,,,,2025-03-13
002141,,,,,,0.0,0.0,,,,,,
002142,,,,,,,,2024-02-28,2024-02-28,1.0,1.0,1.0,2026-05-15
002143,,,,,,,,2017-08-09,2017-08-09,3.0,4.0,4.0,
002144,,,,,,0.0,0.0,2022-09-29,,1.0,1.0,0.0,2025-02-18
002145,,,,,,0.0,0.0,,,,,,
002146,,,,,,,,2017-02-28,2017-02-28,2.0,2.0,2.0,
002147,,,,,,0.0,0.0,,,,,,
002148,,,,,,,,2019-05-13,,2.0,2.0,0.0,2023-02-02
002149,,,,,,0.0,0.0,,,,,,
002150,,,,,,0.0,0.0,,,,,,
002151,,,,,,0.0,0.0,2016-06-07,2017-12-13,61.0,84.0,18.0,
002152,2025-06-09,,,,,0.0,0.0,2016-05-31,2016-06-10,194.0,310.0,63.0,2023-02-03
002153,,,,,,,,2016-06-06,2016-06-06,12.0,13.0,1.0,2023-03-28
002154,,,,,,,,2019-05-01,,2.0,2.0,0.0,2023-06-16
002156,,,,,,,,2017-03-19,2017-03-19,9.0,13.0,13.0,2023-03-02
002157,,,,,,0.0,0.0,2022-04-21,,1.0,1.0,0.0,
002158,,,,,,0.0,0.0,,,,,,
002160,,,,,,0.0,0.0,,,,,,
002161,,,,,,0.0,0.0,2017-05-05,,11.0,14.0,0.0,2024-12-12
002162,,,,,,0.0,0.0,2025-06-26,,1.0,1.0,0.0,2025-03-06
002163,,,,,,,,2026-01-13,,2.0,2.0,0.0,
002164,,,,,,0.0,0.0,,,,,,
002165,,,,,,0.0,0.0,2017-03-15,2017-03-15,2.0,2.0,2.0,
002166,,,,,,0.0,0.0,,,,,,2025-02-10
002167,,,,,,0.0,0.0,,,,,,
002168,,,,,,0.0,0.0,,,,,,2023-03-10
002169,,,,,,0.0,0.0,2018-08-02,,6.0,6.0,0.0,
002170,,,,,,0.0,0.0,2017-01-20,,2.0,2.0,0.0,
002171,,,,,,0.0,0.0,2023-05-18,,2.0,3.0,0.0,2023-02-18
002173,,,,,,0.0,0.0,,,,,,2025-04-23
002174,,,,,,0.0,0.0,2016-06-10,2017-02-14,148.0,227.0,14.0,2023-03-20
002175,,,,,,0.0,0.0,,,,,,
002176,,,,,,0.0,0.0,,,,,,
002177,,,,,,0.0,0.0,2016-06-10,,35.0,42.0,0.0,2023-04-21
002178,,,,,,0.0,0.0,2018-07-06,,19.0,19.0,0.0,
002179,,,,,,0.0,0.0,,,,,,2025-02-12
002180,,,,,,,,2020-07-14,2024-10-21,13.0,15.0,7.0,2023-03-29
002181,,,,,,,,2024-12-13,2024-12-13,5.0,6.0,6.0,2023-02-07
002182,,,,,,0.0,0.0,,,,,,
002183,,,,,,,,2016-07-22,2016-07-22,19.0,16.0,10.0,2025-03-11
002184,,,,,,0.0,0.0,2016-09-03,2025-02-12,4.0,7.0,4.0,2023-04-10
002185,,,,,,0.0,0.0,2016-06-10,2016-06-10,5.0,6.0,6.0,2025-04-11
002186,,,,,,,,,,,,,2024-12-17
002188,,,,,,0.0,0.0,2017-03-14,,1.0,2.0,0.0,
002189,,,,,,0.0,0.0,2017-12-04,,2.0,2.0,0.0,
002190,,,,,,0.0,0.0,2019-12-25,,1.0,1.0,0.0,
002191,,,,,,0.0,0.0,2017-04-14,2017-05-22,17.0,21.0,1.0,2024-11-21
002192,,,,,,0.0,0.0,,,,,,
002194,,,,,,0.0,0.0,2018-09-27,,5.0,5.0,0.0,2023-02-16
002195,,,,,,0.0,0.0,2016-06-06,2020-05-23,152.0,252.0,15.0,2023-02-01
002196,,,,,,0.0,0.0,2019-12-08,,3.0,4.0,0.0,
002197,,,,,,0.0,0.0,2018-06-07,2025-02-26,18.0,22.0,2.0,2023-02-02
002198,,,,,,0.0,0.0,,,,,,2025-03-14
002199,,,,,,0.0,0.0,,,,,,
002201,,,,,,0.0,0.0,,,,,,
002202,,,,,,0.0,0.0,2016-06-07,2016-08-31,99.0,124.0,7.0,
002203,,,,,,0.0,0.0,2021-06-09,2021-06-09,1.0,0.0,1.0,2024-05-15
002204,,,,,,,,2021-06-18,,1.0,2.0,0.0,2025-05-08
002205,,,,,,0.0,0.0,,,,,,2025-02-21
002206,,,,,,0.0,0.0,2021-07-09,,2.0,2.0,0.0,
002207,,,,,,0.0,0.0,,,,,,
002209,,,,,,0.0,0.0,2024-03-20,,2.0,3.0,0.0,2023-02-16
002210,,,,,,0.0,0.0,,,,,,2025-03-05
002211,,,,,,0.0,0.0,,,,,,
002212,2024-10-15,,,,,0.0,0.0,2016-07-22,2023-10-30,52.0,59.0,2.0,2023-02-17
002213,,,,,,0.0,0.0,,,,,,2023-02-01
002214,,,,,,0.0,0.0,2017-02-15,,26.0,29.0,0.0,
002215,,,,,,0.0,0.0,2016-08-23,2016-08-23,6.0,2.0,4.0,
002217,,,,,,0.0,0.0,2017-03-16,,11.0,16.0,0.0,2023-02-08
002218,,,,,,0.0,0.0,,,,,,2023-02-10
002219,,,,,,0.0,0.0,,,,,,2025-04-17
002220,,,,,,0.0,0.0,,,,,,
002222,,,,,,0.0,0.0,,,,,,2023-02-10
002223,,,,,,,,2016-06-01,2018-06-03,62.0,91.0,23.0,2025-04-27
002224,,,,,,0.0,0.0,2019-04-28,2019-04-28,1.0,0.0,1.0,2023-02-07
002225,,,,,,0.0,0.0,,,,,,
002226,,,,,,0.0,0.0,2025-05-27,,1.0,2.0,0.0,2022-12-14
002227,,,,,,0.0,0.0,,,,,,
002228,,,,,,0.0,0.0,,,,,,
002229,,,,,,,,2023-09-01,2023-09-01,3.0,3.0,3.0,2023-02-02
002230,2023-09-04,2010-05-12,2006-04-07,,,3.0,0.0,2016-06-02,2017-11-18,684.0,2547.0,225.0,2022-12-07
002231,,,,,,0.0,0.0,2023-01-28,,6.0,6.0,0.0,2023-03-20
002232,,,,,,0.0,0.0,2017-03-15,2023-07-06,6.0,7.0,1.0,2023-02-03
002233,,,,,,,,2025-04-11,,1.0,1.0,0.0,
002234,,,,,,0.0,0.0,,,,,,
002235,,,,,,,,2017-05-13,,13.0,16.0,0.0,2023-02-14
002236,2024-10-21,,,,,0.0,0.0,2016-07-22,2017-09-01,126.0,227.0,4.0,2023-02-08
002237,,,,,,0.0,0.0,,,,,,2023-11-16
002238,,,,,,0.0,0.0,2022-11-04,,2.0,2.0,0.0,2023-02-27
002239,,,,,,,,2017-08-28,2017-08-28,10.0,11.0,11.0,
002240,,,,,,0.0,0.0,,,,,,
002241,,,2011-11-16,,2014-08-26,6.0,2.0,2016-06-10,2018-07-12,110.0,165.0,20.0,2023-04-22
002242,,,,,,0.0,0.0,2017-04-12,2026-02-10,21.0,56.0,4.0,2023-02-17
002243,,,,,,0.0,0.0,2017-11-16,2023-07-22,10.0,11.0,1.0,2023-02-05
002244,,,,,,,,,,,,,2026-04-28
002246,,,,,,0.0,0.0,,,,,,
002247,,,,,,0.0,0.0,2019-06-14,2019-06-14,2.0,3.0,3.0,
002248,,,,,,0.0,0.0,,,,,,
002249,,,,,,0.0,0.0,2017-03-16,2019-11-11,11.0,20.0,5.0,2025-03-15
002250,,,,,,0.0,0.0,,,,,,2025-02-12
002251,,,,,,,,2017-03-16,,6.0,6.0,0.0,
002252,,,,,,0.0,0.0,,,,,,2026-04-10
002253,,2010-08-04,2009-01-04,,,4.0,0.0,2017-02-16,,21.0,21.0,0.0,2023-02-03
002254,,,,,,0.0,0.0,,,,,,
002255,,,,,,0.0,0.0,,,,,,
002256,,,,,,0.0,0.0,,,,,,2023-04-07
002258,,,,,,0.0,0.0,2019-02-28,,2.0,2.0,0.0,
002259,,,,,,0.0,0.0,,,,,,
002260,,,,,,0.0,0.0,,,,,,
002261,,,,,,,,2016-06-10,2019-12-28,178.0,300.0,24.0,2023-02-01
002262,,,,,,0.0,0.0,2018-08-05,,6.0,7.0,0.0,2025-02-18
002263,,,,,,0.0,0.0,,,,,,
002264,,,,,,,,2020-02-04,2020-06-04,13.0,4.0,10.0,2023-03-02
002265,,,,,,0.0,0.0,2021-08-20,,4.0,4.0,0.0,
002268,,,,,,0.0,0.0,2017-04-14,2017-12-15,22.0,20.0,5.0,2023-04-06
002269,,,,,,,,2016-06-01,2016-06-01,6.0,6.0,2.0,2025-05-09
002270,,,,,,0.0,0.0,2019-03-23,,7.0,8.0,0.0,
002271,,,,,,0.0,0.0,2016-07-24,,6.0,6.0,0.0,2025-03-17
002272,,,,,,0.0,0.0,2021-04-23,,1.0,1.0,0.0,2023-08-11
002273,,,,,,0.0,0.0,2017-05-23,2017-05-23,21.0,26.0,5.0,2024-04-11
002274,,,,,,0.0,0.0,,,,,,
002275,,,,,,0.0,0.0,,,,,,
002276,,,,,,0.0,0.0,2024-03-26,2024-03-26,3.0,3.0,3.0,
002278,,,,,,0.0,0.0,2025-12-03,2025-12-03,1.0,1.0,1.0,2026-05-07
002279,,,,,,,,2017-01-19,2017-01-19,43.0,51.0,4.0,2023-02-03
002280,,,,,,,,2016-06-10,,51.0,64.0,0.0,2023-02-10
002281,,,,,,,,2016-06-10,,4.0,5.0,0.0,2023-02-20
002282,,,,,,0.0,0.0,2025-12-16,,1.0,1.0,0.0,2025-01-23
002283,,,,,,0.0,0.0,2016-06-15,,58.0,113.0,0.0,2025-02-10
002284,,,,,,0.0,0.0,2017-02-15,,61.0,117.0,0.0,
002285,,,,,,,,2016-06-30,2017-02-04,33.0,37.0,1.0,2025-02-21
002286,,,,,,0.0,0.0,,,,,,2023-06-01
002287,,,,,,,,2026-01-31,2026-01-31,1.0,1.0,1.0,
002288,,,,,,0.0,0.0,,,,,,
002289,,,,,,0.0,0.0,,,,,,
002290,,,,,,,,,,,,,2024-07-23
002291,,,,,,,,2018-07-10,,2.0,2.0,0.0,2023-02-02
002292,,,,,,,,2016-06-10,2017-02-15,37.0,48.0,6.0,2023-02-06
002293,,,,,,,,2019-12-13,,1.0,1.0,0.0,
002294,,,,,,0.0,0.0,2017-03-11,2017-03-11,5.0,5.0,5.0,
002295,,,,,,0.0,0.0,,,,,,
002296,,2021-11-16,2018-10-19,,,4.0,0.0,2021-08-23,,2.0,2.0,0.0,2025-08-27
002297,,,,,,0.0,0.0,,,,,,
002298,,,,,,,,2018-07-05,,16.0,16.0,0.0,2023-02-01
002299,,,,,,,,2021-09-22,2021-09-22,2.0,2.0,1.0,
002300,,,,,,0.0,0.0,,,,,,
002301,,,,,,,,2016-06-05,2017-06-07,30.0,39.0,2.0,2023-05-23
002302,,,,,,,,2022-03-26,,3.0,4.0,0.0,2025-02-25
002303,,,,,,0.0,0.0,2025-09-26,2025-09-26,2.0,2.0,2.0,2025-02-18
002304,,,,,,,,2017-07-26,,5.0,7.0,0.0,
002305,,,,,,,,2025-03-27,2025-03-27,2.0,3.0,3.0,
002307,,,,,,0.0,0.0,2017-03-22,2017-03-22,4.0,2.0,2.0,
002308,,,,,,0.0,0.0,2017-04-23,,12.0,14.0,0.0,
002309,,,,,,,,2021-05-22,2021-05-22,5.0,0.0,5.0,
002310,,,,,,0.0,0.0,2020-06-10,,5.0,5.0,0.0,
002311,,,,,,0.0,0.0,2019-05-25,2021-12-29,5.0,4.0,1.0,
002312,,,,,,0.0,0.0,2016-06-10,2016-07-03,33.0,40.0,22.0,2025-03-13
002313,,,,,,0.0,0.0,2017-02-14,2025-09-17,24.0,28.0,1.0,2023-02-08
002314,,,,,,,,2016-04-03,2016-04-03,8.0,13.0,3.0,
002315,,,,,,,,2017-01-17,2023-07-14,100.0,247.0,1.0,2022-12-12
002316,,,,,,0.0,0.0,2016-06-06,2017-05-18,15.0,18.0,4.0,2023-04-20
002317,,,,,,0.0,0.0,,,,,,
002319,,,,,,,,2024-07-09,2024-07-09,10.0,0.0,12.0,
002321,,,,,,,,,,,,,2025-02-28
002322,,,,,,,,2016-06-21,2018-06-21,19.0,21.0,7.0,2023-02-02
002323,,,,,,0.0,0.0,,,,,,
002324,,,,,,0.0,0.0,,,,,,
002325,,,,,,0.0,0.0,2017-02-08,2017-02-08,2.0,3.0,3.0,
002326,,,,,,0.0,0.0,,,,,,
002328,,,,,,0.0,0.0,,,,,,2023-04-28
002329,,,,,,0.0,0.0,2017-02-26,,2.0,2.0,0.0,2023-02-03
002330,,,,,,0.0,0.0,,,,,,
002331,,,,,,,,2016-06-10,,23.0,25.0,0.0,2023-03-02
002332,,,,,,0.0,0.0,,,,,,
002333,,,,,,,,2021-07-16,,1.0,1.0,0.0,
002334,,,,,,0.0,0.0,2016-06-01,2017-07-31,28.0,29.0,6.0,2023-02-02
002335,,,,,,0.0,0.0,2017-12-13,2017-12-13,14.0,20.0,2.0,2022-12-14
002337,,,,,,0.0,0.0,2017-01-31,2017-01-31,2.0,2.0,1.0,2023-02-17
002338,,2011-07-06,2007-04-28,,,14.0,0.0,2021-03-11,,2.0,2.0,0.0,
002339,,,,,,0.0,0.0,2018-07-13,,1.0,1.0,0.0,2023-02-13
002340,,,,,,0.0,0.0,2024-08-21,2024-08-21,3.0,2.0,1.0,
002341,,,,,,0.0,0.0,2017-08-25,,8.0,10.0,0.0,
002342,,,,,,0.0,0.0,,,,,,
002343,,,,,,0.0,0.0,,,,,,2023-10-23
002345,,,,,,,,2024-10-01,2024-10-01,4.0,9.0,2.0,
002347,,,,,,0.0,0.0,2019-12-02,2025-03-03,15.0,36.0,2.0,2023-02-10
002348,,,,,,0.0,0.0,,,,,,2023-02-10
002349,,,,,,0.0,0.0,2025-09-23,,1.0,2.0,0.0,
002350,,,,,,0.0,0.0,,,,,,2023-02-27
002351,,,,,,0.0,0.0,2021-08-06,,3.0,3.0,0.0,2023-03-31
002352,,,,,,0.0,0.0,2016-08-31,2018-07-01,297.0,591.0,16.0,2025-03-28
002353,,,,,,,,2017-02-06,,22.0,31.0,0.0,
002354,2025-12-22,,,,,,,2016-06-08,2017-02-15,37.0,52.0,16.0,2022-12-08
002355,,,,,,,,2016-07-07,,16.0,17.0,0.0,2023-03-28
002356,,,,,,0.0,0.0,2017-02-04,,4.0,4.0,0.0,
002359,,,,,,,,2016-09-02,2016-09-02,11.0,5.0,10.0,
002360,,,,,,0.0,0.0,,,,,,
002361,,,,,,,,2016-06-04,,13.0,14.0,0.0,
002362,2024-03-11,,,,,0.0,0.0,2017-01-17,2024-04-01,56.0,75.0,1.0,2022-11-30
002363,,,,,,0.0,0.0,,,,,,
002364,,,,,,0.0,0.0,2016-07-11,2016-08-02,43.0,45.0,2.0,2023-05-15
002365,,,,,,0.0,0.0,,,,,,
002366,,,,,,0.0,0.0,,,,,,
002367,,,,,,,,2017-03-15,2017-03-15,1.0,1.0,1.0,2023-02-09
002368,,,,,,,,2017-02-09,2017-02-13,85.0,183.0,10.0,2023-02-06
002369,,,,,,,,2017-02-15,2026-01-20,13.0,14.0,2.0,2023-03-07
002370,,,,,,0.0,0.0,2017-04-16,2017-04-16,11.0,11.0,8.0,2025-04-14
002371,,,,,,,,2021-07-30,,6.0,7.0,0.0,2023-03-16
002372,,,,,,0.0,0.0,2023-04-01,,2.0,2.0,0.0,
002373,,,,,,,,2017-03-16,2023-06-09,118.0,190.0,10.0,2023-02-14
002374,,,,,,0.0,0.0,,,,,,
002375,,,,,,0.0,0.0,2017-10-19,,4.0,5.0,0.0,2023-02-02
002376,,2014-12-10,2015-10-26,,2015-10-26,3.0,1.0,2016-06-01,2024-09-13,16.0,23.0,4.0,2025-03-08
002377,,,,,,0.0,0.0,2017-02-07,2019-12-18,20.0,25.0,1.0,2023-03-23
002380,,2008-02-13,2005-04-28,,,1.0,0.0,2017-02-14,,11.0,11.0,0.0,2023-02-20
002382,,,,,,,,2025-06-17,,1.0,2.0,0.0,
002383,,,,,,0.0,0.0,2016-09-03,2017-08-11,42.0,49.0,5.0,2024-03-13
002384,,,,,,0.0,0.0,2018-07-08,2018-07-08,45.0,56.0,46.0,
002385,,,,,,,,2016-06-01,,56.0,70.0,0.0,2025-02-14
002386,,,,,,0.0,0.0,,,,,,2025-04-03
002387,,,,,,0.0,0.0,2018-06-25,2021-08-01,7.0,6.0,1.0,2026-05-15
002388,,,,,,,,2022-11-30,2024-03-25,2.0,2.0,1.0,
002389,,,,,,,,2021-07-30,2021-07-30,3.0,3.0,1.0,2023-03-22
002390,,,,,,0.0,0.0,,,,,,2024-05-09
002391,,,,,,0.0,0.0,,,,,,
002392,,,,,,,,,,,,,2025-06-19
002393,,,,,,0.0,0.0,,,,,,
002394,,,,,,0.0,0.0,2023-11-10,,2.0,3.0,0.0,
002395,,,,,,0.0,0.0,,,,,,
002396,,,,,,,,2017-02-26,2025-09-19,37.0,41.0,5.0,2023-02-10
002397,,,,,,,,2018-09-20,2018-09-20,1.0,0.0,1.0,
002398,,,,,,,,2020-04-09,,1.0,1.0,0.0,2023-04-06
002399,,,,,,0.0,0.0,2019-09-24,2025-09-18,2.0,2.0,1.0,
002400,,,,,,,,2016-06-05,2017-03-17,61.0,90.0,7.0,2023-04-18
002401,,,,,,0.0,0.0,2021-03-02,,5.0,10.0,0.0,2023-02-09
002402,,,,,,0.0,0.0,2016-06-10,2020-05-11,162.0,342.0,7.0,2023-02-06
002403,,,,,,,,2018-06-22,2018-07-06,23.0,31.0,7.0,2023-03-10
002404,,,,,,0.0,0.0,,,,,,2026-01-14
002405,,,,,,,,2016-06-01,2016-06-10,294.0,954.0,12.0,2023-02-07
002406,,,,,,0.0,0.0,,,,,,
002407,,,,,,0.0,0.0,2019-12-12,,2.0,2.0,0.0,
002409,,,,,,0.0,0.0,,,,,,2025-02-19
002410,2026-04-03,,,,,,,2017-02-04,2020-03-20,92.0,269.0,10.0,2023-02-13
002411,,,,,,0.0,0.0,,,,,,2023-03-27
002412,,,,,,0.0,0.0,,,,,,
002413,,,,,,0.0,0.0,2016-08-02,2025-05-15,84.0,110.0,7.0,2023-03-14
002414,,,,,,0.0,0.0,2016-06-10,2024-09-02,63.0,77.0,2.0,2023-06-13
002415,2025-09-11,,,,,,,2016-06-02,2018-04-05,389.0,719.0,23.0,2023-04-15
002416,,,,,,,,2023-07-31,2025-05-26,5.0,5.0,1.0,2023-03-29
002418,,,,,,0.0,0.0,,,,,,
002419,,,,,,,,2019-05-12,2023-10-31,24.0,24.0,6.0,2023-04-03
002420,,,,,,,,2023-11-20,,2.0,2.0,0.0,
002421,,,,,,0.0,0.0,2018-03-19,,9.0,11.0,0.0,2023-02-01
002422,,,,,,,,2019-05-07,2026-01-16,11.0,14.0,2.0,2025-02-07
002423,,,,,,0.0,0.0,2020-06-07,2024-08-26,2.0,2.0,1.0,2025-11-20
002424,,,,,,0.0,0.0,,,,,,
002425,,,,,,,,2019-03-26,2021-08-14,9.0,13.0,2.0,2023-02-06
002426,,,,,,0.0,0.0,2017-02-17,2017-02-17,7.0,8.0,1.0,2023-06-21
002427,,,,,,0.0,0.0,,,,,,
002428,,,,,,0.0,0.0,,,,,,
002429,,,,,,,,2016-06-05,2025-10-30,23.0,23.0,1.0,2023-04-12
002430,,,,,,0.0,0.0,,,,,,
002431,,,,,,0.0,0.0,2017-03-17,2017-04-19,8.0,9.0,4.0,2026-03-12
002432,,,,,,,,2016-06-04,2020-09-12,31.0,34.0,8.0,2023-12-15
002433,,,,,,0.0,0.0,2018-01-02,,3.0,3.0,0.0,
002434,,,,,,0.0,0.0,2024-04-22,,1.0,1.0,0.0,
002436,,,,,,,,2024-09-27,2024-09-27,2.0,3.0,2.0,2023-04-07
002437,,,,,,0.0,0.0,2018-06-22,2020-05-11,8.0,9.0,2.0,
002438,,,,,,,,2023-12-05,,1.0,1.0,0.0,
002439,2026-03-05,,,,,0.0,0.0,2016-06-10,2016-09-13,43.0,49.0,8.0,2023-04-06
002441,,,,,,,,2021-02-21,,4.0,4.0,0.0,2023-02-02
002442,,,,,,,,,,,,,2024-02-25
002443,,,,,,,,,,,,,2025-11-06
002444,,,,,,0.0,0.0,2016-06-10,,8.0,8.0,0.0,2023-03-21
002445,,,,,,0.0,0.0,2018-01-31,,2.0,4.0,0.0,2023-02-28
002446,,,,,,0.0,0.0,2020-04-11,,7.0,10.0,0.0,2024-02-28
002447,,,,,,,,2017-02-13,,8.0,14.0,0.0,
002449,,,,,,0.0,0.0,,,,,,2022-12-30
002450,,,,,,,,2016-09-04,2017-04-16,21.0,21.0,9.0,
002451,,,,,,0.0,0.0,2018-03-30,,2.0,2.0,0.0,
002452,,,,,,0.0,0.0,,,,,,
002453,,,,,,0.0,0.0,2019-07-31,,9.0,10.0,0.0,
002454,,,,,,0.0,0.0,,,,,,
002456,,,,,,,,2016-06-05,2022-09-14,96.0,119.0,6.0,2024-08-25
002457,,,,,,0.0,0.0,,,,,,2023-02-15
002458,,,,,,0.0,0.0,,,,,,
002459,,,,,,0.0,0.0,2016-07-24,2016-07-24,19.0,23.0,15.0,
002460,,,,,,0.0,0.0,2023-06-29,2024-07-05,12.0,14.0,1.0,
002462,,,,,,,,2024-07-08,,1.0,1.0,0.0,
002463,,,,,,0.0,0.0,2016-07-24,2020-05-05,9.0,14.0,9.0,2023-02-08
002464,,,,,,,,2017-12-29,2017-12-29,6.0,7.0,3.0,
002465,,,,,,0.0,0.0,2016-05-31,2020-02-19,100.0,133.0,5.0,2025-08-08
002466,,,,,,0.0,0.0,,,,,,
002467,,,,,,,,2018-06-23,2025-06-27,10.0,12.0,5.0,2023-01-31
002468,,,,,,0.0,0.0,2018-06-21,2025-12-22,53.0,139.0,2.0,2023-02-08
002469,,,,,,0.0,0.0,,,,,,
002470,,,,,,0.0,0.0,,,,,,
002471,,,,,,0.0,0.0,,,,,,2026-01-16
002472,,,,,,0.0,0.0,2019-11-29,2025-06-12,7.0,7.0,2.0,
002474,,,,,,0.0,0.0,2017-11-22,,4.0,4.0,0.0,2023-02-02
002475,,,,,,0.0,0.0,2017-03-22,2017-03-22,125.0,191.0,114.0,2023-05-04
002476,,,,,,0.0,0.0,,,,,,2025-02-17
002478,,,,,,0.0,0.0,,,,,,
002479,,,,,,0.0,0.0,,,,,,2023-03-21
002481,,,,,,0.0,0.0,2021-07-21,,1.0,1.0,0.0,
002483,,,,,,0.0,0.0,2021-07-20,,1.0,1.0,0.0,
002486,,,,,,0.0,0.0,,,,,,
002487,,,,,,0.0,0.0,,,,,,
002488,,,,,,,,2016-06-08,,11.0,20.0,0.0,2025-02-12
002489,,,,,,,,2025-11-20,2025-11-20,1.0,1.0,1.0,2025-02-05
002490,,,,,,0.0,0.0,,,,,,
002491,,,,,,0.0,0.0,2017-02-14,,66.0,111.0,0.0,
002492,,,,,,0.0,0.0,,,,,,
002493,,,,,,0.0,0.0,,,,,,
002494,,,,,,0.0,0.0,,,,,,2023-02-07
002495,,,,,,0.0,0.0,,,,,,
002496,,,,,,0.0,0.0,,,,,,
002497,,,,,,0.0,0.0,,,,,,
002499,,,,,,0.0,0.0,,,,,,
002500,,,,,,,,2018-07-10,,4.0,5.0,0.0,2025-02-14
002501,,,,,,0.0,0.0,,,,,,
002502,,,,,,,,2023-11-20,2023-11-20,1.0,1.0,1.0,2024-03-05
002503,,,,,,,,2018-06-14,2018-06-14,3.0,0.0,4.0,
002504,,,,,,0.0,0.0,,,,,,
002505,,,,,,,,2018-04-11,,2.0,2.0,0.0,
002506,,,,,,0.0,0.0,2018-07-14,,4.0,5.0,0.0,
002507,,,,,,0.0,0.0,,,,,,
002508,2025-11-10,,,,,,,2018-01-15,2020-07-26,7.0,7.0,2.0,2024-06-26
002509,,,,,,0.0,0.0,,,,,,
002510,,,,,,,,2018-04-16,,1.0,1.0,0.0,
002511,,,,,,,,2024-03-05,2024-07-24,5.0,8.0,8.0,
002512,,,,,,0.0,0.0,2017-03-10,2017-03-10,5.0,5.0,2.0,2023-05-15
002513,,,,,,0.0,0.0,,,,,,2025-05-08
002514,,,,,,0.0,0.0,,,,,,2025-02-12
002515,,,,,,0.0,0.0,,,,,,2025-09-25
002516,,,,,,,,2025-12-09,2025-12-09,2.0,2.0,2.0,
002517,,,,,,,,2016-06-02,2021-05-21,24.0,25.0,1.0,2023-02-09
002518,,,,,,,,2018-03-19,,7.0,7.0,0.0,2025-02-20
002519,,,,,,,,2019-11-29,,4.0,5.0,0.0,2025-02-27
002520,,,,,,0.0,0.0,,,,,,
002521,,,,,,0.0,0.0,,,,,,
002522,,,,,,0.0,0.0,,,,,,
002523,,,,,,,,2025-09-04,,2.0,2.0,0.0,
002524,,,,,,0.0,0.0,2026-02-04,2026-02-04,1.0,1.0,1.0,2023-06-16
002526,,,,,,,,2021-04-24,,2.0,2.0,0.0,2024-12-06
002527,,,,,,,,2016-06-09,2025-10-22,29.0,50.0,19.0,2023-02-01
002528,,,2021-01-18,,,1.0,0.0,2016-06-04,,26.0,34.0,0.0,2023-02-02
002529,,,,,,0.0,0.0,2018-07-01,,3.0,4.0,0.0,
002530,,,,,,0.0,0.0,2017-09-20,,13.0,19.0,0.0,2022-12-26
002531,,,,,,,,2018-07-12,,5.0,9.0,0.0,2025-02-20
002532,,,,,,0.0,0.0,,,,,,
002533,,,,,,0.0,0.0,2019-12-05,,1.0,2.0,0.0,2025-02-21
002534,,,,,,0.0,0.0,2020-07-26,,1.0,1.0,0.0,2025-02-13
002535,,,,,,0.0,0.0,2016-06-05,,18.0,19.0,0.0,
002536,,,,,,0.0,0.0,,,,,,
002537,,,,,,0.0,0.0,2016-08-11,2019-05-19,31.0,38.0,3.0,2023-02-10
002538,,,,,,0.0,0.0,,,,,,2023-04-07
002539,,,,,,0.0,0.0,2017-01-17,2025-10-24,4.0,4.0,1.0,
002540,,,,,,0.0,0.0,2016-06-12,,12.0,12.0,0.0,
002541,,,,,,0.0,0.0,,,,,,
002542,,,,,,0.0,0.0,,,,,,2024-03-22
002543,,,,,,0.0,0.0,2018-01-08,2025-03-01,14.0,21.0,12.0,2023-09-04
002544,,,,,,0.0,0.0,2017-02-04,,17.0,21.0,0.0,2024-02-21
002545,,,,,,0.0,0.0,,,,,,
002546,,,,,,0.0,0.0,2019-08-29,,2.0,2.0,0.0,2023-03-22
002547,,,,,,0.0,0.0,2020-02-06,,1.0,1.0,0.0,2023-02-17
002548,,,,,,0.0,0.0,2016-09-22,2016-09-22,15.0,18.0,4.0,
002549,,,,,,0.0,0.0,,,,,,2023-03-23
002550,,,,,,0.0,0.0,2025-07-10,2025-07-10,1.0,2.0,2.0,
002552,,,,,,0.0,0.0,,,,,,
002553,,,,,,0.0,0.0,,,,,,2023-02-21
002554,,,,,,0.0,0.0,2021-09-30,2021-09-30,5.0,5.0,5.0,2023-02-10
002555,,,,,,,,2017-02-10,2018-06-29,53.0,68.0,4.0,2023-06-27
002556,,,,,,0.0,0.0,,,,,,
002557,,,,,,0.0,0.0,2017-06-09,2017-06-09,4.0,4.0,4.0,
002558,2024-01-31,,,,,,,2016-06-09,2023-10-04,99.0,158.0,1.0,2023-02-07
002559,,,,,,0.0,0.0,2018-09-06,,3.0,3.0,0.0,2023-02-28
002560,,,,,,0.0,0.0,,,,,,2023-02-17
002561,,,,,,,,2026-02-06,,1.0,1.0,0.0,2023-03-28
002562,,,,,,0.0,0.0,,,,,,2023-02-08
002563,,,,,,,,2017-03-22,2020-05-29,16.0,17.0,2.0,2024-04-02
002564,,,,,,0.0,0.0,,,,,,
002565,,,,,,0.0,0.0,,,,,,2026-01-27
002566,,,,,,0.0,0.0,,,,,,
002567,,,,,,,,,,,,,2025-02-06
002568,,,,,,,,2019-11-29,,8.0,11.0,0.0,
002570,,,,,,0.0,0.0,,,,,,2025-03-10
002571,,,,,,0.0,0.0,,,,,,
002572,,,,,,0.0,0.0,2017-07-08,2024-03-25,28.0,112.0,12.0,
002573,,,,,,0.0,0.0,2017-10-11,,4.0,4.0,0.0,
002575,,,,,,,,2019-11-25,,4.0,4.0,0.0,2024-02-22
002576,,,,,,0.0,0.0,,,,,,
002577,,,2014-12-31,,,1.0,0.0,2016-06-10,,3.0,4.0,0.0,2023-02-10
002578,,,,,,0.0,0.0,,,,,,
002579,,,,,,0.0,0.0,,,,,,2023-02-06
002580,,,,,,0.0,0.0,,,,,,
002581,,,,,,0.0,0.0,,,,,,
002582,,,,,,0.0,0.0,,,,,,
002583,,,,,,0.0,0.0,2016-05-31,2025-05-16,28.0,52.0,4.0,2023-02-22
002584,,,,,,0.0,0.0,2018-07-06,,2.0,2.0,0.0,
002585,,,,,,0.0,0.0,,,,,,2025-04-24
002586,,,,,,0.0,0.0,,,,,,
002587,,,,,,0.0,0.0,2018-11-19,,8.0,10.0,0.0,2023-02-01
002588,,,,,,0.0,0.0,,,,,,
002589,,,,,,,,2016-06-01,2016-10-05,11.0,18.0,3.0,
002590,,,,,,,,2018-06-12,,10.0,12.0,0.0,
002591,,,,,,0.0,0.0,,,,,,2023-02-13
002592,,,,,,0.0,0.0,,,,,,
002593,,,,,,0.0,0.0,,,,,,
002594,,,,,,,,2017-02-17,2020-03-05,142.0,335.0,41.0,2023-04-12
002595,,,,,,0.0,0.0,,,,,,
002596,,,,,,0.0,0.0,,,,,,
002597,,,,,,0.0,0.0,2025-09-02,2025-09-02,3.0,3.0,3.0,
002598,,,,,,0.0,0.0,2025-10-17,,1.0,1.0,0.0,2025-08-04
002599,,,,,,,,2017-08-11,,33.0,37.0,0.0,2023-02-10
002600,,,,,,0.0,0.0,2016-05-31,2016-05-31,100.0,117.0,51.0,2024-05-06
002601,,,,,,0.0,0.0,2022-05-12,,2.0,2.0,0.0,
002602,,,,,,,,2017-01-17,2019-07-29,49.0,56.0,16.0,2023-03-22
002603,,,,,,0.0,0.0,2018-05-17,2018-05-17,18.0,17.0,6.0,
002604,,,,,,0.0,0.0,,,,,,
002605,,,,,,0.0,0.0,2018-03-19,2019-05-13,14.0,16.0,9.0,2023-04-27
002606,,,,,,0.0,0.0,2023-05-15,,4.0,6.0,0.0,
002607,,,,,,,,2017-03-16,2023-12-05,28.0,38.0,1.0,2023-02-09
002608,,,,,,0.0,0.0,,,,,,
002609,,,,,,,,2016-05-31,,56.0,71.0,0.0,2023-04-07
002610,,,,,,0.0,0.0,2017-12-15,,3.0,3.0,0.0,
002611,,,,,,,,2021-08-02,,3.0,4.0,0.0,2023-04-27
002612,,,,,,0.0,0.0,2020-06-11,2025-06-27,2.0,2.0,1.0,2023-03-22
002613,,,,,,0.0,0.0,,,,,,
002614,,,,,,0.0,0.0,2016-08-02,2018-08-09,26.0,29.0,4.0,2023-02-17
002615,,,,,,0.0,0.0,2018-04-29,,5.0,5.0,0.0,
002616,,,,,,0.0,0.0,2026-02-09,,1.0,1.0,0.0,
002617,,,,,,0.0,0.0,,,,,,
002618,,,,,,0.0,0.0,2017-02-04,,1.0,1.0,0.0,
002619,,,,,,0.0,0.0,2017-04-19,,12.0,17.0,0.0,
002620,,,,,,0.0,0.0,2020-07-26,,1.0,1.0,0.0,
002622,,,,,,0.0,0.0,2017-04-19,2018-08-08,4.0,4.0,2.0,2023-04-14
002623,,,,,,0.0,0.0,,,,,,
002624,2025-12-19,,,,,,,2017-02-04,2017-12-23,101.0,142.0,8.0,2022-12-09
002625,,,,,,0.0,0.0,2018-02-15,2026-01-07,16.0,37.0,2.0,2024-08-19
002627,,,,,,,,,,,,,2025-12-09
002628,,,,,,0.0,0.0,,,,,,
002629,,,,,,0.0,0.0,,,,,,2025-04-17
002630,,,,,,0.0,0.0,,,,,,
002631,,,,,,0.0,0.0,2019-05-06,2025-11-20,3.0,5.0,2.0,2024-05-08
002632,,,,,,0.0,0.0,2018-10-21,,2.0,2.0,0.0,
002633,,,,,,,,2021-07-30,,1.0,1.0,0.0,
002634,,,,,,0.0,0.0,,,,,,2023-05-08
002635,,,,,,0.0,0.0,2023-10-29,,6.0,6.0,0.0,2023-02-06
002636,,,,,,0.0,0.0,,,,,,
002637,,,,,,0.0,0.0,,,,,,
002638,,,,,,0.0,0.0,,,,,,
002639,,,,,,0.0,0.0,2020-07-14,,1.0,1.0,0.0,2025-03-03
002640,,,,,,,,2016-06-04,2017-04-15,123.0,233.0,9.0,2023-02-10
002641,,,,,,0.0,0.0,,,,,,2023-02-13
002642,,,2017-12-19,,,1.0,0.0,2016-05-31,,75.0,98.0,0.0,2023-02-01
002643,,,,,,,,2025-04-03,,1.0,1.0,0.0,
002644,,,,,,,,,,,,,2026-01-09
002645,,,,,,0.0,0.0,,,,,,
002646,,,,,,,,,,,,,2023-03-09
002647,,,,,,0.0,0.0,,,,,,2023-02-10
002648,,,,,,0.0,0.0,2025-01-22,2025-01-22,2.0,3.0,1.0,2025-03-25
002649,,,,,,,,2016-06-01,2016-06-08,529.0,1373.0,474.0,2023-02-10
002650,,,,,,0.0,0.0,,,,,,2023-06-21
002651,,,,,,0.0,0.0,2020-01-31,2025-11-17,3.0,3.0,1.0,
002652,,,,,,0.0,0.0,,,,,,
002653,,,,,,0.0,0.0,,,,,,
002654,,,,,,0.0,0.0,2019-03-26,,5.0,6.0,0.0,2023-02-01
002655,,,,,,0.0,0.0,2020-05-07,2025-03-01,7.0,20.0,8.0,2025-02-11
002656,,,,,,,,2016-09-06,2016-09-06,1.0,1.0,1.0,
002657,,,,,,0.0,0.0,2018-07-13,2018-08-10,19.0,20.0,6.0,2022-12-16
002658,,,,,,,,2018-06-20,,8.0,8.0,0.0,2025-04-09
002659,,,,,,,,2024-08-21,2024-08-21,2.0,2.0,2.0,2023-11-29
002660,,,,,,0.0,0.0,,,,,,
002661,,,,,,,,2025-04-18,,2.0,2.0,0.0,
002662,,,,,,,,2025-04-03,,2.0,2.0,0.0,2025-02-19
002663,,,,,,0.0,0.0,,,,,,
002664,,,,,,0.0,0.0,2018-07-05,,6.0,6.0,0.0,
002667,,,,,,,,2024-03-13,2024-03-13,1.0,3.0,3.0,2023-04-18
002668,,,,,,,,2017-02-16,2026-01-06,20.0,24.0,3.0,2025-03-20
002669,,,,,,0.0,0.0,,,,,,
002670,,,,,,,,2017-03-20,2024-07-04,25.0,45.0,9.0,2025-02-12
002672,,,,,,0.0,0.0,2026-01-28,2026-01-28,1.0,1.0,1.0,
002673,2026-01-12,,,,,,,2020-03-02,,6.0,6.0,0.0,2025-05-16
002674,,,,,,0.0,0.0,2024-08-20,2024-08-20,1.0,1.0,1.0,
002675,,,,,,0.0,0.0,,,,,,
002677,,,,,,,,,,,,,2025-05-21
002678,,,,,,,,,,,,,2023-02-21
002680,,,,,,0.0,0.0,,,,,,
002681,,,,,,0.0,0.0,2018-04-17,,10.0,12.0,0.0,2023-02-08
002682,,,,,,,,,,,,,2023-02-10
002683,,,,,,,,2026-03-02,2026-03-02,1.0,1.0,1.0,2025-04-07
002684,,,,,,0.0,0.0,2017-03-09,2017-03-09,9.0,10.0,9.0,
002685,,,,,,,,,,,,,2025-02-11
002687,,,,,,0.0,0.0,,,,,,
002688,,,,,,0.0,0.0,,,,,,
002689,,,,,,0.0,0.0,,,,,,2023-02-13
002690,,,,,,,,2016-06-10,,16.0,18.0,0.0,2024-11-07
002691,,,,,,0.0,0.0,2020-06-12,,6.0,6.0,0.0,
002692,,,,,,0.0,0.0,,,,,,
002693,,,,,,0.0,0.0,2025-12-30,,1.0,1.0,0.0,2023-12-19
002694,,,,,,0.0,0.0,,,,,,
002695,,,,,,0.0,0.0,,,,,,
002696,,,,,,,,2017-02-16,2017-03-16,16.0,20.0,1.0,
002697,,,,,,,,,,,,,2023-04-10
002698,,,,,,,,2021-08-01,,4.0,4.0,0.0,2025-02-07
002699,,,,,,,,2016-07-01,2017-02-01,7.0,3.0,4.0,
002701,,,,,,,,2017-04-29,2017-04-29,7.0,0.0,8.0,
002703,,,,,,,,2018-06-23,,4.0,5.0,0.0,
002705,,,,,,,,2024-10-09,2025-02-26,28.0,49.0,15.0,
002706,,,,,,,,2019-05-10,2024-08-14,16.0,17.0,3.0,
002707,,,,,,,,2017-02-16,2017-02-16,1.0,2.0,2.0,2023-02-09
002708,,,,,,0.0,0.0,2017-03-14,2017-03-14,1.0,1.0,1.0,
002709,,,,,,0.0,0.0,2026-01-16,2026-03-06,3.0,3.0,1.0,
002712,,,,,,,,2017-03-16,,1.0,1.0,0.0,2023-03-16
002713,,,,,,0.0,0.0,2017-02-10,,15.0,17.0,0.0,2023-02-06
002714,,,,,,0.0,0.0,2017-02-04,2023-02-18,107.0,173.0,2.0,2025-03-19
002717,,,,,,,,,,,,,2023-01-30
002718,,,,,,0.0,0.0,,,,,,2025-02-12
002719,,,,,,,,2020-04-29,,1.0,1.0,0.0,
002721,,,,,,,,2016-08-02,2016-08-02,22.0,26.0,4.0,2023-12-28
002722,,,,,,,,2019-11-29,,7.0,7.0,0.0,2023-02-08
002724,,,,,,0.0,0.0,2018-06-20,2021-05-25,2.0,1.0,2.0,
002726,,,,,,,,,,,,,2025-09-05
002727,,,,,,,,2023-09-09,2023-09-09,1.0,2.0,2.0,2025-04-29
002728,,,,,,,,,,,,,2023-05-10
002729,,,,,,0.0,0.0,2024-08-27,,3.0,3.0,0.0,2023-02-02
002730,,,,,,,,2025-04-01,2025-04-01,2.0,3.0,3.0,2024-04-02
002732,,,,,,0.0,0.0,,,,,,
002733,,,,,,,,2023-04-06,,1.0,1.0,0.0,2025-03-04
002734,,,,,,0.0,0.0,,,,,,
002735,,,,,,0.0,0.0,,,,,,2025-02-06
002736,2026-02-10,,,,,,,2017-02-17,2023-04-20,48.0,109.0,11.0,2023-04-17
002737,,,,,,0.0,0.0,2018-06-20,,1.0,2.0,0.0,
002738,,,,,,0.0,0.0,,,,,,
002739,,,,,,,,2017-01-17,2017-02-10,33.0,38.0,8.0,2023-02-17
002740,,,,,,,,2017-01-17,2017-01-17,3.0,3.0,1.0,
002741,,,,,,0.0,0.0,,,,,,
002742,,,,,,0.0,0.0,,,,,,
002743,,,,,,,,2018-01-29,,13.0,15.0,0.0,
002745,,,,,,0.0,0.0,2017-03-06,2017-03-06,3.0,3.0,3.0,2025-04-01
002747,,,,,,,,2016-06-10,2017-12-25,51.0,63.0,8.0,2023-04-14
002749,,,,,,0.0,0.0,,,,,,
002751,,,,,,,,2016-07-12,,14.0,19.0,0.0,2023-03-21
002752,,,,,,,,2019-04-06,,1.0,2.0,0.0,
002753,,,,,,0.0,0.0,,,,,,
002755,,,,,,0.0,0.0,,,,,,
002756,,,,,,0.0,0.0,,,,,,
002757,,,,,,,,2018-03-25,2023-09-19,3.0,3.0,2.0,2023-05-12
002758,,,,,,,,,,,,,2025-02-14
002759,,,,,,0.0,0.0,,,,,,
002760,,,,,,0.0,0.0,,,,,,
002761,,,,,,0.0,0.0,2018-08-10,2022-10-26,7.0,10.0,6.0,
002762,,,,,,0.0,0.0,,,,,,2023-02-23
002765,,,,,,,,2025-04-30,,2.0,2.0,0.0,
002766,,,,,,,,2017-07-31,,6.0,8.0,0.0,2023-08-14
002767,,,,,,0.0,0.0,,,,,,2023-02-09
002768,,,,,,,,,,,,,2026-05-08
002769,,,,,,,,,,,,,2026-03-06
002771,,,,,,0.0,0.0,2017-08-02,2025-02-17,27.0,36.0,12.0,2023-08-23
002773,,,,,,0.0,0.0,2021-07-23,,1.0,1.0,0.0,
002774,,,,,,0.0,0.0,,,,,,
002777,2024-08-08,,,,,0.0,0.0,2017-12-13,2023-08-09,16.0,16.0,3.0,2023-02-08
002778,,,,,,0.0,0.0,,,,,,
002779,,,,,,,,2019-11-17,2019-11-17,2.0,2.0,1.0,2024-08-20
002780,,,,,,0.0,0.0,2016-05-31,2016-05-31,1.0,1.0,1.0,2023-03-24
002781,,,,,,0.0,0.0,2017-09-01,2018-02-01,11.0,16.0,4.0,
002782,,,,,,,,2017-08-11,2017-08-11,2.0,2.0,2.0,
002783,,,,,,,,2016-12-19,2016-12-19,1.0,1.0,1.0,
002785,,,,,,,,,,,,,2025-02-26
002786,,,,,,,,2016-07-07,2016-07-07,7.0,4.0,3.0,
002788,,,,,,,,2023-08-06,,2.0,2.0,0.0,
002789,,,,,,0.0,0.0,,,,,,2023-02-17
002790,,,,,,,,2022-05-17,2022-05-17,5.0,2.0,4.0,
002791,,,,,,,,2017-06-04,,1.0,1.0,0.0,
002792,,,,,,,,,,,,,2023-02-03
002793,,,,,,0.0,0.0,2019-12-26,2019-12-26,3.0,6.0,6.0,2025-02-14
002796,,,,,,,,2025-03-21,,1.0,1.0,0.0,
002797,,,,,,,,2017-02-17,2017-04-19,20.0,25.0,2.0,2024-11-28
002798,,,,,,0.0,0.0,2017-07-09,2021-08-13,5.0,5.0,2.0,2025-04-01
002799,,,,,,,,,,,,,2022-12-01
002802,,,,,,0.0,0.0,,,,,,
002803,,,,,,0.0,0.0,2023-06-03,2023-07-28,21.0,24.0,11.0,2022-12-16
002805,,,,,,0.0,0.0,,,,,,
002806,,,,,,0.0,0.0,,,,,,
002807,,,,,,,,2019-10-16,,2.0,2.0,0.0,
002808,,,,,,,,2025-06-18,2025-06-18,2.0,2.0,2.0,2023-02-02
002809,,,,,,0.0,0.0,,,,,,
002810,,,,,,0.0,0.0,,,,,,
002811,,,,,,0.0,0.0,,,,,,2023-03-30
002812,,,,,,0.0,0.0,2021-07-29,2021-07-29,8.0,8.0,1.0,
002813,,,,,,0.0,0.0,2017-02-28,,11.0,13.0,0.0,
002815,,,,,,,,2017-02-04,2017-02-04,1.0,1.0,1.0,2024-09-27
002817,,,,,,0.0,0.0,,,,,,
002818,,,,,,,,2019-04-25,2019-04-25,3.0,4.0,4.0,2023-02-08
002819,,,,,,,,2016-06-20,,43.0,51.0,0.0,2023-10-09
002820,,,,,,0.0,0.0,,,,,,2025-04-09
002821,,,,,,,,2016-06-10,2016-06-10,8.0,7.0,3.0,
002823,,,,,,,,2026-02-09,2026-02-09,1.0,1.0,1.0,2025-04-29
002824,,,,,,,,2025-11-18,,2.0,2.0,0.0,
002827,,,,,,0.0,0.0,,,,,,
002828,,,,,,0.0,0.0,,,,,,
002829,,,,,,0.0,0.0,2016-06-26,,41.0,45.0,0.0,2023-02-07
002830,,,,,,0.0,0.0,,,,,,
002831,,,,,,,,2017-10-12,2017-10-12,12.0,13.0,2.0,
002833,,,,,,,,2017-02-04,,7.0,9.0,0.0,2025-02-11
002835,,,,,,,,2016-06-10,,32.0,37.0,0.0,2023-02-08
002836,,,,,,,,2025-02-12,2025-02-12,1.0,2.0,2.0,
002837,,,,,,0.0,0.0,2017-11-11,,11.0,12.0,0.0,
002841,,,,,,0.0,0.0,2016-06-08,2017-05-03,188.0,322.0,42.0,2023-02-13
002843,,,,,,,,2017-12-01,2017-12-01,2.0,2.0,2.0,
002845,,,,,,,,,,,,,2023-05-22
002846,,,,,,0.0,0.0,,,,,,2023-02-16
002848,,2022-04-12,2019-06-28,,,2.0,0.0,2017-01-17,2017-03-15,4.0,3.0,1.0,2025-02-21
002849,,,,,,0.0,0.0,2017-08-04,2023-08-01,6.0,7.0,4.0,
002850,,,,,,,,2023-06-26,,3.0,4.0,0.0,
002851,,,,,,,,2017-02-15,2021-09-13,16.0,23.0,7.0,2023-04-29
002852,,,,,,0.0,0.0,2023-07-11,,1.0,1.0,0.0,2024-03-31
002855,,,,,,0.0,0.0,2018-07-12,,1.0,1.0,0.0,2025-02-21
002856,,,,,,0.0,0.0,,,,,,2023-02-23
002857,,,,,,,,2023-07-31,,2.0,2.0,0.0,2025-10-28
002858,,,,,,,,,,,,,2023-01-31
002859,,,,,,0.0,0.0,,,,,,
002861,,,,,,0.0,0.0,2023-11-03,2024-08-27,5.0,3.0,2.0,2023-02-07
002862,,,,,,,,,,,,,2023-05-12
002864,,,,,,0.0,0.0,,,,,,
002865,,,,,,,,2023-11-18,,1.0,1.0,0.0,
002866,,,,,,,,2021-07-20,2023-03-01,3.0,2.0,1.0,2026-04-15
002867,,,,,,,,,,,,,2025-05-27
002868,,,,,,0.0,0.0,,,,,,
002869,,,,,,0.0,0.0,2017-04-14,2025-06-09,22.0,36.0,6.0,2025-05-13
002870,,,,,,,,2018-01-04,,10.0,10.0,0.0,2023-02-02
002873,,,,,,0.0,0.0,2018-04-12,2018-04-12,1.0,1.0,1.0,
002876,,,,,,0.0,0.0,2016-06-09,2016-06-09,9.0,11.0,8.0,
002877,,,,,,0.0,0.0,2025-02-21,2026-02-25,6.0,8.0,1.0,2023-02-03
002878,,,,,,,,2017-05-04,2018-03-06,6.0,6.0,1.0,2023-02-02
002881,,,,,,,,2024-09-13,2025-10-11,3.0,4.0,2.0,2023-02-25
002882,,,,,,0.0,0.0,,,,,,
002883,,,,,,,,2024-03-19,,7.0,12.0,0.0,
002884,,,,,,0.0,0.0,,,,,,
002885,,,,,,,,2016-07-03,,1.0,1.0,0.0,
002886,,,,,,0.0,0.0,,,,,,
002888,,,,,,0.0,0.0,2024-12-06,2026-01-19,4.0,7.0,2.0,2023-02-15
002889,,,,,,,,2020-10-30,,1.0,1.0,0.0,2023-02-03
002892,,,,,,,,2024-06-27,,3.0,6.0,0.0,
002893,,,,,,0.0,0.0,,,,,,
002895,,,,,,0.0,0.0,,,,,,
002896,,,,,,,,2025-12-12,2025-12-12,2.0,0.0,2.0,
002897,,,,,,,,2017-05-17,2017-05-17,8.0,8.0,8.0,2025-02-25
002898,,,,,,0.0,0.0,2025-11-11,,1.0,1.0,0.0,
002899,,,,,,,,,,,,,2022-12-08
002900,,,,,,0.0,0.0,,,,,,
002901,,,,,,0.0,0.0,2020-10-23,,5.0,5.0,0.0,
002902,,,,,,,,2016-07-24,2016-07-25,8.0,9.0,1.0,2023-02-02
002903,,,,,,,,2018-09-11,,5.0,5.0,0.0,2023-02-15
002906,,,,,,,,2017-03-03,2025-06-18,11.0,18.0,5.0,2023-05-06
002907,,,,,,0.0,0.0,,,,,,2025-02-18
002908,2025-06-09,,,,,,,2018-01-31,2024-08-09,17.0,23.0,17.0,2023-02-10
002909,,,,,,0.0,0.0,,,,,,
002910,,,,,,0.0,0.0,,,,,,
002912,,,,,,,,2016-06-01,2025-04-18,40.0,46.0,9.0,2023-03-23
002913,,,,,,,,,,,,,2023-02-08
002915,,,,,,0.0,0.0,,,,,,
002916,,,,,,0.0,0.0,2016-06-10,2016-06-10,15.0,19.0,6.0,2025-04-08
002917,,,,,,,,2016-07-20,,11.0,11.0,0.0,2025-05-15
002918,,,,,,,,2021-07-30,,1.0,1.0,0.0,
002919,,,,,,0.0,0.0,,,,,,2023-03-17
002920,,,,,,0.0,0.0,2017-02-06,2020-09-12,80.0,120.0,8.0,2023-02-13
002921,,,,,,,,,,,,,2023-02-07
002922,,,,,,,,2024-12-07,2025-03-02,3.0,5.0,2.0,
002923,,,,,,0.0,0.0,,,,,,2023-06-20
002925,,,,,,,,2017-02-13,2018-07-10,36.0,38.0,7.0,2023-02-03
002926,,,,,,,,2017-07-16,,10.0,14.0,0.0,2025-08-05
002927,,,,,,0.0,0.0,2023-10-10,,2.0,2.0,0.0,
002928,,,,,,,,2017-03-21,,4.0,4.0,0.0,
002929,2025-05-23,,,,,,,2018-07-05,2025-03-11,47.0,96.0,23.0,2023-04-26
002930,,,,,,,,,,,,,2025-03-07
002931,,,,,,0.0,0.0,,,,,,
002932,,,,,,,,2016-05-31,,9.0,10.0,0.0,2023-03-24
002933,,,,,,0.0,0.0,2017-03-15,,3.0,3.0,0.0,2024-05-17
002935,,,,,,0.0,0.0,2017-09-07,,2.0,2.0,0.0,
002936,,,,,,,,2019-05-19,,5.0,5.0,0.0,2025-04-16
002938,,,,,,,,2022-01-10,2025-06-24,14.0,21.0,5.0,2023-02-09
002939,,,,,,,,2018-07-10,,6.0,6.0,0.0,2025-02-21
002940,,,,,,0.0,0.0,,,,,,
002941,,,,,,,,,,,,,2025-08-25
002942,,,,,,0.0,0.0,,,,,,
002943,,,,,,,,2019-04-19,,7.0,7.0,0.0,
002945,,,,,,,,2019-11-18,,4.0,4.0,0.0,2023-06-20
002946,,,,,,,,2016-06-10,2016-06-10,2.0,0.0,2.0,
002947,,,,,,,,,,,,,2025-02-24
002948,,,,,,0.0,0.0,,,,,,2025-04-09
002949,,,,,,,,,,,,,2023-05-08
002950,,,,,,,,2022-10-27,2022-10-27,2.0,10.0,4.0,
002952,,,,,,,,,,,,,2023-02-14
002955,,,,,,,,2017-08-19,2017-12-12,23.0,29.0,4.0,2023-02-20
002956,,,,,,,,2025-03-28,2025-03-28,1.0,0.0,1.0,
002957,,,,,,,,2017-02-16,,20.0,24.0,0.0,2023-02-14
002958,,,,,,,,,,,,,2025-02-26
002959,,,,,,,,2019-04-01,2019-04-01,21.0,7.0,16.0,2025-05-06
002960,,,,,,,,2019-12-26,,17.0,18.0,0.0,2023-05-30
002961,,,,,,,,,,,,,2026-02-02
002962,,,,,,,,,,,,,2024-01-02
002963,,,,,,,,2021-07-15,2021-07-15,6.0,14.0,4.0,2025-02-11
002965,,,,,,,,2025-03-13,2025-03-13,3.0,6.0,4.0,2025-05-08
002966,,,,,,,,,,,,,2025-05-19
002967,,,,,,0.0,0.0,2017-12-15,2025-06-26,35.0,90.0,23.0,2025-02-10
002968,,,,,,,,2021-01-19,,1.0,1.0,0.0,
002970,,,,,,,,2016-06-10,2023-07-13,132.0,199.0,15.0,2023-02-15
002971,,,,,,0.0,0.0,2017-02-13,,4.0,7.0,0.0,
002972,,,,,,,,,,,,,2025-03-13
002973,,,,,,,,2021-04-15,2021-08-16,10.0,14.0,4.0,2024-05-16
002975,,,,,,,,2017-03-18,2017-03-18,21.0,25.0,7.0,2023-02-05
002976,,,,,,,,2018-06-29,,3.0,3.0,0.0,2025-02-25
002979,,,,,,,,2017-02-07,,14.0,14.0,0.0,2025-04-27
002980,2025-08-25,,,,,0.0,0.0,2024-07-22,2024-07-22,5.0,7.0,3.0,2025-03-06
002981,,,,,,,,2019-11-28,2024-12-06,6.0,8.0,2.0,2024-10-17
002983,,,,,,,,,,,,,2025-02-11
002984,,,,,,,,2023-01-07,,1.0,1.0,0.0,2025-03-17
002985,,,,,,0.0,0.0,2025-11-17,,1.0,1.0,0.0,
002986,,,,,,0.0,0.0,,,,,,
002987,,,,,,,,2017-03-02,2020-07-26,74.0,95.0,19.0,2023-02-20
002989,,,,,,,,2025-05-29,,1.0,1.0,0.0,2025-11-03
002990,,,,,,,,2017-03-16,2024-07-04,52.0,72.0,15.0,2022-12-06
002991,,,,,,0.0,0.0,2024-07-11,,1.0,2.0,0.0,
002992,,,,,,,,,,,,,2026-01-07
002993,,,,,,0.0,0.0,2018-06-29,,8.0,13.0,0.0,2023-05-04
002995,,,,,,,,2016-06-10,,6.0,6.0,0.0,2023-02-07
002997,,,,,,,,2022-06-25,,4.0,4.0,0.0,2024-12-25
002999,,,,,,,,,,,,,2023-02-10
003000,,,,,,,,,,,,,2023-08-03
003001,,,,,,,,,,,,,2023-03-27
003003,,,,,,0.0,0.0,,,,,,
003004,,,,,,,,2016-07-25,,7.0,7.0,0.0,2023-02-08
003005,2025-07-11,,,,,,,2016-06-06,2023-09-09,22.0,28.0,4.0,2022-12-12
003006,,,,,,,,2023-09-05,,1.0,1.0,0.0,
003007,,,,,,0.0,0.0,2018-03-02,2025-06-28,15.0,16.0,3.0,2023-02-08
003010,,,,,,,,2017-02-10,2017-02-10,1.0,1.0,1.0,2023-02-07
003012,,,,,,0.0,0.0,2021-04-21,2021-04-21,16.0,20.0,17.0,2025-02-01
003013,,,,,,,,2024-06-03,2024-07-01,2.0,2.0,1.0,2025-07-08
003016,,,,,,,,2017-08-11,2018-05-15,4.0,2.0,6.0,2023-02-25
003017,,,,,,,,2023-04-13,,1.0,1.0,0.0,
003019,,,,,,,,2019-02-01,,5.0,5.0,0.0,2023-02-10
003020,,,,,,0.0,0.0,,,,,,
003021,,,,,,0.0,0.0,2019-12-09,2021-07-24,10.0,11.0,7.0,
003022,,,,,,0.0,0.0,2025-06-16,,1.0,1.0,0.0,
003023,,,,,,,,2024-07-26,2024-07-26,1.0,1.0,1.0,
003027,,,,,,0.0,0.0,,,,,,2025-10-30
003028,,,,,,,,2018-03-06,,8.0,9.0,0.0,2023-02-07
003029,,,,,,,,,,,,,2023-02-13
003030,,,,,,0.0,0.0,,,,,,
003032,,,,,,,,2016-06-09,2016-06-09,191.0,268.0,24.0,2024-04-19
003033,,,,,,0.0,0.0,,,,,,2025-10-29
003035,,,,,,,,2017-04-23,2017-04-23,2.0,2.0,2.0,2023-05-18
003036,,,,,,0.0,0.0,,,,,,
003037,,,,,,0.0,0.0,,,,,,
003038,,,,,,0.0,0.0,,,,,,
003039,,,,,,0.0,0.0,,,,,,
003040,,,,,,,,2017-08-16,,3.0,3.0,0.0,2024-08-28
003042,,,,,,0.0,0.0,,,,,,
003816,,,,,,,,2020-02-10,,1.0,1.0,0.0,
200053,,,,,,,,2018-05-07,2018-05-07,3.0,4.0,4.0,
200160,,,,,,,,2017-01-17,,6.0,6.0,0.0,
200168,,,,,,,,2024-09-02,2024-09-02,2.0,3.0,3.0,
200771,,,,,,0.0,0.0,2024-08-29,,1.0,1.0,0.0,
200986,,,,,,0.0,0.0,,,,,,
200992,,,,,,,,2025-11-10,2025-11-10,1.0,1.0,1.0,
300001,,,,,,,,2017-03-14,,27.0,30.0,0.0,2023-04-08
300002,,2011-04-27,2010-09-03,,,3.0,0.0,2016-06-06,2017-01-17,213.0,351.0,28.0,2023-02-14
300003,,,,,,0.0,0.0,2016-08-30,2021-07-27,72.0,89.0,5.0,
300004,,,,,,0.0,0.0,,,,,,
300005,,,,,,0.0,0.0,2017-08-22,,3.0,3.0,0.0,2024-12-27
300006,,,,,,0.0,0.0,,,,,,2025-03-26
300007,,2022-11-22,2022-03-29,2022-11-22,2022-03-29,3.0,1.0,2016-06-10,,43.0,62.0,0.0,2023-04-18
300008,,,,,,0.0,0.0,,,,,,2025-03-10
300009,,2024-03-05,2022-02-23,,,1.0,0.0,2024-07-20,,2.0,3.0,0.0,2025-05-30
300010,,,,,,0.0,0.0,2016-06-10,2017-03-18,39.0,50.0,5.0,2024-05-16
300011,,2023-02-28,2018-12-14,,,1.0,0.0,2016-06-10,,28.0,45.0,0.0,2023-02-03
300012,,,,,,0.0,0.0,2017-03-03,2017-03-03,12.0,25.0,17.0,2023-04-25
300013,,,,,,,,2018-04-11,,11.0,13.0,0.0,2023-04-11
300014,,,,,,0.0,0.0,2021-07-17,2024-01-29,59.0,86.0,36.0,2024-10-24
300015,,,,,,,,2017-02-09,,11.0,21.0,0.0,2023-04-14
300016,,,,,,0.0,0.0,2019-05-25,,1.0,1.0,0.0,2025-06-04
300017,,,,,,0.0,0.0,2017-02-17,2018-07-13,51.0,66.0,4.0,2023-02-10
300018,,,,,,0.0,0.0,2016-07-20,2025-03-19,14.0,16.0,2.0,2023-04-24
300019,,,,,,0.0,0.0,2024-07-18,2024-07-18,1.0,1.0,1.0,
300020,,2017-11-17,2012-06-19,,,24.0,0.0,2016-07-24,,19.0,31.0,0.0,2023-02-17
300021,,,,,,0.0,0.0,2018-07-07,2025-08-20,7.0,12.0,2.0,2023-07-19
300022,,,,,,,,2021-09-15,,1.0,1.0,0.0,
300023,,,,,,0.0,0.0,,,,,,
300024,2025-12-22,,2013-09-28,,,4.0,0.0,2016-07-01,2024-09-12,110.0,129.0,3.0,2024-05-08
300025,,,,,,0.0,0.0,2018-05-28,2024-09-20,7.0,8.0,3.0,2024-10-29
300026,,,,,,0.0,0.0,2016-06-10,,22.0,23.0,0.0,2024-08-22
300027,,,,,,0.0,0.0,2016-06-23,2017-02-14,31.0,47.0,1.0,2024-05-22
300028,,,,,,0.0,0.0,,,,,,
300029,,,,,,0.0,0.0,,,,,,
300030,,,,,,0.0,0.0,2024-01-25,,1.0,1.0,0.0,2023-03-28
300031,,,,,,0.0,0.0,2018-07-18,2025-02-13,16.0,17.0,2.0,2022-12-07
300032,,,,,,0.0,0.0,2020-02-17,2020-02-17,1.0,1.0,1.0,2023-02-21
300033,2023-12-05,,,,,,,2016-06-08,2019-07-27,500.0,981.0,96.0,2023-03-27
300034,,,,,,0.0,0.0,,,,,,
300035,,,,,,0.0,0.0,2024-08-15,2025-11-03,4.0,2.0,2.0,2025-03-08
300036,,,,,,0.0,0.0,2016-06-27,2017-10-30,29.0,39.0,5.0,2023-02-02
300037,,,,,,0.0,0.0,2026-01-27,2026-01-27,1.0,0.0,2.0,
300038,,,,,,0.0,0.0,2017-12-14,,32.0,42.0,0.0,
300039,,,,,,0.0,0.0,,,,,,
300040,,,,,,0.0,0.0,,,,,,2025-02-14
300041,,,,,,0.0,0.0,,,,,,
300042,,2004-12-07,2000-10-13,2004-12-07,2000-10-13,75.0,67.0,2017-07-20,2018-03-19,8.0,4.0,4.0,2024-08-20
300043,,,,,,0.0,0.0,2017-02-04,2023-05-10,81.0,111.0,25.0,2022-12-09
300044,,,,,,0.0,0.0,2016-08-03,2018-04-05,62.0,74.0,2.0,2023-02-15
300045,,,,,,0.0,0.0,2016-05-31,,40.0,54.0,0.0,2023-02-07
300046,,,,,,0.0,0.0,,,,,,
300047,2025-07-25,,2014-02-18,,,4.0,0.0,2016-06-10,2017-03-14,96.0,110.0,7.0,2023-01-31
300048,,,,,,0.0,0.0,2025-10-11,,1.0,1.0,0.0,2025-02-24
300049,,,,,,0.0,0.0,2018-03-02,,3.0,3.0,0.0,2025-02-19
300050,,,,,,0.0,0.0,2016-09-09,2016-09-09,86.0,121.0,26.0,2023-03-14
300051,,,,,,0.0,0.0,2017-03-11,,9.0,9.0,0.0,
300052,,,,,,0.0,0.0,2017-02-14,2022-11-02,8.0,8.0,2.0,2023-02-08
300053,,,,,,0.0,0.0,2017-02-03,,30.0,34.0,0.0,2023-10-30
300054,,,,,,0.0,0.0,2017-08-12,2019-05-13,7.0,9.0,1.0,2025-05-07
300055,,,,,,0.0,0.0,,,,,,
300056,,,,,,0.0,0.0,,,,,,2024-03-01
300057,,,,,,0.0,0.0,,,,,,2025-02-11
300058,,,,,,,,2016-05-31,2016-05-31,76.0,93.0,33.0,2023-02-07
300059,2023-12-27,,,,,,,2017-03-20,2025-05-09,60.0,69.0,6.0,2023-03-23
300061,,,,,,0.0,0.0,2017-02-28,2019-12-31,33.0,44.0,5.0,2023-08-15
300062,,,,,,0.0,0.0,,,,,,
300063,,,,,,0.0,0.0,2017-03-05,,2.0,3.0,0.0,2023-03-13
300064,,,,,,0.0,0.0,,,,,,
300065,,,,,,0.0,0.0,2016-06-01,,48.0,68.0,0.0,2025-02-16
300066,,,,,,0.0,0.0,2019-05-02,,4.0,8.0,0.0,2023-02-18
300067,,,,,,0.0,0.0,2025-09-17,2025-09-17,6.0,6.0,5.0,2024-03-14
300068,,,,,,0.0,0.0,2019-11-06,2025-09-26,3.0,3.0,1.0,2023-04-19
300069,,,,,,0.0,0.0,,,,,,
300070,,2020-08-18,2019-11-07,,,1.0,0.0,2017-02-15,,15.0,15.0,0.0,
300071,,,,,,,,2016-09-12,2016-09-12,17.0,19.0,5.0,2023-02-01
300072,,,,,,0.0,0.0,,,,,,
300073,,,,,,0.0,0.0,2016-12-28,,8.0,9.0,0.0,
300074,,,,,,0.0,0.0,2016-06-09,,15.0,36.0,0.0,2023-02-15
300075,,2024-11-05,2024-01-05,,,1.0,0.0,2016-06-02,,50.0,98.0,0.0,2023-02-01
300076,,,,,,0.0,0.0,2019-05-04,,3.0,3.0,0.0,2023-02-01
300077,,,,,,0.0,0.0,2017-08-10,,7.0,16.0,0.0,2023-02-17
300078,,,,,,0.0,0.0,2016-06-09,2016-06-09,53.0,60.0,6.0,2023-02-13
300079,,,,,,0.0,0.0,2016-06-02,,40.0,56.0,0.0,2023-02-02
300080,,,,,,0.0,0.0,,,,,,
300081,,2010-05-05,2004-09-24,,,10.0,0.0,2017-02-15,2023-06-27,45.0,65.0,5.0,2023-01-05
300082,,,,,,0.0,0.0,,,,,,2025-02-20
300083,,,,,,0.0,0.0,2025-10-15,2025-10-17,3.0,3.0,2.0,2025-08-29
300084,,2021-03-02,2019-07-17,,,1.0,0.0,2016-06-10,,7.0,10.0,0.0,2023-06-14
300085,,,,,,0.0,0.0,2016-06-10,,23.0,36.0,0.0,2023-01-31
300086,,,,,,0.0,0.0,2018-01-10,2018-01-10,3.0,2.0,2.0,
300087,,,,,,0.0,0.0,,,,,,
300088,,,,,,0.0,0.0,2021-06-25,2025-07-26,10.0,12.0,2.0,2024-05-16
300089,2023-11-10,,,,,0.0,0.0,2017-02-09,2017-02-09,27.0,35.0,2.0,
300090,,,,,,0.0,0.0,2018-08-08,,2.0,2.0,0.0,
300091,,,,,,0.0,0.0,,,,,,
300092,,,,,,0.0,0.0,,,,,,
300093,,,,,,0.0,0.0,,,,,,2026-04-15
300094,,,,,,0.0,0.0,2018-05-21,,4.0,10.0,0.0,
300095,,,,,,0.0,0.0,2024-12-11,,2.0,3.0,0.0,2023-02-13
300096,,,,,,0.0,0.0,2017-02-10,2017-09-25,45.0,52.0,4.0,2023-02-07
300097,2024-10-21,,,,,0.0,0.0,,,,,,2024-02-19
300098,2026-03-16,,,,,0.0,0.0,2016-06-11,2016-06-11,103.0,232.0,3.0,2023-02-01
300099,,,,,,0.0,0.0,2017-06-08,,2.0,2.0,0.0,2023-07-27
300100,,,,,,0.0,0.0,2025-08-06,,2.0,3.0,0.0,
300101,,,,,,0.0,0.0,2016-06-10,2016-06-10,63.0,78.0,2.0,
300102,,,,,,0.0,0.0,2026-02-23,2026-02-26,2.0,2.0,1.0,2025-03-14
300103,,,,,,0.0,0.0,,,,,,
300104,,,,,,0.0,0.0,2016-05-31,2016-06-18,105.0,375.0,11.0,
300105,,,,,,0.0,0.0,,,,,,
300106,,,,,,0.0,0.0,,,,,,
300107,,,,,,0.0,0.0,2022-08-11,,1.0,1.0,0.0,2025-02-20
300108,,,,,,0.0,0.0,,,,,,
300109,,,,,,0.0,0.0,2017-03-11,2017-03-11,7.0,10.0,4.0,
300110,,,,,,0.0,0.0,2021-07-18,,2.0,3.0,0.0,
300111,,,,,,0.0,0.0,,,,,,
300112,,,,,,0.0,0.0,2017-02-10,,21.0,24.0,0.0,
300113,,,,,,0.0,0.0,2016-05-31,2023-07-30,157.0,226.0,15.0,2023-02-01
300114,,,,,,0.0,0.0,2017-12-24,,2.0,3.0,0.0,2023-02-23
300115,,,,,,0.0,0.0,2017-12-31,2020-05-03,28.0,31.0,5.0,2025-03-15
300116,,,,,,0.0,0.0,,,,,,
300117,,,,,,0.0,0.0,2018-05-10,,2.0,4.0,0.0,2023-12-04
300118,,,,,,0.0,0.0,2016-06-10,2016-06-10,5.0,13.0,7.0,2025-06-26
300119,,,,,,0.0,0.0,,,,,,
300120,,,,,,0.0,0.0,2016-06-02,2016-06-02,7.0,7.0,7.0,2026-05-20
300121,,,,,,0.0,0.0,,,,,,2025-02-11
300122,,,,,,0.0,0.0,,,,,,
300123,,,,,,0.0,0.0,,,,,,
300124,,,,,,0.0,0.0,2017-03-19,2017-03-19,75.0,98.0,28.0,2023-03-31
300125,,,,,,0.0,0.0,2017-03-15,,10.0,10.0,0.0,
300126,,,,,,0.0,0.0,2016-06-12,,7.0,8.0,0.0,
300127,,,,,,0.0,0.0,,,,,,
300128,,,,,,0.0,0.0,2025-10-30,,1.0,1.0,0.0,
300129,,,,,,0.0,0.0,2026-01-26,2026-01-26,1.0,1.0,1.0,
300130,,,,,,0.0,0.0,2016-07-14,2025-08-19,88.0,118.0,2.0,2023-02-01
300131,,,,,,0.0,0.0,2018-06-01,2018-06-14,6.0,7.0,4.0,2023-04-24
300132,,,,,,0.0,0.0,,,,,,
300133,2024-05-13,,,,,,,2017-02-15,,3.0,3.0,0.0,2022-12-27
300134,,,,,,0.0,0.0,2018-05-28,,1.0,1.0,0.0,2023-04-04
300135,,,,,,0.0,0.0,,,,,,
300136,,,,,,0.0,0.0,2016-06-26,2016-06-26,5.0,4.0,3.0,2023-02-13
300137,,,,,,0.0,0.0,2017-02-14,2017-02-14,56.0,59.0,17.0,2023-05-30
300138,,,,,,0.0,0.0,,,,,,
300139,,,,,,1.0,0.0,2017-02-18,,3.0,3.0,0.0,
300140,,,,,,0.0,0.0,2020-02-26,2022-08-08,2.0,1.0,1.0,
300141,,,,,,0.0,0.0,,,,,,
300142,,,,,,0.0,0.0,2020-07-14,2020-07-14,5.0,6.0,4.0,
300143,,,,,,0.0,0.0,2017-12-28,2017-12-28,1.0,0.0,1.0,2023-07-04
300144,,,,,,,,2016-05-31,2026-02-28,3.0,5.0,4.0,2023-04-14
300145,,,,,,0.0,0.0,,,,,,2025-02-05
300146,,,,,,0.0,0.0,2016-06-08,2026-01-26,21.0,35.0,1.0,2026-01-14
300147,,,,,,0.0,0.0,2024-07-05,2024-07-05,4.0,4.0,1.0,
300148,,,,,,,,2017-02-04,2021-03-17,16.0,24.0,6.0,2023-02-17
300149,,,,,,0.0,0.0,2016-06-06,2016-06-06,17.0,21.0,20.0,2025-04-29
300150,,,,,,0.0,0.0,2016-06-01,,12.0,14.0,0.0,2025-12-15
300151,,,,,,0.0,0.0,2017-05-22,2017-05-22,1.0,2.0,2.0,
300152,,,,,,0.0,0.0,,,,,,
300153,,,,,,0.0,0.0,,,,,,2024-04-25
300154,,,,,,0.0,0.0,2017-02-20,2017-02-20,4.0,4.0,4.0,2026-05-11
300155,,,,,,1.0,0.0,2016-06-01,2025-07-16,13.0,18.0,4.0,2023-02-08
300156,,,,,,0.0,0.0,,,,,,
300157,,,2018-11-13,,,5.0,0.0,2020-12-29,,5.0,5.0,0.0,2023-02-09
300158,,,2013-08-15,,2013-08-15,1.0,1.0,,,,,,
300159,,,,,,0.0,0.0,,,,,,
300160,,,,,,0.0,0.0,,,,,,
300161,,,,,,0.0,0.0,2016-06-10,2025-03-10,34.0,45.0,5.0,2023-02-10
300162,,,,,,0.0,0.0,,,,,,2024-02-28
300163,,,,,,0.0,0.0,2019-05-07,2019-05-07,1.0,1.0,1.0,
300164,,,,,,0.0,0.0,,,,,,2023-04-06
300165,,2010-06-02,2009-07-23,,,7.0,0.0,,,,,,2025-02-20
300166,,2023-07-25,2020-04-20,,,4.0,0.0,2016-06-01,2016-06-01,229.0,381.0,22.0,2022-12-09
300167,,,,,,0.0,0.0,2017-03-09,2017-03-17,72.0,94.0,32.0,
300168,2025-04-07,,,,,1.0,0.0,2017-02-15,2020-02-05,38.0,48.0,3.0,2023-02-07
300169,,,,,,0.0,0.0,,,,,,
300170,,,,,,0.0,0.0,2016-09-09,2018-05-20,53.0,80.0,10.0,2023-02-15
300171,,,,,,0.0,0.0,2019-04-01,2026-02-26,9.0,11.0,1.0,2025-02-18
300172,,,,,,0.0,0.0,,,,,,2025-04-11
300173,,,,,,0.0,0.0,2017-05-13,2017-05-13,6.0,11.0,9.0,2023-02-13
300174,,,,,,0.0,0.0,2021-05-20,,2.0,2.0,0.0,
300175,,,,,,,,2018-07-16,,4.0,4.0,0.0,
300176,,,,,,0.0,0.0,2018-04-11,2019-05-07,7.0,9.0,1.0,
300177,,,,,,0.0,0.0,2016-06-10,2016-06-10,54.0,60.0,3.0,2025-02-14
300178,,,,,,0.0,0.0,2017-03-17,2017-03-17,3.0,4.0,2.0,
300179,,,,,,0.0,0.0,,,,,,
300180,,,,,,0.0,0.0,2018-01-09,2020-08-19,21.0,23.0,6.0,
300181,,,,,,0.0,0.0,2025-02-26,2025-02-26,2.0,3.0,3.0,2025-08-22
300182,,,,,,0.0,0.0,2016-08-04,,3.0,3.0,0.0,2023-02-01
300183,,,,,,0.0,0.0,2016-06-10,2017-02-16,12.0,14.0,1.0,2023-02-08
300184,,,,,,0.0,0.0,2019-04-25,,15.0,60.0,0.0,2023-02-09
300185,,,,,,0.0,0.0,,,,,,
300186,,,,,,0.0,0.0,,,,,,
300187,,,,,,0.0,0.0,2025-12-03,2025-12-03,3.0,8.0,2.0,2025-03-20
300188,2025-08-12,2012-11-28,2009-08-26,,,3.0,0.0,2016-09-03,2025-02-28,128.0,181.0,9.0,2023-02-01
300189,,,,,,0.0,0.0,,,,,,
300190,,,,,,0.0,0.0,,,,,,
300191,,,2023-02-16,,,3.0,0.0,,,,,,2024-03-04
300192,,,,,,0.0,0.0,2018-11-20,2023-09-06,6.0,6.0,5.0,2023-04-04
300193,,,,,,0.0,0.0,2024-02-28,2024-02-28,3.0,3.0,3.0,
300194,,,,,,0.0,0.0,,,,,,2025-02-27
300195,,,,,,0.0,0.0,,,,,,2023-02-13
300196,,,,,,0.0,0.0,,,,,,
300197,,,,,,0.0,0.0,,,,,,
300198,,,,,,0.0,0.0,2025-03-14,,1.0,1.0,0.0,
300199,,,,,,0.0,0.0,2025-09-11,2025-09-11,1.0,1.0,1.0,2025-04-27
300200,,,,,,0.0,0.0,,,,,,2024-02-23
300201,,,,,,0.0,0.0,2017-02-21,,1.0,1.0,0.0,
300202,,,,,,0.0,0.0,2017-02-15,,14.0,34.0,0.0,
300203,,,,,,0.0,0.0,2017-02-13,2017-12-17,50.0,58.0,2.0,2025-04-22
300204,,,,,,,,,,,,,2023-04-12
300205,,,,,,,,2016-06-10,2016-06-10,63.0,83.0,6.0,2025-02-07
300206,,,,,,0.0,0.0,2016-06-02,2024-08-14,50.0,54.0,8.0,2026-04-09
300207,,,,,,0.0,0.0,2018-06-20,2018-06-20,75.0,94.0,31.0,2024-04-10
300208,,,,,,0.0,0.0,2023-04-03,,1.0,1.0,0.0,
300209,,,,,,0.0,0.0,2016-06-06,2018-01-02,28.0,29.0,1.0,2023-02-03
300210,,,,,,0.0,0.0,,,,,,
300211,,,,,,0.0,0.0,,,,,,2023-02-08
300212,,,2019-11-26,,,4.0,0.0,2017-03-19,2021-09-15,245.0,432.0,3.0,2023-02-17
300213,,,,,,0.0,0.0,2017-06-09,,36.0,79.0,0.0,2023-02-09
300214,,,,,,0.0,0.0,2021-09-02,2021-09-02,1.0,0.0,1.0,
300215,,,,,,0.0,0.0,2016-06-10,,2.0,2.0,0.0,
300216,,,,,,0.0,0.0,,,,,,
300217,,,,,,0.0,0.0,,,,,,2023-04-12
300218,,,,,,0.0,0.0,,,,,,
300219,,,,,,0.0,0.0,2018-03-06,,2.0,2.0,0.0,
300220,,,,,,0.0,0.0,2017-02-14,2017-02-14,4.0,4.0,1.0,2023-03-20
300221,,,,,,0.0,0.0,2016-07-24,2016-07-24,3.0,3.0,3.0,2024-02-19
300222,,,,,,0.0,0.0,2016-09-07,2019-04-19,70.0,138.0,10.0,2023-02-23
300223,,,,,,0.0,0.0,2016-06-01,2017-01-17,50.0,127.0,16.0,2023-02-06
300224,,,,,,0.0,0.0,,,,,,
300225,,,,,,0.0,0.0,,,,,,
300226,,,,,,0.0,0.0,2016-06-23,2023-08-25,35.0,39.0,12.0,2023-02-03
300227,,,,,,0.0,0.0,2019-11-11,,3.0,3.0,0.0,2024-02-29
300228,,,,,,0.0,0.0,,,,,,
300229,2024-07-18,2019-02-22,2014-10-22,2023-11-03,2023-07-26,8.0,1.0,2016-06-03,2020-05-26,105.0,151.0,9.0,2022-12-04
300230,,,,,,0.0,0.0,2016-06-10,2016-06-10,3.0,3.0,2.0,
300231,,,,,,0.0,0.0,2017-02-04,2017-02-04,19.0,21.0,17.0,2023-02-06
300232,,,,,,0.0,0.0,2016-06-10,2025-06-26,16.0,18.0,5.0,2023-04-17
300233,,,,,,0.0,0.0,,,,,,
300234,,,,,,0.0,0.0,,,,,,
300235,,,,,,0.0,0.0,2016-06-10,,12.0,14.0,0.0,2023-03-31
300236,,,,,,,,2025-02-19,2025-02-19,2.0,3.0,3.0,
300237,,,,,,0.0,0.0,,,,,,2023-02-14
300238,,,,,,0.0,0.0,,,,,,
300239,,,,,,0.0,0.0,,,,,,
300240,,,,,,0.0,0.0,2024-03-25,2024-12-02,2.0,3.0,2.0,2023-03-23
300241,,,,,,0.0,0.0,2025-11-07,2025-11-07,1.0,1.0,1.0,
300242,,,,,,0.0,0.0,2018-06-27,,3.0,3.0,0.0,2024-02-22
300243,,,,,,0.0,0.0,,,,,,
300244,,,,,,0.0,0.0,2019-04-01,2025-01-10,9.0,11.0,5.0,2023-03-23
300245,,,2024-10-15,,2024-10-15,1.0,1.0,2016-06-06,2016-06-06,65.0,97.0,23.0,2023-02-01
300246,,2022-05-24,2021-10-19,,,1.0,0.0,2017-02-02,,7.0,9.0,0.0,
300247,,,,,,0.0,0.0,2020-03-05,2020-03-05,1.0,0.0,1.0,2025-02-27
300248,2025-07-25,,,,,0.0,0.0,2017-03-06,2017-03-17,15.0,17.0,3.0,2023-03-28
300249,,,,,,0.0,0.0,2016-09-13,,70.0,101.0,0.0,2023-02-07
300250,,2022-04-29,2020-02-24,,,4.0,0.0,2016-06-07,2018-11-06,50.0,69.0,3.0,2023-02-10
300251,,,,,,0.0,0.0,2017-03-20,,8.0,8.0,0.0,2023-02-14
300252,,,,,,0.0,0.0,2017-12-28,,6.0,6.0,0.0,
300253,,,,,,,,2016-06-23,2017-02-07,37.0,62.0,11.0,2023-02-09
300254,,,,,,0.0,0.0,2018-02-07,2018-02-07,4.0,0.0,4.0,2024-03-29
300255,,,,,,0.0,0.0,,,,,,
300256,,,,,,0.0,0.0,2024-07-24,2024-09-03,5.0,10.0,2.0,2023-03-28
300257,,,,,,0.0,0.0,,,,,,
300258,,,,,,0.0,0.0,,,,,,2024-04-02
300259,,,,,,0.0,0.0,2017-07-13,,10.0,10.0,0.0,2025-03-11
300260,,,,,,0.0,0.0,,,,,,
300261,,,,,,0.0,0.0,,,,,,
300262,,,,,,0.0,0.0,,,,,,
300263,,,,,,0.0,0.0,,,,,,
300264,,,2017-07-20,,,1.0,0.0,2017-02-16,2017-02-16,2.0,2.0,1.0,2023-02-07
300265,,,,,,0.0,0.0,,,,,,2023-06-07
300266,,,,,,0.0,0.0,2020-01-21,,11.0,15.0,0.0,2024-11-07
300267,,,,,,0.0,0.0,,,,,,
300268,,,,,,0.0,0.0,,,,,,2023-03-28
300269,,,,,,0.0,0.0,2017-01-17,,15.0,35.0,0.0,
300270,,,,,,0.0,0.0,2025-09-16,,1.0,1.0,0.0,2023-02-08
300271,,2021-08-24,2018-07-16,,,4.0,0.0,2016-06-08,2024-08-02,90.0,126.0,5.0,2023-03-27
300272,,,,,,0.0,0.0,2020-02-13,2020-02-13,3.0,3.0,2.0,2023-02-27
300273,,,,,,0.0,0.0,2017-02-07,2018-04-06,6.0,6.0,1.0,
300274,,,,,,0.0,0.0,2017-02-17,2019-05-25,68.0,156.0,49.0,2023-04-06
300275,,,,,,0.0,0.0,,,,,,2023-04-13
300276,,,,,,0.0,0.0,2017-02-10,,6.0,9.0,0.0,2023-02-13
300277,,,,,,0.0,0.0,2018-02-24,2025-05-30,11.0,15.0,1.0,2025-02-08
300278,,,,,,0.0,0.0,2016-08-05,,6.0,7.0,0.0,2023-02-20
300279,,,,,,0.0,0.0,2016-06-10,2017-04-07,8.0,15.0,12.0,
300280,,,,,,0.0,0.0,2021-07-23,,2.0,2.0,0.0,
300281,,,,,,0.0,0.0,,,,,,2025-09-15
300282,,,,,,0.0,0.0,2016-06-09,,43.0,50.0,0.0,
300283,,,,,,0.0,0.0,,,,,,2025-09-10
300284,,,,,,0.0,0.0,2019-03-24,2024-03-19,26.0,29.0,6.0,2023-08-28
300285,,,,,,0.0,0.0,,,,,,2025-02-11
300286,,,,,,0.0,0.0,2025-12-01,2026-01-07,3.0,4.0,1.0,2025-05-13
300287,,,,,,0.0,0.0,2016-07-23,,18.0,19.0,0.0,2022-12-06
300288,2023-11-16,,,,,0.0,0.0,2017-02-16,2023-05-18,15.0,17.0,5.0,2023-03-29
300289,,,,,,0.0,0.0,2016-09-02,,2.0,2.0,0.0,
300290,,2011-04-13,2010-07-06,,,9.0,0.0,2017-02-04,2024-08-13,14.0,18.0,2.0,2023-05-12
300291,,,,,,,,,,,,,2023-03-13
300292,,,,,,0.0,0.0,2017-02-18,,12.0,13.0,0.0,2023-02-03
300293,,,,,,0.0,0.0,,,,,,
300294,,,,,,0.0,0.0,,,,,,
300295,,,,,,,,2020-06-08,,3.0,3.0,0.0,2023-02-09
300296,,,,,,0.0,0.0,2017-02-15,2023-08-19,5.0,5.0,1.0,2023-02-22
300297,,,,,,,,2017-02-04,,18.0,36.0,0.0,
300298,,,,,,,,2019-12-14,2023-04-18,25.0,32.0,25.0,2023-04-20
300299,,,,,,0.0,0.0,2021-09-10,2025-12-25,3.0,3.0,1.0,2023-02-12
300300,,,,,,0.0,0.0,2016-09-02,,11.0,17.0,0.0,2025-02-20
300301,,,,,,0.0,0.0,2017-03-17,,5.0,5.0,0.0,
300302,,,,,,0.0,0.0,2017-02-04,2017-02-04,7.0,8.0,4.0,2024-05-08
300303,,,,,,,,2025-03-22,2025-12-04,3.0,3.0,1.0,2025-02-07
300304,,,,,,0.0,0.0,,,,,,
300305,,,,,,0.0,0.0,,,,,,
300306,,,,,,0.0,0.0,2016-07-06,,31.0,34.0,0.0,2023-05-10
300307,,,,,,0.0,0.0,2016-07-25,,32.0,43.0,0.0,2025-02-19
300308,,,,,,0.0,0.0,2016-12-20,2025-11-07,26.0,40.0,4.0,2023-10-25
300309,,,,,,0.0,0.0,,,,,,
300310,,2024-03-05,2021-07-05,2024-03-05,2021-07-05,1.0,1.0,2016-07-24,2017-03-17,50.0,61.0,13.0,2023-02-06
300311,,2023-04-28,2020-05-27,2023-04-28,2020-05-27,2.0,1.0,2016-08-31,2019-07-16,87.0,212.0,2.0,2023-02-21
300312,,,,,,0.0,0.0,,,,,,
300313,,,,,,0.0,0.0,,,,,,
300314,,,,,,,,2025-01-17,2025-01-17,3.0,3.0,3.0,
300315,,,,,,,,2017-02-28,2017-02-28,12.0,15.0,5.0,2023-04-11
300316,,,,,,,,2019-03-24,2024-07-26,29.0,33.0,9.0,2023-02-14
300317,,,,,,0.0,0.0,2023-08-10,,1.0,2.0,0.0,
300318,,,,,,0.0,0.0,2018-08-01,,7.0,8.0,0.0,
300319,,,,,,0.0,0.0,2020-05-14,,2.0,2.0,0.0,2023-10-26
300320,,,,,,,,2017-08-04,2017-08-04,1.0,0.0,1.0,
300322,,,,,,0.0,0.0,2016-06-04,2016-06-04,8.0,0.0,10.0,
300323,,,,,,0.0,0.0,2016-06-09,2016-06-09,7.0,9.0,4.0,
300324,,,,,,0.0,0.0,2016-06-03,,17.0,21.0,0.0,2023-02-21
300325,,,,,,0.0,0.0,,,,,,
300326,,,,,,0.0,0.0,,,,,,
300327,,,,,,0.0,0.0,2017-02-07,,4.0,4.0,0.0,
300328,,,,,,0.0,0.0,,,,,,2023-02-13
300329,,,,,,0.0,0.0,,,,,,2024-11-28
300330,,,,,,0.0,0.0,2018-08-08,2024-07-09,2.0,2.0,1.0,
300331,,,,,,0.0,0.0,2018-07-05,2018-07-05,3.0,2.0,1.0,2023-04-12
300332,,,,,,0.0,0.0,,,,,,
300333,,,,,,,,2016-06-06,,14.0,16.0,0.0,
300334,,,,,,0.0,0.0,,,,,,
300335,,,,,,0.0,0.0,,,,,,2023-06-09
300338,,,,,,,,2018-03-28,,7.0,8.0,0.0,2023-03-07
300339,,,,,,,,2016-08-01,2017-02-09,176.0,237.0,46.0,2023-02-07
300340,,,,,,0.0,0.0,2017-02-09,2017-02-09,4.0,4.0,1.0,
300341,,,,,,0.0,0.0,2017-11-21,,11.0,12.0,0.0,2023-03-26
300342,,,,,,,,2016-09-08,,11.0,11.0,0.0,
300343,,,,,,0.0,0.0,2016-06-02,2016-06-02,3.0,3.0,3.0,
300344,,,,,,0.0,0.0,2017-11-27,,4.0,4.0,0.0,2023-04-24
300345,,,,,,0.0,0.0,,,,,,2024-12-20
300346,,,,,,0.0,0.0,2020-08-26,2020-08-26,3.0,3.0,2.0,
300347,,,,,,,,2016-08-13,2016-08-13,69.0,82.0,75.0,2025-07-17
300348,,,,,,,,2016-08-16,2023-09-18,49.0,62.0,7.0,2023-02-07
300349,,,,,,0.0,0.0,2017-12-26,2024-04-25,11.0,18.0,2.0,2025-02-10
300350,,,,,,,,2022-07-27,2025-06-28,2.0,2.0,1.0,2023-02-08
300351,,,,,,0.0,0.0,2026-01-12,,1.0,1.0,0.0,
300352,,2023-06-09,2023-04-19,,,1.0,0.0,2016-09-02,2025-11-25,10.0,13.0,1.0,2023-02-06
300353,,,,,,0.0,0.0,2016-06-06,,42.0,49.0,0.0,2023-02-13
300354,,,,,,,,2019-12-05,,4.0,4.0,0.0,2024-07-31
300355,,,,,,0.0,0.0,2019-11-17,,4.0,5.0,0.0,
300356,,,,,,,,2024-08-05,2025-08-13,5.0,7.0,1.0,
300357,,,,,,0.0,0.0,2020-02-26,2025-09-30,7.0,9.0,3.0,2025-09-05
300358,,,,,,0.0,0.0,2018-01-14,2026-03-05,8.0,9.0,1.0,2025-02-18
300359,,,,,,0.0,0.0,2017-12-15,,30.0,30.0,0.0,2023-02-09
300362,,,,,,0.0,0.0,,,,,,
300363,,,,,,,,2016-06-09,2016-06-09,16.0,17.0,15.0,
300364,2024-05-13,,,,,,,2018-05-12,2023-11-09,33.0,46.0,19.0,2022-12-06
300365,,,,,,0.0,0.0,2018-01-26,,11.0,11.0,0.0,2023-02-07
300366,2025-02-18,,,,,0.0,0.0,2016-06-10,2017-02-19,89.0,101.0,12.0,2023-03-10
300367,,,2016-06-20,,,6.0,0.0,2016-06-08,2017-02-28,105.0,154.0,5.0,
300368,,,,,,,,2016-06-10,2024-09-18,24.0,29.0,2.0,2023-02-16
300369,2025-08-29,,,,,0.0,0.0,2016-06-24,2019-09-25,120.0,203.0,28.0,2023-02-22
300370,,,,,,0.0,0.0,2016-06-10,,18.0,20.0,0.0,2023-10-23
300371,,,,,,0.0,0.0,,,,,,2025-02-14
300372,,,,,,0.0,0.0,,,,,,
300373,,,,,,0.0,0.0,2024-12-06,,1.0,2.0,0.0,2025-02-19
300374,,,,,,0.0,0.0,,,,,,
300375,,,,,,0.0,0.0,,,,,,2025-02-21
300376,,,,,,0.0,0.0,2017-03-08,2026-01-06,9.0,18.0,2.0,2023-04-27
300377,2025-12-25,,,,,,,2016-06-08,2020-04-03,56.0,65.0,9.0,2023-04-11
300378,,,,,,0.0,0.0,2016-07-22,2023-10-08,51.0,134.0,21.0,2023-02-10
300379,,2020-10-27,2020-07-10,,,2.0,0.0,2016-06-10,,17.0,19.0,0.0,2023-02-07
300380,,,,,,,,2017-02-08,2017-02-08,46.0,58.0,7.0,2023-03-14
300381,,,,,,0.0,0.0,2026-02-02,,1.0,1.0,0.0,
300382,,,,,,,,2016-06-08,,17.0,21.0,0.0,
300383,,,,,,0.0,0.0,2016-06-06,2016-06-06,20.0,22.0,3.0,2023-02-10
300384,,,,,,0.0,0.0,,,,,,2023-04-21
300385,,,,,,0.0,0.0,,,,,,
300386,,,,,,0.0,0.0,2016-07-24,,2.0,3.0,0.0,
300387,,,,,,0.0,0.0,2017-12-28,,2.0,2.0,0.0,2024-02-26
300388,,,,,,0.0,0.0,2017-03-14,2017-03-14,5.0,5.0,5.0,
300389,,,,,,,,2016-09-04,2025-02-28,8.0,9.0,2.0,2023-02-07
300393,,,,,,,,,,,,,2025-02-25
300394,,,,,,,,2017-02-14,2025-02-17,36.0,51.0,46.0,
300395,,,,,,0.0,0.0,,,,,,
300396,,2013-04-03,2009-11-13,,,9.0,0.0,2016-06-11,,19.0,33.0,0.0,2025-03-31
300397,,,,,,0.0,0.0,2016-06-10,2026-03-04,44.0,59.0,4.0,2023-04-28
300398,,,,,,0.0,0.0,2020-11-16,2020-11-16,1.0,0.0,1.0,2023-04-07
300399,,,,,,0.0,0.0,2018-07-06,,1.0,1.0,0.0,2023-02-22
300400,,,,,,,,2016-06-01,2018-01-10,25.0,37.0,3.0,2023-02-09
300401,,,,,,0.0,0.0,,,,,,
300403,,,,,,0.0,0.0,2017-01-17,2026-03-04,12.0,18.0,1.0,2023-03-28
300404,,,,,,0.0,0.0,2016-08-31,2016-08-31,3.0,4.0,3.0,2024-02-27
300405,,,,,,0.0,0.0,,,,,,2025-02-18
300406,,,2024-03-07,,2024-03-07,1.0,1.0,2025-05-30,,2.0,2.0,0.0,2025-02-20
300407,,,,,,,,,,,,,2025-02-14
300408,,,,,,,,2018-06-19,2024-12-20,47.0,58.0,14.0,2025-05-19
300409,,,,,,0.0,0.0,2024-07-10,2024-07-10,2.0,3.0,3.0,2025-03-05
300410,,,,,,0.0,0.0,2017-02-09,2021-07-29,65.0,97.0,3.0,2025-02-11
300411,,,,,,,,2016-06-04,,19.0,22.0,0.0,
300412,,,,,,0.0,0.0,,,,,,2023-05-10
300413,,,,,,0.0,0.0,2016-07-24,2018-05-22,81.0,103.0,4.0,2023-03-14
300414,,,,,,,,2021-03-25,,2.0,2.0,0.0,
300415,,,,,,0.0,0.0,2022-11-22,2025-04-12,17.0,23.0,3.0,
300416,,,,,,,,,,,,,2025-11-11
300417,,,,,,0.0,0.0,,,,,,
300418,2023-11-03,,,,,,,2017-01-19,2021-04-01,207.0,362.0,51.0,2023-02-03
300419,,,,,,,,,,,,,2023-02-10
300420,,,,,,,,2026-02-28,,1.0,1.0,0.0,2023-05-18
300422,,,,,,0.0,0.0,2017-02-16,2017-02-16,2.0,2.0,1.0,
300423,,,,,,0.0,0.0,2019-11-18,,5.0,5.0,0.0,
300424,,,,,,,,2017-02-16,2018-07-03,23.0,27.0,3.0,
300425,,,,,,0.0,0.0,,,,,,
300426,,,,,,,,,,,,,2023-04-28
300427,,,,,,0.0,0.0,2016-06-10,,10.0,10.0,0.0,
300428,,,,,,,,2026-02-13,,1.0,1.0,0.0,2025-12-05
300429,,,,,,0.0,0.0,,,,,,
300430,,,,,,,,2019-09-20,,4.0,4.0,0.0,2024-07-10
300431,,,,,,,,2016-06-16,2019-06-19,36.0,53.0,2.0,
300432,,,,,,,,2018-02-23,2025-07-23,14.0,18.0,3.0,
300433,,,,,,,,2017-02-12,2017-02-12,84.0,163.0,20.0,2025-02-28
300434,,,,,,0.0,0.0,2025-09-02,2025-09-02,1.0,2.0,2.0,2026-02-26
300436,,,,,,0.0,0.0,,,,,,
300437,,,,,,0.0,0.0,,,,,,
300438,,,,,,,,2024-07-02,,2.0,3.0,0.0,2024-10-25
300439,,2023-10-31,2019-12-12,,,1.0,0.0,2017-02-03,,2.0,3.0,0.0,2023-04-04
300440,,,,,,0.0,0.0,2017-01-03,,44.0,68.0,0.0,2023-02-10
300441,,,,,,,,2025-06-13,,2.0,2.0,0.0,
300442,,,,,,,,2025-06-05,2026-03-02,2.0,3.0,1.0,2023-03-02
300444,,,,,,0.0,0.0,2017-11-14,,4.0,4.0,0.0,2024-03-15
300445,,,,,,0.0,0.0,2016-05-31,2025-01-13,25.0,28.0,7.0,2023-04-08
300446,,,,,,,,2018-07-17,2025-08-11,7.0,8.0,1.0,2025-02-25
300447,,,,,,,,2018-03-22,2021-07-31,2.0,2.0,1.0,
300448,,,,,,0.0,0.0,2016-06-03,,37.0,48.0,0.0,2023-02-07
300449,,,,,,0.0,0.0,2016-07-12,,5.0,5.0,0.0,2023-02-13
300450,,,,,,0.0,0.0,2017-03-19,2023-11-14,205.0,396.0,39.0,
300451,,,,,,0.0,0.0,2017-12-12,2023-03-24,20.0,26.0,8.0,2023-02-02
300452,,,,,,0.0,0.0,,,,,,
300453,,,,,,,,,,,,,2025-03-10
300454,2024-04-25,,,,,0.0,0.0,2017-02-16,2020-03-23,105.0,157.0,14.0,2023-10-13
300455,,,,,,,,2016-06-06,,15.0,16.0,0.0,2025-02-06
300456,,,,,,0.0,0.0,2016-12-23,2025-05-09,24.0,30.0,4.0,2023-04-07
300457,,,,,,,,2018-03-20,2023-09-25,17.0,20.0,3.0,
300458,,2021-06-18,2017-08-03,,,2.0,0.0,2016-06-10,2017-04-19,37.0,52.0,1.0,2025-04-02
300459,,,,,,0.0,0.0,2017-01-17,2018-07-13,55.0,87.0,3.0,2023-02-10
300460,,,,,,0.0,0.0,,,,,,2023-02-26
300461,,,,,,0.0,0.0,2023-05-30,,2.0,2.0,0.0,
300462,,,,,,0.0,0.0,2017-02-20,2025-04-10,6.0,8.0,2.0,
300463,,,,,,0.0,0.0,2017-02-07,2026-01-23,20.0,49.0,4.0,2025-02-13
300464,,,,,,,,2017-08-09,2025-12-04,5.0,6.0,1.0,2023-02-20
300465,,,,,,,,2017-02-16,2017-03-17,55.0,64.0,8.0,2024-03-26
300466,,,,,,0.0,0.0,2023-06-19,2026-01-23,3.0,5.0,2.0,2023-02-06
300467,,,,,,0.0,0.0,2019-04-15,2019-04-15,3.0,4.0,1.0,2023-05-19
300468,,,,,,,,2018-06-22,2018-06-22,11.0,12.0,6.0,2023-01-10
300469,,,,,,0.0,0.0,2018-06-30,,13.0,14.0,0.0,2025-01-03
300470,,,,,,,,,,,,,2025-02-12
300471,,,,,,0.0,0.0,2024-08-20,2024-08-20,1.0,1.0,1.0,2025-04-24
300472,,,,,,0.0,0.0,2016-06-04,,17.0,20.0,0.0,2023-03-03
300473,,,,,,,,2016-06-08,2021-09-07,5.0,5.0,1.0,
300474,,,,,,,,2016-06-18,2024-08-12,24.0,33.0,10.0,2023-02-03
300475,,,,,,,,2025-03-24,2025-03-24,1.0,1.0,1.0,2025-02-07
300476,,,,,,,,2025-06-12,,2.0,2.0,0.0,2023-05-05
300477,,,,,,0.0,0.0,,,,,,
300478,,,,,,0.0,0.0,2024-04-01,,2.0,2.0,0.0,2025-02-17
300479,2025-10-10,,,,,,,2017-02-18,,43.0,61.0,0.0,2022-12-09
300480,,,,,,,,2017-02-27,,5.0,6.0,0.0,2024-04-12
300481,,,,,,0.0,0.0,,,,,,
300482,,,,,,,,2019-05-13,,7.0,7.0,0.0,2025-08-27
300484,,,,,,,,2017-02-27,,4.0,4.0,0.0,2026-03-02
300485,,,,,,0.0,0.0,,,,,,
300486,,,,,,0.0,0.0,2019-03-07,,11.0,20.0,0.0,2023-06-15
300487,,,,,,0.0,0.0,,,,,,
300489,,,,,,,,2024-01-19,,18.0,28.0,0.0,
300490,2026-03-19,,,,,0.0,0.0,2020-06-10,2024-03-14,12.0,12.0,4.0,2023-06-06
300491,,,,,,0.0,0.0,2025-05-30,,1.0,1.0,0.0,
300493,,,,,,,,2019-11-17,,2.0,2.0,0.0,2023-02-14
300494,,,,,,,,2017-02-04,,12.0,12.0,0.0,2023-02-09
300495,,,,,,0.0,0.0,,,,,,
300496,,,,,,,,2016-06-02,2016-06-10,283.0,398.0,89.0,2022-12-01
300497,,,,,,0.0,0.0,,,,,,
300498,,,,,,,,2017-04-17,2025-02-28,9.0,20.0,12.0,2025-02-11
300500,,,,,,,,2016-05-31,2016-05-31,33.0,43.0,43.0,2023-02-10
300501,,,,,,,,2024-07-02,,1.0,1.0,0.0,
300502,,,,,,,,2025-09-17,2026-02-12,4.0,4.0,1.0,
300503,,,,,,0.0,0.0,2019-04-01,,7.0,11.0,0.0,2023-07-25
300504,,,,,,,,2019-11-17,,2.0,2.0,0.0,2023-02-20
300505,,,,,,0.0,0.0,,,,,,
300506,,,,,,0.0,0.0,2021-03-18,,2.0,2.0,0.0,
300507,,,,,,,,2017-03-16,2017-03-16,3.0,4.0,3.0,2025-02-08
300508,,,,,,,,2016-06-08,,38.0,57.0,0.0,2023-04-26
300509,,,,,,0.0,0.0,,,,,,
300510,,,,,,0.0,0.0,,,,,,
300511,,,,,,0.0,0.0,,,,,,
300512,,,,,,,,2017-02-17,,12.0,14.0,0.0,
300513,,,,,,,,2017-03-17,2025-07-04,18.0,21.0,6.0,2023-02-03
300514,,,,,,0.0,0.0,2017-02-03,2017-02-03,3.0,3.0,1.0,2026-01-06
300515,,,,,,,,,,,,,2025-02-07
300516,,,,,,,,2021-07-11,,1.0,1.0,0.0,2023-03-30
300518,,,,,,0.0,0.0,2019-03-26,2019-03-26,4.0,4.0,4.0,
300519,,,,,,0.0,0.0,,,,,,
300520,2025-02-18,,,,,0.0,0.0,2018-06-14,2021-07-30,40.0,50.0,14.0,2022-12-07
300521,,,,,,0.0,0.0,2018-03-19,,3.0,3.0,0.0,
300523,,,,,,0.0,0.0,2016-06-08,2019-05-13,204.0,343.0,4.0,2023-05-19
300525,,,,,,,,2016-06-07,2016-06-07,42.0,56.0,26.0,2023-02-10
300526,,,,,,,,2018-02-02,2018-02-02,11.0,11.0,4.0,
300528,,,,,,,,2018-06-01,,2.0,2.0,0.0,2023-04-17
300529,,,,,,0.0,0.0,2021-07-29,2024-11-13,3.0,10.0,4.0,
300530,,,,,,0.0,0.0,,,,,,
300531,,,,,,0.0,0.0,2017-11-28,2021-08-09,5.0,5.0,1.0,2023-02-08
300532,,,,,,,,2018-04-12,2026-01-16,21.0,24.0,2.0,2023-03-28
300533,,,,,,,,2020-11-17,2021-03-26,4.0,4.0,3.0,2022-12-23
300534,,,,,,0.0,0.0,,,,,,
300535,,,,,,0.0,0.0,2025-10-21,,1.0,1.0,0.0,
300536,,,,,,0.0,0.0,,,,,,
300537,,,,,,0.0,0.0,,,,,,
300538,,,,,,,,2017-02-04,2017-02-04,3.0,3.0,3.0,2025-10-22
300540,,,,,,0.0,0.0,,,,,,
300541,,,,,,,,2018-08-04,2021-09-17,41.0,69.0,29.0,2023-02-01
300542,,,,,,0.0,0.0,2017-05-27,2019-11-17,14.0,15.0,8.0,2023-02-03
300543,,,,,,,,2016-06-07,2024-08-16,9.0,11.0,10.0,2025-02-11
300545,,,,,,,,2018-01-17,,16.0,16.0,0.0,
300546,,,,,,0.0,0.0,2016-06-02,2018-04-08,25.0,27.0,3.0,2023-02-09
300547,,,,,,0.0,0.0,,,,,,
300548,,,,,,0.0,0.0,2021-07-30,2021-07-30,3.0,0.0,3.0,
300549,,,,,,0.0,0.0,,,,,,
300550,,,,,,0.0,0.0,2017-12-29,,2.0,2.0,0.0,2025-05-13
300551,,,,,,0.0,0.0,2017-02-15,2017-07-23,22.0,44.0,1.0,2023-02-06
300552,,,,,,0.0,0.0,2016-06-06,,65.0,76.0,0.0,2023-02-09
300554,,,,,,0.0,0.0,,,,,,
300555,,,,,,0.0,0.0,2022-05-16,,1.0,1.0,0.0,2023-02-08
300556,,,,,,0.0,0.0,2020-07-13,2023-08-19,11.0,12.0,4.0,2022-12-07
300557,,,,,,,,2017-12-24,,9.0,9.0,0.0,
300558,,,,,,,,2019-11-27,2019-11-27,2.0,6.0,4.0,2025-02-12
300559,,,,,,0.0,0.0,2016-06-10,2023-08-11,10.0,13.0,2.0,2023-08-29
300560,,2021-04-06,2020-07-04,,,1.0,0.0,2018-05-12,2018-05-12,23.0,29.0,7.0,2024-05-24
300561,,2020-11-27,2017-04-27,,,1.0,0.0,2018-03-19,,7.0,8.0,0.0,2023-02-09
300562,,,,,,,,2016-09-03,2016-09-03,20.0,25.0,6.0,2023-02-09
300563,,,,,,0.0,0.0,,,,,,
300564,,,,,,,,,,,,,2024-05-10
300565,,,,,,,,2016-06-10,2016-06-10,6.0,8.0,8.0,
300566,,,,,,0.0,0.0,,,,,,2026-02-28
300567,,,,,,0.0,0.0,2016-06-10,2019-05-07,103.0,135.0,10.0,
300568,,,,,,0.0,0.0,,,,,,2025-07-15
300569,,,,,,0.0,0.0,,,,,,
300570,,,,,,,,,,,,,2023-04-19
300571,,,,,,,,2017-06-03,,10.0,19.0,0.0,2023-05-12
300572,,,,,,,,,,,,,2023-02-10
300573,,,,,,0.0,0.0,,,,,,2025-02-24
300575,,,,,,0.0,0.0,,,,,,
300576,,,,,,0.0,0.0,,,,,,
300577,,,,,,,,2017-06-08,,22.0,27.0,0.0,2025-03-06
300578,,,,,,0.0,0.0,2017-02-15,2025-11-05,47.0,61.0,5.0,2023-02-08
300579,,,,,,,,2018-04-10,,3.0,3.0,0.0,2023-02-16
300581,,,,,,,,2017-01-17,2018-04-18,11.0,12.0,1.0,
300582,,,,,,,,2021-05-24,2021-05-24,7.0,8.0,5.0,2023-04-04
300584,,,,,,0.0,0.0,,,,,,
300586,,,,,,0.0,0.0,2025-03-29,2025-03-29,1.0,1.0,1.0,
300587,,,,,,0.0,0.0,,,,,,
300588,,,2024-07-25,,2024-07-25,3.0,1.0,2017-06-09,,18.0,21.0,0.0,2023-02-08
300589,,,,,,0.0,0.0,,,,,,2025-05-08
300590,,,,,,,,2019-03-05,2019-03-05,3.0,8.0,8.0,2025-07-15
300591,,,,,,,,,,,,,2023-05-12
300592,,,,,,0.0,0.0,2019-02-09,2025-03-12,29.0,31.0,2.0,2023-02-03
300594,,,,,,0.0,0.0,,,,,,2023-02-21
300595,,,,,,,,,,,,,2023-05-22
300596,,,,,,0.0,0.0,2019-05-11,2020-11-11,8.0,8.0,3.0,
300597,,2022-03-29,2019-08-21,,,1.0,0.0,2024-10-16,,1.0,2.0,0.0,2023-02-02
300598,,,,,,,,2016-09-22,2017-04-14,179.0,445.0,133.0,2023-02-21
300600,,,,,,0.0,0.0,,,,,,
300601,,,,,,0.0,0.0,,,,,,
300602,,,,,,0.0,0.0,2025-02-22,2025-02-22,3.0,1.0,3.0,2025-02-20
300603,,,,,,0.0,0.0,2017-03-08,2017-03-08,6.0,11.0,6.0,2022-12-09
300604,,,,,,,,2020-07-27,,20.0,23.0,0.0,
300605,,,2023-01-05,,2023-01-05,1.0,1.0,,,,,,2023-02-22
300607,,,,,,,,2019-04-26,2025-11-07,22.0,28.0,1.0,2023-05-13
300608,,2024-05-24,2020-08-28,,,4.0,0.0,2016-05-31,,99.0,173.0,0.0,2023-02-03
300609,,,,,,0.0,0.0,2016-06-09,,43.0,72.0,0.0,2023-02-09
300610,,,,,,0.0,0.0,,,,,,
300611,,,,,,0.0,0.0,,,,,,
300612,,,,,,,,2017-04-19,2017-04-19,13.0,21.0,10.0,2023-02-01
300613,,,,,,0.0,0.0,2017-02-03,2019-12-18,65.0,93.0,10.0,2023-04-17
300614,,,,,,,,2022-09-27,,1.0,1.0,0.0,
300615,,,,,,,,,,,,,2023-02-13
300616,,,,,,0.0,0.0,,,,,,2023-04-28
300617,,,,,,,,,,,,,2023-02-15
300618,,,,,,0.0,0.0,,,,,,
300619,,,,,,0.0,0.0,2020-09-21,2025-12-17,3.0,1.0,2.0,
300620,,,,,,0.0,0.0,2017-02-16,2025-05-10,4.0,5.0,2.0,2025-02-24
300622,,,,,,,,2021-04-23,2021-04-23,3.0,0.0,4.0,2023-04-13
300623,,,,,,0.0,0.0,,,,,,2023-02-08
300624,2024-03-14,,,,,,,2016-06-10,2020-03-16,107.0,281.0,56.0,2023-02-01
300625,,,,,,0.0,0.0,2022-09-18,2025-11-14,2.0,2.0,1.0,
300627,,,,,,,,2016-06-06,,53.0,76.0,0.0,2023-04-12
300628,,,,,,,,2016-06-08,,94.0,122.0,0.0,2023-02-01
300629,,,,,,,,,,,,,2024-02-28
300630,,,,,,0.0,0.0,,,,,,
300631,,,,,,0.0,0.0,,,,,,
300632,,,,,,0.0,0.0,,,,,,2023-02-03
300633,,,,,,,,2016-09-02,2017-01-17,47.0,56.0,4.0,2024-10-28
300634,,2024-03-19,2023-12-06,2024-08-16,2024-06-17,5.0,3.0,2017-02-10,2019-09-27,149.0,309.0,104.0,2023-01-31
300635,,,,,,,,2025-06-23,,1.0,1.0,0.0,2024-11-20
300636,,,,,,0.0,0.0,,,,,,
300637,,,,,,,,2025-04-03,2025-04-03,1.0,1.0,1.0,
300638,,,,,,,,2018-05-03,2025-02-21,22.0,30.0,13.0,2023-02-14
300639,,,,,,0.0,0.0,2021-07-29,,7.0,8.0,0.0,2025-10-13
300640,,,,,,,,,,,,,2023-02-06
300641,,,,,,0.0,0.0,,,,,,
300642,,,,,,0.0,0.0,2021-07-16,,1.0,1.0,0.0,2025-02-17
300643,,,,,,0.0,0.0,,,,,,2023-03-25
300644,,,,,,0.0,0.0,,,,,,
300645,,,,,,0.0,0.0,2019-04-22,2024-07-27,6.0,5.0,3.0,2023-02-20
300647,,,,,,0.0,0.0,,,,,,
300648,,,,,,0.0,0.0,2019-05-07,,9.0,10.0,0.0,2025-06-13
300650,,,,,,,,2024-09-15,,1.0,1.0,0.0,2023-12-26
300651,,,,,,,,,,,,,2023-05-05
300653,,,,,,0.0,0.0,2025-12-24,,1.0,2.0,0.0,
300654,,,,,,,,2019-11-12,2025-06-13,6.0,6.0,5.0,2023-02-05
300655,,,,,,0.0,0.0,,,,,,
300656,,,,,,,,2016-06-10,,4.0,5.0,0.0,2025-11-12
300657,,,,,,,,2020-08-20,2025-04-27,5.0,5.0,3.0,2023-03-29
300658,,,,,,,,2024-10-29,2024-10-29,3.0,6.0,6.0,
300659,,,,,,,,2019-03-26,,12.0,13.0,0.0,2024-02-21
300660,,,,,,,,,,,,,2025-05-26
300661,,,,,,0.0,0.0,2019-05-12,2019-05-12,7.0,18.0,16.0,
300662,,,,,,,,2016-06-04,2016-06-09,271.0,442.0,116.0,2023-02-20
300663,,,,,,,,2018-05-09,,20.0,22.0,0.0,2022-12-05
300664,,,,,,0.0,0.0,2025-05-13,2025-05-13,1.0,2.0,1.0,
300665,,,,,,0.0,0.0,,,,,,2025-03-25
300666,,,,,,0.0,0.0,,,,,,
300667,,,,,,,,2023-10-10,,2.0,2.0,0.0,2024-06-20
300668,,,,,,,,2020-09-20,,1.0,1.0,0.0,2023-10-25
300669,,,,,,0.0,0.0,,,,,,2026-05-06
300670,,,,,,0.0,0.0,,,,,,2023-05-16
300672,,,,,,,,2017-01-12,2017-05-10,75.0,88.0,10.0,2023-03-22
300673,,,,,,0.0,0.0,,,,,,
300674,,,,,,,,2016-06-02,2016-07-24,39.0,50.0,7.0,2023-02-07
300675,,,,,,0.0,0.0,2017-11-18,,8.0,8.0,0.0,2025-02-05
300676,,,,,,0.0,0.0,2016-08-07,2020-04-27,58.0,74.0,4.0,2023-04-03
300677,,,,,,0.0,0.0,2025-08-23,2025-08-26,3.0,4.0,1.0,
300678,2025-07-25,,,,,0.0,0.0,2016-06-10,,12.0,14.0,0.0,2023-02-20
300679,,,,,,,,2019-05-22,2019-05-22,7.0,15.0,7.0,
300680,,,,,,0.0,0.0,2025-06-09,2025-06-09,5.0,6.0,4.0,2025-04-08
300681,,,,,,0.0,0.0,2019-05-07,,15.0,19.0,0.0,
300682,,,,,,,,2016-07-24,2022-01-25,149.0,529.0,21.0,2023-04-26
300684,,,,,,,,2018-01-29,,2.0,3.0,0.0,2023-03-23
300685,,,,,,0.0,0.0,2021-07-21,,1.0,1.0,0.0,
300686,,,,,,,,,,,,,2023-03-31
300687,,,,,,,,2017-04-15,2023-10-25,59.0,75.0,17.0,2023-02-02
300688,,,,,,,,2017-02-01,,32.0,78.0,0.0,2023-02-03
300689,,,,,,,,,,,,,2025-04-29
300691,,,,,,,,2019-04-19,,41.0,48.0,0.0,2023-02-02
300692,,,,,,0.0,0.0,,,,,,2023-06-25
300693,,,,,,0.0,0.0,2024-02-20,2024-02-20,2.0,2.0,2.0,
300695,,,,,,0.0,0.0,2023-05-01,,4.0,6.0,0.0,
300696,,,,,,0.0,0.0,,,,,,
300697,,,,,,0.0,0.0,,,,,,
300698,,,,,,,,,,,,,2024-07-03
300699,,,,,,0.0,0.0,,,,,,
300700,,,,,,0.0,0.0,,,,,,
300701,,,,,,0.0,0.0,2018-06-27,,3.0,3.0,0.0,
300702,,,,,,,,2025-03-10,2025-03-10,3.0,3.0,3.0,
300703,,,,,,,,2025-02-26,2025-02-26,1.0,2.0,2.0,2023-03-13
300705,,,,,,0.0,0.0,,,,,,
300706,,,,,,,,2018-01-09,2018-01-09,1.0,0.0,1.0,2025-05-14
300707,,,,,,0.0,0.0,2021-04-29,2021-04-29,2.0,2.0,1.0,
300708,,,,,,0.0,0.0,2025-02-10,2025-04-21,6.0,28.0,6.0,2025-02-18
300709,,,,,,0.0,0.0,2018-09-11,2025-01-13,20.0,24.0,4.0,2023-03-10
300711,,,,,,,,2020-04-12,2025-02-24,10.0,14.0,7.0,2025-04-10
300712,,,,,,0.0,0.0,2019-11-17,2025-06-26,11.0,11.0,4.0,
300713,,,,,,0.0,0.0,2017-12-14,,1.0,1.0,0.0,
300715,,,,,,0.0,0.0,,,,,,
300716,,,,,,0.0,0.0,2019-11-26,,1.0,1.0,0.0,
300719,,,,,,0.0,0.0,2017-06-10,,1.0,1.0,0.0,
300722,,,,,,,,2023-04-07,,1.0,1.0,0.0,
300723,,,,,,0.0,0.0,2019-11-23,2021-08-01,5.0,6.0,5.0,
300724,,,,,,0.0,0.0,2023-03-25,,7.0,7.0,0.0,2025-03-05
300725,,,,,,,,2019-05-18,2020-04-04,14.0,18.0,10.0,2023-08-27
300726,,,,,,,,,,,,,2023-03-24
300729,,,,,,0.0,0.0,2018-06-26,2026-02-04,13.0,18.0,1.0,2023-03-16
300730,,,,,,,,2019-04-30,,28.0,30.0,0.0,2023-01-31
300731,,,,,,,,2025-12-16,,1.0,1.0,0.0,
300732,,,,,,,,2023-04-06,,1.0,2.0,0.0,2023-04-27
300735,,,,,,,,2024-07-31,2024-07-31,3.0,2.0,5.0,2024-06-28
300736,,,,,,0.0,0.0,2017-03-07,,2.0,2.0,0.0,
300737,,,,,,0.0,0.0,2024-10-29,2024-10-29,4.0,6.0,2.0,
300738,,,,,,0.0,0.0,2026-02-26,,1.0,2.0,0.0,2023-02-06
300739,,,,,,,,2017-02-06,2017-02-06,2.0,2.0,1.0,
300740,,,,,,0.0,0.0,2021-06-27,2021-12-28,5.0,5.0,2.0,2024-03-04
300741,,,,,,0.0,0.0,,,,,,2025-02-27
300742,,,,,,0.0,0.0,2017-02-16,,2.0,2.0,0.0,
300743,,,,,,0.0,0.0,,,,,,2023-02-08
300745,,,,,,0.0,0.0,2019-05-13,,7.0,9.0,0.0,
300746,,,,,,,,,,,,,2024-09-20
300747,,,,,,0.0,0.0,2025-05-23,2025-12-03,4.0,4.0,1.0,
300748,,,,,,0.0,0.0,2022-03-01,,4.0,4.0,0.0,
300749,,,,,,0.0,0.0,2020-01-18,2020-01-18,1.0,0.0,1.0,
300750,,,,,,,,2017-03-21,2017-03-21,123.0,266.0,49.0,
300751,,,,,,,,2018-02-08,2025-11-11,32.0,46.0,5.0,
300752,,,,,,0.0,0.0,,,,,,2025-03-11
300753,,,,,,0.0,0.0,2020-07-20,,3.0,3.0,0.0,2024-12-19
300755,,,,,,,,2016-06-23,2016-06-23,2.0,0.0,2.0,
300756,,,,,,,,2021-06-25,2021-06-25,3.0,3.0,2.0,
300757,,,,,,0.0,0.0,2025-10-20,,2.0,4.0,0.0,2023-03-29
300759,,,,,,,,2018-01-20,2018-01-20,30.0,56.0,24.0,
300760,,,,,,0.0,0.0,2016-06-01,2016-06-03,74.0,83.0,23.0,2023-08-31
300761,,,,,,0.0,0.0,2019-11-11,2022-08-17,12.0,15.0,1.0,
300762,,,,,,,,2017-06-11,,18.0,20.0,0.0,
300763,,,,,,,,2024-04-09,,4.0,6.0,0.0,
300765,,,,,,0.0,0.0,2022-10-21,,1.0,1.0,0.0,
300766,,,,,,,,2016-06-07,2016-08-11,147.0,248.0,13.0,2023-02-10
300767,,,,,,0.0,0.0,,,,,,
300768,2026-03-19,,,,,0.0,0.0,2017-04-15,2025-02-13,22.0,30.0,10.0,2023-03-20
300769,,,,,,0.0,0.0,,,,,,
300770,,,,,,,,2018-05-11,2025-12-31,15.0,15.0,3.0,2023-06-07
300771,,,,,,,,,,,,,2023-03-27
300772,,,,,,0.0,0.0,2019-04-19,2025-02-24,24.0,25.0,7.0,
300773,,,,,,,,2016-06-01,2025-02-18,33.0,37.0,6.0,2023-08-20
300774,,,,,,,,,,,,,2026-01-29
300776,,,,,,0.0,0.0,2021-07-30,2024-03-26,10.0,10.0,1.0,
300777,,,,,,,,,,,,,2025-03-01
300778,,,,,,0.0,0.0,2025-12-26,2025-12-26,1.0,1.0,1.0,2024-02-19
300779,,,,,,0.0,0.0,,,,,,
300780,,,,,,0.0,0.0,,,,,,2025-04-17
300781,,2024-11-15,2023-12-08,2024-08-13,2023-12-08,2.0,2.0,2017-08-03,2023-07-10,10.0,10.0,3.0,2023-02-03
300782,,,,,,,,2019-11-06,,7.0,9.0,0.0,2024-03-22
300783,,,,,,,,2021-04-16,,7.0,16.0,0.0,2023-03-22
300785,2024-01-17,,,,,,,2016-06-01,2016-07-19,100.0,153.0,63.0,2023-02-02
300786,,,,,,0.0,0.0,,,,,,
300787,,,,,,,,2017-02-02,,6.0,7.0,0.0,
300788,,,,,,,,2018-02-06,2019-12-24,9.0,23.0,2.0,2023-02-20
300789,,,,,,0.0,0.0,2016-09-22,,19.0,20.0,0.0,2023-04-11
300790,,,,,,,,,,,,,2023-04-21
300791,,,,,,0.0,0.0,2024-09-02,2024-09-02,2.0,6.0,8.0,2025-02-19
300792,,,,,,,,2017-02-07,2017-02-07,20.0,6.0,16.0,2023-02-06
300793,,2020-12-29,2018-03-30,,,1.0,0.0,2025-02-15,,2.0,4.0,0.0,2023-02-24
300795,,,,,,,,2018-05-30,,26.0,35.0,0.0,2023-02-13
300796,,,,,,0.0,0.0,,,,,,
300797,,,,,,,,2017-03-22,,1.0,2.0,0.0,
300798,,,,,,0.0,0.0,,,,,,2025-02-05
300799,,,,,,,,2018-08-06,,6.0,6.0,0.0,
300800,,,,,,,,2020-08-07,,3.0,3.0,0.0,2023-12-25
300801,,,,,,0.0,0.0,,,,,,2025-02-14
300802,,,,,,,,2025-01-02,,3.0,3.0,0.0,2023-02-24
300803,,,,,,,,2017-04-19,2025-03-13,15.0,18.0,4.0,2023-02-09
300804,,,,,,0.0,0.0,,,,,,
300805,,,,,,,,2017-07-31,2023-08-28,24.0,26.0,4.0,2024-05-20
300806,,,,,,0.0,0.0,2025-11-28,2025-11-28,1.0,1.0,1.0,
300807,,,,,,,,2018-02-23,,6.0,7.0,0.0,2023-02-09
300808,,,,,,,,2018-07-03,,1.0,1.0,0.0,
300809,,,,,,,,2025-02-21,,1.0,2.0,0.0,
300810,,,,,,0.0,0.0,2016-08-16,,13.0,14.0,0.0,2023-02-10
300811,,,,,,0.0,0.0,,,,,,2024-12-10
300812,,,,,,,,2025-08-20,,1.0,1.0,0.0,2023-02-17
300813,,,,,,0.0,0.0,2025-03-10,,1.0,1.0,0.0,2023-04-13
300815,,,,,,0.0,0.0,,,,,,2024-04-02
300816,,,,,,,,,,,,,2025-02-05
300817,,,,,,0.0,0.0,,,,,,2024-02-22
300818,,,,,,,,2022-09-16,,1.0,1.0,0.0,
300820,,,,,,,,2024-08-13,,1.0,3.0,0.0,
300821,,,,,,0.0,0.0,,,,,,
300822,,,,,,,,2017-03-19,,4.0,6.0,0.0,2023-02-02
300825,,,,,,,,2020-05-05,,2.0,2.0,0.0,2023-03-31
300826,,,,,,0.0,0.0,2024-11-18,,3.0,5.0,0.0,2023-02-15
300827,,,,,,0.0,0.0,2021-08-26,2021-08-26,3.0,5.0,5.0,
300828,,,,,,,,,,,,,2025-02-26
300830,,,,,,,,,,,,,2023-02-11
300831,,,,,,0.0,0.0,,,,,,
300832,,,,,,,,2021-02-23,2021-02-23,6.0,7.0,2.0,2025-02-28
300833,,,,,,0.0,0.0,2017-02-13,,18.0,20.0,0.0,
300834,,,,,,0.0,0.0,,,,,,
300835,,,,,,,,,,,,,2025-08-28
300836,,,,,,,,,,,,,2023-04-26
300838,,,,,,0.0,0.0,,,,,,2025-02-10
300839,,,,,,0.0,0.0,2025-12-08,,1.0,1.0,0.0,2025-06-26
300840,,,,,,,,2017-02-13,2025-12-03,16.0,18.0,1.0,2023-05-30
300843,,,,,,,,2026-02-27,2026-02-27,1.0,1.0,1.0,2025-02-07
300844,,,,,,,,2025-02-27,2025-02-27,4.0,9.0,8.0,2023-02-13
300845,,,,,,,,2025-06-13,2025-06-13,1.0,1.0,1.0,2023-02-02
300846,,,,,,,,2019-05-21,2024-08-23,6.0,9.0,7.0,2022-12-06
300847,,,,,,,,,,,,,2024-02-20
300851,,,,,,0.0,0.0,2024-07-13,,5.0,6.0,0.0,2025-02-19
300852,,,,,,0.0,0.0,,,,,,2023-02-06
300853,,,,,,,,2017-12-17,2023-10-21,36.0,47.0,2.0,2023-04-27
300854,,,,,,0.0,0.0,,,,,,
300856,,,,,,0.0,0.0,,,,,,
300857,,2025-10-07,2024-05-20,2025-10-07,2024-05-20,1.0,1.0,2017-02-28,2025-04-30,8.0,15.0,4.0,2023-02-07
300858,,,,,,0.0,0.0,,,,,,
300860,,,,,,0.0,0.0,,,,,,2023-03-27
300862,,,,,,,,2023-04-04,,4.0,5.0,0.0,
300864,,,,,,,,2026-03-02,2026-03-02,1.0,1.0,1.0,2025-04-15
300866,,,,,,,,2016-08-22,2016-08-22,65.0,84.0,28.0,2023-02-23
300867,,,,,,,,,,,,,2025-10-10
300868,,,,,,,,2020-03-26,2020-03-26,4.0,4.0,4.0,2024-05-17
300869,,,,,,0.0,0.0,2022-08-03,,7.0,44.0,0.0,2025-02-18
300870,,,,,,,,2020-02-20,2020-07-21,6.0,8.0,6.0,2023-07-18
300871,,,,,,0.0,0.0,,,,,,
300872,,,,,,,,2017-11-10,2023-08-01,22.0,26.0,6.0,2023-02-01
300873,,,,,,,,2018-09-21,2018-09-21,2.0,2.0,2.0,2025-02-28
300875,,,,,,0.0,0.0,2019-04-21,,2.0,2.0,0.0,2025-02-06
300876,,,,,,0.0,0.0,,,,,,
300878,,,,,,0.0,0.0,,,,,,
300879,,,,,,,,2024-12-18,2026-01-14,5.0,5.0,1.0,
300880,,,,,,,,,,,,,2025-04-30
300881,,,,,,0.0,0.0,,,,,,
300883,,,,,,,,2025-01-16,2025-01-16,1.0,2.0,2.0,
300884,,,,,,,,2017-06-11,,7.0,7.0,0.0,2023-02-06
300886,,,,,,0.0,0.0,,,,,,2025-02-12
300887,,,,,,0.0,0.0,2020-03-04,,2.0,4.0,0.0,2023-05-31
300888,,,,,,0.0,0.0,2018-04-12,2025-11-11,13.0,24.0,14.0,2026-04-22
300889,,,,,,,,2017-04-19,2017-04-19,2.0,2.0,1.0,
300891,,,,,,0.0,0.0,,,,,,
300892,,,,,,,,2019-01-24,,1.0,1.0,0.0,
300893,,,,,,0.0,0.0,,,,,,
300894,,,,,,,,2019-05-07,,4.0,4.0,0.0,2023-05-26
300895,,,,,,,,2022-07-15,,7.0,8.0,0.0,2023-02-19
300896,,,,,,,,,,,,,2025-08-15
300897,,,,,,0.0,0.0,,,,,,2023-02-21
300898,,,,,,0.0,0.0,,,,,,
300899,,,,,,,,,,,,,2025-02-17
300900,,,,,,,,,,,,,2024-04-30
300901,,,,,,,,,,,,,2023-04-24
300904,,,,,,,,2023-03-27,,5.0,5.0,0.0,
300906,,,,,,,,2021-07-12,,6.0,7.0,0.0,2023-02-07
300907,,,,,,,,,,,,,2025-02-12
300909,,,,,,0.0,0.0,,,,,,2023-11-10
300910,,,,,,0.0,0.0,,,,,,
300911,,,,,,,,2024-12-24,,1.0,1.0,0.0,2023-04-07
300912,,,,,,0.0,0.0,2025-06-10,,2.0,4.0,0.0,
300913,,,,,,,,2019-12-12,2019-12-12,3.0,3.0,3.0,2023-02-08
300915,,,,,,,,2025-09-28,2025-09-28,1.0,1.0,1.0,
300916,,,,,,0.0,0.0,2026-02-25,2026-02-25,1.0,1.0,1.0,2023-02-09
300917,,,,,,,,2021-04-01,,1.0,1.0,0.0,2025-02-24
300918,,,,,,0.0,0.0,,,,,,2023-05-16
300919,,,,,,,,2025-03-31,2025-03-31,2.0,3.0,3.0,
300920,,,,,,0.0,0.0,,,,,,
300921,,,,,,,,2020-07-02,,1.0,1.0,0.0,2023-02-13
300923,,,,,,0.0,0.0,,,,,,
300925,2025-12-25,,,,,,,2017-02-04,2018-06-23,380.0,682.0,180.0,2023-03-23
300926,,,,,,0.0,0.0,,,,,,
300927,,,,,,0.0,0.0,,,,,,
300928,,,,,,,,2021-12-30,,3.0,3.0,0.0,2024-04-19
300929,,,,,,0.0,0.0,,,,,,2026-05-19
300930,,,,,,0.0,0.0,,,,,,
300931,,,,,,,,,,,,,2024-03-07
300935,,,,,,,,2021-05-15,2021-05-15,3.0,3.0,2.0,2023-02-08
300937,,,,,,,,2016-06-24,2025-09-25,7.0,9.0,2.0,2025-02-17
300938,,,,,,0.0,0.0,2016-06-06,,1.0,1.0,0.0,2023-11-10
300939,,,,,,,,2018-05-30,,5.0,5.0,0.0,2023-02-03
300940,,,,,,0.0,0.0,,,,,,2025-05-16
300941,,,,,,,,,,,,,2023-02-08
300942,,,,,,0.0,0.0,2025-10-29,,1.0,1.0,0.0,2025-02-07
300943,,,,,,,,2017-12-26,,1.0,1.0,0.0,
300945,,,,,,,,,,,,,2025-05-15
300947,,,,,,0.0,0.0,,,,,,2023-03-28
300948,,,,,,0.0,0.0,2021-12-31,,1.0,1.0,0.0,2026-05-08
300949,,,,,,0.0,0.0,2023-08-30,2023-08-30,4.0,5.0,4.0,2023-01-31
300950,,,,,,,,,,,,,2023-03-23
300951,,,,,,,,2024-01-23,2026-01-06,3.0,4.0,1.0,
300952,,,,,,0.0,0.0,2022-08-30,,1.0,2.0,0.0,
300953,,,,,,,,2024-10-15,2025-12-16,6.0,7.0,2.0,2025-04-28
300955,,,,,,0.0,0.0,,,,,,
300956,,,,,,,,2024-02-14,,2.0,2.0,0.0,2024-05-07
300957,,,,,,0.0,0.0,2021-07-19,2025-11-19,5.0,5.0,1.0,2024-03-22
300958,,,,,,0.0,0.0,,,,,,2025-04-25
300959,,,,,,,,,,,,,2023-02-10
300961,,,,,,0.0,0.0,,,,,,
300962,,,,,,0.0,0.0,,,,,,
300963,,,,,,0.0,0.0,,,,,,
300965,,,,,,,,2025-05-23,,2.0,2.0,0.0,
300967,,,,,,0.0,0.0,,,,,,2025-03-04
300968,,,,,,,,,,,,,2023-02-11
300971,,,,,,,,2022-09-13,,2.0,2.0,0.0,2026-05-08
300973,,,,,,0.0,0.0,2020-10-04,2020-10-04,86.0,155.0,147.0,
300975,,,,,,0.0,0.0,2025-01-09,,1.0,1.0,0.0,2023-06-13
300976,,,,,,,,2016-07-24,2025-12-02,11.0,11.0,1.0,
300977,,,,,,0.0,0.0,2020-06-07,,5.0,5.0,0.0,2023-02-22
300978,,,,,,0.0,0.0,2023-09-21,2026-01-06,2.0,1.0,1.0,
300979,,,,,,,,2019-11-12,2019-11-12,1.0,1.0,1.0,
300980,,,,,,,,2024-12-21,2024-12-21,1.0,0.0,1.0,
300981,,,,,,,,2024-09-05,,1.0,1.0,0.0,2025-09-15
300982,,,,,,0.0,0.0,2025-05-15,2025-05-15,3.0,3.0,2.0,
300983,,,,,,,,,,,,,2023-05-08
300986,,,,,,0.0,0.0,2025-01-10,2025-09-29,5.0,5.0,3.0,2025-06-26
300987,,,,,,,,,,,,,2023-02-03
300988,,,,,,0.0,0.0,2025-09-09,2025-09-09,1.0,1.0,1.0,
300989,,,,,,0.0,0.0,2021-06-25,2023-08-26,5.0,5.0,1.0,2023-02-03
300991,,,,,,,,2026-01-21,,1.0,1.0,0.0,2023-02-02
300993,,,,,,,,,,,,,2025-02-20
300995,,,,,,0.0,0.0,,,,,,2025-02-17
300996,,,,,,,,2017-02-27,2019-03-26,42.0,116.0,56.0,2023-05-31
300998,,,,,,,,2025-03-28,2025-04-17,4.0,5.0,4.0,
300999,,,,,,,,2016-06-06,2016-06-06,34.0,34.0,20.0,
301001,,,,,,,,2018-04-10,2018-04-10,7.0,3.0,5.0,2023-02-01
301002,,,,,,,,2018-01-12,2018-01-12,3.0,3.0,3.0,2025-12-17
301003,,,,,,0.0,0.0,,,,,,
301007,,,,,,0.0,0.0,,,,,,2025-02-24
301008,,,,,,,,2025-03-10,,1.0,2.0,0.0,
301009,,,,,,0.0,0.0,,,,,,
301010,,,,,,0.0,0.0,,,,,,
301011,,,,,,,,2017-11-17,,1.0,1.0,0.0,2023-02-12
301012,,,,,,,,,,,,,2026-03-17
301013,,,,,,,,2022-08-18,,1.0,1.0,0.0,2024-03-30
301015,,,,,,,,2022-11-26,,4.0,4.0,0.0,
301016,,,,,,0.0,0.0,,,,,,
301017,,,,,,,,2023-08-20,2025-12-05,5.0,5.0,2.0,2025-02-26
301018,,,,,,,,2020-03-23,2020-03-23,6.0,15.0,8.0,2023-04-07
301019,,,,,,0.0,0.0,,,,,,
301020,,,,,,0.0,0.0,,,,,,
301021,,,,,,,,2018-06-20,2018-07-25,6.0,6.0,6.0,2024-02-21
301022,,,,,,,,,,,,,2023-09-08
301024,,,,,,,,2025-10-11,2025-11-18,2.0,3.0,1.0,2023-02-03
301025,,,,,,,,,,,,,2023-01-31
301027,,,,,,,,,,,,,2023-09-06
301029,,,,,,,,2025-03-13,2025-03-13,1.0,1.0,1.0,2023-03-31
301030,,,,,,0.0,0.0,,,,,,
301033,,,,,,0.0,0.0,2018-08-02,,1.0,1.0,0.0,
301035,,,,,,0.0,0.0,,,,,,2025-02-24
301036,,,,,,0.0,0.0,,,,,,
301037,,,,,,0.0,0.0,,,,,,
301038,,,,,,,,2025-03-12,2025-03-12,3.0,3.0,2.0,2025-03-10
301039,,,,,,,,2020-04-30,,1.0,1.0,0.0,
301041,,,,,,,,2024-10-15,2025-05-29,6.0,8.0,3.0,2023-12-13
301042,,2024-05-10,2023-02-07,,,4.0,0.0,2019-04-19,,2.0,2.0,0.0,2023-06-28
301043,,,,,,0.0,0.0,,,,,,
301045,,,,,,,,2025-03-28,,2.0,2.0,0.0,
301046,,,,,,0.0,0.0,,,,,,2025-09-14
301047,,,,,,,,,,,,,2023-02-14
301050,,,,,,,,,,,,,2025-02-23
301051,,,,,,0.0,0.0,,,,,,
301052,,,,,,,,,,,,,2023-02-02
301053,,,,,,0.0,0.0,,,,,,2026-01-15
301055,,,,,,,,,,,,,2026-01-30
301056,,,,,,0.0,0.0,,,,,,
301058,,,,,,0.0,0.0,,,,,,
301060,,,,,,0.0,0.0,2020-01-29,2025-04-14,8.0,11.0,3.0,2023-03-30
301061,,,,,,,,2025-03-08,,1.0,1.0,0.0,
301062,,,,,,,,2020-07-26,2020-07-26,2.0,0.0,2.0,2023-10-31
301065,,,,,,0.0,0.0,,,,,,
301066,,,,,,0.0,0.0,2020-02-12,,3.0,3.0,0.0,2023-06-02
301070,,,,,,,,2025-03-25,,1.0,1.0,0.0,2024-07-18
301072,,,,,,0.0,0.0,2025-03-11,2025-03-11,1.0,0.0,1.0,
301073,,,,,,,,,,,,,2024-03-15
301078,2026-04-30,,,,,,,2018-06-24,2023-07-12,31.0,36.0,7.0,2023-02-21
301080,,,,,,,,2019-12-22,2026-01-05,3.0,3.0,2.0,
301082,,,,,,0.0,0.0,,,,,,
301083,,,,,,0.0,0.0,2016-08-10,,5.0,5.0,0.0,2023-02-14
301085,,,,,,,,2023-07-12,2023-07-12,7.0,8.0,5.0,2023-02-01
301086,,,,,,,,,,,,,2026-01-21
301087,,,,,,,,2019-01-26,2019-01-26,13.0,22.0,20.0,2025-02-27
301088,,,,,,,,,,,,,2023-03-20
301089,,,,,,0.0,0.0,,,,,,2023-05-10
301090,,,,,,,,2025-02-28,,1.0,2.0,0.0,2025-02-11
301091,,,,,,,,2017-03-09,,44.0,58.0,0.0,2023-02-10
301092,,,,,,0.0,0.0,,,,,,2025-02-18
301093,,,,,,,,,,,,,2026-02-02
301095,,,,,,,,2023-10-21,2025-05-11,7.0,7.0,1.0,2023-02-12
301096,,,,,,0.0,0.0,2024-04-22,2024-04-22,1.0,1.0,1.0,
301097,,,,,,,,2025-09-12,,1.0,1.0,0.0,
301098,,,,,,0.0,0.0,2025-06-24,,1.0,1.0,0.0,
301099,,,,,,,,,,,,,2025-02-01
301101,,,,,,0.0,0.0,2017-05-04,2017-05-04,6.0,10.0,10.0,
301102,,,,,,,,,,,,,2023-09-19
301103,,,,,,0.0,0.0,2021-08-11,,2.0,2.0,0.0,2025-02-07
301105,,,,,,,,,,,,,2023-02-08
301109,,,,,,0.0,0.0,,,,,,
301110,,,,,,,,2016-06-08,2016-06-08,32.0,36.0,15.0,2023-02-02
301111,,,,,,0.0,0.0,,,,,,2023-03-17
301112,,,,,,,,2021-07-09,,1.0,1.0,0.0,2025-03-10
301115,,,,,,,,2020-12-17,2025-03-11,4.0,5.0,1.0,2025-10-30
301116,,,,,,,,2021-07-30,,1.0,1.0,0.0,
301117,,,,,,,,2025-05-15,2025-05-15,3.0,3.0,3.0,2025-04-24
301120,,,,,,,,2025-03-27,2025-07-29,2.0,2.0,1.0,2025-03-10
301121,,,,,,0.0,0.0,,,,,,2025-04-18
301123,,,,,,,,,,,,,2023-05-17
301125,,,,,,0.0,0.0,2022-11-26,,4.0,4.0,0.0,
301126,,,,,,,,,,,,,2023-09-26
301128,,,,,,0.0,0.0,2025-11-11,2025-11-11,1.0,1.0,1.0,
301129,,2021-02-09,2020-05-18,,,5.0,0.0,2019-11-10,,28.0,34.0,0.0,2023-03-29
301130,,,,,,0.0,0.0,,,,,,
301131,,,,,,0.0,0.0,2025-03-11,,1.0,1.0,0.0,
301132,,,,,,0.0,0.0,,,,,,
301135,,,,,,,,2021-07-18,2025-03-26,5.0,5.0,2.0,2023-02-13
301136,,,,,,,,2023-04-26,,4.0,4.0,0.0,2023-02-08
301137,,,,,,,,,,,,,2023-08-25
301138,,,,,,,,2025-10-21,,1.0,2.0,0.0,
301139,2026-01-26,,,,,,,2024-07-01,2025-09-19,2.0,2.0,1.0,2023-02-06
301141,,,,,,,,2025-12-04,,1.0,1.0,0.0,
301148,,,,,,0.0,0.0,2025-12-03,,1.0,1.0,0.0,
301149,,,,,,,,,,,,,2023-03-03
301150,,,,,,,,2025-10-16,,2.0,2.0,0.0,
301151,,,,,,,,,,,,,2024-03-05
301152,,,,,,,,,,,,,2025-02-21
301153,,,,,,,,,,,,,2023-04-03
301155,,,,,,0.0,0.0,,,,,,
301156,,,,,,0.0,0.0,,,,,,
301157,,,,,,,,2021-09-23,,3.0,3.0,0.0,2025-08-14
301159,,2023-05-26,2022-06-30,,,12.0,0.0,2019-11-25,2023-08-10,15.0,15.0,3.0,2023-02-07
301161,,,,,,0.0,0.0,,,,,,
301162,,,,,,,,2019-04-30,2024-07-26,8.0,12.0,4.0,2023-04-26
301165,,,,,,,,2016-09-06,2018-05-24,93.0,178.0,14.0,2023-06-06
301166,,,,,,,,2024-07-02,2025-06-04,3.0,3.0,1.0,
301167,,,,,,0.0,0.0,2025-12-12,2025-12-12,1.0,1.0,1.0,2025-02-12
301169,,,,,,,,2017-02-07,2024-09-02,90.0,104.0,10.0,2023-02-13
301170,,,,,,0.0,0.0,,,,,,
301171,,,,,,,,2017-01-17,2018-06-27,99.0,131.0,2.0,2023-02-07
301172,,,,,,,,2024-07-09,2024-07-09,5.0,6.0,3.0,2023-08-11
301173,,,,,,,,2024-03-22,,1.0,1.0,0.0,
301175,,,,,,,,,,,,,2023-06-20
301177,,,,,,,,2020-04-16,,2.0,2.0,0.0,2023-03-23
301178,,,,,,,,2025-06-04,2025-06-04,2.0,4.0,3.0,2023-02-03
301179,,,,,,0.0,0.0,2022-03-21,,4.0,4.0,0.0,2025-03-26
301180,,,,,,,,,,,,,2024-12-09
301182,,,,,,0.0,0.0,2017-03-07,2017-03-07,1.0,0.0,1.0,
301183,,,,,,,,,,,,,2023-02-03
301185,,2024-01-30,2023-09-19,,,1.0,0.0,2017-01-17,2025-04-23,21.0,25.0,1.0,2023-05-12
301186,,,,,,0.0,0.0,,,,,,
301187,,,,,,0.0,0.0,2017-01-17,2017-01-17,10.0,10.0,6.0,
301188,,,,,,,,2024-08-04,,1.0,1.0,0.0,
301189,,,,,,,,2019-05-22,2025-02-11,23.0,28.0,13.0,2023-03-10
301190,,,,,,0.0,0.0,,,,,,
301191,,,,,,,,,,,,,2024-11-28
301192,,,,,,0.0,0.0,,,,,,
301193,,,,,,,,,,,,,2026-02-10
301195,,,,,,,,2020-08-01,2023-12-18,36.0,46.0,4.0,2023-03-30
301196,,,,,,,,2025-03-13,,1.0,1.0,0.0,
301197,,,,,,0.0,0.0,2018-07-26,,4.0,5.0,0.0,2023-02-15
301199,,,,,,,,2019-05-19,,10.0,11.0,0.0,2023-07-12
301200,,,,,,,,2020-02-27,2025-11-07,20.0,21.0,2.0,2025-04-29
301201,,,,,,,,,,,,,2025-02-19
301205,,,,,,,,,,,,,2024-05-21
301206,,,,,,0.0,0.0,,,,,,2025-02-26
301208,,,,,,,,2018-07-16,,7.0,8.0,0.0,2023-04-28
301209,,,,,,0.0,0.0,,,,,,
301210,,,,,,,,,,,,,2025-09-29
301211,,,,,,0.0,0.0,,,,,,
301213,,,,,,0.0,0.0,2020-06-06,2020-07-14,13.0,18.0,6.0,2023-02-03
301215,,,,,,,,,,,,,2023-02-13
301217,,,,,,0.0,0.0,,,,,,
301218,,,,,,,,2017-02-15,,2.0,4.0,0.0,2023-06-21
301220,,,,,,,,,,,,,2023-07-04
301221,,,,,,,,2016-05-31,2023-09-18,58.0,69.0,25.0,2023-04-26
301222,,,,,,0.0,0.0,,,,,,
301223,,,,,,,,2021-08-19,2025-12-04,2.0,4.0,2.0,
301226,,,,,,,,2024-06-01,,1.0,1.0,0.0,2025-03-19
301228,,,,,,0.0,0.0,,,,,,2025-02-19
301229,,,,,,,,2026-01-27,,1.0,1.0,0.0,
301230,,,,,,0.0,0.0,2017-02-15,2017-02-15,12.0,12.0,9.0,2023-03-16
301231,,,,,,,,,,,,,2023-05-16
301233,,,,,,0.0,0.0,,,,,,2025-03-17
301234,,,,,,0.0,0.0,,,,,,
301235,,,,,,0.0,0.0,2017-03-12,2022-07-21,5.0,5.0,1.0,
301236,,,,,,0.0,0.0,2016-07-15,2016-07-15,839.0,3435.0,1151.0,2023-02-06
301238,,,,,,0.0,0.0,,,,,,
301239,,,,,,,,,,,,,2025-02-17
301246,,,,,,0.0,0.0,,,,,,
301248,,,,,,,,2018-04-17,2025-04-09,33.0,45.0,6.0,2023-01-14
301251,,2022-07-08,2022-04-28,,,2.0,0.0,,,,,,
301256,,,,,,0.0,0.0,,,,,,
301257,,,,,,0.0,0.0,2018-01-14,2018-01-14,9.0,22.0,22.0,2025-02-12
301259,,,,,,0.0,0.0,,,,,,2024-09-18
301260,,,,,,,,2023-10-10,2024-11-04,8.0,12.0,5.0,2023-02-09
301261,,,,,,,,,,,,,2024-05-13
301262,,,,,,,,2019-12-21,2025-07-11,19.0,21.0,4.0,2023-06-21
301263,,,,,,,,,,,,,2025-02-17
301266,,,,,,0.0,0.0,,,,,,
301267,,,,,,0.0,0.0,2024-02-26,2025-02-17,10.0,12.0,10.0,2023-03-27
301268,,,,,,,,2024-12-04,,1.0,2.0,0.0,
301269,,,,,,,,2021-05-11,2024-06-17,9.0,10.0,3.0,2023-12-13
301270,,,,,,,,2017-05-09,2023-07-29,35.0,58.0,1.0,2023-02-07
301272,,,,,,,,2025-11-24,2025-11-24,1.0,1.0,1.0,
301273,,,,,,0.0,0.0,,,,,,
301275,,,,,,0.0,0.0,2021-05-10,2024-07-10,3.0,3.0,1.0,2025-03-16
301276,,,,,,,,2016-09-04,2016-09-04,8.0,0.0,9.0,2023-05-30
301277,,,,,,,,,,,,,2023-05-18
301280,,,,,,0.0,0.0,,,,,,
301282,,,,,,0.0,0.0,,,,,,2025-02-19
301285,,,,,,,,2025-05-19,2025-05-19,5.0,11.0,5.0,
301287,,,,,,,,,,,,,2023-06-19
301290,,,,,,,,2024-10-29,2024-10-29,1.0,2.0,2.0,2023-09-21
301291,,,,,,,,2025-03-24,,1.0,1.0,0.0,
301292,,,,,,,,2025-06-06,2025-06-06,1.0,2.0,2.0,
301293,,,,,,,,2024-08-20,2024-08-20,1.0,1.0,1.0,2025-02-19
301298,,,,,,0.0,0.0,,,,,,
301299,,,,,,0.0,0.0,2021-09-24,2025-12-02,9.0,10.0,1.0,2023-02-10
301301,,,,,,,,2024-08-07,,3.0,3.0,0.0,2024-02-25
301302,,,,,,,,2017-02-08,2020-08-20,13.0,15.0,2.0,2022-12-06
301303,,,,,,0.0,0.0,,,,,,2023-03-01
301305,,,,,,,,2023-06-14,2023-06-14,2.0,2.0,2.0,
301306,,,,,,,,,,,,,2024-02-27
301307,,,,,,,,,,,,,2023-07-11
301308,,,,,,,,2017-09-30,,5.0,6.0,0.0,2023-02-06
301311,,,,,,0.0,0.0,2021-09-17,,4.0,4.0,0.0,2022-12-07
301312,,,,,,,,2017-02-28,2020-03-10,17.0,20.0,8.0,2023-04-12
301313,,,,,,,,2017-02-07,2023-07-15,17.0,21.0,8.0,2023-02-01
301314,,,,,,,,,,,,,2025-03-11
301315,,,,,,,,2017-02-16,2017-04-18,21.0,24.0,6.0,2023-07-26
301316,,,,,,0.0,0.0,2016-06-02,2016-06-02,241.0,370.0,162.0,2023-02-01
301318,,,,,,0.0,0.0,2017-05-17,2026-03-04,28.0,30.0,1.0,2023-12-22
301319,,,,,,,,,,,,,2025-04-25
301320,,,,,,,,,,,,,2023-06-13
301321,,,,,,,,,,,,,2024-02-20
301322,,,,,,,,2025-12-02,,2.0,2.0,0.0,
301323,,,,,,0.0,0.0,,,,,,
301325,,,,,,,,2023-11-14,,3.0,3.0,0.0,
301327,,,,,,,,2023-03-31,2025-04-18,2.0,2.0,1.0,
301328,,,,,,,,,,,,,2023-03-28
301330,,,,,,,,2019-02-15,2023-04-18,36.0,69.0,4.0,2022-11-30
301331,,,,,,,,2025-10-28,,1.0,1.0,0.0,2025-03-18
301332,,,,,,0.0,0.0,,,,,,2023-05-22
301336,,,,,,,,,,,,,2025-05-09
301337,,,,,,,,2018-06-26,,6.0,7.0,0.0,2025-02-08
301338,,,,,,0.0,0.0,2021-06-29,,10.0,13.0,0.0,2025-05-21
301339,,,,,,,,2017-11-21,,15.0,18.0,0.0,2023-02-03
301345,,,,,,,,2025-10-21,2025-10-21,1.0,1.0,1.0,2025-06-11
301348,,,,,,0.0,0.0,,,,,,
301349,,,,,,,,,,,,,2024-02-20
301356,,,,,,0.0,0.0,,,,,,
301357,,,,,,,,2021-05-08,2021-05-08,1.0,2.0,2.0,
301360,,,,,,,,2022-10-18,,5.0,10.0,0.0,2023-04-01
301361,,,,,,0.0,0.0,2022-07-13,2022-07-13,1.0,1.0,1.0,2025-04-25
301363,,,,,,,,2016-09-22,2017-03-10,14.0,15.0,2.0,
301365,,,,,,,,2025-06-19,2025-06-19,3.0,9.0,9.0,2023-02-08
301366,,,,,,,,2019-12-12,2025-03-28,2.0,3.0,2.0,
301367,,,,,,,,2018-08-02,2018-08-02,4.0,3.0,1.0,
301368,,,,,,0.0,0.0,,,,,,2023-04-13
301369,,,,,,,,2023-02-22,2025-12-11,3.0,4.0,1.0,
301370,,,,,,,,2020-07-26,2025-09-10,3.0,6.0,4.0,2024-03-20
301371,,,,,,,,2024-07-18,,1.0,1.0,0.0,
301373,,,,,,0.0,0.0,,,,,,
301376,,,,,,,,2021-07-09,,5.0,5.0,0.0,2023-06-26
301377,,,,,,,,2020-01-12,,1.0,1.0,0.0,2025-02-17
301378,2025-12-30,,,,,,,2023-03-06,2024-07-16,12.0,18.0,12.0,2023-03-24
301379,,,,,,,,,,,,,2025-09-19
301380,,,,,,,,,,,,,2023-03-29
301381,,,,,,,,2016-06-06,2017-08-05,12.0,13.0,11.0,2025-03-11
301382,,,,,,,,2025-03-14,,3.0,3.0,0.0,2023-08-21
301383,,,,,,,,,,,,,2024-04-24
301387,,,,,,0.0,0.0,,,,,,2024-03-22
301388,,,,,,,,2018-06-27,,6.0,6.0,0.0,
301390,,,,,,,,2016-06-09,,7.0,7.0,0.0,
301391,,,,,,,,2018-04-16,2025-10-23,7.0,8.0,3.0,2022-12-21
301392,,,,,,,,2024-08-22,,1.0,1.0,0.0,
301396,,,,,,,,2021-07-25,,5.0,6.0,0.0,2023-05-10
301397,,,,,,,,,,,,,2025-04-25
301408,,,,,,,,2022-10-18,,1.0,1.0,0.0,2025-02-13
301413,,,,,,0.0,0.0,,,,,,2024-03-22
301418,,,,,,,,2024-03-16,,2.0,2.0,0.0,
301419,,,,,,,,,,,,,2025-02-18
301421,,,,,,0.0,0.0,2017-12-24,,11.0,12.0,0.0,2025-05-21
301428,,,,,,,,2018-01-06,2024-08-21,20.0,28.0,14.0,2023-05-24
301448,,,,,,,,,,,,,2025-02-20
301449,,,,,,,,,,,,,2026-01-30
301456,,,,,,,,2023-05-09,2023-05-09,2.0,0.0,3.0,
301468,,,,,,,,2025-02-26,2025-02-26,1.0,2.0,2.0,
301469,,,,,,,,,,,,,2025-02-11
301488,,,,,,,,2023-07-25,,2.0,2.0,0.0,2023-07-24
301489,,,,,,,,,,,,,2025-02-17
301491,,,,,,,,,,,,,2025-08-08
301499,,,,,,,,2024-10-14,,1.0,2.0,0.0,2025-02-19
301501,,,,,,,,,,,,,2025-03-27
301502,,,,,,0.0,0.0,,,,,,
301503,,,,,,,,2019-05-01,,5.0,6.0,0.0,2023-07-24
301505,,,,,,,,2021-05-07,,2.0,2.0,0.0,
301507,,,,,,0.0,0.0,2024-12-27,2024-12-27,4.0,2.0,4.0,
301508,,,,,,,,2024-06-18,2024-06-18,2.0,2.0,1.0,
301510,,,,,,,,,,,,,2024-11-20
301512,,,,,,,,2016-08-24,2025-09-13,35.0,44.0,1.0,
301516,,,,,,,,,,,,,2023-12-12
301518,,,,,,0.0,0.0,2025-12-01,2025-12-01,1.0,4.0,4.0,
301519,,,,,,0.0,0.0,2021-05-12,,12.0,14.0,0.0,
301520,,,,,,,,2025-09-02,,1.0,1.0,0.0,2026-05-13
301525,,,,,,,,2021-07-29,,2.0,2.0,0.0,
301526,,,,,,,,2025-04-03,,1.0,1.0,0.0,2024-03-10
301528,,,,,,,,2024-01-29,2026-01-26,4.0,4.0,1.0,2024-10-14
301533,,,,,,,,2024-09-14,,2.0,6.0,0.0,
301536,,,,,,,,2021-07-13,2021-07-13,15.0,23.0,16.0,2024-04-02
301539,,,,,,,,,,,,,2025-02-10
301551,,,,,,,,,,,,,2025-11-03
301552,,,,,,0.0,0.0,,,,,,2025-05-28
301556,,,,,,,,2016-07-24,,9.0,9.0,0.0,2025-03-11
301558,,2023-05-05,2022-10-21,,,2.0,0.0,2017-06-26,2017-06-26,10.0,11.0,7.0,2023-10-08
301563,,,,,,,,,,,,,2025-10-09
301565,,,,,,0.0,0.0,,,,,,2025-02-26
301568,,,,,,,,2016-06-17,2025-06-02,21.0,25.0,2.0,2023-12-19
301571,,,,,,,,2018-09-08,,5.0,7.0,0.0,
301577,,,,,,0.0,0.0,,,,,,2025-02-05
301578,,,,,,,,2021-07-09,2021-07-09,6.0,4.0,3.0,2024-02-27
301580,,,,,,,,2019-04-02,2025-04-28,19.0,22.0,3.0,2025-02-13
301581,,,,,,,,,,,,,2025-02-12
301589,,,,,,,,2020-03-06,2021-07-14,10.0,10.0,2.0,
301591,,,,,,0.0,0.0,,,,,,
301592,,,,,,,,2021-07-02,,3.0,4.0,0.0,
301596,,,,,,,,2025-03-19,2025-03-19,1.0,1.0,1.0,
301598,,,,,,,,2016-07-08,,17.0,18.0,0.0,2025-02-24
301600,,,,,,,,2023-05-19,,5.0,6.0,0.0,
301601,,,,,,0.0,0.0,,,,,,
301602,,,,,,0.0,0.0,2017-11-20,,11.0,13.0,0.0,2025-01-24
301603,,,,,,,,,,,,,2024-07-12
301606,,,,,,,,2023-05-11,2023-08-22,20.0,28.0,18.0,2024-09-20
301607,,,,,,,,,,,,,2025-02-18
301608,,,,,,,,2018-03-23,,7.0,11.0,0.0,2025-02-12
301609,,,,,,,,,,,,,2025-08-08
301611,,,,,,,,2026-02-26,2026-02-26,1.0,0.0,1.0,2025-02-20
301616,,,,,,0.0,0.0,,,,,,2025-03-31
301618,,,,,,0.0,0.0,,,,,,
301622,,,,,,,,2025-10-10,,1.0,1.0,0.0,2025-02-18
301631,,,,,,,,,,,,,2025-12-15
301632,,,,,,,,,,,,,2025-08-14
301633,,,,,,,,2022-06-09,2024-12-09,28.0,35.0,2.0,2024-11-11
301638,,,,,,,,,,,,,2025-12-22
301658,,,,,,,,2022-09-21,,1.0,1.0,0.0,
301662,,,,,,0.0,0.0,2025-05-27,,1.0,1.0,0.0,
301665,,,,,,0.0,0.0,,,,,,
301666,,,,,,,,,,,,,2026-04-22
302132,,,,,,0.0,0.0,,,,,,
430017,,,,,,,,2025-03-20,,1.0,1.0,0.0,
430198,,,,,,,,2018-04-03,,4.0,4.0,0.0,
430300,,,,,,,,2025-11-12,,1.0,1.0,0.0,
430425,,,,,,,,2024-07-29,2025-02-14,4.0,5.0,3.0,
430476,,,,,,,,2021-09-15,2025-04-07,3.0,3.0,1.0,
430556,,,,,,,,2024-12-27,2026-01-28,6.0,6.0,2.0,
430564,,,,,,,,2025-01-20,,1.0,1.0,0.0,
430718,,,,,,,,2017-02-14,2017-02-14,2.0,0.0,2.0,
600000,,,,,,,,2016-07-04,,12.0,24.0,0.0,2025-04-18
600004,,,,,,,,2021-03-24,,14.0,20.0,0.0,2025-03-12
600006,,,,,,,,2017-02-15,2020-04-27,62.0,145.0,75.0,
600007,,,,,,,,,,,,,2025-02-12
600008,,,,,,,,2020-06-06,2020-06-06,15.0,28.0,6.0,2025-03-13
600010,,,,,,,,,,,,,2025-05-06
600011,,,,,,,,2023-05-02,2024-06-15,12.0,20.0,6.0,
600012,,,,,,,,,,,,,2025-08-12
600015,,,,,,,,,,,,,2025-03-14
600016,,,,,,0.0,0.0,2017-07-24,,16.0,29.0,0.0,2023-04-28
600017,,,,,,,,,,,,,2025-03-11
600018,,,,,,0.0,0.0,,,,,,2025-03-14
600019,,,,,,0.0,0.0,2019-12-14,,6.0,7.0,0.0,2023-04-28
600020,,,,,,0.0,0.0,,,,,,2025-03-25
600022,,,,,,,,,,,,,2025-02-27
600025,,,,,,0.0,0.0,,,,,,2025-03-24
600027,,,,,,,,,,,,,2025-05-20
600028,2025-12-19,,,,,0.0,0.0,2016-06-06,2016-06-06,14.0,14.0,14.0,2025-04-02
600029,,,,,,,,2023-03-10,,2.0,2.0,0.0,2026-01-23
600030,,,,,,,,2017-06-21,2017-09-05,56.0,86.0,19.0,2023-04-14
600031,,,,,,0.0,0.0,2017-02-03,2017-09-29,87.0,129.0,7.0,2024-08-27
600032,,,,,,,,,,,,,2025-03-12
600033,,,,,,,,,,,,,2025-03-12
600035,,,,,,,,2022-11-23,,1.0,1.0,0.0,2025-03-21
600036,,,,,,,,2016-07-13,2022-05-06,57.0,144.0,2.0,2023-08-28
600037,,,,,,,,,,,,,2023-02-07
600038,,,,,,,,2025-04-26,,1.0,6.0,0.0,
600039,,,,,,0.0,0.0,,,,,,
600048,,,,,,,,2018-03-21,2018-03-21,7.0,10.0,8.0,
600050,,,,,,,,2017-03-16,2019-03-26,358.0,759.0,156.0,
600051,,,,,,,,,,,,,2025-03-19
600052,,,,,,,,,,,,,2025-04-09
600053,,,,,,,,,,,,,2025-03-21
600054,,,,,,,,,,,,,2024-09-11
600055,,,,,,0.0,0.0,2016-07-07,,16.0,28.0,0.0,2023-06-19
600056,,,,,,,,2023-09-16,,1.0,1.0,0.0,
600057,,,,,,,,2019-02-18,2026-01-23,5.0,6.0,1.0,2025-06-13
600058,,,,,,,,2017-02-09,,12.0,15.0,0.0,2025-04-08
600059,,,,,,0.0,0.0,,,,,,2026-02-02
600060,,,,,,,,2017-02-02,2021-02-17,94.0,117.0,20.0,2023-04-10
600061,,,,,,0.0,0.0,2018-06-26,2023-11-06,37.0,38.0,10.0,2025-02-27
600062,,,,,,0.0,0.0,2025-02-19,,1.0,2.0,0.0,2025-03-12
600063,,,,,,0.0,0.0,,,,,,
600064,,,,,,,,,,,,,2025-03-03
600066,,,,,,0.0,0.0,2017-02-15,2025-03-27,41.0,66.0,1.0,2025-11-01
600067,,,,,,,,2020-09-24,,2.0,2.0,0.0,2025-03-21
600068,,,,,,0.0,0.0,2019-12-09,2019-12-09,4.0,6.0,4.0,
600070,,,,,,,,2016-06-10,,8.0,9.0,0.0,
600071,,,,,,,,2021-08-24,,3.0,6.0,0.0,2025-03-11
600072,,,,,,0.0,0.0,2024-08-12,2025-06-12,3.0,4.0,3.0,
600073,,,,,,0.0,0.0,2025-12-05,,1.0,1.0,0.0,2025-03-24
600074,,,,,,,,2016-05-31,2016-08-01,50.0,75.0,2.0,
600075,,,,,,0.0,0.0,,,,,,2025-03-14
600076,,,,,,0.0,0.0,,,,,,2025-03-11
600078,,,,,,,,2024-06-29,,2.0,2.0,0.0,2025-04-21
600079,,,,,,0.0,0.0,2016-06-10,2016-06-10,17.0,20.0,13.0,2025-03-27
600080,,,,,,0.0,0.0,,,,,,
600081,,,,,,,,,,,,,2025-02-21
600083,,,,,,,,2018-06-11,,2.0,2.0,0.0,2023-12-12
600084,,,,,,,,,,,,,2025-03-10
600085,,,,,,,,2026-02-04,2026-02-04,1.0,1.0,1.0,2025-09-04
600088,,,,,,,,,,,,,2022-12-26
600089,,,,,,,,2019-05-18,2025-03-03,42.0,80.0,8.0,2024-05-08
600093,,,,,,,,2020-03-25,,27.0,35.0,0.0,
600094,,,,,,,,2025-12-09,,1.0,1.0,0.0,
600095,,,,,,,,2018-08-07,,15.0,16.0,0.0,2024-01-03
600096,,,,,,0.0,0.0,2023-07-12,,1.0,1.0,0.0,
600097,,,,,,,,,,,,,2025-04-03
600098,,,,,,,,2025-03-27,,6.0,6.0,0.0,
600099,,,,,,,,,,,,,2025-04-03
600100,,,,,,0.0,0.0,2016-06-06,2017-02-06,253.0,347.0,34.0,2023-02-13
600101,,,,,,,,,,,,,2025-03-11
600103,,,,,,0.0,0.0,,,,,,2023-06-06
600104,,,,,,,,2016-06-06,2017-02-05,159.0,248.0,9.0,2023-01-01
600105,,,,,,,,2017-04-12,,10.0,10.0,0.0,
600106,,,,,,,,,,,,,2025-03-11
600107,,,,,,,,2021-07-28,,1.0,1.0,0.0,
600108,,,,,,0.0,0.0,,,,,,2025-04-30
600109,2026-04-20,,,,,0.0,0.0,2016-06-10,2023-09-04,29.0,50.0,2.0,2023-05-08
600110,,,,,,,,,,,,,2025-03-21
600111,,,,,,,,,,,,,2025-06-05
600114,,,,,,0.0,0.0,2018-06-29,,6.0,6.0,0.0,2025-04-08
600115,,,,,,,,2017-06-06,2026-02-09,16.0,24.0,2.0,
600117,,,,,,,,,,,,,2025-03-11
600118,,,,,,,,2016-08-31,2023-11-14,41.0,51.0,5.0,
600120,,,,,,,,2018-07-05,,2.0,2.0,0.0,2023-07-07
600121,,,,,,,,,,,,,2025-03-31
600122,,,,,,0.0,0.0,2018-06-13,,1.0,1.0,0.0,
600125,,,,,,,,2016-06-27,2016-06-27,4.0,2.0,4.0,2025-04-07
600126,,,,,,0.0,0.0,2025-04-16,2025-04-16,2.0,2.0,2.0,2026-01-19
600127,,,,,,,,,,,,,2025-03-12
600128,,,,,,,,,,,,,2025-04-03
600129,,,,,,0.0,0.0,2025-06-09,,1.0,1.0,0.0,2024-06-24
600130,,,,,,,,,,,,,2025-03-13
600131,,,,,,,,2016-09-02,2021-09-25,76.0,108.0,5.0,2023-07-11
600132,,,,,,,,2016-06-10,2016-06-10,20.0,24.0,24.0,
600133,,,,,,,,2018-02-11,2025-03-12,8.0,9.0,1.0,
600135,,,,,,0.0,0.0,,,,,,
600136,,,,,,,,2018-10-10,,1.0,1.0,0.0,
600137,,,,,,0.0,0.0,,,,,,2025-03-10
600138,,,,,,,,2026-02-26,2026-02-26,1.0,1.0,1.0,2023-03-21
600143,,,,,,0.0,0.0,2018-11-14,,12.0,18.0,0.0,
600146,,,,,,,,2017-03-23,2017-03-23,1.0,1.0,1.0,
600149,,,,,,0.0,0.0,,,,,,
600150,,,,,,,,2022-07-22,,2.0,2.0,0.0,2025-03-31
600151,,,,,,,,2016-06-09,2018-07-16,4.0,4.0,1.0,2023-05-08
600152,,,,,,0.0,0.0,2025-09-02,2025-09-02,1.0,1.0,1.0,
600153,,,,,,,,2016-10-14,2016-10-14,19.0,16.0,8.0,
600155,,,,,,,,2018-07-06,,13.0,16.0,0.0,2025-02-25
600156,,,,,,0.0,0.0,,,,,,2025-03-11
600157,,,,,,,,,,,,,2025-03-17
600158,,,,,,,,2017-03-02,,15.0,16.0,0.0,2023-01-31
600159,,,,,,,,,,,,,2025-03-13
600160,,,,,,0.0,0.0,2018-08-02,,4.0,4.0,0.0,2026-01-26
600161,,,,,,0.0,0.0,2025-02-21,2025-02-21,1.0,2.0,2.0,2025-04-07
600162,,,,,,,,2017-08-11,,10.0,15.0,0.0,
600163,,,,,,0.0,0.0,,,,,,2025-03-13
600165,,,,,,0.0,0.0,,,,,,2025-03-11
600166,,,,,,0.0,0.0,2018-03-15,2018-03-15,13.0,13.0,5.0,2025-02-27
600167,,,,,,,,,,,,,2025-04-15
600169,,,,,,0.0,0.0,,,,,,2023-05-08
600170,,,,,,,,2016-06-02,2016-06-02,9.0,38.0,35.0,2025-03-12
600171,,,,,,0.0,0.0,2017-01-30,,4.0,4.0,0.0,
600172,,,,,,,,2017-02-15,,1.0,1.0,0.0,
600173,,,,,,,,2017-03-07,2020-11-25,12.0,17.0,5.0,2025-03-18
600175,,,,,,0.0,0.0,,,,,,
600176,,,,,,0.0,0.0,2025-04-08,,2.0,4.0,0.0,2023-03-31
600177,,,,,,0.0,0.0,2018-07-10,2018-07-10,2.0,2.0,1.0,2023-04-04
600178,,,,,,0.0,0.0,,,,,,2025-04-11
600179,,,,,,,,,,,,,2025-03-04
600180,,,,,,,,2017-09-19,,3.0,4.0,0.0,2025-02-14
600182,,,,,,,,,,,,,2025-03-31
600183,,,,,,,,,,,,,2024-12-12
600184,,,,,,0.0,0.0,2024-11-14,,1.0,4.0,0.0,2025-08-26
600185,,,,,,0.0,0.0,,,,,,2025-03-21
600186,,,,,,,,2024-08-28,2024-10-18,6.0,7.0,6.0,2025-02-07
600188,,,,,,,,2023-07-17,,1.0,1.0,0.0,
600189,,,,,,0.0,0.0,,,,,,2025-03-12
600191,,,,,,,,,,,,,2025-03-14
600192,,,,,,,,,,,,,2025-03-19
600193,,,,,,0.0,0.0,,,,,,
600195,,,,,,0.0,0.0,,,,,,2025-04-29
600196,,,,,,0.0,0.0,2017-11-10,2017-12-26,65.0,83.0,55.0,2024-06-05
600197,,,,,,0.0,0.0,,,,,,
600198,,,,,,,,2017-02-04,2018-04-10,30.0,33.0,7.0,2022-12-09
600199,,,,,,0.0,0.0,,,,,,2025-03-12
600200,,,,,,0.0,0.0,,,,,,
600201,,,,,,0.0,0.0,2024-07-02,,2.0,2.0,0.0,2024-12-27
600202,,,,,,0.0,0.0,,,,,,2025-03-17
600203,,,,,,,,2017-02-02,2017-02-02,10.0,4.0,9.0,2024-05-06
600206,,,,,,0.0,0.0,,,,,,
600208,,,,,,,,2017-02-03,2017-02-03,166.0,296.0,293.0,
600210,,,,,,0.0,0.0,,,,,,
600211,,,,,,0.0,0.0,,,,,,
600212,,,,,,,,2025-02-18,,1.0,1.0,0.0,2025-11-07
600216,,,,,,0.0,0.0,2016-07-25,2016-07-25,4.0,3.0,5.0,2025-02-07
600217,,,,,,,,,,,,,2025-07-28
600218,,,,,,,,,,,,,2025-03-03
600219,,,,,,0.0,0.0,,,,,,
600220,,,,,,0.0,0.0,,,,,,
600221,,,,,,,,2017-02-04,,3.0,11.0,0.0,2025-02-19
600222,,,,,,0.0,0.0,,,,,,2025-04-15
600223,,,,,,0.0,0.0,,,,,,2025-04-02
600225,,,,,,,,2017-02-17,2023-07-05,13.0,15.0,4.0,2023-06-02
600226,,,,,,,,,,,,,2025-03-14
600227,,,,,,0.0,0.0,2022-03-11,,5.0,6.0,0.0,
600228,,,,,,0.0,0.0,2016-05-31,,73.0,123.0,0.0,2023-02-10
600229,,,,,,0.0,0.0,,,,,,2023-09-07
600230,,,,,,0.0,0.0,,,,,,
600231,,,,,,,,,,,,,2025-02-13
600233,,,,,,,,2017-03-16,2017-04-14,57.0,133.0,12.0,2023-12-18
600234,,,,,,,,,,,,,2024-05-07
600235,,,,,,,,,,,,,2025-03-10
600236,,,,,,,,,,,,,2025-05-06
600238,,,,,,,,2020-03-06,2020-03-06,6.0,2.0,5.0,2025-03-14
600239,,,,,,,,2021-08-04,,2.0,2.0,0.0,
600241,,,,,,,,,,,,,2025-04-28
600242,,,,,,,,2016-05-31,,26.0,50.0,0.0,
600243,,,,,,,,,,,,,2025-03-17
600246,,,,,,,,,,,,,2024-06-26
600248,,,,,,0.0,0.0,,,,,,2025-03-19
600249,,,,,,0.0,0.0,,,,,,
600251,,,,,,0.0,0.0,,,,,,2025-03-20
600252,,,,,,0.0,0.0,,,,,,2025-04-28
600255,,,,,,,,,,,,,2025-05-19
600256,,,,,,0.0,0.0,2024-09-08,,1.0,2.0,0.0,2025-03-12
600257,,,,,,0.0,0.0,2017-12-27,,4.0,5.0,0.0,
600258,,,,,,,,,,,,,2025-06-13
600259,,,,,,,,,,,,,2025-04-02
600260,,,,,,0.0,0.0,2017-10-28,,11.0,11.0,0.0,
600261,,,,,,,,2020-06-08,,1.0,1.0,0.0,2025-03-19
600265,,,,,,0.0,0.0,,,,,,2025-03-13
600266,,,,,,,,2025-08-29,2025-08-29,2.0,2.0,2.0,
600267,,,,,,0.0,0.0,2017-06-11,2023-11-20,10.0,11.0,3.0,2025-02-14
600268,,,,,,0.0,0.0,2024-07-27,,4.0,4.0,0.0,2023-02-16
600269,,,,,,,,2022-08-09,,1.0,1.0,0.0,
600270,,,,,,,,2026-02-28,2026-02-28,1.0,1.0,1.0,
600271,,,,,,,,2016-08-22,2017-02-04,92.0,131.0,12.0,2023-05-22
600272,,,,,,,,,,,,,2025-03-10
600273,,,,,,0.0,0.0,,,,,,2025-06-25
600276,,,,,,0.0,0.0,2017-12-16,2017-12-16,25.0,27.0,19.0,
600277,,,,,,,,2018-02-25,,3.0,3.0,0.0,
600278,,,,,,,,2026-01-28,,1.0,1.0,0.0,
600279,,,,,,0.0,0.0,,,,,,2025-06-11
600280,,,,,,,,,,,,,2025-03-17
600281,,,,,,0.0,0.0,,,,,,2025-03-17
600282,,,,,,0.0,0.0,2018-01-29,2024-07-02,19.0,37.0,14.0,2023-06-09
600283,,,,,,,,2024-12-31,,3.0,3.0,0.0,2025-03-17
600284,,,,,,0.0,0.0,2025-10-27,,1.0,2.0,0.0,2025-03-14
600285,,,,,,0.0,0.0,,,,,,
600288,,,,,,,,2016-06-12,,93.0,135.0,0.0,2023-03-17
600289,,,,,,0.0,0.0,2016-07-19,,18.0,25.0,0.0,2023-03-17
600291,,,,,,0.0,0.0,,,,,,
600292,,,,,,0.0,0.0,2017-02-16,2025-04-08,17.0,22.0,7.0,2023-03-10
600293,,,,,,0.0,0.0,2016-06-10,2016-06-10,1.0,1.0,1.0,
600295,,,,,,,,2019-11-17,2025-02-27,3.0,4.0,2.0,2025-03-12
600297,,,,,,0.0,0.0,2019-05-07,,9.0,10.0,0.0,
600298,,,,,,0.0,0.0,2025-06-20,,1.0,4.0,0.0,2025-03-31
600299,,,,,,,,2016-06-13,2016-06-13,6.0,7.0,7.0,2025-03-14
600301,,,,,,,,,,,,,2025-04-08
600302,,,,,,,,,,,,,2025-03-11
600303,,,,,,0.0,0.0,,,,,,2025-03-28
600307,,,,,,0.0,0.0,,,,,,2023-12-14
600308,,,,,,0.0,0.0,,,,,,2025-03-11
600310,,,,,,0.0,0.0,2025-06-24,,1.0,1.0,0.0,2025-02-28
600312,,,,,,,,2021-07-27,,3.0,3.0,0.0,2025-09-08
600315,,,,,,0.0,0.0,2017-03-14,2017-03-14,6.0,6.0,3.0,2025-03-17
600316,,,,,,,,,,,,,2025-04-28
600318,,,,,,,,,,,,,2023-03-29
600320,,,,,,,,2016-06-09,2025-11-20,28.0,62.0,6.0,
600322,,,,,,,,,,,,,2025-03-13
600323,,,,,,,,2019-12-09,2019-12-09,6.0,5.0,3.0,
600326,,,,,,,,,,,,,2025-05-09
600327,,,,,,,,2017-02-26,2017-02-26,13.0,34.0,37.0,
600328,,,,,,0.0,0.0,,,,,,2025-03-18
600329,,,,,,0.0,0.0,2024-02-20,2024-02-23,16.0,24.0,19.0,
600330,,,,,,0.0,0.0,2025-10-09,,1.0,1.0,0.0,2024-02-01
600331,,,,,,0.0,0.0,,,,,,2025-03-12
600332,,,,,,0.0,0.0,2017-04-20,2017-04-20,9.0,11.0,9.0,
600333,,,,,,,,,,,,,2025-07-08
600335,,,,,,,,,,,,,2025-03-12
600336,,,,,,,,2021-08-24,,1.0,1.0,0.0,2025-05-20
600337,,,,,,,,2018-10-17,2018-10-17,1.0,0.0,1.0,
600338,,,,,,,,,,,,,2025-03-25
600339,,,,,,0.0,0.0,,,,,,2024-09-12
600340,,,,,,,,2017-11-13,2025-03-13,6.0,8.0,2.0,
600343,,,,,,,,2017-12-28,,1.0,1.0,0.0,2025-03-11
600345,,,,,,,,2020-04-09,2024-03-25,19.0,40.0,5.0,2025-07-16
600346,,,,,,0.0,0.0,,,,,,2025-04-03
600348,,,,,,0.0,0.0,,,,,,2025-09-29
600350,,,,,,,,2019-03-21,,7.0,7.0,0.0,2025-04-30
600352,,,,,,0.0,0.0,2016-06-06,2016-06-06,2.0,3.0,3.0,
600353,,,,,,0.0,0.0,2020-03-20,,2.0,2.0,0.0,2025-02-21
600354,,,,,,0.0,0.0,,,,,,2025-04-03
600355,,,,,,,,2019-11-29,,1.0,1.0,0.0,
600356,,,,,,0.0,0.0,,,,,,2025-05-14
600358,,,,,,,,2016-07-25,,4.0,4.0,0.0,
600359,,,,,,,,,,,,,2025-03-12
600360,,,,,,,,2026-03-03,,1.0,1.0,0.0,
600361,,,,,,,,2016-06-03,2016-06-03,8.0,8.0,2.0,2025-03-24
600362,,,,,,0.0,0.0,,,,,,
600363,,,,,,,,2017-02-04,2024-05-24,80.0,102.0,4.0,
600366,,,,,,0.0,0.0,2025-03-13,,2.0,2.0,0.0,2025-03-18
600367,,,,,,0.0,0.0,,,,,,2025-05-19
600368,,,,,,0.0,0.0,,,,,,2025-04-17
600369,,,,,,,,2019-04-13,2025-11-05,5.0,5.0,3.0,2024-11-21
600370,,,,,,,,,,,,,2025-03-13
600372,,,,,,,,2016-06-07,2025-01-02,35.0,51.0,5.0,
600373,,,,,,,,2018-06-27,2018-06-27,10.0,10.0,4.0,2023-02-17
600375,,,,,,,,,,,,,2025-03-18
600376,,,,,,,,2017-02-16,2017-02-16,3.0,3.0,2.0,
600377,,,,,,,,,,,,,2025-03-19
600378,,,,,,0.0,0.0,2023-01-29,,2.0,2.0,0.0,2025-03-20
600379,,,,,,,,,,,,,2025-04-15
600380,,,,,,0.0,0.0,2022-02-23,2026-02-25,4.0,5.0,3.0,2025-02-12
600381,,,,,,0.0,0.0,2018-08-04,,2.0,2.0,0.0,
600382,,,,,,,,,,,,,2025-03-10
600383,,,,,,,,2017-01-17,2017-12-25,41.0,68.0,7.0,
600385,,,,,,,,2017-05-09,,2.0,2.0,0.0,
600386,,,,,,,,,,,,,2025-04-01
600387,,,,,,,,,,,,,2025-03-12
600388,,,,,,,,2019-12-12,2025-11-12,9.0,10.0,1.0,2025-05-14
600389,,,,,,0.0,0.0,,,,,,2025-03-11
600390,,,,,,0.0,0.0,2020-06-07,2026-03-02,6.0,7.0,1.0,
600391,,,,,,,,2025-09-02,,1.0,1.0,0.0,
600392,,,,,,0.0,0.0,,,,,,2025-03-12
600393,,,,,,,,2024-04-09,2024-04-09,2.0,2.0,1.0,
600395,,,,,,,,,,,,,2025-03-17
600397,,,,,,,,,,,,,2025-03-11
600398,,,,,,0.0,0.0,2017-02-17,2017-02-17,6.0,4.0,6.0,
600399,,,,,,0.0,0.0,,,,,,
600400,,,,,,,,2016-08-08,2016-08-08,11.0,2.0,15.0,
600401,,,,,,0.0,0.0,2016-07-06,2016-07-06,10.0,0.0,10.0,
600405,,,,,,,,2017-05-12,,2.0,2.0,0.0,
600406,,,,,,0.0,0.0,2017-02-16,2023-09-06,46.0,76.0,22.0,2024-12-25
600408,,,,,,0.0,0.0,,,,,,
600409,,,,,,0.0,0.0,,,,,,2024-12-10
600410,,,,,,,,2017-02-11,2017-02-11,48.0,61.0,6.0,2023-02-07
600415,2024-06-06,,,,,,,2017-01-17,2017-01-17,7.0,7.0,5.0,2023-10-20
600416,,,,,,,,2017-03-15,2017-03-15,4.0,4.0,1.0,2025-03-21
600418,,,,,,,,2018-01-11,2018-01-11,6.0,12.0,2.0,
600420,,,,,,0.0,0.0,2019-11-14,2026-02-24,7.0,7.0,2.0,2025-04-02
600422,,,,,,0.0,0.0,2025-11-03,,1.0,1.0,0.0,
600423,,,,,,0.0,0.0,,,,,,2025-02-12
600428,,,,,,,,2025-03-11,2025-03-11,2.0,4.0,4.0,2025-04-11
600429,,,,,,0.0,0.0,,,,,,
600432,,,,,,0.0,0.0,,,,,,
600433,,,,,,,,,,,,,2025-03-12
600435,,,,,,,,2021-09-27,,1.0,1.0,0.0,
600436,,,,,,0.0,0.0,,,,,,
600438,,,,,,,,2019-08-16,2025-03-17,13.0,17.0,5.0,2025-05-07
600444,,,,,,0.0,0.0,,,,,,
600446,,,,,,0.0,0.0,2016-06-03,2017-12-11,324.0,426.0,117.0,2023-02-24
600448,,,,,,0.0,0.0,,,,,,
600449,,,,,,,,,,,,,2023-02-17
600452,,,,,,0.0,0.0,,,,,,2025-03-12
600455,,,,,,,,,,,,,2025-03-31
600458,,,,,,0.0,0.0,,,,,,2025-03-20
600459,,,,,,,,2024-10-09,2024-10-09,1.0,4.0,4.0,
600460,,,,,,,,2016-05-31,2016-05-31,22.0,24.0,2.0,
600463,,,,,,,,,,,,,2025-03-17
600466,,,,,,,,2017-02-13,2017-02-13,14.0,13.0,5.0,
600467,,,,,,0.0,0.0,,,,,,
600468,,,,,,,,,,,,,2025-03-12
600469,,,,,,0.0,0.0,,,,,,2025-03-12
600470,,,,,,0.0,0.0,,,,,,2025-03-28
600475,,,,,,0.0,0.0,2018-02-23,2018-03-20,17.0,18.0,5.0,
600476,,,,,,,,2021-05-19,,4.0,4.0,0.0,2023-01-31
600477,,,,,,0.0,0.0,2020-03-05,,16.0,23.0,0.0,2025-04-07
600478,,,,,,0.0,0.0,,,,,,
600479,,,,,,,,2023-09-07,,4.0,4.0,0.0,2025-02-13
600481,,,,,,0.0,0.0,2019-12-09,2019-12-09,2.0,2.0,1.0,2025-03-19
600482,,,,,,,,2016-12-25,2017-03-21,5.0,5.0,2.0,2025-03-21
600483,,,,,,0.0,0.0,,,,,,
600485,,,,,,,,2016-06-07,2016-06-07,66.0,92.0,8.0,
600486,,,,,,,,,,,,,2025-04-18
600487,,,,,,0.0,0.0,2017-02-04,2017-03-21,28.0,41.0,13.0,
600488,,,,,,0.0,0.0,,,,,,2025-03-11
600490,,,,,,,,2018-09-15,2018-09-15,2.0,2.0,2.0,
600493,,,,,,0.0,0.0,,,,,,2025-04-23
600495,,,,,,,,,,,,,2025-03-11
600496,,,,,,0.0,0.0,2024-06-21,2024-06-21,1.0,1.0,1.0,2025-02-21
600497,,,,,,0.0,0.0,,,,,,2025-05-13
600498,,,,,,0.0,0.0,2016-05-31,2017-11-19,114.0,160.0,7.0,2025-05-28
600499,,,,,,0.0,0.0,2020-05-09,2020-05-09,2.0,1.0,1.0,2025-02-20
600500,,,,,,,,2020-02-12,2020-02-12,1.0,0.0,1.0,2025-03-11
600501,,,,,,0.0,0.0,2017-03-23,,4.0,4.0,0.0,2025-03-17
600502,,,,,,0.0,0.0,2025-05-16,,2.0,3.0,0.0,2025-03-31
600503,,,,,,,,2016-06-08,,35.0,81.0,0.0,2025-05-23
600506,,,,,,0.0,0.0,,,,,,
600507,,,,,,,,,,,,,2025-04-07
600510,,,,,,,,,,,,,2025-03-11
600511,,,,,,,,2024-08-27,,2.0,2.0,0.0,
600512,,,,,,0.0,0.0,2025-10-15,2025-10-15,1.0,1.0,1.0,
600513,,,,,,0.0,0.0,,,,,,
600515,,,,,,,,,,,,,2023-11-02
600516,,,,,,,,2025-04-28,,1.0,1.0,0.0,
600517,,,,,,,,2017-03-02,,2.0,4.0,0.0,2025-04-16
600518,,,,,,0.0,0.0,2017-02-10,2025-06-26,24.0,40.0,6.0,2023-04-14
600520,,,,,,0.0,0.0,2017-05-18,,3.0,3.0,0.0,
600521,,,,,,,,2024-08-29,2024-08-29,3.0,3.0,3.0,2025-02-25
600522,,2023-04-07,2021-12-18,,,1.0,0.0,2016-07-22,2019-10-25,35.0,51.0,18.0,2023-04-10
600523,,,,,,,,2025-06-13,,1.0,1.0,0.0,2025-03-21
600525,,,,,,,,2016-08-31,2018-03-29,98.0,136.0,8.0,
600526,,,,,,,,2025-08-20,,1.0,1.0,0.0,2025-03-18
600528,,,,,,0.0,0.0,2024-08-03,2024-08-03,3.0,12.0,1.0,2025-04-01
600529,,,,,,,,,,,,,2025-02-26
600530,,,,,,,,,,,,,2025-03-11
600531,,,,,,0.0,0.0,,,,,,2025-02-27
600532,2025-03-12,,,,,,,,,,,,
600535,,,,,,0.0,0.0,2019-12-24,2019-12-24,1.0,1.0,1.0,2024-05-21
600536,,,,,,,,2017-02-10,2017-02-14,118.0,147.0,35.0,2025-02-13
600537,,,,,,0.0,0.0,2021-07-19,2021-07-19,1.0,1.0,1.0,2025-03-12
600538,,,,,,0.0,0.0,2017-12-24,,2.0,2.0,0.0,
600539,,,,,,,,2026-02-26,2026-02-26,1.0,1.0,1.0,
600540,,,,,,,,,,,,,2025-03-11
600543,,,,,,0.0,0.0,,,,,,
600545,,,,,,,,2017-02-01,2017-02-01,3.0,3.0,3.0,2025-03-20
600546,,,,,,,,,,,,,2025-03-31
600547,,,,,,0.0,0.0,,,,,,
600548,,,,,,,,2018-07-01,2021-05-13,27.0,35.0,1.0,2025-03-14
600549,,,,,,0.0,0.0,2020-07-25,2025-06-17,18.0,21.0,3.0,2025-03-17
600551,,,,,,,,2017-04-16,,2.0,2.0,0.0,2023-12-13
600552,,,,,,0.0,0.0,2021-06-28,,5.0,5.0,0.0,2025-03-10
600556,,,,,,,,2018-11-21,,8.0,8.0,0.0,2024-09-09
600557,,,,,,0.0,0.0,2022-03-19,2024-10-11,20.0,48.0,11.0,2025-03-17
600558,,,,,,0.0,0.0,,,,,,2025-03-10
600559,,,,,,0.0,0.0,,,,,,2025-03-10
600560,,,,,,,,2018-01-18,,5.0,5.0,0.0,2025-03-10
600561,,,,,,,,,,,,,2025-03-10
600562,,,,,,,,2016-09-12,2019-11-07,18.0,23.0,7.0,
600563,,,,,,0.0,0.0,,,,,,2025-03-13
600565,,,,,,,,2016-06-02,2016-06-02,4.0,4.0,1.0,
600566,,,,,,0.0,0.0,2020-07-08,,4.0,4.0,0.0,
600567,,,,,,0.0,0.0,2016-06-02,2018-06-27,18.0,16.0,3.0,2023-04-03
600568,,,,,,0.0,0.0,2017-03-11,,4.0,4.0,0.0,2025-03-13
600569,,,,,,0.0,0.0,,,,,,
600570,,,,,,0.0,0.0,2016-06-08,2016-07-19,183.0,433.0,43.0,2023-03-06
600571,,,,,,,,2016-05-31,2018-06-19,98.0,114.0,15.0,2023-02-14
600572,,,,,,0.0,0.0,,,,,,2025-12-29
600573,,,,,,0.0,0.0,,,,,,2025-03-11
600575,,,,,,,,,,,,,2025-03-14
600576,,,,,,,,2017-11-22,2017-11-22,2.0,2.0,1.0,2023-03-23
600578,,,,,,0.0,0.0,,,,,,
600579,,,,,,0.0,0.0,,,,,,2024-03-29
600580,,,,,,,,2016-06-04,,6.0,6.0,0.0,2025-02-07
600581,,,,,,,,,,,,,2025-03-12
600582,2025-08-25,,,,,0.0,0.0,2017-05-12,2024-08-19,51.0,64.0,4.0,2025-03-12
600583,,,,,,,,,,,,,2024-12-02
600584,,,,,,,,2016-09-11,2016-09-11,10.0,11.0,5.0,2023-04-06
600585,,,,,,,,2020-06-08,2026-02-05,12.0,17.0,1.0,2025-03-14
600586,,,,,,,,2017-04-16,2017-04-16,1.0,1.0,1.0,
600587,,,,,,0.0,0.0,2024-08-31,,2.0,2.0,0.0,2025-03-20
600588,,,2023-10-13,,2023-10-13,1.0,1.0,2017-01-17,2019-07-03,227.0,312.0,8.0,2023-04-04
600589,,,,,,0.0,0.0,,,,,,2024-04-15
600590,,,,,,,,2016-06-04,,105.0,145.0,0.0,
600591,,,,,,,,2018-03-14,2025-07-28,2.0,2.0,1.0,
600592,,,,,,0.0,0.0,,,,,,
600594,,,,,,0.0,0.0,2018-06-28,,1.0,1.0,0.0,2025-05-08
600595,,,,,,0.0,0.0,2025-12-11,,1.0,1.0,0.0,2025-12-24
600596,,,,,,0.0,0.0,2017-03-16,2026-02-09,5.0,6.0,1.0,
600597,,,,,,,,2021-07-29,2021-07-29,3.0,2.0,4.0,2025-03-28
600598,,,,,,,,,,,,,2025-03-17
600599,,,,,,,,2017-12-13,,1.0,3.0,0.0,
600601,,,,,,0.0,0.0,2016-06-10,2016-06-12,34.0,41.0,6.0,
600602,,,,,,0.0,0.0,2016-09-22,2016-09-22,24.0,24.0,16.0,2025-09-17
600605,,,,,,,,,,,,,2025-03-11
600606,,,,,,,,2016-06-29,2018-06-06,26.0,31.0,5.0,2025-03-17
600607,,,,,,0.0,0.0,2018-03-19,2018-03-19,3.0,3.0,3.0,
600608,,,,,,,,2016-09-13,2017-11-17,18.0,18.0,1.0,2025-03-13
600609,,,,,,,,2016-06-09,2016-06-09,7.0,7.0,7.0,
600610,,,,,,0.0,0.0,,,,,,2025-03-13
600611,,,,,,,,,,,,,2025-04-09
600612,,,,,,,,,,,,,2025-06-04
600613,,,,,,0.0,0.0,2021-08-01,,1.0,1.0,0.0,2025-03-11
600614,,,,,,0.0,0.0,,,,,,
600615,,,,,,,,,,,,,2025-03-14
600617,,,,,,,,,,,,,2025-03-11
600619,,,,,,0.0,0.0,2025-02-25,,4.0,5.0,0.0,
600621,,,,,,,,2019-07-24,,8.0,9.0,0.0,2023-04-07
600622,,,,,,,,2016-06-06,2016-06-06,3.0,3.0,3.0,2025-03-10
600623,,,,,,0.0,0.0,2024-06-19,2024-06-19,4.0,4.0,4.0,
600624,,,,,,0.0,0.0,2016-06-07,,6.0,7.0,0.0,
600626,,,,,,0.0,0.0,2017-01-31,2017-01-31,2.0,0.0,2.0,
600628,,,,,,,,2016-06-06,2016-06-06,2.0,2.0,2.0,2025-03-11
600629,,,,,,,,2018-01-13,,20.0,27.0,0.0,2024-09-04
600630,,,,,,,,2019-05-30,2019-05-30,2.0,0.0,2.0,2025-03-17
600633,,,,,,,,2017-02-04,2017-07-31,88.0,98.0,17.0,2023-02-21
600635,,,,,,,,2026-02-26,,1.0,1.0,0.0,
600636,,,,,,0.0,0.0,2018-03-06,2025-04-21,19.0,26.0,3.0,2023-02-14
600637,,2023-07-21,2020-03-27,,,2.0,0.0,2016-06-02,2019-11-28,54.0,69.0,17.0,2025-08-26
600638,,,,,,,,2019-09-11,2026-01-27,2.0,3.0,1.0,
600640,,,,,,,,2017-01-17,2023-11-08,20.0,22.0,9.0,2023-04-13
600641,,,,,,,,2023-07-23,2024-08-13,2.0,2.0,1.0,2024-10-01
600643,,,,,,,,2024-10-28,2026-01-15,5.0,8.0,1.0,2025-02-14
600645,,,,,,0.0,0.0,2017-02-15,2017-02-15,9.0,9.0,4.0,
600647,,,,,,,,2018-07-05,,8.0,10.0,0.0,
600648,,,,,,,,2016-06-09,2016-06-09,2.0,3.0,2.0,2025-04-28
600649,,,,,,0.0,0.0,2017-02-03,2017-02-03,8.0,8.0,7.0,2025-03-11
600650,,,,,,,,2019-10-09,,3.0,3.0,0.0,2025-04-14
600651,,,,,,0.0,0.0,2020-06-19,,7.0,9.0,0.0,
600652,,,,,,,,2023-04-22,2023-04-22,1.0,1.0,1.0,
600653,,,,,,,,,,,,,2025-03-31
600654,,,2014-09-15,,,1.0,0.0,2017-03-06,,3.0,3.0,0.0,
600655,,,,,,,,2016-06-10,2018-06-26,22.0,23.0,7.0,2025-03-27
600658,,,,,,,,2016-06-09,2025-05-29,18.0,20.0,5.0,
600660,,,,,,0.0,0.0,2018-10-23,2024-10-16,5.0,7.0,5.0,
600661,,,,,,,,2016-05-31,,18.0,31.0,0.0,2023-02-13
600662,,,,,,,,2016-06-01,2016-06-01,206.0,316.0,233.0,2023-02-24
600663,,,,,,,,2018-04-05,2018-04-05,12.0,12.0,8.0,
600664,,,,,,0.0,0.0,2017-04-18,,16.0,42.0,0.0,2025-03-20
600665,,,,,,,,2021-08-13,2024-07-30,2.0,2.0,1.0,2025-03-11
600666,,,,,,0.0,0.0,2023-06-29,2023-06-29,7.0,6.0,5.0,2024-05-08
600667,,,,,,0.0,0.0,2016-06-19,2016-06-19,4.0,3.0,4.0,
600668,,,,,,0.0,0.0,,,,,,
600671,,,,,,0.0,0.0,2016-09-09,,7.0,9.0,0.0,2025-03-24
600673,,,,,,,,2021-08-05,2021-08-05,7.0,1.0,7.0,2025-05-21
600674,,,,,,,,2017-02-09,,7.0,7.0,0.0,2025-03-27
600676,,,,,,,,,,,,,2025-04-14
600677,,,,,,,,2017-03-10,2017-10-27,9.0,11.0,4.0,
600678,,,,,,,,2024-07-02,2024-09-27,19.0,23.0,4.0,2025-02-14
600682,,,,,,,,2016-06-29,2019-09-24,3.0,3.0,1.0,
600683,,,,,,0.0,0.0,,,,,,
600684,,,,,,,,2025-10-17,2025-10-17,1.0,2.0,1.0,2025-05-08
600685,,,,,,,,2018-07-15,2025-09-01,4.0,4.0,1.0,2025-11-11
600686,,,,,,,,2017-03-03,2026-01-13,33.0,47.0,2.0,
600687,,,,,,,,2018-03-05,2018-03-05,1.0,0.0,1.0,
600690,,,,,,,,2016-06-08,2020-03-05,275.0,458.0,34.0,2023-05-31
600691,,,,,,0.0,0.0,,,,,,
600694,,,,,,,,2017-04-16,,25.0,32.0,0.0,2025-05-07
600695,,,,,,,,2018-06-28,,1.0,1.0,0.0,
600697,,,,,,,,2025-05-20,2025-05-20,1.0,1.0,1.0,2025-05-07
600698,,,,,,,,,,,,,2025-03-12
600699,,,,,,,,2016-05-31,2016-05-31,23.0,30.0,19.0,2023-02-14
600700,2023-12-27,,,,,,,,,,,,
600701,,,,,,,,2016-06-30,,25.0,37.0,0.0,
600702,,,,,,0.0,0.0,2020-03-01,,3.0,3.0,0.0,
600703,,,,,,,,2022-06-20,2022-06-20,12.0,16.0,2.0,
600704,,,,,,,,2016-07-20,2025-12-09,5.0,5.0,1.0,2025-02-17
600705,,,,,,,,2018-03-19,,5.0,5.0,0.0,
600706,,,,,,,,,,,,,2023-02-16
600707,,,,,,,,2018-10-09,,3.0,3.0,0.0,
600708,,,,,,,,2017-02-08,,4.0,4.0,0.0,
600710,,,,,,,,2025-04-07,,5.0,6.0,0.0,
600711,,,,,,0.0,0.0,,,,,,
600712,,,,,,,,,,,,,2025-03-12
600713,,,,,,,,2025-02-25,2025-09-22,3.0,4.0,1.0,
600714,,,,,,0.0,0.0,,,,,,
600715,,,,,,,,,,,,,2023-12-21
600717,,,,,,0.0,0.0,,,,,,
600718,2024-07-23,,,,,0.0,0.0,2016-05-31,2016-06-03,324.0,1042.0,81.0,2022-12-19
600719,,,,,,,,,,,,,2025-03-11
600720,,,,,,,,2023-02-02,2023-02-02,1.0,0.0,1.0,2025-03-04
600721,,,,,,0.0,0.0,,,,,,2025-03-13
600722,,,,,,,,,,,,,2025-04-15
600724,,,,,,,,,,,,,2025-05-13
600725,,,,,,0.0,0.0,,,,,,2025-03-26
600727,,,,,,0.0,0.0,,,,,,
600728,2024-02-07,,,,,,,2016-06-04,2019-09-03,143.0,209.0,24.0,2023-02-15
600729,,,,,,,,2018-08-03,,2.0,2.0,0.0,2023-03-31
600730,,,,,,,,2018-03-14,2023-06-21,31.0,40.0,14.0,2023-06-19
600731,,,,,,0.0,0.0,,,,,,
600732,,,,,,0.0,0.0,2018-04-29,2021-08-03,17.0,19.0,3.0,
600733,,,,,,,,2016-07-12,2020-03-27,18.0,22.0,2.0,2023-12-11
600734,,2024-06-07,2023-09-25,2024-06-07,2023-09-25,5.0,5.0,2018-06-26,2025-06-16,13.0,18.0,3.0,2023-12-15
600735,,,,,,0.0,0.0,,,,,,2025-03-11
600736,,,,,,,,2018-06-20,,3.0,3.0,0.0,2025-01-17
600737,,,,,,,,2016-06-10,,1.0,1.0,0.0,
600739,,,,,,0.0,0.0,,,,,,
600740,,,,,,0.0,0.0,,,,,,
600741,,,,,,,,2016-06-09,2016-06-09,65.0,131.0,9.0,
600742,,,,,,,,,,,,,2025-03-13
600743,,,,,,,,2018-06-01,2018-06-01,1.0,1.0,1.0,2025-03-11
600744,,,,,,,,2017-12-18,,17.0,19.0,0.0,
600745,,,,,,,,2018-04-30,2018-04-30,75.0,102.0,75.0,2023-02-27
600746,,,,,,0.0,0.0,,,,,,
600748,,,,,,,,2017-03-02,,5.0,5.0,0.0,2025-07-16
600750,,,,,,0.0,0.0,2024-03-01,,1.0,1.0,0.0,
600751,,,,,,,,2017-03-18,,22.0,35.0,0.0,
600753,,,,,,,,2023-04-17,,1.0,1.0,0.0,
600754,,,,,,,,2017-07-29,,1.0,1.0,0.0,2025-05-06
600755,,,,,,,,2019-10-08,2023-04-07,6.0,6.0,1.0,2025-03-21
600756,2025-07-10,,,,,,,2017-02-23,2018-11-16,45.0,56.0,2.0,
600757,,,,,,,,2019-11-08,2024-08-27,7.0,7.0,1.0,2025-02-17
600759,,,,,,,,2024-08-02,2025-11-10,3.0,4.0,3.0,
600760,,,,,,0.0,0.0,,,,,,2025-01-01
600761,,,,,,0.0,0.0,2017-11-12,,7.0,7.0,0.0,2025-06-04
600763,,,,,,,,,,,,,2025-03-12
600764,,,,,,,,2018-02-01,,14.0,29.0,0.0,
600765,,,,,,,,2017-02-20,,2.0,2.0,0.0,2025-03-12
600767,,,,,,,,2017-09-14,,1.0,1.0,0.0,
600768,,,,,,,,,,,,,2025-03-14
600769,,,,,,,,,,,,,2025-03-11
600770,,,,,,,,2017-02-06,,3.0,3.0,0.0,2023-04-13
600771,,,,,,0.0,0.0,,,,,,2025-03-14
600774,,,,,,0.0,0.0,2019-11-29,,1.0,1.0,0.0,2025-05-09
600775,,,,,,0.0,0.0,2017-10-19,,8.0,10.0,0.0,2023-12-12
600776,,,,,,0.0,0.0,2016-09-04,2016-09-04,64.0,84.0,15.0,2023-05-08
600778,,,,,,,,,,,,,2025-03-20
600779,,,,,,,,2017-06-08,2017-06-08,10.0,11.0,8.0,2025-03-17
600780,,,,,,,,,,,,,2025-03-14
600781,,,,,,,,2018-01-29,,4.0,4.0,0.0,
600783,,,,,,,,,,,,,2025-02-26
600784,,,,,,0.0,0.0,,,,,,2025-03-18
600785,,,,,,,,,,,,,2025-03-11
600787,,,,,,,,2017-12-09,2025-06-18,33.0,36.0,1.0,2025-02-17
600789,,,,,,,,,,,,,2025-02-26
600790,,,,,,,,,,,,,2025-08-28
600791,,,,,,,,,,,,,2025-03-25
600792,,,,,,0.0,0.0,,,,,,
600795,,,,,,,,2016-07-24,,1.0,1.0,0.0,2025-07-15
600796,,,,,,0.0,0.0,,,,,,
600797,,,,,,0.0,0.0,2016-07-23,2021-07-23,99.0,124.0,7.0,2023-02-10
600798,,,,,,,,,,,,,2025-02-11
600801,,,,,,,,2020-01-08,,2.0,4.0,0.0,
600802,,,,,,,,,,,,,2025-03-31
600803,,,,,,0.0,0.0,2019-12-09,2019-12-09,9.0,11.0,3.0,2024-05-14
600804,,,,,,,,2016-07-21,2017-04-23,38.0,44.0,3.0,2023-02-23
600805,,,,,,,,,,,,,2025-02-28
600806,,,,,,,,2017-02-11,,8.0,8.0,0.0,
600807,,,,,,,,,,,,,2023-05-26
600808,,,,,,,,,,,,,2025-02-14
600810,,,,,,,,,,,,,2025-04-02
600811,,,,,,0.0,0.0,,,,,,
600812,,,,,,0.0,0.0,,,,,,2025-04-16
600814,,,,,,,,,,,,,2025-03-11
600815,,,,,,,,,,,,,2025-04-30
600816,,,,,,0.0,0.0,2017-03-02,,11.0,13.0,0.0,2025-03-07
600818,,,,,,,,,,,,,2025-03-21
600819,,,,,,0.0,0.0,,,,,,
600820,,,,,,0.0,0.0,2017-05-07,2024-12-03,21.0,31.0,10.0,2024-01-24
600821,,,,,,,,2023-07-17,2025-03-04,6.0,6.0,1.0,2024-04-23
600824,,,,,,,,2017-07-28,,1.0,1.0,0.0,
600825,,,,,,,,,,,,,2023-03-22
600826,,,,,,,,2026-01-15,2026-01-15,1.0,1.0,1.0,2024-02-22
600827,,,,,,,,2025-08-18,2025-08-18,1.0,1.0,1.0,
600828,,,,,,,,,,,,,2025-04-02
600829,,,,,,0.0,0.0,,,,,,2025-06-10
600830,,,,,,,,,,,,,2025-03-27
600831,,,,,,0.0,0.0,2025-11-04,,1.0,1.0,0.0,2023-05-05
600832,,,,,,,,2017-09-19,2017-09-19,3.0,4.0,1.0,
600834,,,,,,,,2017-04-15,2017-04-15,2.0,2.0,2.0,2023-02-13
600835,,,,,,0.0,0.0,2024-11-16,,1.0,2.0,0.0,
600837,,,,,,,,2016-06-02,2016-06-02,6.0,10.0,3.0,2023-06-08
600838,,,,,,,,,,,,,2025-03-12
600839,2024-03-27,,,,,,,2016-09-03,2017-03-12,98.0,142.0,8.0,2023-02-10
600841,,,,,,,,2022-10-24,,1.0,1.0,0.0,
600843,,,,,,,,2017-03-16,2024-08-27,15.0,21.0,1.0,
600845,,,,,,,,2016-06-10,2025-10-15,40.0,47.0,3.0,2023-02-08
600846,,,,,,0.0,0.0,2024-03-26,2025-03-25,8.0,13.0,2.0,
600847,,,,,,,,,,,,,2025-03-13
600848,,,,,,,,2017-02-05,2017-02-05,1.0,1.0,1.0,
600849,,,,,,,,2025-01-13,2025-01-13,2.0,3.0,3.0,
600850,,,,,,,,2016-06-10,2016-06-10,65.0,105.0,25.0,2023-02-06
600851,,,,,,,,,,,,,2025-03-12
600853,,,,,,,,,,,,,2025-03-12
600854,,,,,,,,,,,,,2025-03-11
600855,,,,,,,,2017-03-15,2018-04-12,22.0,20.0,6.0,2025-03-25
600857,,,,,,,,2021-05-11,2023-09-11,6.0,7.0,1.0,
600858,,,,,,,,,,,,,2025-01-15
600859,,,,,,,,2018-07-05,2018-07-05,2.0,2.0,2.0,2025-02-28
600860,,,,,,,,2017-11-29,,2.0,2.0,0.0,2025-04-14
600861,,,,,,,,2016-06-01,2016-06-01,430.0,1022.0,434.0,2024-03-05
600862,,,,,,,,2019-03-26,2019-11-20,3.0,3.0,1.0,
600863,,,,,,,,,,,,,2025-02-26
600864,,,,,,,,2019-11-11,2025-11-25,9.0,11.0,2.0,2025-03-07
600866,,,,,,0.0,0.0,2025-11-11,,2.0,2.0,0.0,
600867,,,,,,0.0,0.0,2025-03-06,2025-03-06,2.0,4.0,4.0,2025-03-21
600869,,,,,,,,2025-03-08,2025-03-08,2.0,2.0,2.0,2025-05-30
600871,,,,,,,,,,,,,2025-03-05
600872,,,,,,,,2025-10-31,2025-10-31,1.0,1.0,1.0,2025-04-30
600873,,,,,,0.0,0.0,,,,,,
600874,,,,,,0.0,0.0,,,,,,2025-03-13
600875,,,,,,0.0,0.0,2016-06-03,2025-02-26,19.0,23.0,5.0,2025-06-26
600876,,,,,,0.0,0.0,,,,,,2025-03-10
600877,,,,,,,,2017-11-30,,7.0,8.0,0.0,2025-04-01
600879,,,,,,,,2017-05-12,2024-08-13,36.0,65.0,11.0,2025-03-07
600880,,,,,,,,2016-06-24,,13.0,16.0,0.0,2023-02-14
600881,,,,,,0.0,0.0,2021-07-31,,1.0,1.0,0.0,
600882,,,,,,0.0,0.0,,,,,,
600883,,,,,,0.0,0.0,,,,,,2025-03-11
600884,,,,,,,,2017-02-15,,5.0,5.0,0.0,2025-03-14
600885,,,,,,,,2016-12-20,,24.0,25.0,0.0,2025-03-11
600886,,,,,,,,,,,,,2025-06-13
600887,,,,,,,,2018-04-15,2019-03-24,18.0,16.0,3.0,2023-09-18
600888,,,,,,,,2023-06-02,,5.0,5.0,0.0,2025-03-11
600889,,,,,,0.0,0.0,,,,,,
600892,,,,,,,,2019-09-21,2019-09-21,1.0,1.0,1.0,
600893,,,,,,,,2018-07-09,,2.0,2.0,0.0,
600894,,,,,,,,2024-10-28,2025-02-24,10.0,17.0,8.0,2025-03-19
600895,,,,,,,,2025-03-12,,2.0,2.0,0.0,2023-04-19
600897,,,,,,,,,,,,,2025-04-03
600900,,,,,,0.0,0.0,,,,,,2024-05-24
600901,,,,,,,,2018-03-20,,3.0,3.0,0.0,
600905,,,,,,,,2021-06-30,,2.0,4.0,0.0,2025-01-01
600906,,,,,,,,2021-05-13,,2.0,2.0,0.0,2023-03-29
600909,,,,,,,,2021-07-30,,1.0,1.0,0.0,2023-04-19
600916,,,,,,0.0,0.0,,,,,,2025-03-14
600917,,,,,,0.0,0.0,,,,,,
600918,,,,,,,,2017-02-09,2025-02-12,20.0,24.0,7.0,2025-03-27
600919,,,,,,,,2023-01-30,,1.0,1.0,0.0,2025-01-01
600925,,,,,,,,,,,,,2025-03-26
600926,,,,,,,,2022-10-30,,1.0,1.0,0.0,2025-03-18
600927,,,,,,,,2017-04-15,2020-04-04,8.0,8.0,2.0,2025-02-26
600928,,,,,,,,,,,,,2025-03-18
600933,,,,,,,,2017-09-11,2017-09-11,4.0,6.0,6.0,2025-03-11
600935,,,,,,,,,,,,,2025-03-17
600936,,,,,,,,,,,,,2024-06-05
600938,,,,,,,,,,,,,2025-05-13
600941,2024-02-07,,,,,,,2016-06-10,2018-06-23,690.0,2061.0,355.0,2023-03-23
600956,,,,,,,,,,,,,2025-08-28
600958,,,,,,,,2017-03-09,2025-07-08,23.0,43.0,4.0,2023-09-01
600959,,,,,,0.0,0.0,2024-02-27,2025-02-27,3.0,4.0,2.0,2025-04-17
600960,,,,,,,,,,,,,2025-03-18
600962,,,,,,0.0,0.0,,,,,,2025-03-10
600963,,,,,,0.0,0.0,,,,,,2025-03-06
600965,,,,,,,,,,,,,2025-03-31
600966,,,,,,0.0,0.0,,,,,,
600967,,,,,,,,2016-06-10,,3.0,6.0,0.0,
600968,,,,,,,,2018-07-23,,6.0,9.0,0.0,
600970,,,,,,0.0,0.0,2021-06-29,2025-02-19,19.0,24.0,8.0,2023-04-04
600971,,,,,,,,,,,,,2025-03-12
600973,,,,,,0.0,0.0,,,,,,
600975,,,,,,0.0,0.0,,,,,,2025-03-27
600976,,,,,,0.0,0.0,,,,,,
600977,,,,,,,,,,,,,2024-02-23
600978,,,,,,,,2020-02-04,2020-02-04,1.0,2.0,2.0,
600979,,,,,,,,2020-01-11,,1.0,3.0,0.0,
600980,,,,,,0.0,0.0,2025-02-24,,2.0,2.0,0.0,
600981,,,,,,0.0,0.0,2018-06-06,,4.0,4.0,0.0,2025-03-24
600982,,,,,,,,,,,,,2025-12-12
600983,,,,,,,,2019-11-25,2019-11-25,4.0,5.0,5.0,2025-03-10
600984,,,,,,,,,,,,,2025-03-11
600985,,,,,,,,,,,,,2026-04-10
600986,,,,,,0.0,0.0,2016-06-08,2019-05-22,29.0,33.0,7.0,2023-01-31
600987,,,,,,,,,,,,,2025-03-21
600989,,,,,,0.0,0.0,,,,,,2025-03-21
600990,,,,,,,,,,,,,2025-03-12
600991,,,,,,,,2017-02-03,,3.0,3.0,0.0,
600992,,,,,,0.0,0.0,,,,,,
600993,,,,,,,,2017-02-16,,2.0,2.0,0.0,2025-02-24
600995,,,,,,,,,,,,,2025-02-21
600996,,,,,,,,2018-04-27,,4.0,4.0,0.0,2025-02-14
600997,,,,,,0.0,0.0,,,,,,
600998,,,,,,0.0,0.0,2016-06-03,2016-06-03,33.0,54.0,12.0,2024-11-21
600999,2025-08-08,,,,,,,2017-02-08,2024-06-11,62.0,162.0,10.0,2024-01-03
601003,,,,,,,,,,,,,2025-03-05
601005,,,,,,,,,,,,,2025-04-29
601007,,,,,,,,,,,,,2025-03-07
601009,,,,,,,,2018-06-30,,3.0,3.0,0.0,
601011,,,,,,0.0,0.0,,,,,,
601012,,,,,,0.0,0.0,2016-06-10,2016-06-10,27.0,41.0,12.0,
601015,,,,,,0.0,0.0,,,,,,
601016,,,,,,,,2020-03-07,,1.0,2.0,0.0,
601018,,,,,,,,2020-03-05,,21.0,23.0,0.0,2025-09-02
601019,,,,,,,,,,,,,2025-02-21
601021,,,,,,,,2017-02-04,,49.0,60.0,0.0,2025-06-10
601022,,,,,,,,,,,,,2023-03-22
601058,,,,,,,,,,,,,2025-02-01
601059,,,,,,,,2022-11-14,,4.0,5.0,0.0,2025-02-13
601061,,,,,,,,2024-10-22,,2.0,4.0,0.0,
601065,,,,,,0.0,0.0,,,,,,
601066,,,,,,,,2019-04-13,2023-04-06,28.0,36.0,1.0,2025-09-16
601068,,,,,,0.0,0.0,2024-07-31,,1.0,2.0,0.0,
601077,,,,,,,,,,,,,2025-11-01
601083,,,,,,,,,,,,,2023-12-18
601088,,,,,,,,,,,,,2025-10-27
601089,,,,,,,,,,,,,2024-04-02
601098,,,,,,,,2017-01-19,2023-09-25,15.0,18.0,2.0,2023-12-21
601100,,,,,,0.0,0.0,,,,,,
601108,,,,,,,,2017-07-11,,5.0,10.0,0.0,2025-02-12
601113,,,,,,0.0,0.0,2016-06-03,2023-12-18,16.0,17.0,1.0,2023-05-12
601117,,,,,,0.0,0.0,2022-08-18,2024-08-01,8.0,9.0,8.0,2025-03-11
601118,,,,,,0.0,0.0,,,,,,
601121,,,,,,,,,,,,,2025-02-07
601126,,,,,,0.0,0.0,2016-06-15,2024-08-26,13.0,16.0,1.0,2025-02-19
601127,,,,,,,,2016-06-10,2023-10-25,92.0,142.0,51.0,2025-12-31
601128,,,,,,,,2018-09-18,2025-06-12,7.0,9.0,1.0,2025-03-03
601133,,,,,,0.0,0.0,,,,,,
601136,,,,,,,,2025-12-03,,1.0,1.0,0.0,2024-12-27
601137,,,,,,0.0,0.0,2020-06-06,2025-02-14,6.0,8.0,2.0,2023-04-13
601138,,,,,,,,2017-02-04,2017-02-16,112.0,164.0,19.0,2023-03-16
601139,,,,,,,,2018-07-13,2018-07-13,3.0,3.0,3.0,2025-02-28
601155,,,,,,,,2017-02-16,2017-02-16,2.0,2.0,2.0,
601156,,,,,,,,2019-04-24,,4.0,4.0,0.0,
601162,,,,,,0.0,0.0,2019-06-14,,2.0,2.0,0.0,2023-09-04
601163,,,,,,0.0,0.0,2016-06-06,2016-06-06,8.0,16.0,6.0,
601166,,,,,,,,2018-06-01,2025-04-03,14.0,18.0,3.0,2023-07-13
601168,,,,,,,,,,,,,2025-02-26
601169,,,,,,,,2020-02-26,,7.0,7.0,0.0,2025-10-20
601179,,,,,,,,2016-05-31,2016-05-31,35.0,64.0,58.0,
601186,,,,,,0.0,0.0,2018-07-19,2021-12-08,20.0,21.0,1.0,2025-05-16
601187,,,,,,,,2017-12-30,,11.0,11.0,0.0,2025-04-29
601188,,,,,,,,,,,,,2023-11-20
601198,,,,,,,,2017-09-20,,5.0,10.0,0.0,2025-02-20
601199,,,,,,0.0,0.0,,,,,,2023-04-26
601208,,,,,,,,,,,,,2023-04-24
601211,2024-05-21,,,,,,,2017-02-05,2025-06-27,32.0,60.0,2.0,2023-06-06
601212,,,,,,0.0,0.0,,,,,,2025-03-21
601222,,,,,,,,2016-06-26,2018-06-10,13.0,16.0,6.0,2025-07-07
601226,,,,,,0.0,0.0,2025-02-27,,2.0,2.0,0.0,2026-01-22
601228,,,,,,,,2025-09-17,,1.0,1.0,0.0,
601229,,,,,,,,2017-09-30,,6.0,12.0,0.0,2025-05-07
601231,,,,,,,,2016-06-10,2016-06-10,27.0,29.0,27.0,2023-07-26
601236,,,,,,,,,,,,,2025-03-11
601238,,,,,,0.0,0.0,2016-06-27,2017-04-16,41.0,86.0,18.0,2023-04-25
601258,,,,,,,,2018-07-13,,1.0,1.0,0.0,
601268,,,,,,0.0,0.0,,,,,,
601279,,,,,,,,2016-06-10,2016-06-10,16.0,15.0,16.0,
601311,,,,,,,,2020-05-01,,3.0,3.0,0.0,
601318,2026-03-10,,,,,,,2016-05-31,2016-06-10,865.0,2985.0,134.0,2025-02-20
601319,,,,,,,,2018-05-07,2024-12-17,30.0,57.0,14.0,2023-12-04
601328,,,,,,,,2020-04-11,,1.0,1.0,0.0,
601330,,,,,,0.0,0.0,2024-08-20,,2.0,2.0,0.0,
601336,,,,,,,,2024-07-16,2024-07-16,2.0,3.0,2.0,2025-09-26
601339,,,,,,0.0,0.0,,,,,,
601360,2023-09-11,,,,,,,2016-06-08,2016-07-12,303.0,531.0,61.0,2023-02-07
601366,,,,,,,,,,,,,2025-05-06
601368,,,,,,0.0,0.0,,,,,,2025-03-19
601369,,,,,,0.0,0.0,,,,,,2024-05-14
601377,,,,,,,,2017-12-07,2023-09-30,24.0,29.0,2.0,2025-05-14
601388,,,,,,,,,,,,,2025-05-12
601390,,,,,,0.0,0.0,2017-04-19,2025-04-24,28.0,39.0,5.0,2025-04-08
601398,2025-03-12,,,,,,,2019-11-17,2025-06-27,8.0,13.0,2.0,2024-10-11
601399,,,,,,,,2019-11-10,,1.0,1.0,0.0,
601456,,,,,,,,2018-02-23,,6.0,10.0,0.0,
601500,,,,,,,,2018-03-21,,1.0,1.0,0.0,2025-11-17
601512,,,,,,,,2017-04-27,2017-04-27,9.0,12.0,12.0,
601515,,,,,,0.0,0.0,2021-07-16,,1.0,2.0,0.0,
601519,2025-01-24,,,,,,,2016-09-03,2023-08-23,23.0,28.0,4.0,
601528,,,,,,,,2020-07-26,,1.0,1.0,0.0,2023-04-12
601555,2025-07-25,,,,,,,2020-04-21,2025-03-03,6.0,12.0,2.0,2024-07-26
601558,,,,,,0.0,0.0,,,,,,
601566,,,,,,,,2018-08-04,2020-06-06,3.0,4.0,2.0,2023-03-27
601567,,,,,,,,2024-03-27,,2.0,3.0,0.0,
601577,,,,,,,,2018-06-30,2025-12-01,2.0,3.0,1.0,
601579,,,,,,0.0,0.0,,,,,,
601588,,,,,,,,2025-11-11,2025-11-11,3.0,4.0,2.0,
601595,,,,,,,,2025-10-27,2025-10-27,2.0,6.0,2.0,2023-03-22
601598,,,,,,,,2018-03-19,2024-05-24,29.0,78.0,7.0,2024-03-25
601599,,,,,,0.0,0.0,,,,,,2023-04-27
601600,,,,,,,,2025-04-08,2025-05-23,4.0,5.0,2.0,2025-04-18
601601,,,,,,,,2017-02-07,2021-07-27,83.0,211.0,12.0,2023-03-01
601607,,,,,,0.0,0.0,2016-09-09,2017-09-25,10.0,10.0,6.0,
601608,,,,,,,,2018-04-27,,8.0,11.0,0.0,2025-03-28
601609,,,,,,,,2018-01-16,,4.0,4.0,0.0,
601611,,,,,,0.0,0.0,2018-07-07,2024-08-26,13.0,15.0,6.0,2024-01-12
601615,,,,,,,,2017-09-14,2018-04-17,81.0,102.0,11.0,
601616,,,,,,,,2017-02-04,,10.0,10.0,0.0,
601618,,,,,,0.0,0.0,2017-02-11,2017-02-20,63.0,69.0,18.0,
601628,,,,,,,,2019-04-19,,4.0,4.0,0.0,
601633,2024-11-17,,,,,,,2018-01-22,2020-04-29,137.0,171.0,15.0,2023-04-27
601636,,,,,,,,2020-01-07,2020-01-07,1.0,0.0,1.0,
601658,,,,,,,,2017-02-14,2024-02-23,61.0,130.0,9.0,
601665,,,,,,,,,,,,,2023-11-17
601668,,,,,,0.0,0.0,2020-03-23,,6.0,6.0,0.0,2025-03-20
601669,2025-09-11,,,,,,,2018-12-19,2018-12-19,39.0,47.0,10.0,2025-04-16
601677,,,,,,0.0,0.0,2017-03-05,2017-03-05,1.0,1.0,1.0,2025-02-28
601678,,,,,,0.0,0.0,2023-03-30,,1.0,1.0,0.0,
601688,2025-05-28,,,,,,,2018-03-28,2023-08-13,34.0,44.0,2.0,
601689,,,,,,,,2023-10-08,2023-10-08,1.0,0.0,1.0,
601696,,,,,,,,,,,,,2025-02-21
601699,,,,,,0.0,0.0,,,,,,
601717,,,,,,,,2018-05-21,2018-05-21,29.0,38.0,22.0,2025-03-06
601718,,,,,,0.0,0.0,2022-11-24,2022-11-24,3.0,4.0,1.0,2025-03-13
601727,,,,,,,,2017-02-05,2017-02-05,50.0,56.0,11.0,
601728,2025-06-09,,,,,,,2016-06-02,2017-03-06,427.0,759.0,212.0,2023-05-19
601766,,,,,,,,2016-07-08,2019-05-01,31.0,37.0,6.0,
601777,,,,,,0.0,0.0,2017-02-13,,3.0,6.0,0.0,2023-03-09
601778,,,,,,,,2019-11-11,2019-11-11,6.0,6.0,5.0,
601788,,,,,,0.0,0.0,2017-02-15,,13.0,30.0,0.0,2025-03-13
601789,,,,,,,,,,,,,2025-03-26
601798,,,,,,,,,,,,,2025-03-27
601799,,,,,,,,2021-07-19,2025-09-10,12.0,16.0,3.0,2025-03-24
601800,,,,,,,,2016-06-09,2024-08-23,48.0,64.0,10.0,2025-02-13
601801,,,,,,,,2017-06-28,2017-06-28,3.0,5.0,1.0,2024-11-12
601808,,,,,,0.0,0.0,,,,,,
601811,,,,,,,,2017-11-22,2017-11-22,5.0,1.0,4.0,2023-11-21
601818,,,,,,0.0,0.0,2017-02-11,,44.0,74.0,0.0,
601825,,,,,,,,2019-07-22,2025-03-11,15.0,26.0,2.0,2024-09-13
601827,,,,,,,,,,,,,2025-03-19
601828,,,,,,0.0,0.0,2017-02-03,2017-02-03,71.0,89.0,8.0,2025-04-24
601838,,,,,,,,,,,,,2025-03-19
601857,2024-08-23,,,,,,,2018-02-05,2024-11-24,2.0,3.0,2.0,
601858,,,,,,,,2017-01-19,2026-02-11,28.0,42.0,1.0,2025-03-12
601860,,,,,,,,,,,,,2023-02-16
601865,,,,,,,,,,,,,2023-03-01
601866,,,,,,0.0,0.0,2021-07-15,2023-05-17,5.0,5.0,2.0,2025-04-16
601868,,,,,,,,2024-08-16,2025-03-20,10.0,14.0,3.0,2025-03-18
601869,,,,,,0.0,0.0,2016-07-24,2017-09-08,7.0,12.0,1.0,2025-12-26
601872,,,,,,,,2019-11-26,2021-08-15,5.0,9.0,4.0,2025-02-10
601877,,,,,,,,2016-06-07,2020-02-03,66.0,73.0,8.0,
601878,,,,,,,,2021-07-29,,5.0,8.0,0.0,2025-03-07
601880,,,,,,,,,,,,,2025-03-03
601881,,,,,,,,2016-09-03,,10.0,10.0,0.0,2023-02-09
601886,,,,,,0.0,0.0,2016-06-10,2016-06-10,3.0,2.0,3.0,2025-03-10
601888,,,,,,,,2017-03-15,2017-03-15,27.0,27.0,19.0,2025-02-28
601890,,,,,,0.0,0.0,,,,,,
601898,,,,,,,,2018-08-10,2025-03-27,6.0,6.0,1.0,2025-03-12
601899,,,,,,0.0,0.0,2016-05-31,2016-05-31,5.0,5.0,1.0,
601900,,,,,,,,2017-03-03,2019-11-30,25.0,36.0,20.0,
601901,,,,,,,,2018-05-07,,17.0,18.0,0.0,
601908,,,,,,,,,,,,,2025-03-21
601916,,,,,,,,,,,,,2023-12-29
601919,,,,,,,,2021-08-05,2025-02-13,13.0,30.0,6.0,2025-03-12
601921,,,,,,,,2018-01-22,2025-12-01,7.0,8.0,1.0,2024-08-21
601928,,,,,,,,2020-02-16,2025-06-27,15.0,19.0,4.0,2023-05-08
601929,,,,,,0.0,0.0,2019-12-04,2019-12-04,3.0,3.0,2.0,2024-08-28
601933,,,,,,0.0,0.0,2016-06-05,2017-02-17,101.0,156.0,11.0,
601939,2025-12-19,,,,,,,2019-03-20,2019-09-18,183.0,443.0,12.0,2025-06-04
601949,,,,,,,,2017-06-13,2026-01-14,27.0,30.0,1.0,
601952,,,,,,,,,,,,,2025-03-11
601956,,,,,,0.0,0.0,,,,,,2025-03-11
601963,,,,,,,,2020-05-03,,3.0,3.0,0.0,2025-04-08
601965,,,,,,0.0,0.0,2017-02-06,2024-08-23,57.0,72.0,4.0,2025-02-17
601966,,,,,,,,2020-09-21,,5.0,9.0,0.0,2025-03-12
601968,,,,,,0.0,0.0,,,,,,
601969,,,,,,0.0,0.0,,,,,,2025-04-01
601985,,,,,,,,2020-09-21,,1.0,1.0,0.0,2025-04-02
601988,,,,,,,,2019-05-03,,3.0,3.0,0.0,2025-06-04
601989,,,,,,,,2017-11-14,,14.0,17.0,0.0,
601990,,,,,,,,2020-07-20,,4.0,7.0,0.0,2025-02-21
601992,,,,,,,,2018-06-20,2018-06-20,6.0,5.0,1.0,2025-04-03
601995,,,,,,,,2017-01-17,2017-01-17,61.0,142.0,106.0,2025-03-20
601996,,,,,,0.0,0.0,,,,,,
601997,,,,,,,,,,,,,2025-04-03
601998,,,,,,,,2019-04-22,2020-01-07,46.0,61.0,9.0,2025-06-20
601999,2025-08-29,,,,,,,,,,,,2025-03-11
603000,2025-07-11,,,,,,,2016-06-12,2018-01-18,135.0,256.0,40.0,2023-02-09
603001,,,,,,0.0,0.0,2017-07-16,2017-07-16,5.0,0.0,5.0,
603002,,,,,,0.0,0.0,,,,,,
603003,,,,,,0.0,0.0,2025-01-13,2025-01-13,2.0,2.0,1.0,
603005,,,,,,,,,,,,,2023-03-13
603007,,,,,,0.0,0.0,2025-05-21,,1.0,1.0,0.0,
603008,,,,,,,,2025-06-10,2025-06-10,1.0,1.0,1.0,
603009,,,,,,,,,,,,,2024-04-07
603010,,,,,,,,2019-03-30,2019-03-30,1.0,1.0,1.0,
603011,,,,,,0.0,0.0,2021-07-13,,5.0,5.0,0.0,2023-12-18
603012,,,,,,,,2017-12-11,,2.0,2.0,0.0,2024-10-08
603013,,,,,,0.0,0.0,,,,,,
603015,,,,,,,,2018-07-07,2024-09-18,10.0,13.0,2.0,2023-02-13
603016,,,,,,0.0,0.0,,,,,,
603017,,,,,,0.0,0.0,,,,,,2023-03-15
603018,,,,,,,,2017-06-03,,20.0,27.0,0.0,2023-03-29
603019,2024-12-25,,,,,,,2017-01-17,2018-05-11,319.0,926.0,114.0,2022-11-30
603020,,,,,,0.0,0.0,,,,,,
603021,,,,,,0.0,0.0,,,,,,
603022,,,,,,,,2026-01-21,,1.0,1.0,0.0,
603025,,,,,,0.0,0.0,2017-08-16,,18.0,21.0,0.0,2025-02-18
603027,,,,,,,,2026-01-29,,1.0,1.0,0.0,
603028,,,,,,,,2025-11-10,2025-11-10,1.0,0.0,1.0,
603029,,,,,,0.0,0.0,2016-06-10,2017-05-30,6.0,5.0,1.0,
603030,,,,,,,,,,,,,2023-08-02
603031,,,,,,,,2024-12-04,,1.0,2.0,0.0,2025-02-01
603033,,,,,,0.0,0.0,,,,,,
603035,,,,,,,,2018-09-26,2025-10-07,4.0,4.0,3.0,2025-01-23
603037,,,,,,,,2023-04-16,2025-06-11,2.0,2.0,1.0,
603038,,,,,,0.0,0.0,,,,,,2025-11-17
603039,2024-09-06,,,,,,,2016-07-12,2023-03-10,197.0,389.0,3.0,2023-09-01
603040,,,,,,0.0,0.0,,,,,,
603041,,,,,,0.0,0.0,,,,,,
603042,,,,,,0.0,0.0,2020-03-05,,1.0,1.0,0.0,2023-02-09
603045,,,,,,,,2021-07-29,,5.0,8.0,0.0,
603050,,2022-11-08,2022-08-16,,,1.0,0.0,2025-01-17,,1.0,1.0,0.0,
603051,,,,,,0.0,0.0,2025-11-14,2025-11-14,1.0,3.0,3.0,
603053,,,,,,0.0,0.0,2022-07-11,,5.0,6.0,0.0,
603056,,,,,,,,2016-06-01,2016-06-01,29.0,40.0,13.0,2025-03-05
603057,,,,,,,,2019-12-26,,3.0,3.0,0.0,2025-02-28
603060,,,,,,0.0,0.0,2022-11-03,,1.0,1.0,0.0,2024-04-30
603062,,,,,,,,,,,,,2025-02-20
603063,,,,,,,,2017-02-14,2017-02-14,8.0,9.0,8.0,
603066,,,,,,,,2022-01-28,,1.0,1.0,0.0,2025-02-17
603067,,,,,,0.0,0.0,,,,,,
603068,,,,,,0.0,0.0,2017-05-18,2026-02-26,7.0,14.0,2.0,2023-05-24
603076,,,,,,,,2020-01-08,2025-10-30,3.0,4.0,1.0,
603077,,,,,,0.0,0.0,2017-09-19,2017-09-19,3.0,1.0,2.0,
603079,,,,,,0.0,0.0,,,,,,
603081,,,,,,,,2020-06-09,,4.0,5.0,0.0,2024-03-05
603082,,,,,,,,2024-08-14,2025-12-10,4.0,5.0,2.0,2024-08-27
603083,,,,,,,,2016-06-09,2016-06-09,4.0,6.0,4.0,2023-02-27
603085,,,,,,,,2021-04-27,2021-04-27,2.0,0.0,6.0,
603086,,,,,,0.0,0.0,,,,,,
603087,,,,,,,,2021-09-22,2024-06-12,2.0,2.0,1.0,
603089,,,,,,,,,,,,,2025-03-05
603091,,,,,,,,,,,,,2025-02-24
603093,,,,,,,,2017-07-13,2024-08-06,17.0,21.0,1.0,
603095,,,,,,0.0,0.0,,,,,,
603096,,,,,,,,,,,,,2023-05-01
603098,,,,,,,,2025-10-14,,2.0,3.0,0.0,
603100,,,,,,0.0,0.0,,,,,,
603103,,,,,,,,2021-07-09,,3.0,3.0,0.0,2025-02-27
603106,,,,,,,,2017-02-08,2025-11-07,42.0,51.0,1.0,2023-03-29
603108,,,,,,,,2021-06-30,2024-07-02,26.0,40.0,29.0,2023-04-04
603109,,,,,,0.0,0.0,2025-10-10,,6.0,7.0,0.0,
603110,,,,,,,,,,,,,2024-02-08
603111,,,,,,0.0,0.0,2017-03-02,2017-03-02,13.0,16.0,3.0,2025-02-20
603112,,,,,,,,,,,,,2025-04-21
603113,,,,,,0.0,0.0,,,,,,
603116,,,,,,0.0,0.0,,,,,,
603118,,,,,,,,2016-06-02,2025-09-08,54.0,98.0,2.0,2023-12-01
603121,,,,,,0.0,0.0,2025-07-24,2025-09-25,3.0,5.0,3.0,2025-02-10
603122,,,,,,,,2017-12-07,2017-12-07,2.0,3.0,3.0,2024-02-05
603123,,,,,,,,2016-06-04,2016-06-04,10.0,7.0,6.0,2025-08-29
603125,,,,,,0.0,0.0,,,,,,
603129,,,,,,,,2019-03-26,,3.0,4.0,0.0,2025-09-04
603130,,,,,,,,,,,,,2025-02-18
603133,,,,,,,,2019-12-06,2019-12-06,1.0,0.0,1.0,
603135,,,,,,,,2023-06-17,,1.0,2.0,0.0,2024-03-04
603138,,,,,,,,2018-02-06,,4.0,5.0,0.0,2023-04-24
603139,,,,,,,,2025-10-23,2025-10-23,1.0,1.0,1.0,
603150,,,,,,,,2023-06-14,2024-08-24,2.0,1.0,1.0,
603153,,,,,,,,2018-06-28,2025-09-24,6.0,8.0,5.0,
603157,,,,,,,,2018-06-01,,3.0,3.0,0.0,
603160,,,,,,0.0,0.0,2016-06-09,2016-06-09,49.0,67.0,14.0,2024-04-11
603161,,,,,,0.0,0.0,,,,,,
603162,,,,,,,,,,,,,2025-04-23
603163,,,,,,,,,,,,,2025-08-08
603165,,,,,,,,,,,,,2025-02-28
603167,,,,,,,,,,,,,2025-02-11
603168,,,,,,0.0,0.0,,,,,,
603169,,,,,,0.0,0.0,2017-02-02,2017-02-02,3.0,3.0,3.0,
603171,,,,,,,,2017-02-09,2024-08-23,92.0,113.0,1.0,2023-03-30
603172,,,,,,0.0,0.0,,,,,,
603173,,,,,,,,2025-01-07,,1.0,1.0,0.0,2025-02-28
603177,,,,,,0.0,0.0,,,,,,
603178,,,,,,0.0,0.0,2016-06-10,2016-06-10,1.0,1.0,1.0,
603179,,,,,,,,2025-03-08,2025-03-08,2.0,2.0,1.0,
603180,,,,,,,,2016-07-04,,1.0,1.0,0.0,2025-08-01
603183,,,,,,,,2025-04-28,,1.0,1.0,0.0,
603185,,,,,,0.0,0.0,2025-11-10,,1.0,1.0,0.0,2025-04-03
603187,,,,,,,,2017-11-11,,15.0,24.0,0.0,
603189,,,,,,0.0,0.0,2016-06-09,2016-06-09,52.0,74.0,3.0,2023-02-03
603193,,,,,,,,2025-10-21,2026-01-07,3.0,3.0,2.0,
603194,,,,,,,,2020-01-14,2025-10-09,3.0,4.0,1.0,2025-02-10
603195,,,,,,0.0,0.0,2017-02-03,2020-03-07,12.0,11.0,2.0,2024-08-30
603197,,,,,,0.0,0.0,2018-08-04,2025-11-24,38.0,90.0,18.0,2023-03-28
603200,,,,,,0.0,0.0,,,,,,
603203,,,,,,,,2021-05-07,2024-02-22,16.0,12.0,8.0,
603205,,,,,,,,,,,,,2025-02-11
603206,,,,,,,,2022-01-07,2022-03-21,63.0,88.0,34.0,2024-12-31
603207,,,,,,,,2024-11-11,2024-11-11,1.0,2.0,2.0,
603208,,,,,,0.0,0.0,,,,,,2025-02-21
603209,,,,,,,,2025-11-09,2025-11-09,1.0,2.0,2.0,2025-02-18
603211,,,,,,,,2026-01-28,,1.0,1.0,0.0,2025-03-19
603213,,,,,,0.0,0.0,,,,,,
603214,,,,,,,,,,,,,2023-03-31
603215,,,,,,,,2025-11-28,2025-11-28,1.0,1.0,1.0,
603216,,,,,,,,,,,,,2025-04-09
603218,,,,,,,,,,,,,2025-03-21
603219,,,,,,0.0,0.0,2018-09-10,,1.0,1.0,0.0,2023-07-19
603220,,,,,,,,2025-03-19,2025-06-24,5.0,6.0,3.0,2023-10-10
603221,,,,,,,,,,,,,2025-03-20
603222,,,,,,0.0,0.0,,,,,,2025-03-18
603225,,,,,,0.0,0.0,,,,,,
603226,,,,,,0.0,0.0,,,,,,2025-02-20
603228,,,,,,0.0,0.0,2017-02-02,2017-02-02,9.0,9.0,6.0,2023-05-30
603230,,,,,,,,,,,,,2024-03-26
603232,,,,,,,,2021-01-14,2025-10-10,10.0,12.0,4.0,2023-05-04
603233,,,,,,,,2021-05-11,2023-12-06,21.0,14.0,41.0,2025-10-10
603236,,,,,,,,2018-05-21,2019-05-06,96.0,142.0,49.0,2022-12-02
603237,,,,,,,,2017-02-09,2017-02-09,3.0,4.0,3.0,
603256,,,,,,,,,,,,,2023-02-20
603257,,,,,,,,,,,,,2026-02-05
603258,,,,,,,,2017-02-16,2017-02-16,13.0,14.0,11.0,2025-09-18
603259,,,,,,,,2016-06-02,2016-06-02,204.0,316.0,219.0,
603261,,,,,,0.0,0.0,,,,,,2025-02-27
603266,,,,,,,,2026-02-03,,1.0,1.0,0.0,
603268,,,,,,0.0,0.0,,,,,,
603270,,,,,,,,2020-11-10,2020-11-10,1.0,1.0,1.0,
603272,,,,,,,,,,,,,2025-02-18
603280,,,,,,,,2020-11-18,2025-11-26,19.0,24.0,1.0,2025-02-14
603283,,,,,,,,2018-04-11,2018-04-11,13.0,15.0,6.0,
603286,,,,,,0.0,0.0,2020-06-11,,2.0,2.0,0.0,2026-04-08
603288,,,,,,,,2018-02-16,,24.0,56.0,0.0,
603289,,,,,,,,,,,,,2023-06-28
603296,,,,,,,,2017-01-17,2017-01-17,23.0,26.0,8.0,2024-03-27
603297,,,,,,,,2018-01-21,,7.0,7.0,0.0,
603298,,2021-12-17,2020-06-19,,,1.0,0.0,2023-04-06,,1.0,1.0,0.0,
603299,,,,,,0.0,0.0,,,,,,
603300,,,,,,,,,,,,,2024-11-15
603301,,,,,,0.0,0.0,,,,,,
603303,,,,,,,,2024-11-20,2024-11-20,1.0,0.0,2.0,2025-03-19
603306,,,,,,0.0,0.0,2025-12-24,2025-12-24,1.0,1.0,1.0,
603308,,,,,,0.0,0.0,2026-02-28,,2.0,4.0,0.0,
603310,,,,,,0.0,0.0,,,,,,
603311,,,,,,,,2020-07-27,2020-07-27,1.0,0.0,1.0,2025-02-06
603312,,,,,,,,2026-02-27,,1.0,1.0,0.0,
603313,,,,,,0.0,0.0,2020-12-16,2024-11-26,3.0,4.0,2.0,2023-11-14
603315,,,,,,0.0,0.0,,,,,,
603317,,,,,,0.0,0.0,,,,,,2025-02-28
603318,,,,,,0.0,0.0,2016-06-10,2016-06-10,1.0,1.0,1.0,
603322,,,,,,0.0,0.0,2024-07-20,2024-07-20,2.0,2.0,1.0,2024-01-25
603323,,,,,,,,2019-05-19,,1.0,1.0,0.0,2025-11-12
603327,,,,,,0.0,0.0,,,,,,
603328,,,,,,0.0,0.0,2024-07-18,2024-07-18,1.0,1.0,1.0,
603330,,,,,,0.0,0.0,,,,,,
603333,,,,,,0.0,0.0,,,,,,
603335,,,,,,0.0,0.0,,,,,,
603337,,,,,,,,2017-06-11,2022-04-18,51.0,74.0,7.0,
603341,,,,,,,,2016-06-12,2018-01-03,18.0,18.0,4.0,2024-12-09
603345,,,,,,,,2018-06-26,2018-06-26,2.0,2.0,2.0,
603350,,,,,,,,,,,,,2025-02-20
603353,,,,,,,,,,,,,2025-03-10
603355,,,,,,,,2016-06-21,2016-06-21,22.0,17.0,26.0,
603356,,,,,,0.0,0.0,,,,,,
603357,,,,,,0.0,0.0,,,,,,2023-06-21
603358,,,,,,,,2026-03-04,2026-03-04,1.0,0.0,1.0,
603359,,,,,,0.0,0.0,,,,,,
603363,,,,,,0.0,0.0,,,,,,
603365,,,,,,0.0,0.0,2018-07-06,2025-03-27,13.0,15.0,2.0,
603366,,,,,,,,2017-12-10,2024-07-13,5.0,5.0,1.0,
603367,,,,,,0.0,0.0,,,,,,
603368,,,,,,,,2025-04-03,2025-04-03,2.0,3.0,2.0,2023-12-14
603369,,,,,,0.0,0.0,2022-07-02,,7.0,13.0,0.0,2025-02-24
603373,,,,,,0.0,0.0,,,,,,2024-04-10
603375,,,,,,0.0,0.0,2025-04-03,2025-04-03,1.0,2.0,2.0,
603377,,,,,,,,,,,,,2023-03-07
603378,,,,,,,,,,,,,2025-03-04
603380,,,,,,,,2022-12-05,2022-12-05,4.0,5.0,2.0,
603383,,,,,,,,2016-09-02,,16.0,21.0,0.0,2023-02-15
603385,,,,,,,,2021-01-27,2021-01-27,1.0,0.0,1.0,2025-06-24
603386,,,,,,0.0,0.0,2017-08-10,,3.0,3.0,0.0,2024-12-04
603387,,,,,,,,2017-07-08,,13.0,13.0,0.0,
603388,,,,,,0.0,0.0,,,,,,
603390,,,,,,,,2017-09-12,,4.0,4.0,0.0,2023-09-19
603392,,,,,,0.0,0.0,2017-05-19,2017-05-19,3.0,3.0,3.0,
603393,,,,,,0.0,0.0,2025-09-28,,1.0,1.0,0.0,
603396,,,,,,,,2016-09-12,,12.0,17.0,0.0,2025-03-21
603398,,,,,,,,2021-07-05,,2.0,4.0,0.0,2025-09-26
603399,,,,,,0.0,0.0,,,,,,
603408,,,,,,,,2025-02-13,2025-02-13,2.0,3.0,3.0,2025-04-25
603416,,,,,,,,2016-06-09,2024-11-02,62.0,83.0,2.0,2025-06-01
603421,,,,,,0.0,0.0,2017-01-23,2025-10-23,28.0,36.0,1.0,2024-02-26
603439,,,,,,,,,,,,,2025-02-07
603444,,2022-07-29,2021-02-20,2024-02-13,2021-02-20,5.0,1.0,2018-03-10,2019-03-26,14.0,16.0,2.0,2023-03-31
603456,,,,,,0.0,0.0,2025-04-01,2025-04-01,2.0,2.0,1.0,2025-02-19
603458,,,,,,,,2021-07-06,,2.0,2.0,0.0,
603466,,,,,,,,2018-06-26,,2.0,3.0,0.0,2023-02-06
603486,,,,,,0.0,0.0,2017-02-04,2017-02-11,150.0,311.0,82.0,2023-03-01
603496,,,,,,0.0,0.0,2016-06-09,2018-07-26,9.0,11.0,8.0,2023-02-01
603499,,,,,,,,,,,,,2025-03-24
603500,,,,,,0.0,0.0,,,,,,2025-02-26
603501,,,,,,,,2016-06-05,2016-06-05,107.0,149.0,59.0,2023-03-17
603505,,,,,,,,2022-07-11,,6.0,6.0,0.0,2025-03-18
603506,,,,,,,,,,,,,2023-04-28
603507,,,,,,,,2019-03-01,2019-03-01,4.0,4.0,4.0,
603508,,,,,,0.0,0.0,2016-07-24,,47.0,67.0,0.0,2023-02-17
603511,,,,,,0.0,0.0,2018-06-05,2018-06-05,2.0,0.0,2.0,
603515,2026-02-27,,,,,,,2018-04-09,2018-04-09,12.0,11.0,2.0,2023-03-01
603516,,,,,,,,2020-04-17,,2.0,2.0,0.0,2023-02-03
603517,,,,,,,,2023-06-19,,5.0,10.0,0.0,
603518,,,,,,,,2025-11-28,2025-11-28,1.0,1.0,1.0,
603528,,2024-07-16,2021-09-08,,,1.0,0.0,2017-05-17,,10.0,10.0,0.0,2023-02-14
603529,,,,,,0.0,0.0,2022-09-02,2025-10-20,6.0,14.0,4.0,2024-09-12
603530,,,,,,,,2025-10-17,2025-10-17,2.0,1.0,1.0,
603533,2024-01-17,,,,,,,2017-02-16,,84.0,118.0,0.0,2023-02-06
603535,,,,,,0.0,0.0,2025-11-19,,1.0,1.0,0.0,2025-04-16
603538,,,,,,0.0,0.0,2025-02-18,,1.0,2.0,0.0,
603555,,,,,,,,2023-11-25,2023-11-25,2.0,2.0,2.0,
603556,,,,,,0.0,0.0,2016-06-05,2016-06-05,9.0,12.0,2.0,2025-02-26
603557,,,,,,,,2018-07-06,2018-07-06,1.0,0.0,1.0,2023-02-10
603566,,,,,,,,,,,,,2025-08-15
603567,,,,,,0.0,0.0,,,,,,
603568,,,,,,0.0,0.0,2024-07-03,,2.0,2.0,0.0,2025-02-11
603569,,,,,,,,2018-06-22,,7.0,7.0,0.0,
603579,,,,,,0.0,0.0,2017-10-16,2018-06-13,3.0,3.0,1.0,2025-02-11
603580,,,,,,0.0,0.0,,,,,,
603583,,,,,,0.0,0.0,2025-05-06,,2.0,2.0,0.0,
603588,,,,,,0.0,0.0,,,,,,
603590,,,,,,0.0,0.0,2018-01-29,,2.0,3.0,0.0,
603595,,,,,,,,2025-11-27,,2.0,2.0,0.0,
603596,,,,,,0.0,0.0,2016-06-10,2019-12-02,39.0,49.0,1.0,
603598,,,,,,,,2017-02-04,,12.0,14.0,0.0,2023-02-10
603600,,,,,,,,2026-02-10,2026-02-10,1.0,6.0,6.0,2025-07-01
603601,,,,,,,,2024-10-21,,1.0,2.0,0.0,
603602,,,,,,,,,,,,,2024-03-04
603603,,,,,,0.0,0.0,2025-09-19,,1.0,2.0,0.0,
603605,,,,,,,,2019-06-14,,1.0,1.0,0.0,2026-01-08
603606,,,,,,0.0,0.0,,,,,,
603608,,,,,,,,2018-07-26,,2.0,2.0,0.0,2023-04-06
603609,,,,,,0.0,0.0,2022-07-05,2022-07-05,1.0,0.0,2.0,
603610,,,,,,,,2020-05-15,2020-05-15,9.0,9.0,2.0,2023-03-31
603611,,,,,,0.0,0.0,2024-03-04,2025-06-20,4.0,7.0,4.0,2025-02-10
603612,,,,,,0.0,0.0,2024-07-31,,1.0,1.0,0.0,
603613,,,,,,,,2016-09-07,2016-09-07,2.0,0.0,4.0,2023-03-27
603617,,,,,,0.0,0.0,,,,,,
603618,,,,,,,,,,,,,2025-03-18
603619,,,,,,,,2017-03-22,2017-03-22,7.0,28.0,4.0,
603626,,,,,,,,2019-11-11,2019-11-11,10.0,12.0,4.0,
603628,,,,,,,,2020-05-30,,1.0,2.0,0.0,2025-10-23
603629,,,,,,,,2023-03-07,2023-03-07,1.0,1.0,1.0,
603630,,,,,,0.0,0.0,2025-06-04,2025-06-04,1.0,2.0,2.0,2025-03-07
603633,,,,,,,,2025-10-07,2025-11-05,11.0,16.0,1.0,
603636,,,,,,0.0,0.0,2016-07-28,2023-09-03,91.0,190.0,34.0,2023-02-14
603637,,,,,,0.0,0.0,,,,,,2024-12-17
603638,,,,,,,,2022-09-12,,2.0,2.0,0.0,
603656,,,,,,0.0,0.0,2016-06-10,,48.0,72.0,0.0,2024-12-09
603657,,,,,,0.0,0.0,,,,,,
603658,,,,,,,,2017-06-10,,8.0,9.0,0.0,2026-04-07
603659,,,,,,,,2019-12-01,2019-12-01,15.0,21.0,9.0,
603660,,,,,,0.0,0.0,2017-05-09,2025-06-27,28.0,39.0,2.0,2023-03-23
603661,,,,,,,,2025-03-10,,2.0,2.0,0.0,2026-02-02
603662,,,,,,,,2019-12-18,2024-09-11,9.0,10.0,3.0,2026-01-16
603663,,,,,,0.0,0.0,,,,,,
603666,,,,,,,,2017-02-13,2024-03-13,67.0,114.0,7.0,2023-03-01
603667,,,,,,0.0,0.0,,,,,,
603668,,,,,,0.0,0.0,2021-05-12,2021-05-12,1.0,0.0,1.0,
603669,,,,,,0.0,0.0,,,,,,
603676,,,,,,,,2019-12-12,2019-12-12,2.0,0.0,2.0,
603678,,,,,,,,2025-08-15,2025-08-15,3.0,3.0,1.0,
603679,,,,,,0.0,0.0,2020-06-08,2025-07-24,17.0,18.0,3.0,2025-05-30
603681,,,,,,,,2025-02-14,2025-02-14,1.0,2.0,2.0,2025-03-12
603682,,,,,,,,,,,,,2025-02-10
603683,,,,,,,,,,,,,2025-07-28
603686,,,,,,,,2021-07-12,,2.0,2.0,0.0,2023-02-15
603687,,,,,,,,,,,,,2023-02-15
603690,,,,,,,,2017-02-16,2025-06-26,7.0,8.0,2.0,
603696,,,,,,0.0,0.0,2018-08-02,2018-08-02,4.0,0.0,10.0,
603698,,,,,,0.0,0.0,,,,,,
603699,,,,,,,,2026-02-27,2026-02-27,2.0,1.0,2.0,
603700,,,,,,0.0,0.0,2023-05-23,2026-03-03,5.0,6.0,1.0,2025-02-21
603701,,,,,,,,,,,,,2025-02-10
603703,,,,,,,,,,,,,2025-01-27
603707,,,,,,,,,,,,,2023-11-15
603712,,,,,,,,2016-06-10,2019-12-01,31.0,51.0,1.0,
603713,,,,,,,,2019-04-19,2025-12-26,5.0,9.0,2.0,2025-03-07
603716,,,,,,,,2018-01-11,2018-01-11,4.0,5.0,5.0,2025-02-28
603717,,,,,,0.0,0.0,,,,,,
603718,,,,,,0.0,0.0,,,,,,
603719,,,,,,,,2017-04-21,2017-04-21,29.0,30.0,2.0,
603721,,,,,,,,2025-05-28,2025-05-28,1.0,1.0,1.0,2023-04-07
603725,,,,,,0.0,0.0,,,,,,2025-08-18
603726,,,,,,,,,,,,,2025-02-07
603728,,,,,,,,2016-08-01,2017-11-15,10.0,12.0,3.0,
603729,,,,,,,,,,,,,2023-02-10
603730,,,,,,0.0,0.0,,,,,,
603737,,,,,,0.0,0.0,2018-06-07,2018-06-07,6.0,5.0,4.0,
603738,,,,,,0.0,0.0,2025-11-22,,2.0,2.0,0.0,2023-04-10
603739,,,,,,,,,,,,,2025-06-10
603757,,,,,,0.0,0.0,2024-09-05,,2.0,2.0,0.0,
603759,,,,,,,,,,,,,2025-04-18
603766,,,,,,0.0,0.0,2018-06-21,2025-10-27,25.0,45.0,1.0,2023-02-20
603767,,,,,,0.0,0.0,,,,,,
603773,,,,,,,,2026-01-21,,1.0,1.0,0.0,
603776,,,,,,0.0,0.0,,,,,,
603777,,,,,,,,2017-05-13,2017-06-27,8.0,6.0,3.0,2025-10-14
603786,,,,,,,,2017-02-09,2025-09-19,7.0,9.0,2.0,
603787,,,,,,0.0,0.0,,,,,,
603788,,,,,,,,2019-11-11,,1.0,1.0,0.0,
603789,,,,,,0.0,0.0,,,,,,
603797,,,,,,0.0,0.0,,,,,,2023-04-12
603799,,,,,,0.0,0.0,2021-09-24,,1.0,1.0,0.0,
603801,,,,,,,,2017-03-03,2017-03-03,2.0,1.0,1.0,
603803,,,,,,,,,,,,,2024-01-08
603806,,,,,,0.0,0.0,2025-12-19,,1.0,1.0,0.0,
603808,,,,,,,,2021-07-10,,1.0,1.0,0.0,2025-08-29
603811,,,,,,0.0,0.0,,,,,,2025-02-13
603813,,,,,,,,,,,,,2024-02-23
603816,,,,,,,,2016-06-03,2016-06-03,13.0,19.0,9.0,
603817,,,,,,0.0,0.0,,,,,,
603825,,,,,,0.0,0.0,2017-11-03,,13.0,36.0,0.0,2023-05-11
603826,,,,,,0.0,0.0,,,,,,
603833,,,,,,,,2017-04-18,2023-12-29,6.0,6.0,2.0,
603836,,,,,,,,2025-09-17,2025-11-11,3.0,4.0,1.0,2025-02-17
603839,,,,,,,,2021-07-16,,1.0,1.0,0.0,
603843,,,,,,0.0,0.0,,,,,,
603848,,,,,,,,2025-04-16,2025-04-16,3.0,4.0,4.0,
603855,,,,,,,,2023-07-30,2025-03-25,5.0,5.0,1.0,
603856,,,,,,0.0,0.0,2024-12-31,2025-02-26,8.0,13.0,2.0,
603858,,,,,,0.0,0.0,2018-02-19,,4.0,5.0,0.0,2025-03-14
603859,,,,,,,,2017-08-02,2023-05-26,11.0,13.0,5.0,2023-08-31
603860,,,,,,0.0,0.0,2018-07-26,,4.0,4.0,0.0,
603861,,,,,,,,2025-03-26,,1.0,1.0,0.0,
603868,,,,,,,,2017-09-19,2024-03-26,2.0,2.0,1.0,
603869,,,,,,,,2016-07-05,2018-02-06,45.0,59.0,2.0,2023-10-09
603876,,,,,,0.0,0.0,,,,,,
603880,,,,,,0.0,0.0,,,,,,
603881,,,,,,,,2018-06-28,2026-01-14,8.0,9.0,2.0,
603882,,,,,,0.0,0.0,2017-02-05,2025-03-30,26.0,28.0,4.0,2024-06-06
603883,,,,,,,,2017-05-18,,26.0,58.0,0.0,2025-09-18
603885,,,,,,,,2025-12-04,,1.0,4.0,0.0,
603886,,,,,,0.0,0.0,2024-09-10,2024-09-10,1.0,0.0,2.0,
603887,,,,,,,,2020-09-20,,1.0,1.0,0.0,2023-06-21
603888,,,,,,,,2017-02-17,2026-01-21,43.0,70.0,6.0,2023-02-08
603889,,,,,,,,2020-04-18,,1.0,1.0,0.0,
603890,,,,,,0.0,0.0,2018-05-29,2018-05-29,5.0,5.0,2.0,2025-03-07
603893,,,,,,,,2016-06-05,2025-02-28,67.0,154.0,12.0,2023-03-10
603895,,,,,,,,2020-05-27,,2.0,2.0,0.0,
603896,,,,,,0.0,0.0,2021-08-09,,4.0,4.0,0.0,2026-01-12
603898,,,,,,,,2016-08-31,,2.0,2.0,0.0,2025-02-18
603899,,,,,,,,2016-06-01,2016-06-01,10.0,11.0,6.0,
603900,,,,,,,,2017-03-04,2017-03-04,1.0,1.0,1.0,
603901,,,,,,,,2016-09-10,2024-08-03,16.0,14.0,2.0,
603903,,,,,,0.0,0.0,2017-03-06,2017-03-06,1.0,1.0,1.0,2025-12-16
603906,,,,,,,,2018-08-02,,1.0,1.0,0.0,
603908,,,,,,,,2025-04-08,2025-04-08,1.0,1.0,1.0,
603909,,,,,,,,,,,,,2025-08-20
603912,,,,,,,,,,,,,2025-02-25
603915,,,,,,0.0,0.0,,,,,,
603916,,,,,,0.0,0.0,2021-09-07,,1.0,2.0,0.0,
603918,,,,,,0.0,0.0,2019-05-27,2019-05-27,9.0,9.0,1.0,2023-03-27
603919,,,,,,0.0,0.0,,,,,,
603920,,,,,,,,,,,,,2026-01-14
603926,,,,,,0.0,0.0,,,,,,2025-03-03
603927,2024-12-27,,,,,,,2017-02-14,2020-12-01,109.0,243.0,77.0,2023-03-31
603928,,,,,,0.0,0.0,,,,,,
603929,,,,,,,,2025-02-07,2025-08-26,2.0,3.0,1.0,
603933,,,,,,,,2017-02-03,2017-04-17,7.0,8.0,2.0,
603936,,,,,,0.0,0.0,2026-02-09,2026-03-06,3.0,3.0,1.0,2023-11-24
603938,,,,,,0.0,0.0,,,,,,
603939,,,,,,,,2017-02-04,,16.0,16.0,0.0,
603948,,,,,,0.0,0.0,,,,,,
603949,,,,,,,,,,,,,2025-02-25
603955,,,,,,0.0,0.0,,,,,,
603956,,,,,,,,2018-03-08,,10.0,11.0,0.0,2025-01-07
603958,,,,,,,,2020-12-17,,1.0,2.0,0.0,2025-02-26
603959,,,,,,0.0,0.0,,,,,,
603960,,,,,,,,,,,,,2023-04-07
603963,,,,,,0.0,0.0,,,,,,
603966,,,,,,0.0,0.0,2021-08-13,,2.0,3.0,0.0,
603968,,,,,,,,2025-03-20,2025-03-20,1.0,1.0,1.0,
603969,,,,,,0.0,0.0,,,,,,
603970,,,,,,0.0,0.0,,,,,,
603977,,,,,,,,2018-03-21,,20.0,24.0,0.0,2023-04-21
603978,,,,,,0.0,0.0,,,,,,
603979,,,,,,,,2020-02-04,,1.0,1.0,0.0,
603983,,,,,,0.0,0.0,2025-12-10,,1.0,1.0,0.0,
603985,,,,,,0.0,0.0,2025-06-20,,2.0,2.0,0.0,2023-09-14
603986,,,,,,0.0,0.0,2016-06-02,2016-06-02,35.0,44.0,14.0,2023-08-25
603987,,,,,,,,2026-01-05,,1.0,1.0,0.0,
603990,,2018-10-09,2018-01-29,,,1.0,0.0,2016-09-07,2025-08-19,8.0,9.0,2.0,2024-01-08
603992,,,,,,,,2021-07-14,2025-11-18,20.0,21.0,2.0,2025-02-26
603993,,,,,,0.0,0.0,,,,,,
603995,,,,,,0.0,0.0,,,,,,
603997,,,,,,,,2016-06-10,2016-06-10,20.0,21.0,21.0,
603998,,,,,,0.0,0.0,,,,,,
603999,,,,,,,,2016-12-23,2016-12-23,2.0,0.0,2.0,2023-12-25
605001,,,,,,,,2018-05-06,2025-12-04,7.0,7.0,1.0,2025-03-11
605003,,,,,,,,,,,,,2025-03-10
605005,,,,,,0.0,0.0,2019-09-10,,2.0,4.0,0.0,2025-03-11
605006,,,,,,,,,,,,,2025-03-11
605007,,,,,,,,,,,,,2025-03-11
605008,,,,,,0.0,0.0,,,,,,2025-03-07
605009,,,,,,,,,,,,,2025-03-04
605011,,,,,,,,,,,,,2025-03-18
605016,,,,,,0.0,0.0,,,,,,
605018,,,,,,,,,,,,,2025-03-11
605020,,,,,,,,,,,,,2025-03-17
605028,,,,,,,,,,,,,2025-03-21
605033,,,,,,,,,,,,,2025-03-11
605055,,,,,,,,,,,,,2025-03-10
605056,,,,,,,,2025-06-27,,1.0,1.0,0.0,2023-05-16
605058,,,,,,,,,,,,,2025-04-03
605060,,,,,,,,,,,,,2025-03-14
605066,,,,,,,,2023-02-17,,5.0,7.0,0.0,2026-01-14
605068,,,,,,,,2018-04-30,2018-04-30,7.0,9.0,9.0,2025-04-22
605069,,,,,,0.0,0.0,2021-03-16,2025-06-27,2.0,2.0,1.0,2024-03-22
605077,,,,,,0.0,0.0,,,,,,
605080,,,,,,,,,,,,,2023-02-28
605081,,,,,,,,2025-01-14,2025-01-14,1.0,2.0,2.0,2025-02-14
605088,,,,,,,,2025-12-07,,1.0,1.0,0.0,2025-04-07
605089,,,,,,0.0,0.0,,,,,,2025-03-07
605090,,,,,,,,2024-10-30,,1.0,2.0,0.0,2025-02-17
605098,,,,,,,,,,,,,2025-03-10
605099,,,,,,0.0,0.0,,,,,,
605100,,,,,,0.0,0.0,,,,,,2025-02-13
605116,,,,,,,,,,,,,2025-03-13
605117,,,,,,,,2023-12-05,2025-04-17,14.0,18.0,6.0,2025-06-04
605118,,,,,,,,2017-05-27,,5.0,5.0,0.0,
605122,,,,,,,,,,,,,2025-03-10
605123,,,,,,,,2025-03-07,2025-03-07,3.0,3.0,3.0,2025-03-26
605136,,,,,,,,2017-02-15,2017-12-17,5.0,3.0,2.0,2023-02-06
605138,,,,,,,,2018-07-12,2018-07-12,6.0,7.0,5.0,
605155,,,,,,0.0,0.0,,,,,,
605168,,,,,,,,,,,,,2022-12-05
605178,,,,,,,,2023-04-06,,1.0,1.0,0.0,2025-02-19
605179,,,,,,0.0,0.0,2017-03-17,,5.0,5.0,0.0,
605180,,,,,,0.0,0.0,,,,,,
605186,,,,,,,,2016-06-03,2016-06-03,1.0,0.0,1.0,2023-02-14
605189,,,,,,,,,,,,,2025-02-11
605196,,,,,,0.0,0.0,,,,,,
605199,,,,,,0.0,0.0,,,,,,
605208,,,,,,0.0,0.0,2025-12-02,2025-12-02,1.0,2.0,2.0,
605228,,,,,,,,2025-11-07,,1.0,2.0,0.0,
605258,,,,,,,,2024-03-11,2024-03-11,1.0,0.0,1.0,
605266,,,,,,,,2025-12-11,,1.0,1.0,0.0,2025-02-14
605268,,,,,,,,2019-03-24,,4.0,10.0,0.0,2025-02-18
605277,,,,,,,,,,,,,2023-02-14
605287,,,,,,,,,,,,,2024-02-23
605288,,,,,,0.0,0.0,2018-03-01,2026-01-30,8.0,11.0,2.0,
605289,,,,,,0.0,0.0,,,,,,
605296,,,,,,0.0,0.0,2025-10-13,,2.0,2.0,0.0,
605298,,,,,,0.0,0.0,2018-08-11,2025-12-18,7.0,7.0,1.0,
605299,,,,,,0.0,0.0,2021-07-29,,2.0,2.0,0.0,2023-12-14
605300,,,,,,,,,,,,,2025-02-10
605303,,,,,,0.0,0.0,,,,,,
605305,,,,,,,,2021-07-20,2021-07-20,2.0,4.0,2.0,
605319,,,,,,0.0,0.0,,,,,,
605333,,,,,,,,2025-09-23,2025-10-20,3.0,7.0,2.0,
605338,,,,,,,,,,,,,2025-03-31
605339,,,,,,,,2026-01-06,,2.0,3.0,0.0,
605358,,,,,,,,2025-07-11,2025-07-11,1.0,1.0,1.0,
605365,,,,,,,,2017-03-21,2019-12-22,33.0,61.0,3.0,2024-04-30
605368,,,,,,,,,,,,,2025-03-03
605369,,,,,,0.0,0.0,,,,,,
605388,,,,,,0.0,0.0,,,,,,2025-02-25
605389,,,,,,,,2022-04-03,,1.0,1.0,0.0,
605398,,,,,,0.0,0.0,2017-02-04,2023-12-22,22.0,32.0,16.0,2023-07-01
605488,,,,,,,,2024-10-18,,2.0,4.0,0.0,2025-09-18
605499,,,,,,,,2025-04-03,2025-04-03,3.0,2.0,4.0,2025-02-27
605555,,,,,,0.0,0.0,2021-07-31,2021-07-31,1.0,0.0,1.0,
605567,,,,,,,,,,,,,2025-02-21
605577,,,,,,,,2016-07-24,,6.0,6.0,0.0,2024-03-22
605589,,,,,,,,2019-12-10,2019-12-10,5.0,3.0,2.0,
605598,,,,,,0.0,0.0,,,,,,
688001,,,,,,0.0,0.0,2019-01-25,2021-03-16,25.0,25.0,5.0,2024-07-19
688002,,,,,,0.0,0.0,2016-06-04,2023-04-19,143.0,202.0,11.0,2025-02-21
688003,,,,,,,,2016-07-12,2025-11-20,56.0,67.0,3.0,2023-02-16
688004,,2022-10-11,2019-09-18,,,15.0,0.0,2023-11-22,2023-11-22,1.0,0.0,1.0,2023-02-22
688005,,,,,,1.0,1.0,2022-07-28,,2.0,2.0,0.0,2025-03-31
688006,,,,,,0.0,0.0,2020-01-17,2020-05-10,13.0,10.0,6.0,2025-03-13
688007,,,,,,0.0,0.0,2019-04-26,2019-04-30,20.0,22.0,5.0,2023-03-30
688008,,2024-04-30,2019-05-24,,,1.0,0.0,2016-06-02,2016-06-02,61.0,80.0,66.0,2023-03-03
688009,,,,,,0.0,0.0,2018-05-29,2023-09-04,41.0,77.0,22.0,
688010,,,,,,0.0,0.0,2020-01-16,,1.0,1.0,0.0,2025-03-14
688011,,,,,,0.0,0.0,2018-07-05,,12.0,12.0,0.0,2025-03-07
688012,,,,,,0.0,0.0,2017-09-25,2017-09-25,30.0,73.0,64.0,
688013,,,,,,0.0,0.0,2026-03-04,,1.0,1.0,0.0,
688015,,,,,,0.0,0.0,2018-07-24,2023-07-30,38.0,83.0,7.0,2023-02-15
688016,,,,,,,,,,,,,2025-03-31
688017,,,,,,,,2024-03-28,,1.0,1.0,0.0,2025-04-30
688018,,,,,,,,2016-07-05,2021-08-01,23.0,24.0,1.0,2023-01-31
688019,,,,,,,,2017-01-19,2017-01-19,1.0,1.0,1.0,
688020,,,,,,0.0,0.0,,,,,,
688021,,,,,,0.0,0.0,,,,,,2025-03-20
688022,,,,,,0.0,0.0,2023-07-12,,1.0,1.0,0.0,2025-04-28
688023,2024-10-31,,,,,0.0,0.0,2017-01-31,2020-05-07,117.0,164.0,15.0,2023-04-17
688025,,,,,,,,2021-02-19,2021-02-19,18.0,16.0,15.0,
688026,,,,,,0.0,0.0,2018-06-29,,1.0,1.0,0.0,2025-03-06
688027,,,,,,0.0,0.0,2023-06-13,,1.0,1.0,0.0,2024-05-23
688028,,,,,,0.0,0.0,,,,,,
688029,,,,,,0.0,0.0,2023-10-08,2025-04-18,7.0,7.0,5.0,2025-03-21
688030,,,,,,0.0,0.0,2018-04-18,2018-04-18,11.0,18.0,4.0,2023-02-13
688031,2025-12-11,,,,,,,2016-06-01,2020-04-22,239.0,444.0,4.0,2023-02-17
688032,,,,,,,,,,,,,2024-08-29
688033,,,,,,0.0,0.0,,,,,,
688035,,,,,,0.0,0.0,,,,,,2025-02-18
688036,,,,,,,,2016-06-04,2016-06-04,92.0,122.0,21.0,2023-11-15
688037,,,,,,,,2025-01-22,,3.0,3.0,0.0,
688038,,,,,,,,2016-06-29,2025-06-27,5.0,5.0,2.0,2023-03-29
688039,2024-12-18,,,,,,,2016-06-10,,33.0,49.0,0.0,2023-01-31
688041,,,,,,,,2018-06-20,2018-06-20,12.0,14.0,8.0,2023-03-15
688045,,,,,,,,2022-04-11,2022-04-11,4.0,5.0,1.0,
688046,,2021-03-30,2019-08-09,2021-03-30,2019-08-09,2.0,2.0,,,,,,2023-03-31
688047,,,,,,,,2021-07-08,2021-07-08,2.0,4.0,2.0,2025-03-12
688048,,,,,,,,2021-03-11,,2.0,2.0,0.0,2025-03-17
688049,,,,,,,,2017-02-15,,20.0,27.0,0.0,2023-01-01
688050,,,,,,0.0,0.0,2020-07-20,2023-12-20,4.0,5.0,1.0,2025-02-26
688051,,,,,,0.0,0.0,2018-08-25,2023-09-29,51.0,73.0,10.0,2023-03-31
688052,,,,,,,,,,,,,2025-04-07
688053,,,,,,,,2024-10-11,,3.0,26.0,0.0,
688055,,,,,,,,,,,,,2024-10-14
688056,,,,,,0.0,0.0,,,,,,2025-02-18
688057,,,,,,,,,,,,,2025-03-12
688058,,,,,,0.0,0.0,2019-03-26,,39.0,52.0,0.0,2023-05-05
688059,,,,,,,,,,,,,2025-03-17
688060,,,,,,,,2022-12-05,2022-12-05,1.0,1.0,1.0,
688061,,,,,,,,2025-09-01,,1.0,1.0,0.0,
688062,,,,,,,,2021-07-20,2021-07-20,3.0,3.0,2.0,2025-03-31
688063,,,,,,,,2025-04-08,2025-04-08,4.0,4.0,1.0,
688065,,,,,,0.0,0.0,2025-07-04,2025-07-04,2.0,3.0,1.0,
688066,,,,,,,,2018-07-27,2021-06-15,79.0,96.0,8.0,2023-03-31
688067,,,,,,0.0,0.0,2016-10-14,,14.0,19.0,0.0,2025-02-18
688068,,,,,,0.0,0.0,2026-01-21,2026-01-21,2.0,2.0,2.0,2025-04-01
688069,,,,,,0.0,0.0,,,,,,2025-03-07
688070,,,,,,0.0,0.0,2016-06-10,2021-07-29,48.0,58.0,1.0,2025-04-29
688071,,,,,,,,2021-09-08,,5.0,7.0,0.0,2025-03-11
688072,,,,,,,,2022-04-15,2026-02-25,17.0,36.0,4.0,2025-04-15
688073,,,,,,0.0,0.0,,,,,,2025-03-06
688075,,,,,,0.0,0.0,2025-06-17,,1.0,1.0,0.0,
688076,,,,,,0.0,0.0,,,,,,2025-08-29
688077,,,,,,,,,,,,,2025-02-26
688078,,2024-08-09,2024-05-23,2024-10-11,2024-07-09,3.0,2.0,2018-07-10,2025-06-21,3.0,3.0,1.0,2023-04-10
688080,,,,,,,,2021-06-04,2025-09-28,7.0,11.0,2.0,2023-05-23
688081,,,,,,0.0,0.0,2017-03-15,,20.0,23.0,0.0,2024-12-16
688082,,,,,,,,2017-03-13,2017-03-13,5.0,10.0,6.0,2023-08-01
688083,,,,,,,,2018-09-13,2021-04-09,20.0,23.0,7.0,2023-02-13
688084,,,,,,,,2018-03-22,,3.0,5.0,0.0,
688085,,,,,,,,,,,,,2025-03-12
688086,,,,,,0.0,0.0,2021-07-31,,1.0,1.0,0.0,
688087,,,,,,0.0,0.0,2025-02-12,,8.0,8.0,0.0,
688088,2024-04-27,,,,,,,2016-06-02,2025-03-30,119.0,423.0,2.0,2023-02-07
688089,,,,,,0.0,0.0,2024-11-08,2025-09-16,2.0,3.0,1.0,2024-11-19
688090,,,,,,0.0,0.0,2019-04-19,2024-03-27,18.0,22.0,4.0,2024-01-12
688091,,,,,,0.0,0.0,,,,,,
688092,,,,,,0.0,0.0,2016-06-10,,4.0,4.0,0.0,2025-02-11
688093,,,,,,,,2017-02-16,2017-02-16,1.0,1.0,1.0,2025-03-20
688095,,,,,,,,2021-07-10,2023-06-28,11.0,12.0,5.0,2023-02-22
688096,,,,,,0.0,0.0,2024-04-03,,1.0,1.0,0.0,2025-03-08
688097,,,,,,,,2018-07-06,2024-03-22,37.0,46.0,2.0,
688098,,,,,,0.0,0.0,,,,,,
688099,,,,,,,,2016-06-06,,24.0,68.0,0.0,2024-12-26
688100,,,,,,0.0,0.0,2018-07-06,2025-06-13,14.0,26.0,1.0,2023-02-01
688101,,,,,,0.0,0.0,,,,,,
688102,,,,,,,,,,,,,2025-03-07
688103,,,,,,,,2025-11-26,2025-11-26,2.0,2.0,1.0,2025-02-10
688105,,,,,,,,2025-05-08,2025-05-08,3.0,3.0,1.0,
688106,,,,,,0.0,0.0,,,,,,2023-06-12
688107,,,,,,,,2017-08-22,2018-08-09,14.0,16.0,4.0,2025-04-30
688108,,,,,,0.0,0.0,2019-12-12,,1.0,1.0,0.0,
688109,,,,,,,,2018-04-11,2023-07-17,23.0,25.0,3.0,2023-05-05
688110,,,,,,,,2024-07-23,2025-05-15,4.0,18.0,8.0,2023-09-06
688111,2023-11-03,,,,,,,2017-04-23,2023-02-01,155.0,223.0,22.0,2023-03-22
688112,,,,,,0.0,0.0,2022-11-10,,3.0,3.0,0.0,2023-08-10
688113,,,,,,,,,,,,,2025-03-07
688114,,,,,,0.0,0.0,2021-07-23,2025-06-23,6.0,6.0,3.0,2023-04-13
688115,,2022-02-18,2021-09-29,,,3.0,0.0,2021-07-30,2025-05-22,5.0,7.0,1.0,2025-11-25
688118,,,,,,0.0,0.0,2017-10-18,,21.0,25.0,0.0,2023-02-13
688119,,,,,,0.0,0.0,,,,,,2025-03-11
688120,,,,,,,,2020-03-19,2021-07-07,16.0,17.0,1.0,2025-03-20
688121,,,,,,,,2016-06-07,2016-06-07,3.0,3.0,3.0,
688122,,,,,,,,2025-02-22,2025-02-22,1.0,2.0,2.0,
688123,,,,,,,,2016-09-13,2019-11-08,5.0,10.0,2.0,2025-08-25
688125,,,,,,,,2021-04-09,,16.0,22.0,0.0,2025-03-10
688126,,,,,,,,2020-05-12,2020-05-12,3.0,3.0,2.0,
688127,,,,,,0.0,0.0,,,,,,2024-07-16
688128,,,,,,0.0,0.0,2016-06-01,,3.0,3.0,0.0,
688129,,,,,,0.0,0.0,2026-03-02,2026-03-02,1.0,1.0,1.0,2025-03-07
688130,,,,,,,,,,,,,2025-02-07
688131,,,,,,,,2024-08-27,2024-08-27,11.0,18.0,16.0,2024-09-09
688132,,,,,,,,2024-04-01,2025-05-16,6.0,6.0,5.0,2024-04-30
688133,,,,,,0.0,0.0,,,,,,2025-03-10
688137,,,,,,,,2024-12-25,,2.0,2.0,0.0,2025-02-24
688138,,,,,,0.0,0.0,,,,,,2025-03-13
688139,,,,,,0.0,0.0,,,,,,2023-06-09
688141,,,,,,,,2021-08-23,2021-08-23,6.0,12.0,12.0,
688143,,,,,,,,2024-07-17,,1.0,1.0,0.0,2025-03-25
688147,,,,,,,,2021-07-13,,2.0,2.0,0.0,
688148,,,,,,0.0,0.0,,,,,,2025-03-07
688150,,,,,,,,,,,,,2025-04-10
688151,,,,,,,,,,,,,2025-03-11
688152,,,,,,,,,,,,,2023-01-17
688153,,,,,,0.0,0.0,,,,,,
688155,,,,,,0.0,0.0,2021-12-21,2022-11-04,11.0,14.0,2.0,2023-04-13
688156,,,,,,0.0,0.0,,,,,,2025-03-10
688157,,,,,,0.0,0.0,2024-03-25,2025-10-10,5.0,8.0,2.0,2024-07-18
688158,,,,,,,,2018-03-09,2019-03-26,53.0,92.0,17.0,2023-02-10
688159,,,,,,,,2024-03-27,2024-04-10,2.0,4.0,1.0,2025-01-24
688160,,,,,,0.0,0.0,,,,,,2025-05-06
688161,,,,,,,,2021-06-28,2021-06-28,1.0,0.0,1.0,2025-04-16
688162,,,,,,,,2020-09-08,2025-09-29,26.0,31.0,1.0,2025-06-25
688163,,,,,,0.0,0.0,,,,,,2025-03-20
688165,,,,,,0.0,0.0,2018-07-05,2026-01-08,33.0,47.0,1.0,2023-05-25
688167,,,,,,,,2017-01-17,2017-01-17,14.0,19.0,13.0,2023-05-17
688168,,,,,,0.0,0.0,,,,,,2023-07-14
688169,,,,,,,,2017-05-03,2021-08-17,104.0,164.0,10.0,2024-11-01
688170,,,,,,0.0,0.0,2019-05-23,,5.0,6.0,0.0,2025-03-20
688171,,,,,,0.0,0.0,2021-08-13,,2.0,2.0,0.0,2023-02-16
688172,,,,,,,,,,,,,2025-03-11
688173,,,,,,0.0,0.0,,,,,,2024-01-31
688175,,,,,,0.0,0.0,2018-05-05,,12.0,13.0,0.0,2023-02-22
688176,,,,,,,,,,,,,2025-03-21
688178,,,,,,0.0,0.0,,,,,,2025-03-10
688179,,,,,,,,2016-06-06,2026-02-27,5.0,6.0,2.0,2025-03-10
688180,,,,,,0.0,0.0,2019-05-13,2019-05-13,3.0,3.0,2.0,2023-02-01
688181,,,,,,0.0,0.0,,,,,,2025-03-10
688182,,,,,,,,,,,,,2025-03-24
688183,,,,,,0.0,0.0,2021-07-15,,2.0,4.0,0.0,2023-08-25
688184,,,,,,0.0,0.0,,,,,,
688185,,,,,,0.0,0.0,2025-12-03,2025-12-03,1.0,0.0,1.0,
688186,,,,,,,,,,,,,2025-03-10
688187,,,,,,,,2016-07-04,2026-01-16,16.0,20.0,1.0,2025-03-06
688188,,,,,,0.0,0.0,2019-08-10,2024-03-08,8.0,9.0,1.0,
688190,,,,,,0.0,0.0,,,,,,2025-03-07
688191,2025-07-10,,,,,,,2020-11-07,2024-09-06,39.0,46.0,2.0,2023-11-15
688192,,,,,,,,2019-12-12,2019-12-12,1.0,2.0,2.0,
688195,,,,,,0.0,0.0,,,,,,2025-02-05
688196,,,,,,,,,,,,,2025-03-17
688197,,,,,,,,2021-07-20,2025-09-26,2.0,2.0,1.0,
688198,,,,,,0.0,0.0,2023-07-24,2023-07-24,2.0,4.0,4.0,
688199,,,,,,0.0,0.0,,,,,,2025-03-13
688201,,2022-04-08,2017-12-19,,,1.0,0.0,2019-05-25,,2.0,2.0,0.0,2024-12-02
688202,,,,,,,,2016-06-02,2016-06-02,7.0,7.0,6.0,
688203,,,,,,0.0,0.0,,,,,,
688205,,,,,,,,2025-05-15,,1.0,1.0,0.0,2023-08-31
688206,,,,,,,,2018-04-10,2021-04-03,11.0,16.0,1.0,2024-06-17
688207,,,,,,0.0,0.0,2016-06-03,2023-08-10,290.0,645.0,12.0,2023-02-01
688208,,,,,,0.0,0.0,2016-06-03,2016-08-08,86.0,128.0,23.0,2024-09-20
688209,,,,,,,,2022-08-15,,4.0,4.0,0.0,
688210,,,,,,0.0,0.0,2025-02-21,2025-02-21,2.0,6.0,7.0,2024-05-15
688211,,2023-09-08,2021-07-29,,,9.0,0.0,2020-03-05,,37.0,52.0,0.0,2023-02-14
688212,,,,,,,,2018-11-20,2020-04-12,10.0,14.0,4.0,
688213,,,,,,,,2019-12-14,2020-07-08,15.0,40.0,2.0,
688215,,,,,,,,2019-12-27,,1.0,1.0,0.0,2023-03-01
688217,,,,,,,,2023-02-07,,3.0,7.0,0.0,2024-04-25
688218,,,,,,0.0,0.0,2017-02-21,2017-02-21,12.0,9.0,8.0,2024-06-20
688219,,,,,,0.0,0.0,2024-08-20,,1.0,2.0,0.0,2024-12-04
688220,,,,,,0.0,0.0,2016-06-02,2017-09-19,62.0,144.0,44.0,2023-03-01
688221,,,,,,0.0,0.0,,,,,,
688222,,,,,,,,2018-09-26,2019-11-11,22.0,26.0,11.0,2023-08-23
688223,,,,,,0.0,0.0,2019-03-01,2019-04-13,18.0,42.0,17.0,2025-03-11
688225,,2021-05-14,2018-07-03,,,1.0,0.0,2016-07-24,2017-12-02,364.0,678.0,194.0,2023-04-28
688227,,,,,,,,2018-04-17,2025-05-26,23.0,31.0,6.0,2024-04-17
688228,2025-04-10,2019-06-21,2018-07-20,,,5.0,0.0,2018-07-17,2023-09-18,28.0,33.0,7.0,2023-02-10
688229,,,,,,,,2018-08-03,,10.0,11.0,0.0,2023-01-31
688231,,,,,,0.0,0.0,2025-06-21,,1.0,1.0,0.0,
688232,,,,,,,,2020-04-26,,11.0,12.0,0.0,2023-02-17
688233,,,,,,,,,,,,,2023-07-01
688234,,,,,,0.0,0.0,,,,,,2025-03-14
688235,,,,,,,,2017-09-19,2017-09-19,90.0,119.0,119.0,
688236,,,,,,,,,,,,,2025-05-26
688237,,,,,,0.0,0.0,2024-10-28,,2.0,6.0,0.0,2025-03-17
688238,,,,,,,,,,,,,2025-03-21
688239,,,,,,0.0,0.0,,,,,,
688244,,,,,,,,2016-06-10,,12.0,13.0,0.0,2023-02-13
688246,,,,,,,,2016-07-05,2023-09-22,85.0,123.0,5.0,2023-05-09
688247,,,,,,,,2016-06-21,2016-06-21,1.0,1.0,1.0,2025-03-10
688248,,,,,,0.0,0.0,2021-08-20,,1.0,1.0,0.0,2023-04-24
688249,,,,,,,,2017-02-16,2017-02-16,18.0,43.0,25.0,
688251,,,,,,0.0,0.0,2020-12-14,,7.0,7.0,0.0,2023-08-30
688252,,,,,,,,2025-12-15,2025-12-15,1.0,1.0,1.0,2023-02-20
688253,,,,,,,,2025-12-22,,1.0,1.0,0.0,2025-03-17
688255,,,,,,0.0,0.0,,,,,,2025-02-18
688256,,,,,,,,2017-12-26,2020-02-20,234.0,497.0,9.0,2023-03-01
688258,,,,,,0.0,0.0,,,,,,2023-06-14
688259,,,,,,0.0,0.0,2020-06-08,2020-06-08,7.0,7.0,5.0,2025-04-03
688260,,,,,,0.0,0.0,2020-10-04,,3.0,3.0,0.0,
688261,,,,,,,,,,,,,2025-03-26
688262,,,,,,,,2016-09-13,,22.0,27.0,0.0,2023-02-28
688265,,,,,,0.0,0.0,,,,,,2023-04-28
688266,,,,,,0.0,0.0,,,,,,2023-03-28
688267,,,,,,0.0,0.0,,,,,,2025-03-07
688268,,,,,,0.0,0.0,,,,,,2025-02-27
688269,,,,,,,,,,,,,2025-04-07
688270,,,,,,,,2018-08-19,,1.0,1.0,0.0,2025-03-10
688271,,,,,,,,2016-06-02,2016-06-30,130.0,206.0,29.0,2023-05-09
688272,,,,,,,,2022-07-14,,2.0,2.0,0.0,2025-03-12
688273,,,,,,,,2020-07-14,,2.0,2.0,0.0,2025-02-11
688275,,,,,,0.0,0.0,2022-06-30,,2.0,3.0,0.0,2025-03-07
688276,,,,,,,,,,,,,2025-03-07
688277,,,,,,,,2016-09-04,,20.0,22.0,0.0,
688280,,,,,,0.0,0.0,,,,,,
688281,,,,,,,,,,,,,2025-02-13
688282,,,,,,,,,,,,,2025-03-12
688283,,,,,,,,2016-09-22,,7.0,7.0,0.0,
688285,,,,,,0.0,0.0,,,,,,2024-02-23
688286,,,,,,0.0,0.0,2026-02-26,,1.0,1.0,0.0,2024-05-14
688287,,,,,,0.0,0.0,,,,,,
688288,,,,,,,,2017-12-07,,16.0,18.0,0.0,2025-02-17
688289,,,,,,,,2023-05-09,2024-08-06,10.0,26.0,12.0,
688290,,,,,,,,2021-07-13,2024-09-12,10.0,12.0,2.0,2025-03-10
688291,,,,,,0.0,0.0,2023-05-05,,7.0,7.0,0.0,2023-04-01
688292,2026-04-30,,,,,,,2017-01-17,2017-01-17,18.0,22.0,2.0,2023-02-02
688293,,,,,,,,2020-07-20,2020-07-20,2.0,2.0,2.0,2025-03-11
688295,,,,,,0.0,0.0,,,,,,
688296,,,,,,0.0,0.0,2016-06-15,2025-12-24,17.0,23.0,2.0,2025-02-19
688298,,,,,,0.0,0.0,2023-06-02,,1.0,1.0,0.0,2025-04-23
688299,,,,,,0.0,0.0,,,,,,2025-03-10
688300,,,,,,0.0,0.0,,,,,,
688301,,,,,,,,2017-02-15,2025-12-18,12.0,13.0,1.0,
688302,,,,,,,,2021-08-09,,1.0,1.0,0.0,
688303,,,,,,,,,,,,,2025-03-17
688305,2025-12-25,,,,,0.0,0.0,2021-07-16,,4.0,4.0,0.0,2025-02-19
688306,,,,,,0.0,0.0,2021-07-29,2021-07-29,6.0,8.0,4.0,2024-01-09
688307,,,,,,0.0,0.0,,,,,,2023-05-11
688308,,,,,,,,,,,,,2025-02-18
688309,,,,,,,,,,,,,2025-03-10
688310,,,,,,,,2017-04-28,,11.0,11.0,0.0,2025-03-10
688311,,,,,,0.0,0.0,2016-06-09,,23.0,26.0,0.0,2025-03-11
688312,,,,,,,,2017-02-02,2025-04-24,21.0,25.0,1.0,2024-03-29
688313,,,,,,,,,,,,,2023-04-24
688314,,,,,,0.0,0.0,,,,,,
688315,,,,,,,,2018-06-24,2020-07-14,25.0,24.0,11.0,2025-02-25
688316,,,,,,,,2019-09-05,2021-03-28,9.0,9.0,1.0,2023-07-18
688317,,,,,,0.0,0.0,2017-11-28,2026-02-04,10.0,12.0,2.0,2025-03-03
688318,,,,,,,,2018-07-07,2023-06-21,7.0,8.0,1.0,2023-04-28
688320,,,,,,,,2024-02-22,,4.0,4.0,0.0,2025-03-07
688321,,,,,,0.0,0.0,2021-02-24,2025-10-27,6.0,6.0,2.0,2024-03-22
688322,,,,,,,,2021-02-16,,15.0,33.0,0.0,2022-12-09
688323,,,,,,,,,,,,,2025-03-07
688325,,,,,,,,2026-02-28,,1.0,1.0,0.0,2025-11-26
688326,,,,,,,,2017-01-19,2017-05-26,86.0,156.0,5.0,2023-02-10
688327,2024-01-02,2019-04-23,2016-11-02,,,12.0,0.0,2016-09-08,2023-07-04,116.0,172.0,3.0,2022-12-13
688328,,,,,,,,2020-03-05,,3.0,3.0,0.0,2025-03-07
688329,,,,,,0.0,0.0,,,,,,2025-02-11
688330,,,,,,,,2018-04-12,,7.0,8.0,0.0,2026-05-08
688331,,,,,,0.0,0.0,2025-07-22,2025-07-22,1.0,1.0,1.0,2025-04-15
688332,,,,,,,,2024-07-02,,3.0,8.0,0.0,2023-02-14
688333,,,,,,,,2018-06-21,2019-11-26,11.0,12.0,1.0,2025-02-28
688334,,,,,,0.0,0.0,2016-06-10,,5.0,5.0,0.0,
688335,,,,,,0.0,0.0,,,,,,
688336,,,,,,,,2019-12-07,2019-12-07,3.0,8.0,8.0,2023-03-28
688337,,,,,,0.0,0.0,2019-04-19,2025-10-09,12.0,19.0,1.0,2023-01-09
688338,,,,,,0.0,0.0,,,,,,2025-02-14
688339,,,,,,,,2017-02-13,,8.0,8.0,0.0,2025-02-14
688343,2023-12-01,,,,,,,2016-05-31,2022-10-09,220.0,440.0,8.0,2023-04-13
688345,,,,,,0.0,0.0,,,,,,2025-07-23
688347,,,,,,,,2019-11-11,2019-11-11,3.0,8.0,8.0,2025-03-12
688348,,,,,,,,2024-02-28,,3.0,4.0,0.0,2023-04-27
688349,,,,,,,,2020-07-26,,5.0,5.0,0.0,2025-04-15
688350,,,,,,,,,,,,,2025-03-11
688351,,,,,,,,2021-04-26,,1.0,1.0,0.0,
688352,,,,,,0.0,0.0,,,,,,2025-03-14
688353,,,,,,,,,,,,,2025-04-28
688355,,,,,,0.0,0.0,2023-11-16,,2.0,2.0,0.0,2023-04-14
688357,,,,,,0.0,0.0,,,,,,
688358,,,,,,,,2018-03-06,2023-05-15,43.0,72.0,9.0,2023-06-01
688359,,,,,,0.0,0.0,,,,,,
688360,,,,,,0.0,0.0,2019-05-31,,1.0,1.0,0.0,
688361,,,,,,,,2018-04-17,2025-02-20,74.0,135.0,9.0,2024-05-20
688362,,,,,,0.0,0.0,,,,,,2025-01-01
688363,,,,,,0.0,0.0,,,,,,2025-02-24
688365,,,,,,0.0,0.0,2016-05-31,2023-12-19,81.0,122.0,1.0,2023-02-07
688366,,,,,,0.0,0.0,,,,,,2025-03-10
688367,,,,,,0.0,0.0,2022-07-16,,4.0,5.0,0.0,2023-02-07
688368,,,,,,,,2018-03-19,,7.0,9.0,0.0,2025-04-10
688369,2025-12-26,,,,,,,2018-06-23,2024-03-27,19.0,25.0,7.0,2023-07-01
688370,,,,,,0.0,0.0,,,,,,2025-03-19
688371,,,,,,0.0,0.0,2025-11-03,2026-03-03,3.0,3.0,1.0,2025-03-17
688372,,,,,,,,2025-02-18,2025-10-10,3.0,5.0,3.0,2025-03-10
688373,,,,,,,,,,,,,2025-03-28
688375,,,,,,,,,,,,,2025-03-10
688376,,,,,,0.0,0.0,,,,,,
688378,,,,,,,,,,,,,2024-11-26
688379,,,,,,,,,,,,,2025-02-20
688380,,,,,,0.0,0.0,2024-02-19,,1.0,1.0,0.0,
688381,,,,,,,,,,,,,2024-04-29
688382,,,,,,0.0,0.0,,,,,,2024-06-25
688383,,,,,,,,2020-02-28,2025-03-15,17.0,21.0,4.0,2025-01-06
688385,,,,,,0.0,0.0,2016-06-10,2025-09-11,11.0,26.0,2.0,2024-02-23
688386,,,,,,0.0,0.0,,,,,,2024-12-25
688387,,,,,,,,2017-01-17,2017-01-17,68.0,85.0,29.0,2023-05-01
688388,,,,,,0.0,0.0,,,,,,2025-04-10
688389,,,,,,0.0,0.0,2022-11-10,2024-12-06,6.0,7.0,1.0,2025-02-21
688390,,,,,,,,2018-05-16,2018-05-16,31.0,39.0,12.0,2024-11-26
688391,,,,,,,,2016-06-09,2016-06-09,10.0,15.0,4.0,
688392,,,,,,,,2025-02-21,,3.0,5.0,0.0,
688393,,,,,,0.0,0.0,2017-03-07,2026-02-24,11.0,11.0,1.0,2023-04-07
688395,,,,,,,,2021-07-23,,13.0,19.0,0.0,2025-03-10
688396,,,,,,0.0,0.0,2019-11-11,,2.0,3.0,0.0,
688398,,,,,,0.0,0.0,,,,,,
688399,,,,,,,,2018-06-20,,2.0,2.0,0.0,2025-02-26
688400,,,,,,,,2017-03-07,2024-08-19,73.0,180.0,2.0,2022-12-14
688401,,,,,,,,2019-05-07,,1.0,1.0,0.0,2024-08-15
688408,,,,,,0.0,0.0,2024-08-29,,2.0,2.0,0.0,
688409,,,,,,,,,,,,,2025-06-06
688410,,,,,,0.0,0.0,2024-05-24,,6.0,7.0,0.0,2025-04-30
688411,,,,,,,,2016-07-23,,26.0,28.0,0.0,2025-02-11
688416,,,,,,,,2021-07-27,2022-08-17,5.0,9.0,1.0,2025-03-07
688418,,,,,,0.0,0.0,2024-09-24,2026-02-27,4.0,7.0,2.0,2023-03-29
688419,,,,,,0.0,0.0,,,,,,
688420,,,,,,,,2016-06-10,2024-08-23,63.0,93.0,1.0,2023-04-12
688425,,,,,,0.0,0.0,2018-07-19,,5.0,6.0,0.0,2024-05-16
688426,,,,,,,,2022-06-21,2025-08-14,2.0,1.0,1.0,2025-03-12
688428,,,,,,,,2016-07-25,2016-07-25,3.0,3.0,3.0,
688429,,,,,,0.0,0.0,,,,,,2025-03-07
688433,,,,,,,,2021-07-30,,3.0,3.0,0.0,
688435,,,,,,0.0,0.0,,,,,,2023-02-13
688439,,,,,,,,2022-11-29,,1.0,1.0,0.0,2025-02-20
688443,,,,,,0.0,0.0,,,,,,
688448,,,,,,,,2024-08-28,,1.0,1.0,0.0,2025-03-07
688449,,,,,,,,2016-06-09,2016-06-09,7.0,8.0,3.0,2025-02-11
688450,,,,,,,,2021-07-30,2023-02-21,12.0,13.0,1.0,2023-12-18
688455,,,,,,0.0,0.0,2023-02-03,,6.0,6.0,0.0,2023-05-30
688456,,,,,,,,,,,,,2025-02-14
688458,,,,,,,,,,,,,2025-03-17
688459,,,,,,0.0,0.0,2017-02-07,,16.0,19.0,0.0,2023-05-17
688466,,,,,,0.0,0.0,2024-07-30,,3.0,8.0,0.0,2025-02-13
688468,,,,,,,,2026-03-02,,1.0,1.0,0.0,2025-03-20
688469,,,,,,,,2025-04-29,2025-04-30,11.0,24.0,14.0,2024-09-06
688472,,,,,,0.0,0.0,2017-08-29,2017-08-29,41.0,48.0,34.0,2024-04-01
688475,,,,,,,,2018-03-14,2023-07-26,9.0,9.0,1.0,2023-02-16
688478,,,,,,,,2017-03-16,,7.0,7.0,0.0,2025-02-14
688479,,,,,,,,2019-05-19,2019-07-03,4.0,4.0,3.0,2023-06-01
688480,,,,,,,,2026-03-05,,1.0,1.0,0.0,2025-04-02
688484,,,,,,,,,,,,,2024-08-01
688485,,,,,,,,2024-07-29,,1.0,1.0,0.0,2025-03-11
688486,,,,,,,,2025-12-01,2025-12-01,2.0,2.0,1.0,2024-08-23
688488,,,,,,,,,,,,,2025-04-23
688489,,,,,,,,2017-03-20,2017-03-20,3.0,3.0,1.0,2025-02-14
688496,,,,,,,,2023-06-01,,2.0,2.0,0.0,2025-03-07
688499,,,,,,0.0,0.0,2019-04-08,2024-02-20,98.0,119.0,3.0,2025-02-20
688500,,,,,,,,2016-08-30,2017-03-13,32.0,35.0,3.0,2023-06-13
688501,,,,,,,,2025-07-16,2025-07-16,2.0,5.0,4.0,
688502,,,,,,,,2019-03-26,2025-02-28,9.0,14.0,3.0,2025-03-18
688503,,,,,,0.0,0.0,,,,,,
688505,,,,,,,,2026-01-12,,1.0,1.0,0.0,2025-03-11
688506,,,,,,,,2025-04-18,2025-04-18,1.0,3.0,1.0,
688507,,,,,,,,2018-06-02,2024-08-06,37.0,65.0,29.0,2023-08-28
688508,,,,,,,,2025-09-29,2025-09-29,1.0,1.0,1.0,2025-02-14
688509,,,,,,0.0,0.0,2018-03-19,2022-04-18,15.0,16.0,7.0,2024-02-27
688510,,,,,,,,,,,,,2025-02-24
688511,,,,,,,,2024-06-14,,7.0,7.0,0.0,
688512,,,,,,,,2018-06-21,2018-06-21,6.0,6.0,6.0,2025-03-19
688513,,,,,,0.0,0.0,,,,,,2025-03-03
688515,,,,,,,,2024-11-10,,1.0,6.0,0.0,2023-03-30
688516,,,,,,,,2017-02-04,2017-02-04,39.0,53.0,8.0,2026-02-01
688517,,,,,,0.0,0.0,,,,,,2025-03-17
688518,,,,,,0.0,0.0,2017-05-02,2024-06-13,11.0,12.0,1.0,
688519,,,,,,,,2025-11-28,,1.0,2.0,0.0,
688520,,,,,,,,2019-04-13,2019-04-13,3.0,4.0,3.0,
688521,,,,,,0.0,0.0,2016-06-01,2016-06-01,97.0,281.0,125.0,2023-03-06
688522,,,,,,,,2021-07-30,,18.0,25.0,0.0,2023-03-16
688523,,,,,,,,2021-08-24,,4.0,4.0,0.0,
688525,,,,,,,,2019-04-19,2019-04-19,4.0,4.0,3.0,2023-01-05
688526,,,,,,0.0,0.0,2022-09-06,2022-09-06,2.0,0.0,2.0,2025-05-14
688528,,,,,,0.0,0.0,2021-03-10,2025-06-18,4.0,5.0,1.0,
688529,,,,,,,,2023-02-08,2024-12-02,42.0,73.0,21.0,2023-12-27
688530,,,,,,0.0,0.0,,,,,,2025-03-11
688531,,,,,,0.0,0.0,2017-01-22,2024-08-20,42.0,57.0,6.0,2024-12-16
688533,,,,,,,,,,,,,2023-03-16
688536,,,,,,,,2017-02-04,2017-02-04,2.0,4.0,4.0,2025-03-12
688543,,,,,,,,,,,,,2025-04-02
688545,,,,,,,,,,,,,2025-03-17
688550,,,,,,,,,,,,,2025-03-12
688551,,,,,,,,2021-07-02,2024-02-19,4.0,5.0,1.0,
688552,,,,,,,,2019-05-25,,3.0,3.0,0.0,
688553,,,,,,,,2020-02-05,2020-02-05,6.0,6.0,6.0,2025-03-28
688555,,,,,,,,2020-09-26,,4.0,4.0,0.0,
688556,,,,,,,,2021-08-23,,2.0,2.0,0.0,2025-02-19
688557,,,,,,0.0,0.0,2020-01-26,2023-07-16,4.0,12.0,2.0,2025-02-19
688558,,,,,,0.0,0.0,,,,,,2025-05-09
688559,,,,,,0.0,0.0,2019-11-07,2024-08-24,35.0,42.0,3.0,
688560,,,,,,0.0,0.0,,,,,,2025-04-08
688561,2025-07-11,,,,,,,2016-06-01,,44.0,79.0,0.0,2023-02-15
688562,,,,,,,,2017-02-09,2017-02-09,40.0,57.0,7.0,2025-10-22
688563,,,,,,,,,,,,,2025-03-18
688565,,,,,,0.0,0.0,,,,,,
688566,,,,,,0.0,0.0,,,,,,2025-03-10
688567,,,,,,,,2020-04-04,2020-09-20,11.0,26.0,2.0,
688568,,,,,,,,2017-08-10,2024-03-27,96.0,120.0,17.0,2023-08-08
688569,,,,,,0.0,0.0,,,,,,2025-03-07
688570,,,,,,,,2023-04-06,2025-09-03,6.0,6.0,1.0,2025-03-21
688571,,,,,,0.0,0.0,,,,,,2024-02-23
688573,,,,,,0.0,0.0,2025-02-03,,1.0,2.0,0.0,2025-03-10
688575,,,,,,,,2020-03-06,,4.0,4.0,0.0,2025-02-25
688576,,,,,,,,2017-07-27,2025-06-04,7.0,7.0,1.0,2025-03-13
688579,2025-11-21,,,,,0.0,0.0,2018-03-20,,3.0,3.0,0.0,2023-02-02
688580,,,,,,,,2019-11-25,,4.0,4.0,0.0,2023-08-30
688581,,,,,,,,2024-07-13,,4.0,5.0,0.0,2024-05-23
688582,,,,,,,,2020-09-16,,7.0,7.0,0.0,2025-03-11
688583,,,,,,,,2024-03-13,,1.0,1.0,0.0,
688584,,,,,,0.0,0.0,2026-02-25,2026-02-25,1.0,1.0,1.0,
688585,,,,,,,,,,,,,2025-03-12
688588,,,,,,0.0,0.0,2017-03-21,2025-05-08,23.0,26.0,3.0,2023-03-01
688589,,,,,,0.0,0.0,2017-02-14,,21.0,25.0,0.0,2024-10-24
688590,2025-09-30,,,,,,,2017-04-25,2023-09-06,57.0,69.0,5.0,2023-02-06
688591,,,,,,0.0,0.0,2016-06-03,,30.0,76.0,0.0,2024-12-10
688592,,,,,,,,2016-06-06,2017-11-14,14.0,20.0,2.0,
688593,,,,,,,,2017-03-19,,6.0,6.0,0.0,
688595,,,,,,0.0,0.0,2016-10-14,2017-04-29,8.0,8.0,1.0,2022-12-07
688596,,,,,,0.0,0.0,2024-04-12,,2.0,2.0,0.0,
688597,,2025-01-24,2024-10-10,,,1.0,0.0,2016-07-22,2025-06-11,18.0,20.0,1.0,2025-08-23
688598,,,,,,,,,,,,,2025-03-13
688599,,,,,,0.0,0.0,2018-03-09,2018-06-22,46.0,99.0,42.0,2025-03-10
688600,,,,,,,,2019-09-25,,9.0,12.0,0.0,2025-03-20
688601,,,,,,,,,,,,,2025-02-20
688602,,,,,,,,,,,,,2025-05-21
688603,,,,,,0.0,0.0,,,,,,
688605,,,,,,,,,,,,,2025-02-13
688606,,,,,,0.0,0.0,2025-12-18,,1.0,1.0,0.0,2025-03-28
688607,,,,,,0.0,0.0,2018-08-02,2024-07-15,14.0,16.0,7.0,2026-04-28
688608,,,,,,,,2018-03-22,2018-07-31,27.0,72.0,8.0,2023-03-31
688609,,,,,,0.0,0.0,2020-07-20,2020-07-20,5.0,6.0,2.0,2023-02-28
688610,,,,,,,,2016-06-10,,12.0,14.0,0.0,2025-03-10
688611,,,,,,,,,,,,,2025-04-02
688612,,,,,,,,2018-09-19,,2.0,2.0,0.0,
688615,2024-09-06,,,,,,,2020-07-21,2023-08-29,17.0,20.0,4.0,2024-10-21
688616,,,,,,0.0,0.0,,,,,,2025-03-10
688617,,,,,,,,2024-07-11,,2.0,3.0,0.0,2025-03-26
688618,,,,,,,,2020-05-18,2020-05-18,6.0,11.0,5.0,2024-02-29
688619,,2023-12-22,2023-05-11,2024-11-08,2023-11-09,10.0,3.0,2016-06-15,,29.0,64.0,0.0,2023-12-13
688620,,,,,,,,2023-08-16,2025-08-18,15.0,22.0,3.0,2024-01-05
688621,,,,,,,,,,,,,2025-02-17
688622,,,,,,,,2018-03-19,,3.0,4.0,0.0,2025-03-11
688623,,,,,,,,2025-05-06,2025-05-06,3.0,3.0,3.0,2026-05-21
688625,,,,,,0.0,0.0,,,,,,
688626,,,,,,0.0,0.0,2023-06-19,2023-06-19,1.0,1.0,1.0,2024-12-31
688627,,,,,,,,2023-07-19,2025-12-29,15.0,18.0,3.0,
688628,,,,,,0.0,0.0,2019-12-21,,3.0,6.0,0.0,2022-12-01
688629,,,,,,,,2021-07-27,,1.0,1.0,0.0,2025-02-28
688630,,,,,,0.0,0.0,2016-06-13,,11.0,12.0,0.0,2024-03-01
688631,,,,,,,,2017-01-17,,21.0,22.0,0.0,2025-02-27
688633,,,,,,,,,,,,,2025-03-10
688636,,2022-08-19,2019-07-05,,,2.0,0.0,2017-01-17,,12.0,14.0,0.0,2025-03-01
688638,,,,,,0.0,0.0,2025-12-12,,2.0,2.0,0.0,2025-03-18
688639,,,,,,0.0,0.0,,,,,,2025-03-20
688646,,,,,,0.0,0.0,2024-03-22,,1.0,1.0,0.0,2025-04-10
688648,,,,,,,,2021-07-14,2025-08-18,15.0,20.0,2.0,2025-03-18
688651,,,,,,,,2020-07-27,,3.0,5.0,0.0,2025-02-11
688653,,,,,,0.0,0.0,2018-01-30,2018-01-30,3.0,4.0,1.0,2025-03-25
688656,,,,,,,,,,,,,2025-03-27
688657,,,,,,,,,,,,,2025-03-04
688658,,,,,,0.0,0.0,2024-06-22,2024-06-22,2.0,2.0,1.0,
688659,,,,,,0.0,0.0,,,,,,2023-11-21
688660,,,,,,,,2019-11-25,,9.0,17.0,0.0,2025-03-25
688661,,,,,,,,,,,,,2023-02-14
688662,,,,,,0.0,0.0,,,,,,2025-03-13
688663,,,,,,0.0,0.0,,,,,,2025-03-13
688665,,,,,,0.0,0.0,,,,,,2025-03-25
688667,,,,,,0.0,0.0,2021-04-07,,2.0,2.0,0.0,
688668,,,,,,,,2025-03-19,,1.0,2.0,0.0,
688670,,,,,,,,,,,,,2025-03-14
688671,,,,,,,,2021-07-15,2023-12-12,22.0,26.0,6.0,2024-09-18
688676,,,,,,0.0,0.0,2018-02-06,,4.0,4.0,0.0,2023-09-08
688677,,,,,,,,2018-07-12,,10.0,10.0,0.0,2025-03-10
688678,,,,,,,,2025-07-14,,1.0,2.0,0.0,
688679,,,,,,0.0,0.0,2025-12-08,2025-12-08,1.0,1.0,1.0,2025-03-07
688680,,,,,,0.0,0.0,,,,,,2025-03-19
688681,,,,,,,,2025-09-01,2025-09-01,1.0,2.0,2.0,2025-02-26
688682,,,,,,,,2017-03-15,2019-05-19,13.0,14.0,1.0,2026-04-27
688683,,,,,,0.0,0.0,,,,,,
688685,,,,,,0.0,0.0,,,,,,2025-05-15
688686,,,,,,,,2017-03-08,2025-10-20,99.0,139.0,3.0,2023-02-13
688687,,,,,,0.0,0.0,,,,,,2025-03-11
688689,,,,,,,,,,,,,2025-04-11
688690,,,,,,0.0,0.0,,,,,,
688691,,,,,,,,2020-07-08,2020-07-08,5.0,5.0,5.0,
688692,,,,,,,,2019-05-25,2026-03-05,8.0,10.0,1.0,2025-02-10
688693,,,,,,,,,,,,,2025-04-10
688695,,,,,,,,,,,,,2024-03-26
688696,,,,,,0.0,0.0,2019-09-05,2025-11-11,32.0,42.0,2.0,2023-04-04
688698,,,,,,0.0,0.0,2020-08-14,,6.0,6.0,0.0,2023-02-01
688699,,,,,,0.0,0.0,,,,,,2025-03-19
688700,,,,,,,,,,,,,2025-05-26
688701,,,,,,0.0,0.0,2018-04-05,,2.0,2.0,0.0,2025-03-10
688702,,,,,,,,2023-09-27,2023-09-27,1.0,1.0,1.0,2025-03-19
688707,,,,,,,,,,,,,2025-04-01
688708,,,,,,,,,,,,,2025-03-14
688709,,,,,,,,2020-04-11,2020-04-12,6.0,6.0,3.0,2024-12-10
688710,,,,,,,,2026-02-25,2026-02-25,1.0,1.0,1.0,
688711,,,,,,,,,,,,,2025-03-10
688712,,,,,,,,,,,,,2026-05-07
688716,,,,,,0.0,0.0,2025-11-05,,1.0,1.0,0.0,
688717,,,,,,0.0,0.0,2018-05-03,2024-07-16,33.0,37.0,6.0,2025-03-13
688718,,,,,,,,,,,,,2025-03-12
688719,,,,,,0.0,0.0,,,,,,2025-03-17
688720,,,,,,0.0,0.0,,,,,,
688721,,,,,,,,,,,,,2025-03-25
688722,,,,,,,,,,,,,2025-03-12
688726,,,,,,0.0,0.0,2023-08-18,2025-12-26,14.0,15.0,2.0,2025-03-26
688728,,,,,,,,2016-06-05,2016-06-09,21.0,23.0,4.0,
688733,,,,,,0.0,0.0,2024-09-21,2025-06-19,3.0,4.0,1.0,2025-03-21
688737,,,,,,0.0,0.0,2025-10-29,2025-10-29,1.0,1.0,1.0,2025-03-14
688739,,,,,,,,,,,,,2025-03-18
688758,,,,,,0.0,0.0,,,,,,2025-02-10
688766,,,,,,0.0,0.0,2025-08-26,,2.0,2.0,0.0,2024-11-21
688767,,,,,,0.0,0.0,2025-05-13,,1.0,1.0,0.0,2025-03-14
688768,,,,,,,,2017-06-22,2026-02-26,16.0,18.0,1.0,2023-04-11
688772,,2021-03-10,2018-06-20,2021-03-10,2018-06-20,2.0,2.0,2022-07-27,2024-04-24,13.0,18.0,9.0,2024-04-22
688775,,,,,,,,,,,,,2025-07-07
688776,,,,,,0.0,0.0,,,,,,2025-04-08
688777,,,,,,,,2017-04-21,2023-11-01,104.0,290.0,120.0,2023-09-01
688778,,,,,,,,2026-03-02,,1.0,1.0,0.0,
688779,,,,,,0.0,0.0,,,,,,2023-04-03
688786,,,,,,,,,,,,,2024-06-24
688787,,,,,,,,2016-06-03,,44.0,64.0,0.0,2022-12-07
688788,,,,,,,,2017-03-13,2023-06-24,8.0,9.0,3.0,2024-12-12
688789,,,,,,0.0,0.0,2022-12-09,,2.0,2.0,0.0,
688793,,,,,,0.0,0.0,2018-04-03,2018-04-03,5.0,6.0,4.0,2023-09-20
688795,,,,,,,,,,,,,2026-03-13
688796,,,,,,,,,,,,,2026-01-13
688798,,,,,,,,2018-06-06,,6.0,7.0,0.0,2024-12-20
688799,,,,,,0.0,0.0,,,,,,
688800,,,,,,0.0,0.0,2024-09-27,,1.0,1.0,0.0,
688802,,,,,,,,,,,,,2026-01-19
688807,,,,,,,,,,,,,2026-05-12
688819,,,,,,0.0,0.0,2020-08-27,,12.0,17.0,0.0,2025-04-09
688981,,,,,,,,2016-05-31,2016-05-31,50.0,152.0,38.0,2024-05-10
689009,,,,,,,,2016-06-06,2017-03-14,127.0,182.0,24.0,
831010,,,,,,,,2024-09-13,2024-09-13,3.0,10.0,10.0,
831175,,,,,,,,2016-07-23,2017-08-10,9.0,11.0,5.0,
831195,,,,,,,,2024-11-21,,3.0,4.0,0.0,
831370,,,,,,,,2025-05-20,,5.0,5.0,0.0,
831832,,,,,,,,2025-04-09,2025-09-01,2.0,2.0,1.0,
831906,,,,,,,,2020-01-17,,1.0,1.0,0.0,
831961,,,,,,,,2016-07-12,,19.0,20.0,0.0,
832149,,,,,,,,2018-06-30,,6.0,16.0,0.0,
832171,,,,,,,,2017-02-28,2018-07-12,19.0,25.0,5.0,
832225,,,,,,,,2025-07-09,,1.0,1.0,0.0,
832278,,,,,,,,2021-07-20,,1.0,1.0,0.0,
832317,,,,,,0.0,0.0,,,,,,
832491,,,,,,,,2017-02-16,2025-10-24,11.0,14.0,2.0,
832651,,,,,,,,2017-02-23,,1.0,1.0,0.0,
832876,,,,,,,,2021-02-07,,1.0,1.0,0.0,
832885,,,,,,,,2023-02-09,,2.0,3.0,0.0,
832982,,,,,,,,2025-11-13,2025-11-13,1.0,2.0,2.0,
833030,,,,,,,,2016-08-08,,15.0,17.0,0.0,
833266,,,,,,,,2024-09-25,2024-09-25,2.0,0.0,3.0,
833429,,,,,,,,2023-02-28,,1.0,1.0,0.0,
833509,,,,,,,,2024-12-03,2026-01-30,3.0,5.0,1.0,
833874,,,,,,0.0,0.0,,,,,,
833943,,,,,,,,2025-11-02,2025-11-02,1.0,1.0,1.0,
833994,,,,,,,,2016-08-30,2016-08-30,3.0,3.0,1.0,
834415,,,,,,,,2018-02-24,2025-06-04,14.0,16.0,7.0,
834599,,,,,,,,2021-08-13,,6.0,7.0,0.0,
835174,,,,,,,,2024-07-24,,2.0,2.0,0.0,
835185,,,,,,,,2025-09-30,2025-09-30,1.0,2.0,2.0,
835207,,,,,,,,2018-02-28,2024-09-23,6.0,6.0,1.0,
835305,,,,,,,,2016-08-30,2025-02-24,39.0,57.0,3.0,
835368,,,,,,,,2021-08-09,2025-04-08,16.0,25.0,1.0,
835508,,,,,,,,2016-07-05,,8.0,9.0,0.0,
835670,,,,,,,,2025-11-07,2025-11-07,2.0,2.0,1.0,
836208,,,,,,,,2019-08-01,,2.0,3.0,0.0,
836239,,,,,,,,2023-08-16,,2.0,2.0,0.0,
836414,,,,,,,,2019-03-26,2024-08-16,7.0,7.0,1.0,
836892,,,,,,,,2020-07-26,,7.0,8.0,0.0,
837092,,,,,,,,2018-07-02,,23.0,27.0,0.0,
837242,,,,,,,,2023-05-05,,1.0,1.0,0.0,
837592,,,,,,,,2019-12-30,2023-10-11,11.0,11.0,2.0,
837748,,,,,,,,2017-09-23,,5.0,5.0,0.0,
837821,,,,,,,,2025-02-17,,1.0,2.0,0.0,
838163,,,,,,,,2023-12-18,,1.0,1.0,0.0,
838227,,,,,,,,2017-03-14,,3.0,3.0,0.0,
838262,,,,,,,,2016-06-13,2016-06-13,4.0,0.0,4.0,
839493,,,,,,,,2017-07-22,,14.0,17.0,0.0,
839680,,,,,,,,2017-02-13,,1.0,1.0,0.0,
839790,,,,,,,,2019-11-10,,3.0,3.0,0.0,
870199,,,,,,,,2024-11-15,2024-11-15,2.0,6.0,6.0,
870204,,,,,,,,2025-09-04,2025-09-04,2.0,2.0,2.0,
870436,,,,,,,,2021-07-29,,1.0,1.0,0.0,
870976,,,,,,,,2017-07-26,2017-07-26,2.0,2.0,2.0,
871263,,,,,,,,2019-02-02,,3.0,3.0,0.0,
871981,,,,,,,,2025-04-22,2025-04-22,2.0,0.0,2.0,
872925,,,,,,,,2018-07-17,,12.0,13.0,0.0,
873806,,,,,,,,2017-11-01,,1.0,1.0,0.0,
900935,,,,,,0.0,0.0,,,,,,
900950,,,,,,,,2017-02-09,2017-02-09,1.0,1.0,1.0,
900956,,,,,,,,2020-07-20,2020-07-20,1.0,0.0,1.0,
920001,,,,,,0.0,0.0,,,,,,
920008,,,,,,0.0,0.0,2025-03-17,2025-03-17,1.0,1.0,1.0,
920010,2025-01-02,,,,,0.0,0.0,,,,,,
920014,,,,,,0.0,0.0,,,,,,
920021,,,,,,0.0,0.0,,,,,,
920029,,,,,,,,2025-02-28,2025-02-28,6.0,7.0,4.0,
920039,,2024-03-22,2022-12-23,,,1.0,0.0,,,,,,
920047,,,,,,0.0,0.0,,,,,,
920057,,,,,,0.0,0.0,,,,,,
920062,,,,,,0.0,0.0,,,,,,
920066,,,,,,0.0,0.0,,,,,,
920075,,,,,,0.0,0.0,,,,,,
920077,,,,,,0.0,0.0,,,,,,
920087,,,,,,0.0,0.0,,,,,,
920090,,,,,,0.0,0.0,,,,,,
920092,,,,,,0.0,0.0,,,,,,
920111,,,,,,,,2021-08-12,,1.0,1.0,0.0,
920116,,2025-06-24,2025-03-03,,,1.0,0.0,2021-09-24,2026-01-26,4.0,8.0,4.0,
920122,,,,,,0.0,0.0,,,,,,
920123,,,,,,0.0,0.0,,,,,,
920128,,,,,,0.0,0.0,,,,,,
920130,,,,,,0.0,0.0,,,,,,
920139,,,,,,0.0,0.0,,,,,,
920145,,,,,,0.0,0.0,,,,,,
920146,,,,,,0.0,0.0,,,,,,
920149,,,,,,0.0,0.0,,,,,,
920152,,,,,,0.0,0.0,,,,,,
920163,,,,,,0.0,0.0,,,,,,
920167,,,,,,0.0,0.0,,,,,,
920169,,,,,,0.0,0.0,,,,,,
920171,,,,,,0.0,0.0,,,,,,
920174,,,,,,0.0,0.0,,,,,,
920179,,,,,,0.0,0.0,,,,,,
920184,,,,,,0.0,0.0,,,,,,
920185,,,,,,0.0,0.0,,,,,,
920190,2026-04-30,,,,,,,,,,,,
920195,,,,,,0.0,0.0,,,,,,
920199,,,,,,0.0,0.0,,,,,,
920204,,,,,,0.0,0.0,,,,,,
920208,,,,,,0.0,0.0,,,,,,
920225,,,,,,0.0,0.0,,,,,,
920230,,,,,,0.0,0.0,,,,,,
920237,,,,,,0.0,0.0,,,,,,
920239,,,,,,0.0,0.0,,,,,,
920260,,,,,,0.0,0.0,,,,,,
920263,,,,,,0.0,0.0,,,,,,
920266,,,,,,0.0,0.0,,,,,,
920267,,,,,,0.0,0.0,,,,,,
920271,,,,,,0.0,0.0,,,,,,
920275,,,,,,0.0,0.0,,,,,,
920278,,,,,,0.0,0.0,,,,,,
920284,,,,,,0.0,0.0,,,,,,
920299,,2023-11-17,2021-03-26,,,1.0,0.0,,,,,,
920305,,2022-04-29,2018-03-12,2023-11-21,2023-06-14,9.0,3.0,,,,,,
920344,,,,,,0.0,0.0,,,,,,
920346,,,,,,0.0,0.0,,,,,,
920367,,,,,,0.0,0.0,,,,,,
920368,,,,,,0.0,0.0,,,,,,
920375,,,,,,0.0,0.0,,,,,,
920378,,,,,,0.0,0.0,,,,,,
920396,,,,,,0.0,0.0,,,,,,
920415,,,,,,0.0,0.0,,,,,,
920419,,,,,,0.0,0.0,,,,,,
920425,,,,,,0.0,0.0,,,,,,
920427,,,,,,0.0,0.0,,,,,,
920433,,,,,,0.0,0.0,,,,,,
920454,,,,,,0.0,0.0,,,,,,
920471,,,,,,0.0,0.0,,,,,,
920478,,,,,,0.0,0.0,,,,,,
920489,,,,,,0.0,0.0,,,,,,
920491,,,,,,0.0,0.0,,,,,,
920493,,,,,,0.0,0.0,,,,,,
920505,,,,,,0.0,0.0,,,,,,
920508,,,,,,0.0,0.0,,,,,,
920519,,,,,,0.0,0.0,,,,,,
920523,,,,,,0.0,0.0,,,,,,
920526,,,,,,0.0,0.0,,,,,,
920527,,,,,,0.0,0.0,,,,,,
920547,,,,,,0.0,0.0,,,,,,
920564,,,,,,0.0,0.0,,,,,,
920566,,,,,,0.0,0.0,,,,,,
920571,,,,,,0.0,0.0,,,,,,
920576,,,,,,0.0,0.0,,,,,,
920580,,,,,,0.0,0.0,,,,,,
920593,,,,,,0.0,0.0,,,,,,
920599,,,,,,0.0,0.0,,,,,,
920627,,,,,,0.0,0.0,,,,,,
920634,,,,,,0.0,0.0,,,,,,
920639,,,,,,0.0,0.0,,,,,,
920641,,,,,,0.0,0.0,,,,,,
920651,,,,,,0.0,0.0,,,,,,
920656,,,,,,0.0,0.0,,,,,,
920662,,,,,,0.0,0.0,,,,,,
920663,,,,,,0.0,0.0,,,,,,
920670,,,,,,0.0,0.0,,,,,,
920680,,,,,,0.0,0.0,,,,,,
920682,,,,,,0.0,0.0,,,,,,
920689,,,,,,0.0,0.0,,,,,,
920693,,,,,,0.0,0.0,,,,,,
920701,,,,,,0.0,0.0,,,,,,
920703,,,,,,0.0,0.0,,,,,,
920717,,,,,,0.0,0.0,,,,,,
920719,,,,,,0.0,0.0,,,,,,
920725,,,,,,0.0,0.0,,,,,,
920729,,,,,,0.0,0.0,,,,,,
920735,,,,,,0.0,0.0,,,,,,
920748,,,,,,0.0,0.0,,,,,,
920753,,,,,,0.0,0.0,,,,,,
920781,,,,,,0.0,0.0,,,,,,
920799,,,,,,0.0,0.0,2019-03-26,2025-06-23,16.0,16.0,5.0,
920806,,,,,,0.0,0.0,,,,,,
920810,,,,,,0.0,0.0,,,,,,
920819,,,,,,,,2018-07-26,,1.0,1.0,0.0,
920832,,,,,,0.0,0.0,,,,,,
920839,,,,,,0.0,0.0,,,,,,
920855,,,,,,0.0,0.0,,,,,,
920857,,,,,,0.0,0.0,,,,,,
920873,,,,,,0.0,0.0,,,,,,
920879,,,,,,0.0,0.0,,,,,,
920892,,,,,,0.0,0.0,,,,,,
920896,,,,,,0.0,0.0,,,,,,
920906,,,,,,0.0,0.0,,,,,,
920924,,,,,,0.0,0.0,,,,,,
920932,,,,,,0.0,0.0,,,,,,
920942,,,,,,0.0,0.0,,,,,,
920943,,,,,,0.0,0.0,,,,,,
920953,,,,,,0.0,0.0,,,,,,
920961,,,,,,0.0,0.0,,,,,,
920964,,,,,,0.0,0.0,,,,,,
920970,,,,,,0.0,0.0,,,,,,
920971,,,,,,0.0,0.0,,,,,,
920976,,2023-05-09,2019-12-31,2023-05-09,2019-12-31,1.0,1.0,,,,,,
920982,,,,,,0.0,0.0,,,,,,
920985,,,,,,0.0,0.0,,,,,,
920992,,,,,,0.0,0.0,,,,,,
